finite	UNKNOWN STEP	﻿2026-09-14T02:11:53.8465133Z Current runner version: '2.337.0'
finite	UNKNOWN STEP	2026-09-14T02:11:53.8487239Z ##[group]Runner Image Provisioner
finite	UNKNOWN STEP	2026-09-14T02:11:53.8487913Z Hosted Compute Agent
finite	UNKNOWN STEP	2026-09-14T02:11:53.8488470Z Version: 20260828.587
finite	UNKNOWN STEP	2026-09-14T02:11:53.8488987Z Commit: abac92662cab4cc7352de4f9f9d2e2419aad9c29
finite	UNKNOWN STEP	2026-09-14T02:11:53.8489621Z Build Date: 2026-08-28T16:44:25Z
finite	UNKNOWN STEP	2026-09-14T02:11:53.8490184Z Worker ID: {d8d9e8cd-966a-4d5a-9bfa-b228eb822419}
finite	UNKNOWN STEP	2026-09-14T02:11:53.8490800Z Azure Region: westus3
finite	UNKNOWN STEP	2026-09-14T02:11:53.8491323Z ##[endgroup]
finite	UNKNOWN STEP	2026-09-14T02:11:53.8492406Z ##[group]Operating System
finite	UNKNOWN STEP	2026-09-14T02:11:53.8492947Z Ubuntu
finite	UNKNOWN STEP	2026-09-14T02:11:53.8493396Z 24.04.5
finite	UNKNOWN STEP	2026-09-14T02:11:53.8493822Z LTS
finite	UNKNOWN STEP	2026-09-14T02:11:53.8494281Z ##[endgroup]
finite	UNKNOWN STEP	2026-09-14T02:11:53.8494735Z ##[group]Runner Image
finite	UNKNOWN STEP	2026-09-14T02:11:53.8495229Z Image: ubuntu-24.04
finite	UNKNOWN STEP	2026-09-14T02:11:53.8495867Z Version: 20260907.300.1
finite	UNKNOWN STEP	2026-09-14T02:11:53.8496992Z Included Software: https://github.com/actions/runner-images/blob/ubuntu24/20260907.300/images/ubuntu/Ubuntu2404-Readme.md
finite	UNKNOWN STEP	2026-09-14T02:11:53.8498337Z Image Release: https://github.com/actions/runner-images/releases/tag/ubuntu24%2F20260907.300
finite	UNKNOWN STEP	2026-09-14T02:11:53.8499099Z ##[endgroup]
finite	UNKNOWN STEP	2026-09-14T02:11:53.8500052Z ##[group]GITHUB_TOKEN Permissions
finite	UNKNOWN STEP	2026-09-14T02:11:53.8501846Z Contents: read
finite	UNKNOWN STEP	2026-09-14T02:11:53.8502351Z Metadata: read
finite	UNKNOWN STEP	2026-09-14T02:11:53.8502836Z ##[endgroup]
finite	UNKNOWN STEP	2026-09-14T02:11:53.8504556Z Secret source: Actions
finite	UNKNOWN STEP	2026-09-14T02:11:53.8505501Z Cache mode: write
finite	UNKNOWN STEP	2026-09-14T02:11:53.8506190Z Prepare workflow directory
finite	UNKNOWN STEP	2026-09-14T02:11:53.8798557Z Prepare all required actions
finite	UNKNOWN STEP	2026-09-14T02:11:53.8837592Z Getting action download info
finite	UNKNOWN STEP	2026-09-14T02:11:54.1545904Z Download action repository 'actions/checkout@3d3c42e5aac5ba805825da76410c181273ba90b1' (SHA:3d3c42e5aac5ba805825da76410c181273ba90b1)
finite	UNKNOWN STEP	2026-09-14T02:11:54.4724398Z Complete job name: finite
finite	UNKNOWN STEP	2026-09-14T02:11:54.5390184Z ##[group]Run actions/checkout@3d3c42e5aac5ba805825da76410c181273ba90b1
finite	UNKNOWN STEP	2026-09-14T02:11:54.5391073Z with:
finite	UNKNOWN STEP	2026-09-14T02:11:54.5391459Z   persist-credentials: false
finite	UNKNOWN STEP	2026-09-14T02:11:54.5392739Z   sparse-checkout: formal/splitzero
finite	UNKNOWN STEP	workbenches/tau-signed-resolvent-formal
finite	UNKNOWN STEP	workbenches/tau-mixed-boundary-formal
finite	UNKNOWN STEP	workbenches/tau-mixed-metric-integration
finite	UNKNOWN STEP	workbenches/tau-source-resolvent
finite	UNKNOWN STEP	
finite	UNKNOWN STEP	2026-09-14T02:11:54.5394096Z   repository: KokunoYumeto/zeta-function-research-reader
finite	UNKNOWN STEP	2026-09-14T02:11:54.5397989Z   token: ***
finite	UNKNOWN STEP	2026-09-14T02:11:54.5398380Z   ssh-strict: true
finite	UNKNOWN STEP	2026-09-14T02:11:54.5398757Z   ssh-user: git
finite	UNKNOWN STEP	2026-09-14T02:11:54.5399132Z   clean: true
finite	UNKNOWN STEP	2026-09-14T02:11:54.5399520Z   sparse-checkout-cone-mode: true
finite	UNKNOWN STEP	2026-09-14T02:11:54.5399984Z   fetch-depth: 1
finite	UNKNOWN STEP	2026-09-14T02:11:54.5400364Z   fetch-tags: false
finite	UNKNOWN STEP	2026-09-14T02:11:54.5400759Z   show-progress: true
finite	UNKNOWN STEP	2026-09-14T02:11:54.5401166Z   lfs: false
finite	UNKNOWN STEP	2026-09-14T02:11:54.5401548Z   submodules: false
finite	UNKNOWN STEP	2026-09-14T02:11:54.5401986Z   set-safe-directory: true
finite	UNKNOWN STEP	2026-09-14T02:11:54.5402509Z   allow-unsafe-pr-checkout: false
finite	UNKNOWN STEP	2026-09-14T02:11:54.5403246Z ##[endgroup]
finite	UNKNOWN STEP	2026-09-14T02:11:54.6204780Z Syncing repository: KokunoYumeto/zeta-function-research-reader
finite	UNKNOWN STEP	2026-09-14T02:11:54.6207547Z ##[group]Getting Git version info
finite	UNKNOWN STEP	2026-09-14T02:11:54.6208961Z Working directory is '/home/runner/work/zeta-function-research-reader/zeta-function-research-reader'
finite	UNKNOWN STEP	2026-09-14T02:11:54.6210921Z [command]/usr/bin/git version
finite	UNKNOWN STEP	2026-09-14T02:11:54.6263883Z git version 2.55.0
finite	UNKNOWN STEP	2026-09-14T02:11:54.6279503Z ##[endgroup]
finite	UNKNOWN STEP	2026-09-14T02:11:54.6288513Z Temporarily overriding HOME='/home/runner/work/_temp/caf0fedf-b19f-449d-930d-ff18b0d2f0de' before making global git config changes
finite	UNKNOWN STEP	2026-09-14T02:11:54.6290643Z Adding repository directory to the temporary git global config as a safe directory
finite	UNKNOWN STEP	2026-09-14T02:11:54.6293894Z [command]/usr/bin/git config --global --add safe.directory /home/runner/work/zeta-function-research-reader/zeta-function-research-reader
finite	UNKNOWN STEP	2026-09-14T02:11:54.6336512Z Deleting the contents of '/home/runner/work/zeta-function-research-reader/zeta-function-research-reader'
finite	UNKNOWN STEP	2026-09-14T02:11:54.6338960Z ##[group]Determining repository object format
finite	UNKNOWN STEP	2026-09-14T02:11:54.6340663Z ##[endgroup]
finite	UNKNOWN STEP	2026-09-14T02:11:54.6341840Z ##[group]Initializing the repository
finite	UNKNOWN STEP	2026-09-14T02:11:54.6343810Z [command]/usr/bin/git init /home/runner/work/zeta-function-research-reader/zeta-function-research-reader
finite	UNKNOWN STEP	2026-09-14T02:11:54.6440040Z hint: Using 'master' as the name for the initial branch. This default branch name
finite	UNKNOWN STEP	2026-09-14T02:11:54.6441447Z hint: will change to "main" in Git 3.0. To configure the initial branch name
finite	UNKNOWN STEP	2026-09-14T02:11:54.6442974Z hint: to use in all of your new repositories, which will suppress this warning,
finite	UNKNOWN STEP	2026-09-14T02:11:54.6444084Z hint: call:
finite	UNKNOWN STEP	2026-09-14T02:11:54.6444636Z hint:
finite	UNKNOWN STEP	2026-09-14T02:11:54.6445525Z hint: 	git config --global init.defaultBranch <name>
finite	UNKNOWN STEP	2026-09-14T02:11:54.6446765Z hint:
finite	UNKNOWN STEP	2026-09-14T02:11:54.6447909Z hint: Names commonly chosen instead of 'master' are 'main', 'trunk' and
finite	UNKNOWN STEP	2026-09-14T02:11:54.6449422Z hint: 'development'. The just-created branch can be renamed via this command:
finite	UNKNOWN STEP	2026-09-14T02:11:54.6450665Z hint:
finite	UNKNOWN STEP	2026-09-14T02:11:54.6451517Z hint: 	git branch -m <name>
finite	UNKNOWN STEP	2026-09-14T02:11:54.6452579Z hint:
finite	UNKNOWN STEP	2026-09-14T02:11:54.6453673Z hint: Disable this message with "git config set advice.defaultBranchName false"
finite	UNKNOWN STEP	2026-09-14T02:11:54.6455915Z Initialized empty Git repository in /home/runner/work/zeta-function-research-reader/zeta-function-research-reader/.git/
finite	UNKNOWN STEP	2026-09-14T02:11:54.6459622Z [command]/usr/bin/git remote add origin https://github.com/KokunoYumeto/zeta-function-research-reader
finite	UNKNOWN STEP	2026-09-14T02:11:54.7200610Z ##[endgroup]
finite	UNKNOWN STEP	2026-09-14T02:11:54.7201755Z ##[group]Disabling automatic garbage collection
finite	UNKNOWN STEP	2026-09-14T02:11:54.7203547Z [command]/usr/bin/git config --local gc.auto 0
finite	UNKNOWN STEP	2026-09-14T02:11:54.7236687Z ##[endgroup]
finite	UNKNOWN STEP	2026-09-14T02:11:54.7237721Z ##[group]Setting up auth
finite	UNKNOWN STEP	2026-09-14T02:11:54.7241381Z Removing SSH command configuration
finite	UNKNOWN STEP	2026-09-14T02:11:54.7242879Z [command]/usr/bin/git config --local --name-only --get-regexp core\.sshCommand
finite	UNKNOWN STEP	2026-09-14T02:11:54.7272073Z [command]/usr/bin/git submodule foreach --recursive sh -c "git config --local --name-only --get-regexp 'core\.sshCommand' && git config --local --unset-all 'core.sshCommand' || :"
finite	UNKNOWN STEP	2026-09-14T02:11:54.7561738Z Removing HTTP extra header
finite	UNKNOWN STEP	2026-09-14T02:11:54.7566716Z [command]/usr/bin/git config --local --name-only --get-regexp http\.https\:\/\/github\.com\/\.extraheader
finite	UNKNOWN STEP	2026-09-14T02:11:54.7595583Z [command]/usr/bin/git submodule foreach --recursive sh -c "git config --local --name-only --get-regexp 'http\.https\:\/\/github\.com\/\.extraheader' && git config --local --unset-all 'http.https://github.com/.extraheader' || :"
finite	UNKNOWN STEP	2026-09-14T02:11:54.7780078Z Removing includeIf entries pointing to credentials config files
finite	UNKNOWN STEP	2026-09-14T02:11:54.7784047Z [command]/usr/bin/git config --local --name-only --get-regexp ^includeIf\.gitdir:
finite	UNKNOWN STEP	2026-09-14T02:11:54.7813014Z [command]/usr/bin/git submodule foreach --recursive git config --local --show-origin --name-only --get-regexp remote.origin.url
finite	UNKNOWN STEP	2026-09-14T02:11:54.7999248Z [command]/usr/bin/git config --file /home/runner/work/_temp/git-credentials-1331efd8-2b26-4e13-aae4-31c80fdd709f.config http.https://github.com/.extraheader AUTHORIZATION: basic ***
finite	UNKNOWN STEP	2026-09-14T02:11:54.8032277Z [command]/usr/bin/git config --local includeIf.gitdir:/home/runner/work/zeta-function-research-reader/zeta-function-research-reader/.git.path /home/runner/work/_temp/git-credentials-1331efd8-2b26-4e13-aae4-31c80fdd709f.config
finite	UNKNOWN STEP	2026-09-14T02:11:54.8059534Z [command]/usr/bin/git config --local includeIf.gitdir:/home/runner/work/zeta-function-research-reader/zeta-function-research-reader/.git/worktrees/*.path /home/runner/work/_temp/git-credentials-1331efd8-2b26-4e13-aae4-31c80fdd709f.config
finite	UNKNOWN STEP	2026-09-14T02:11:54.8090784Z [command]/usr/bin/git config --local includeIf.gitdir:/github/workspace/.git.path /github/runner_temp/git-credentials-1331efd8-2b26-4e13-aae4-31c80fdd709f.config
finite	UNKNOWN STEP	2026-09-14T02:11:54.8119754Z [command]/usr/bin/git config --local includeIf.gitdir:/github/workspace/.git/worktrees/*.path /github/runner_temp/git-credentials-1331efd8-2b26-4e13-aae4-31c80fdd709f.config
finite	UNKNOWN STEP	2026-09-14T02:11:54.8146256Z ##[endgroup]
finite	UNKNOWN STEP	2026-09-14T02:11:54.8154355Z ##[group]Fetching the repository
finite	UNKNOWN STEP	2026-09-14T02:11:54.8156970Z [command]/usr/bin/git -c protocol.version=2 fetch --no-tags --prune --no-recurse-submodules --filter=blob:none --depth=1 origin +55c6f9a861abf7e2b7ba2a12e35b2a6183a020cd:refs/remotes/pull/31/merge
finite	UNKNOWN STEP	2026-09-14T02:11:55.5176431Z From https://github.com/KokunoYumeto/zeta-function-research-reader
finite	UNKNOWN STEP	2026-09-14T02:11:55.5177431Z  * [new ref]         55c6f9a861abf7e2b7ba2a12e35b2a6183a020cd -> pull/31/merge
finite	UNKNOWN STEP	2026-09-14T02:11:55.5181036Z ##[endgroup]
finite	UNKNOWN STEP	2026-09-14T02:11:55.5182367Z ##[group]Determining the checkout info
finite	UNKNOWN STEP	2026-09-14T02:11:55.5183967Z ##[endgroup]
finite	UNKNOWN STEP	2026-09-14T02:11:55.5185277Z ##[group]Setting up sparse checkout
finite	UNKNOWN STEP	2026-09-14T02:11:55.5187530Z [command]/usr/bin/git sparse-checkout set formal/splitzero workbenches/tau-signed-resolvent-formal workbenches/tau-mixed-boundary-formal workbenches/tau-mixed-metric-integration workbenches/tau-source-resolvent
finite	UNKNOWN STEP	2026-09-14T02:11:55.5232679Z ##[endgroup]
finite	UNKNOWN STEP	2026-09-14T02:11:55.5233607Z ##[group]Checking out the ref
finite	UNKNOWN STEP	2026-09-14T02:11:55.5237257Z [command]/usr/bin/git checkout --progress --force refs/remotes/pull/31/merge
finite	UNKNOWN STEP	2026-09-14T02:11:57.0169530Z Updating files:   0% (1/170)
finite	UNKNOWN STEP	2026-09-14T02:11:57.0186570Z Updating files:   1% (2/170)
finite	UNKNOWN STEP	2026-09-14T02:11:57.0186943Z Updating files:   2% (4/170)
finite	UNKNOWN STEP	2026-09-14T02:11:57.0187205Z Updating files:   3% (6/170)
finite	UNKNOWN STEP	2026-09-14T02:11:57.0187463Z Updating files:   4% (7/170)
finite	UNKNOWN STEP	2026-09-14T02:11:57.0411827Z Updating files:   5% (9/170)
finite	UNKNOWN STEP	2026-09-14T02:11:57.0412863Z Updating files:   6% (11/170)
finite	UNKNOWN STEP	2026-09-14T02:11:57.0414227Z Updating files:   7% (12/170)
finite	UNKNOWN STEP	2026-09-14T02:11:57.0417136Z Updating files:   8% (14/170)
finite	UNKNOWN STEP	2026-09-14T02:11:57.0418729Z Updating files:   9% (16/170)
finite	UNKNOWN STEP	2026-09-14T02:11:57.0419372Z Updating files:  10% (17/170)
finite	UNKNOWN STEP	2026-09-14T02:11:57.0420732Z Updating files:  11% (19/170)
finite	UNKNOWN STEP	2026-09-14T02:11:57.0421431Z Updating files:  12% (21/170)
finite	UNKNOWN STEP	2026-09-14T02:11:57.0422519Z Updating files:  13% (23/170)
finite	UNKNOWN STEP	2026-09-14T02:11:57.0423071Z Updating files:  14% (24/170)
finite	UNKNOWN STEP	2026-09-14T02:11:57.0423964Z Updating files:  15% (26/170)
finite	UNKNOWN STEP	2026-09-14T02:11:57.0424535Z Updating files:  16% (28/170)
finite	UNKNOWN STEP	2026-09-14T02:11:57.0425686Z Updating files:  17% (29/170)
finite	UNKNOWN STEP	2026-09-14T02:11:57.0426859Z Updating files:  18% (31/170)
finite	UNKNOWN STEP	2026-09-14T02:11:57.0427556Z Updating files:  19% (33/170)
finite	UNKNOWN STEP	2026-09-14T02:11:57.0428715Z Updating files:  20% (34/170)
finite	UNKNOWN STEP	2026-09-14T02:11:57.0430016Z Updating files:  21% (36/170)
finite	UNKNOWN STEP	2026-09-14T02:11:57.0431137Z Updating files:  22% (38/170)
finite	UNKNOWN STEP	2026-09-14T02:11:57.0431757Z Updating files:  23% (40/170)
finite	UNKNOWN STEP	2026-09-14T02:11:57.0432963Z Updating files:  24% (41/170)
finite	UNKNOWN STEP	2026-09-14T02:11:57.0434370Z Updating files:  25% (43/170)
finite	UNKNOWN STEP	2026-09-14T02:11:57.0434856Z Updating files:  26% (45/170)
finite	UNKNOWN STEP	2026-09-14T02:11:57.0436482Z Updating files:  27% (46/170)
finite	UNKNOWN STEP	2026-09-14T02:11:57.0437776Z Updating files:  28% (48/170)
finite	UNKNOWN STEP	2026-09-14T02:11:57.0438702Z Updating files:  29% (50/170)
finite	UNKNOWN STEP	2026-09-14T02:11:57.0439762Z Updating files:  30% (51/170)
finite	UNKNOWN STEP	2026-09-14T02:11:57.0441198Z Updating files:  31% (53/170)
finite	UNKNOWN STEP	2026-09-14T02:11:57.0442335Z Updating files:  32% (55/170)
finite	UNKNOWN STEP	2026-09-14T02:11:57.0443194Z Updating files:  33% (57/170)
finite	UNKNOWN STEP	2026-09-14T02:11:57.0444510Z Updating files:  34% (58/170)
finite	UNKNOWN STEP	2026-09-14T02:11:57.0445677Z Updating files:  35% (60/170)
finite	UNKNOWN STEP	2026-09-14T02:11:57.0446488Z Updating files:  36% (62/170)
finite	UNKNOWN STEP	2026-09-14T02:11:57.0447662Z Updating files:  37% (63/170)
finite	UNKNOWN STEP	2026-09-14T02:11:57.0448887Z Updating files:  38% (65/170)
finite	UNKNOWN STEP	2026-09-14T02:11:57.0449501Z Updating files:  39% (67/170)
finite	UNKNOWN STEP	2026-09-14T02:11:57.0451003Z Updating files:  40% (68/170)
finite	UNKNOWN STEP	2026-09-14T02:11:57.0452828Z Updating files:  41% (70/170)
finite	UNKNOWN STEP	2026-09-14T02:11:57.0453394Z Updating files:  42% (72/170)
finite	UNKNOWN STEP	2026-09-14T02:11:57.0454032Z Updating files:  43% (74/170)
finite	UNKNOWN STEP	2026-09-14T02:11:57.0455531Z Updating files:  44% (75/170)
finite	UNKNOWN STEP	2026-09-14T02:11:57.0456920Z Updating files:  45% (77/170)
finite	UNKNOWN STEP	2026-09-14T02:11:57.0457410Z Updating files:  46% (79/170)
finite	UNKNOWN STEP	2026-09-14T02:11:57.0458699Z Updating files:  47% (80/170)
finite	UNKNOWN STEP	2026-09-14T02:11:57.0460072Z Updating files:  48% (82/170)
finite	UNKNOWN STEP	2026-09-14T02:11:57.0460808Z Updating files:  49% (84/170)
finite	UNKNOWN STEP	2026-09-14T02:11:57.0462250Z Updating files:  50% (85/170)
finite	UNKNOWN STEP	2026-09-14T02:11:57.0463726Z Updating files:  51% (87/170)
finite	UNKNOWN STEP	2026-09-14T02:11:57.0464927Z Updating files:  52% (89/170)
finite	UNKNOWN STEP	2026-09-14T02:11:57.0465612Z Updating files:  53% (91/170)
finite	UNKNOWN STEP	2026-09-14T02:11:57.0467099Z Updating files:  54% (92/170)
finite	UNKNOWN STEP	2026-09-14T02:11:57.0468920Z Updating files:  55% (94/170)
finite	UNKNOWN STEP	2026-09-14T02:11:57.0469378Z Updating files:  56% (96/170)
finite	UNKNOWN STEP	2026-09-14T02:11:57.0470879Z Updating files:  57% (97/170)
finite	UNKNOWN STEP	2026-09-14T02:11:57.0471786Z Updating files:  58% (99/170)
finite	UNKNOWN STEP	2026-09-14T02:11:57.0472585Z Updating files:  59% (101/170)
finite	UNKNOWN STEP	2026-09-14T02:11:57.0474082Z Updating files:  60% (102/170)
finite	UNKNOWN STEP	2026-09-14T02:11:57.0475487Z Updating files:  61% (104/170)
finite	UNKNOWN STEP	2026-09-14T02:11:57.0477047Z Updating files:  62% (106/170)
finite	UNKNOWN STEP	2026-09-14T02:11:57.0477542Z Updating files:  63% (108/170)
finite	UNKNOWN STEP	2026-09-14T02:11:57.0479148Z Updating files:  64% (109/170)
finite	UNKNOWN STEP	2026-09-14T02:11:57.0480564Z Updating files:  65% (111/170)
finite	UNKNOWN STEP	2026-09-14T02:11:57.0481235Z Updating files:  66% (113/170)
finite	UNKNOWN STEP	2026-09-14T02:11:57.0482208Z Updating files:  67% (114/170)
finite	UNKNOWN STEP	2026-09-14T02:11:57.0483835Z Updating files:  68% (116/170)
finite	UNKNOWN STEP	2026-09-14T02:11:57.0484300Z Updating files:  69% (118/170)
finite	UNKNOWN STEP	2026-09-14T02:11:57.0485887Z Updating files:  70% (119/170)
finite	UNKNOWN STEP	2026-09-14T02:11:57.0486661Z Updating files:  71% (121/170)
finite	UNKNOWN STEP	2026-09-14T02:11:57.0488176Z Updating files:  72% (123/170)
finite	UNKNOWN STEP	2026-09-14T02:11:57.0489156Z Updating files:  73% (125/170)
finite	UNKNOWN STEP	2026-09-14T02:11:57.0490221Z Updating files:  74% (126/170)
finite	UNKNOWN STEP	2026-09-14T02:11:57.0491102Z Updating files:  75% (128/170)
finite	UNKNOWN STEP	2026-09-14T02:11:57.0494320Z Updating files:  76% (130/170)
finite	UNKNOWN STEP	2026-09-14T02:11:57.0494784Z Updating files:  77% (131/170)
finite	UNKNOWN STEP	2026-09-14T02:11:57.0495515Z Updating files:  78% (133/170)
finite	UNKNOWN STEP	2026-09-14T02:11:57.0496117Z Updating files:  79% (135/170)
finite	UNKNOWN STEP	2026-09-14T02:11:57.0496806Z Updating files:  80% (136/170)
finite	UNKNOWN STEP	2026-09-14T02:11:57.0497346Z Updating files:  81% (138/170)
finite	UNKNOWN STEP	2026-09-14T02:11:57.0623932Z Updating files:  82% (140/170)
finite	UNKNOWN STEP	2026-09-14T02:11:57.0624440Z Updating files:  83% (142/170)
finite	UNKNOWN STEP	2026-09-14T02:11:57.0628241Z Updating files:  84% (143/170)
finite	UNKNOWN STEP	2026-09-14T02:11:57.0628985Z Updating files:  85% (145/170)
finite	UNKNOWN STEP	2026-09-14T02:11:57.0630801Z Updating files:  86% (147/170)
finite	UNKNOWN STEP	2026-09-14T02:11:57.0632594Z Updating files:  87% (148/170)
finite	UNKNOWN STEP	2026-09-14T02:11:57.0634715Z Updating files:  88% (150/170)
finite	UNKNOWN STEP	2026-09-14T02:11:57.0635211Z Updating files:  89% (152/170)
finite	UNKNOWN STEP	2026-09-14T02:11:57.0636582Z Updating files:  90% (153/170)
finite	UNKNOWN STEP	2026-09-14T02:11:57.0638036Z Updating files:  91% (155/170)
finite	UNKNOWN STEP	2026-09-14T02:11:57.0639202Z Updating files:  92% (157/170)
finite	UNKNOWN STEP	2026-09-14T02:11:57.0639547Z Updating files:  93% (159/170)
finite	UNKNOWN STEP	2026-09-14T02:11:57.0640474Z Updating files:  94% (160/170)
finite	UNKNOWN STEP	2026-09-14T02:11:57.0642505Z Updating files:  95% (162/170)
finite	UNKNOWN STEP	2026-09-14T02:11:57.0656303Z Updating files:  96% (164/170)
finite	UNKNOWN STEP	2026-09-14T02:11:57.0656743Z Updating files:  97% (165/170)
finite	UNKNOWN STEP	2026-09-14T02:11:57.0657130Z Updating files:  98% (167/170)
finite	UNKNOWN STEP	2026-09-14T02:11:57.0657401Z Updating files:  99% (169/170)
finite	UNKNOWN STEP	2026-09-14T02:11:57.0657664Z Updating files: 100% (170/170)
finite	UNKNOWN STEP	2026-09-14T02:11:57.0657939Z Updating files: 100% (170/170), done.
finite	UNKNOWN STEP	2026-09-14T02:11:57.0933680Z Note: switching to 'refs/remotes/pull/31/merge'.
finite	UNKNOWN STEP	2026-09-14T02:11:57.0934000Z 
finite	UNKNOWN STEP	2026-09-14T02:11:57.0934216Z You are in 'detached HEAD' state. You can look around, make experimental
finite	UNKNOWN STEP	2026-09-14T02:11:57.0934714Z changes and commit them, and you can discard any commits you make in this
finite	UNKNOWN STEP	2026-09-14T02:11:57.0935202Z state without impacting any branches by switching back to a branch.
finite	UNKNOWN STEP	2026-09-14T02:11:57.0935717Z 
finite	UNKNOWN STEP	2026-09-14T02:11:57.0936011Z If you want to create a new branch to retain commits you create, you may
finite	UNKNOWN STEP	2026-09-14T02:11:57.0936642Z do so (now or later) by using -c with the switch command. Example:
finite	UNKNOWN STEP	2026-09-14T02:11:57.0936900Z 
finite	UNKNOWN STEP	2026-09-14T02:11:57.0937028Z   git switch -c <new-branch-name>
finite	UNKNOWN STEP	2026-09-14T02:11:57.0937210Z 
finite	UNKNOWN STEP	2026-09-14T02:11:57.0937365Z Or undo this operation with:
finite	UNKNOWN STEP	2026-09-14T02:11:57.0937542Z 
finite	UNKNOWN STEP	2026-09-14T02:11:57.0937639Z   git switch -
finite	UNKNOWN STEP	2026-09-14T02:11:57.0937779Z 
finite	UNKNOWN STEP	2026-09-14T02:11:57.0938259Z Turn off this advice by setting config variable advice.detachedHead to false
finite	UNKNOWN STEP	2026-09-14T02:11:57.0938567Z 
finite	UNKNOWN STEP	2026-09-14T02:11:57.0938905Z HEAD is now at 55c6f9a Merge b4060b25c21f1a49a5e7730e9aff76d4c93c820d into 331ccd30185a98bfc8fde8102cf09b9c2add4d6b
finite	UNKNOWN STEP	2026-09-14T02:11:57.0950132Z ##[endgroup]
finite	UNKNOWN STEP	2026-09-14T02:11:57.0992287Z [command]/usr/bin/git log -1 --format=%H
finite	UNKNOWN STEP	2026-09-14T02:11:57.1017752Z 55c6f9a861abf7e2b7ba2a12e35b2a6183a020cd
finite	UNKNOWN STEP	2026-09-14T02:11:57.1024625Z ##[group]Removing auth
finite	UNKNOWN STEP	2026-09-14T02:11:57.1025051Z Removing SSH command configuration
finite	UNKNOWN STEP	2026-09-14T02:11:57.1027720Z [command]/usr/bin/git config --local --name-only --get-regexp core\.sshCommand
finite	UNKNOWN STEP	2026-09-14T02:11:57.1055907Z [command]/usr/bin/git submodule foreach --recursive sh -c "git config --local --name-only --get-regexp 'core\.sshCommand' && git config --local --unset-all 'core.sshCommand' || :"
finite	UNKNOWN STEP	2026-09-14T02:11:57.1274248Z Removing HTTP extra header
finite	UNKNOWN STEP	2026-09-14T02:11:57.1277251Z [command]/usr/bin/git config --local --name-only --get-regexp http\.https\:\/\/github\.com\/\.extraheader
finite	UNKNOWN STEP	2026-09-14T02:11:57.1307335Z [command]/usr/bin/git submodule foreach --recursive sh -c "git config --local --name-only --get-regexp 'http\.https\:\/\/github\.com\/\.extraheader' && git config --local --unset-all 'http.https://github.com/.extraheader' || :"
finite	UNKNOWN STEP	2026-09-14T02:11:57.1521240Z Removing includeIf entries pointing to credentials config files
finite	UNKNOWN STEP	2026-09-14T02:11:57.1523967Z [command]/usr/bin/git config --local --name-only --get-regexp ^includeIf\.gitdir:
finite	UNKNOWN STEP	2026-09-14T02:11:57.1550490Z includeif.gitdir:/home/runner/work/zeta-function-research-reader/zeta-function-research-reader/.git.path
finite	UNKNOWN STEP	2026-09-14T02:11:57.1551478Z includeif.gitdir:/home/runner/work/zeta-function-research-reader/zeta-function-research-reader/.git/worktrees/*.path
finite	UNKNOWN STEP	2026-09-14T02:11:57.1552635Z includeif.gitdir:/github/workspace/.git.path
finite	UNKNOWN STEP	2026-09-14T02:11:57.1553217Z includeif.gitdir:/github/workspace/.git/worktrees/*.path
finite	UNKNOWN STEP	2026-09-14T02:11:57.1558872Z [command]/usr/bin/git config --local --get-all includeif.gitdir:/home/runner/work/zeta-function-research-reader/zeta-function-research-reader/.git.path
finite	UNKNOWN STEP	2026-09-14T02:11:57.1581717Z /home/runner/work/_temp/git-credentials-1331efd8-2b26-4e13-aae4-31c80fdd709f.config
finite	UNKNOWN STEP	2026-09-14T02:11:57.1589361Z [command]/usr/bin/git config --local --unset includeif.gitdir:/home/runner/work/zeta-function-research-reader/zeta-function-research-reader/.git.path \/home\/runner\/work\/_temp\/git\-credentials\-1331efd8\-2b26\-4e13\-aae4\-31c80fdd709f\.config
finite	UNKNOWN STEP	2026-09-14T02:11:57.1653173Z [command]/usr/bin/git config --local --get-all includeif.gitdir:/home/runner/work/zeta-function-research-reader/zeta-function-research-reader/.git/worktrees/*.path
finite	UNKNOWN STEP	2026-09-14T02:11:57.1689965Z /home/runner/work/_temp/git-credentials-1331efd8-2b26-4e13-aae4-31c80fdd709f.config
finite	UNKNOWN STEP	2026-09-14T02:11:57.1696640Z [command]/usr/bin/git config --local --unset includeif.gitdir:/home/runner/work/zeta-function-research-reader/zeta-function-research-reader/.git/worktrees/*.path \/home\/runner\/work\/_temp\/git\-credentials\-1331efd8\-2b26\-4e13\-aae4\-31c80fdd709f\.config
finite	UNKNOWN STEP	2026-09-14T02:11:57.1725234Z [command]/usr/bin/git config --local --get-all includeif.gitdir:/github/workspace/.git.path
finite	UNKNOWN STEP	2026-09-14T02:11:57.1748240Z /github/runner_temp/git-credentials-1331efd8-2b26-4e13-aae4-31c80fdd709f.config
finite	UNKNOWN STEP	2026-09-14T02:11:57.1754125Z [command]/usr/bin/git config --local --unset includeif.gitdir:/github/workspace/.git.path \/github\/runner_temp\/git\-credentials\-1331efd8\-2b26\-4e13\-aae4\-31c80fdd709f\.config
finite	UNKNOWN STEP	2026-09-14T02:11:57.1783320Z [command]/usr/bin/git config --local --get-all includeif.gitdir:/github/workspace/.git/worktrees/*.path
finite	UNKNOWN STEP	2026-09-14T02:11:57.1808773Z /github/runner_temp/git-credentials-1331efd8-2b26-4e13-aae4-31c80fdd709f.config
finite	UNKNOWN STEP	2026-09-14T02:11:57.1814944Z [command]/usr/bin/git config --local --unset includeif.gitdir:/github/workspace/.git/worktrees/*.path \/github\/runner_temp\/git\-credentials\-1331efd8\-2b26\-4e13\-aae4\-31c80fdd709f\.config
finite	UNKNOWN STEP	2026-09-14T02:11:57.1846787Z [command]/usr/bin/git submodule foreach --recursive git config --local --show-origin --name-only --get-regexp remote.origin.url
finite	UNKNOWN STEP	2026-09-14T02:11:57.2059290Z Removing credentials config '/home/runner/work/_temp/git-credentials-1331efd8-2b26-4e13-aae4-31c80fdd709f.config'
finite	UNKNOWN STEP	2026-09-14T02:11:57.2065958Z ##[endgroup]
finite	UNKNOWN STEP	2026-09-14T02:11:57.2296150Z ##[group]Run python3 -m pip install sympy==1.14.0
finite	UNKNOWN STEP	2026-09-14T02:11:57.2296627Z ^[[36;1mpython3 -m pip install sympy==1.14.0^[[0m
finite	UNKNOWN STEP	2026-09-14T02:11:57.2333407Z shell: /usr/bin/bash -e {0}
finite	UNKNOWN STEP	2026-09-14T02:11:57.2333704Z ##[endgroup]
finite	UNKNOWN STEP	2026-09-14T02:11:57.6776182Z Defaulting to user installation because normal site-packages is not writeable
finite	UNKNOWN STEP	2026-09-14T02:11:58.2588566Z Collecting sympy==1.14.0
finite	UNKNOWN STEP	2026-09-14T02:11:58.3046883Z   Downloading sympy-1.14.0-py3-none-any.whl.metadata (12 kB)
finite	UNKNOWN STEP	2026-09-14T02:11:58.3719155Z Collecting mpmath<1.4,>=1.1.0 (from sympy==1.14.0)
finite	UNKNOWN STEP	2026-09-14T02:11:58.3820557Z   Downloading mpmath-1.3.0-py3-none-any.whl.metadata (8.6 kB)
finite	UNKNOWN STEP	2026-09-14T02:11:58.3995568Z Downloading sympy-1.14.0-py3-none-any.whl (6.3 MB)
finite	UNKNOWN STEP	2026-09-14T02:11:58.5230646Z    ━━━━━━━━━━━━━━━━━━━━━━━━━━━━━━━━━━━━━━━━ 6.3/6.3 MB 52.1 MB/s eta 0:00:00
finite	UNKNOWN STEP	2026-09-14T02:11:58.5340528Z Downloading mpmath-1.3.0-py3-none-any.whl (536 kB)
finite	UNKNOWN STEP	2026-09-14T02:11:58.6217447Z    ━━━━━━━━━━━━━━━━━━━━━━━━━━━━━━━━━━━━━━━━ 536.2/536.2 kB 6.1 MB/s eta 0:00:00
finite	UNKNOWN STEP	2026-09-14T02:11:58.8484951Z Installing collected packages: mpmath, sympy
finite	UNKNOWN STEP	2026-09-14T02:12:03.3515537Z Successfully installed mpmath-1.3.0 sympy-1.14.0
finite	UNKNOWN STEP	2026-09-14T02:12:03.4076107Z ##[group]Run set -euo pipefail
finite	UNKNOWN STEP	2026-09-14T02:12:03.4076434Z ^[[36;1mset -euo pipefail^[[0m
finite	UNKNOWN STEP	2026-09-14T02:12:03.4076833Z ^[[36;1mfor PACKAGE in tau-source-resolvent tau-mixed-metric-integration tau-signed-resolvent-formal; do^[[0m
finite	UNKNOWN STEP	2026-09-14T02:12:03.4077350Z ^[[36;1m  python3 workbenches/$PACKAGE/check_exact.py > /tmp/$PACKAGE-normal.json^[[0m
finite	UNKNOWN STEP	2026-09-14T02:12:03.4077793Z ^[[36;1m  python3 -O workbenches/$PACKAGE/check_exact.py > /tmp/$PACKAGE-optimized.json^[[0m
finite	UNKNOWN STEP	2026-09-14T02:12:03.4078198Z ^[[36;1m  cmp /tmp/$PACKAGE-normal.json /tmp/$PACKAGE-optimized.json^[[0m
finite	UNKNOWN STEP	2026-09-14T02:12:03.4078527Z ^[[36;1m  cat /tmp/$PACKAGE-normal.json^[[0m
finite	UNKNOWN STEP	2026-09-14T02:12:03.4078744Z ^[[36;1mdone^[[0m
finite	UNKNOWN STEP	2026-09-14T02:12:03.4079091Z ^[[36;1mpython3 workbenches/tau-mixed-boundary-formal/check_boundary.py > /tmp/boundary-normal.json^[[0m
finite	UNKNOWN STEP	2026-09-14T02:12:03.4079648Z ^[[36;1mpython3 -O workbenches/tau-mixed-boundary-formal/check_boundary.py > /tmp/boundary-optimized.json^[[0m
finite	UNKNOWN STEP	2026-09-14T02:12:03.4080142Z ^[[36;1mcmp /tmp/boundary-normal.json /tmp/boundary-optimized.json^[[0m
finite	UNKNOWN STEP	2026-09-14T02:12:03.4080441Z ^[[36;1mcat /tmp/boundary-normal.json^[[0m
finite	UNKNOWN STEP	2026-09-14T02:12:03.4080684Z ^[[36;1mfor MODE in normal optimized; do^[[0m
finite	UNKNOWN STEP	2026-09-14T02:12:03.4080980Z ^[[36;1m  if [ "$MODE" = normal ]; then PY=(python3); else PY=(python3 -O); fi^[[0m
finite	UNKNOWN STEP	2026-09-14T02:12:03.4081531Z ^[[36;1m  if "${PY[@]}" workbenches/tau-signed-resolvent-formal/check_exact.py --negative all > /tmp/signed-$MODE-negative.jsonl; then exit 1; fi^[[0m
finite	UNKNOWN STEP	2026-09-14T02:12:03.4082652Z ^[[36;1m  python3 -c 'import json,sys; rows=[json.loads(x) for x in open(sys.argv[1])]; expected={"wrong-power","uncentered","diagonal-only","unweighted","proper-zero"}; sys.exit(0 if len(rows)==5 and {r["control"] for r in rows}==expected and all(r["false_claim_accepted"] is False for r in rows) else 1)' /tmp/signed-$MODE-negative.jsonl^[[0m
finite	UNKNOWN STEP	2026-09-14T02:12:03.4083526Z ^[[36;1m  cat /tmp/signed-$MODE-negative.jsonl^[[0m
finite	UNKNOWN STEP	2026-09-14T02:12:03.4083757Z ^[[36;1mdone^[[0m
finite	UNKNOWN STEP	2026-09-14T02:12:03.4084045Z ^[[36;1mcmp /tmp/signed-normal-negative.jsonl /tmp/signed-optimized-negative.jsonl^[[0m
finite	UNKNOWN STEP	2026-09-14T02:12:03.4084385Z ^[[36;1mcd formal/splitzero^[[0m
finite	UNKNOWN STEP	2026-09-14T02:12:03.4084723Z ^[[36;1mpython3 -m unittest test_derived_checker test_synchronization_checker test_tau_recovery^[[0m
finite	UNKNOWN STEP	2026-09-14T02:12:03.4085254Z ^[[36;1mpython3 -O -m unittest test_derived_checker test_synchronization_checker test_tau_recovery^[[0m
finite	UNKNOWN STEP	2026-09-14T02:12:03.4118634Z shell: /usr/bin/bash --noprofile --norc -e -o pipefail {0}
finite	UNKNOWN STEP	2026-09-14T02:12:03.4118921Z ##[endgroup]
finite	UNKNOWN STEP	2026-09-14T02:12:04.0781798Z .........
finite	UNKNOWN STEP	2026-09-14T02:12:04.0782525Z ----------------------------------------------------------------------
finite	UNKNOWN STEP	2026-09-14T02:12:04.0783029Z Ran 9 tests in 0.432s
finite	UNKNOWN STEP	2026-09-14T02:12:04.0783204Z 
finite	UNKNOWN STEP	2026-09-14T02:12:04.0783317Z OK
finite	UNKNOWN STEP	2026-09-14T02:12:06.3841147Z .........
finite	UNKNOWN STEP	2026-09-14T02:12:06.3841581Z ----------------------------------------------------------------------
finite	UNKNOWN STEP	2026-09-14T02:12:06.3842044Z Ran 9 tests in 0.435s
finite	UNKNOWN STEP	2026-09-14T02:12:06.3842221Z 
finite	UNKNOWN STEP	2026-09-14T02:12:06.3842335Z OK
finite	UNKNOWN STEP	2026-09-14T02:12:06.4529041Z {
finite	UNKNOWN STEP	2026-09-14T02:12:06.4529569Z   "arithmetic_zero_certificate": false,
finite	UNKNOWN STEP	2026-09-14T02:12:06.4529990Z   "coordinate": "S=1/2+i*x",
finite	UNKNOWN STEP	2026-09-14T02:12:06.4530339Z   "mass": 7,
finite	UNKNOWN STEP	2026-09-14T02:12:06.4530593Z   "methods": 9,
finite	UNKNOWN STEP	2026-09-14T02:12:06.4531139Z   "scope": "Exact finite source resolvents, original polynomial relations, and certified trace errors.",
finite	UNKNOWN STEP	2026-09-14T02:12:06.4531525Z   "success": true
finite	UNKNOWN STEP	2026-09-14T02:12:06.4531720Z }
finite	UNKNOWN STEP	2026-09-14T02:12:33.2280521Z ........
finite	UNKNOWN STEP	2026-09-14T02:12:33.2280957Z ----------------------------------------------------------------------
finite	UNKNOWN STEP	2026-09-14T02:12:33.2281465Z Ran 8 tests in 26.553s
finite	UNKNOWN STEP	2026-09-14T02:12:33.2281653Z 
finite	UNKNOWN STEP	2026-09-14T02:12:33.2281768Z OK
finite	UNKNOWN STEP	2026-09-14T02:13:00.0022604Z ........
finite	UNKNOWN STEP	2026-09-14T02:13:00.0023000Z ----------------------------------------------------------------------
finite	UNKNOWN STEP	2026-09-14T02:13:00.0023460Z Ran 8 tests in 26.181s
finite	UNKNOWN STEP	2026-09-14T02:13:00.0023626Z 
finite	UNKNOWN STEP	2026-09-14T02:13:00.0023728Z OK
finite	UNKNOWN STEP	2026-09-14T02:13:00.1668747Z {
finite	UNKNOWN STEP	2026-09-14T02:13:00.1669530Z   "arithmetic_certificate": false,
finite	UNKNOWN STEP	2026-09-14T02:13:00.1669955Z   "changed_source_mass": 21,
finite	UNKNOWN STEP	2026-09-14T02:13:00.1670272Z   "coordinate": "S=1/2+i*x",
finite	UNKNOWN STEP	2026-09-14T02:13:00.1670589Z   "methods": 8,
finite	UNKNOWN STEP	2026-09-14T02:13:00.1671064Z   "scope": "Canonical source sandwiches, original mixed joins and full cross Grams, weighted common-source projector traces.",
finite	UNKNOWN STEP	2026-09-14T02:13:00.1671490Z   "source_mass": 7,
finite	UNKNOWN STEP	2026-09-14T02:13:00.1671667Z   "success": true
finite	UNKNOWN STEP	2026-09-14T02:13:00.1671833Z }
finite	UNKNOWN STEP	2026-09-14T02:13:17.0711607Z ..........
finite	UNKNOWN STEP	2026-09-14T02:13:17.0712137Z ----------------------------------------------------------------------
finite	UNKNOWN STEP	2026-09-14T02:13:17.0712759Z Ran 10 tests in 16.712s
finite	UNKNOWN STEP	2026-09-14T02:13:17.0712993Z 
finite	UNKNOWN STEP	2026-09-14T02:13:17.0713209Z OK
finite	UNKNOWN STEP	2026-09-14T02:13:33.9677927Z ..........
finite	UNKNOWN STEP	2026-09-14T02:13:33.9678314Z ----------------------------------------------------------------------
finite	UNKNOWN STEP	2026-09-14T02:13:33.9678730Z Ran 10 tests in 16.401s
finite	UNKNOWN STEP	2026-09-14T02:13:33.9678923Z 
finite	UNKNOWN STEP	2026-09-14T02:13:33.9679023Z OK
finite	UNKNOWN STEP	2026-09-14T02:13:34.0740361Z {"methods": 10, "scope": "Exact declared finite polynomial/matrix calibrations; not arithmetic moments, zero packets, or path integrals.", "success": true}
finite	UNKNOWN STEP	2026-09-14T02:13:34.8004712Z {"cases": [{"cyclic_length": 1, "full_rank": 1, "k": 1, "m": 1, "socle_rank": 1, "torsion_rank_over_Q_a": 1}, {"cyclic_length": 1, "full_rank": 1, "k": 3, "m": 1, "socle_rank": 1, "torsion_rank_over_Q_a": 3}, {"cyclic_length": 2, "full_rank": 2, "k": 1, "m": 2, "socle_rank": 2, "torsion_rank_over_Q_a": 3}, {"cyclic_length": 3, "full_rank": 4, "k": 2, "m": 2, "socle_rank": 4, "torsion_rank_over_Q_a": 12}, {"cyclic_length": 4, "full_rank": 8, "k": 3, "m": 2, "socle_rank": 8, "torsion_rank_over_Q_a": 36}, {"cyclic_length": 3, "full_rank": 3, "k": 1, "m": 3, "socle_rank": 3, "torsion_rank_over_Q_a": 6}, {"cyclic_length": 5, "full_rank": 9, "k": 2, "m": 3, "socle_rank": 9, "torsion_rank_over_Q_a": 36}, {"cyclic_length": 4, "full_rank": 4, "k": 1, "m": 4, "socle_rank": 4, "torsion_rank_over_Q_a": 10}, {"cyclic_length": 7, "full_rank": 16, "k": 2, "m": 4, "socle_rank": 16, "torsion_rank_over_Q_a": 80}], "cross_gram": "Matrix([[15]])", "scope": "Exact full ordered diagonal lattice and socle action; no l-adic or analytic certification.", "success": true}
finite	UNKNOWN STEP	2026-09-14T02:13:39.1693164Z {"control": "wrong-power", "false_claim_accepted": false}
finite	UNKNOWN STEP	2026-09-14T02:13:39.1693619Z {"control": "uncentered", "false_claim_accepted": false}
finite	UNKNOWN STEP	2026-09-14T02:13:39.1693925Z {"control": "diagonal-only", "false_claim_accepted": false}
finite	UNKNOWN STEP	2026-09-14T02:13:39.1694240Z {"control": "unweighted", "false_claim_accepted": false}
finite	UNKNOWN STEP	2026-09-14T02:13:39.1695018Z {"control": "proper-zero", "false_claim_accepted": false}
finite	UNKNOWN STEP	2026-09-14T02:13:43.8642578Z {"control": "wrong-power", "false_claim_accepted": false}
finite	UNKNOWN STEP	2026-09-14T02:13:43.8643117Z {"control": "uncentered", "false_claim_accepted": false}
finite	UNKNOWN STEP	2026-09-14T02:13:43.8643567Z {"control": "diagonal-only", "false_claim_accepted": false}
finite	UNKNOWN STEP	2026-09-14T02:13:43.8643979Z {"control": "unweighted", "false_claim_accepted": false}
finite	UNKNOWN STEP	2026-09-14T02:13:43.8644430Z {"control": "proper-zero", "false_claim_accepted": false}
finite	UNKNOWN STEP	2026-09-14T02:13:43.9350757Z ........................
finite	UNKNOWN STEP	2026-09-14T02:13:43.9351200Z ----------------------------------------------------------------------
finite	UNKNOWN STEP	2026-09-14T02:13:43.9351612Z Ran 24 tests in 0.025s
finite	UNKNOWN STEP	2026-09-14T02:13:43.9351769Z 
finite	UNKNOWN STEP	2026-09-14T02:13:43.9351865Z OK
finite	UNKNOWN STEP	2026-09-14T02:13:44.1857273Z ........................
finite	UNKNOWN STEP	2026-09-14T02:13:44.1857615Z ----------------------------------------------------------------------
finite	UNKNOWN STEP	2026-09-14T02:13:44.1857916Z Ran 24 tests in 0.015s
finite	UNKNOWN STEP	2026-09-14T02:13:44.1858076Z 
finite	UNKNOWN STEP	2026-09-14T02:13:44.1858214Z OK
finite	UNKNOWN STEP	2026-09-14T02:13:44.2031895Z Post job cleanup.
finite	UNKNOWN STEP	2026-09-14T02:13:44.2709774Z [command]/usr/bin/git version
finite	UNKNOWN STEP	2026-09-14T02:13:44.2744183Z git version 2.55.0
finite	UNKNOWN STEP	2026-09-14T02:13:44.2773956Z Temporarily overriding HOME='/home/runner/work/_temp/bdbdd0e0-4966-4255-a765-65314e6b133b' before making global git config changes
finite	UNKNOWN STEP	2026-09-14T02:13:44.2774936Z Adding repository directory to the temporary git global config as a safe directory
finite	UNKNOWN STEP	2026-09-14T02:13:44.2779345Z [command]/usr/bin/git config --global --add safe.directory /home/runner/work/zeta-function-research-reader/zeta-function-research-reader
finite	UNKNOWN STEP	2026-09-14T02:13:44.2808899Z Removing SSH command configuration
finite	UNKNOWN STEP	2026-09-14T02:13:44.2814467Z [command]/usr/bin/git config --local --name-only --get-regexp core\.sshCommand
finite	UNKNOWN STEP	2026-09-14T02:13:44.2845217Z [command]/usr/bin/git submodule foreach --recursive sh -c "git config --local --name-only --get-regexp 'core\.sshCommand' && git config --local --unset-all 'core.sshCommand' || :"
finite	UNKNOWN STEP	2026-09-14T02:13:44.3082801Z Removing HTTP extra header
finite	UNKNOWN STEP	2026-09-14T02:13:44.3088594Z [command]/usr/bin/git config --local --name-only --get-regexp http\.https\:\/\/github\.com\/\.extraheader
finite	UNKNOWN STEP	2026-09-14T02:13:44.3132872Z [command]/usr/bin/git submodule foreach --recursive sh -c "git config --local --name-only --get-regexp 'http\.https\:\/\/github\.com\/\.extraheader' && git config --local --unset-all 'http.https://github.com/.extraheader' || :"
finite	UNKNOWN STEP	2026-09-14T02:13:44.3372827Z Removing includeIf entries pointing to credentials config files
finite	UNKNOWN STEP	2026-09-14T02:13:44.3378157Z [command]/usr/bin/git config --local --name-only --get-regexp ^includeIf\.gitdir:
finite	UNKNOWN STEP	2026-09-14T02:13:44.3420603Z [command]/usr/bin/git submodule foreach --recursive git config --local --show-origin --name-only --get-regexp remote.origin.url
finite	UNKNOWN STEP	2026-09-14T02:13:44.3773802Z Cleaning up orphan processes
verify	UNKNOWN STEP	﻿2026-09-14T02:12:39.7210684Z Current runner version: '2.337.0'
verify	UNKNOWN STEP	2026-09-14T02:12:39.7230326Z ##[group]Runner Image Provisioner
verify	UNKNOWN STEP	2026-09-14T02:12:39.7231146Z Hosted Compute Agent
verify	UNKNOWN STEP	2026-09-14T02:12:39.7231636Z Version: 20260828.587
verify	UNKNOWN STEP	2026-09-14T02:12:39.7232236Z Commit: abac92662cab4cc7352de4f9f9d2e2419aad9c29
verify	UNKNOWN STEP	2026-09-14T02:12:39.7232840Z Build Date: 2026-08-28T16:44:25Z
verify	UNKNOWN STEP	2026-09-14T02:12:39.7233395Z Worker ID: {fdc39a95-4de1-4818-b4f0-f1aec4a602a6}
verify	UNKNOWN STEP	2026-09-14T02:12:39.7234310Z Azure Region: westus3
verify	UNKNOWN STEP	2026-09-14T02:12:39.7234792Z ##[endgroup]
verify	UNKNOWN STEP	2026-09-14T02:12:39.7235988Z ##[group]Operating System
verify	UNKNOWN STEP	2026-09-14T02:12:39.7236514Z Ubuntu
verify	UNKNOWN STEP	2026-09-14T02:12:39.7236942Z 24.04.5
verify	UNKNOWN STEP	2026-09-14T02:12:39.7237431Z LTS
verify	UNKNOWN STEP	2026-09-14T02:12:39.7237857Z ##[endgroup]
verify	UNKNOWN STEP	2026-09-14T02:12:39.7238299Z ##[group]Runner Image
verify	UNKNOWN STEP	2026-09-14T02:12:39.7238873Z Image: ubuntu-24.04
verify	UNKNOWN STEP	2026-09-14T02:12:39.7239336Z Version: 20260907.300.1
verify	UNKNOWN STEP	2026-09-14T02:12:39.7240413Z Included Software: https://github.com/actions/runner-images/blob/ubuntu24/20260907.300/images/ubuntu/Ubuntu2404-Readme.md
verify	UNKNOWN STEP	2026-09-14T02:12:39.7241715Z Image Release: https://github.com/actions/runner-images/releases/tag/ubuntu24%2F20260907.300
verify	UNKNOWN STEP	2026-09-14T02:12:39.7242531Z ##[endgroup]
verify	UNKNOWN STEP	2026-09-14T02:12:39.7243381Z ##[group]GITHUB_TOKEN Permissions
verify	UNKNOWN STEP	2026-09-14T02:12:39.7245266Z Contents: read
verify	UNKNOWN STEP	2026-09-14T02:12:39.7245760Z Metadata: read
verify	UNKNOWN STEP	2026-09-14T02:12:39.7246304Z ##[endgroup]
verify	UNKNOWN STEP	2026-09-14T02:12:39.7247917Z Secret source: Actions
verify	UNKNOWN STEP	2026-09-14T02:12:39.7248793Z Cache mode: write
verify	UNKNOWN STEP	2026-09-14T02:12:39.7249350Z Prepare workflow directory
verify	UNKNOWN STEP	2026-09-14T02:12:39.7577086Z Prepare all required actions
verify	UNKNOWN STEP	2026-09-14T02:12:39.7630395Z Getting action download info
verify	UNKNOWN STEP	2026-09-14T02:12:40.0539403Z Download action repository 'actions/checkout@3d3c42e5aac5ba805825da76410c181273ba90b1' (SHA:3d3c42e5aac5ba805825da76410c181273ba90b1)
verify	UNKNOWN STEP	2026-09-14T02:12:40.2598102Z Complete job name: verify
verify	UNKNOWN STEP	2026-09-14T02:12:40.3236896Z ##[group]Run actions/checkout@3d3c42e5aac5ba805825da76410c181273ba90b1
verify	UNKNOWN STEP	2026-09-14T02:12:40.3237693Z with:
verify	UNKNOWN STEP	2026-09-14T02:12:40.3238062Z   persist-credentials: false
verify	UNKNOWN STEP	2026-09-14T02:12:40.3239430Z   sparse-checkout: formal/splitzero
verify	UNKNOWN STEP	workbenches/tau-signed-resolvent-formal
verify	UNKNOWN STEP	workbenches/tau-mixed-boundary-formal
verify	UNKNOWN STEP	workbenches/tau-mixed-metric-integration
verify	UNKNOWN STEP	workbenches/tau-source-resolvent
verify	UNKNOWN STEP	workbenches/tau-arithmetic-metric-transfer
verify	UNKNOWN STEP	
verify	UNKNOWN STEP	2026-09-14T02:12:40.3240879Z   repository: KokunoYumeto/zeta-function-research-reader
verify	UNKNOWN STEP	2026-09-14T02:12:40.3244138Z   token: ***
verify	UNKNOWN STEP	2026-09-14T02:12:40.3244493Z   ssh-strict: true
verify	UNKNOWN STEP	2026-09-14T02:12:40.3244848Z   ssh-user: git
verify	UNKNOWN STEP	2026-09-14T02:12:40.3245185Z   clean: true
verify	UNKNOWN STEP	2026-09-14T02:12:40.3245536Z   sparse-checkout-cone-mode: true
verify	UNKNOWN STEP	2026-09-14T02:12:40.3245951Z   fetch-depth: 1
verify	UNKNOWN STEP	2026-09-14T02:12:40.3246292Z   fetch-tags: false
verify	UNKNOWN STEP	2026-09-14T02:12:40.3246648Z   show-progress: true
verify	UNKNOWN STEP	2026-09-14T02:12:40.3247004Z   lfs: false
verify	UNKNOWN STEP	2026-09-14T02:12:40.3247333Z   submodules: false
verify	UNKNOWN STEP	2026-09-14T02:12:40.3247729Z   set-safe-directory: true
verify	UNKNOWN STEP	2026-09-14T02:12:40.3248140Z   allow-unsafe-pr-checkout: false
verify	UNKNOWN STEP	2026-09-14T02:12:40.3248705Z env:
verify	UNKNOWN STEP	2026-09-14T02:12:40.3249033Z   LEAN_NUM_THREADS: 2
verify	UNKNOWN STEP	2026-09-14T02:12:40.3249398Z ##[endgroup]
verify	UNKNOWN STEP	2026-09-14T02:12:40.4035549Z Syncing repository: KokunoYumeto/zeta-function-research-reader
verify	UNKNOWN STEP	2026-09-14T02:12:40.4037162Z ##[group]Getting Git version info
verify	UNKNOWN STEP	2026-09-14T02:12:40.4037984Z Working directory is '/home/runner/work/zeta-function-research-reader/zeta-function-research-reader'
verify	UNKNOWN STEP	2026-09-14T02:12:40.4039463Z [command]/usr/bin/git version
verify	UNKNOWN STEP	2026-09-14T02:12:40.4121172Z git version 2.55.0
verify	UNKNOWN STEP	2026-09-14T02:12:40.4139640Z ##[endgroup]
verify	UNKNOWN STEP	2026-09-14T02:12:40.4148907Z Temporarily overriding HOME='/home/runner/work/_temp/f70da0e0-06ef-4c3f-a6b8-55915ab454ac' before making global git config changes
verify	UNKNOWN STEP	2026-09-14T02:12:40.4150519Z Adding repository directory to the temporary git global config as a safe directory
verify	UNKNOWN STEP	2026-09-14T02:12:40.4154043Z [command]/usr/bin/git config --global --add safe.directory /home/runner/work/zeta-function-research-reader/zeta-function-research-reader
verify	UNKNOWN STEP	2026-09-14T02:12:40.4196512Z Deleting the contents of '/home/runner/work/zeta-function-research-reader/zeta-function-research-reader'
verify	UNKNOWN STEP	2026-09-14T02:12:40.4199188Z ##[group]Determining repository object format
verify	UNKNOWN STEP	2026-09-14T02:12:40.4200336Z ##[endgroup]
verify	UNKNOWN STEP	2026-09-14T02:12:40.4201353Z ##[group]Initializing the repository
verify	UNKNOWN STEP	2026-09-14T02:12:40.4204828Z [command]/usr/bin/git init /home/runner/work/zeta-function-research-reader/zeta-function-research-reader
verify	UNKNOWN STEP	2026-09-14T02:12:40.4308592Z hint: Using 'master' as the name for the initial branch. This default branch name
verify	UNKNOWN STEP	2026-09-14T02:12:40.4309858Z hint: will change to "main" in Git 3.0. To configure the initial branch name
verify	UNKNOWN STEP	2026-09-14T02:12:40.4311021Z hint: to use in all of your new repositories, which will suppress this warning,
verify	UNKNOWN STEP	2026-09-14T02:12:40.4311946Z hint: call:
verify	UNKNOWN STEP	2026-09-14T02:12:40.4312441Z hint:
verify	UNKNOWN STEP	2026-09-14T02:12:40.4313085Z hint: 	git config --global init.defaultBranch <name>
verify	UNKNOWN STEP	2026-09-14T02:12:40.4313875Z hint:
verify	UNKNOWN STEP	2026-09-14T02:12:40.4314711Z hint: Names commonly chosen instead of 'master' are 'main', 'trunk' and
verify	UNKNOWN STEP	2026-09-14T02:12:40.4315862Z hint: 'development'. The just-created branch can be renamed via this command:
verify	UNKNOWN STEP	2026-09-14T02:12:40.4316937Z hint:
verify	UNKNOWN STEP	2026-09-14T02:12:40.4317451Z hint: 	git branch -m <name>
verify	UNKNOWN STEP	2026-09-14T02:12:40.4318030Z hint:
verify	UNKNOWN STEP	2026-09-14T02:12:40.4318826Z hint: Disable this message with "git config set advice.defaultBranchName false"
verify	UNKNOWN STEP	2026-09-14T02:12:40.4320425Z Initialized empty Git repository in /home/runner/work/zeta-function-research-reader/zeta-function-research-reader/.git/
verify	UNKNOWN STEP	2026-09-14T02:12:40.4328880Z [command]/usr/bin/git remote add origin https://github.com/KokunoYumeto/zeta-function-research-reader
verify	UNKNOWN STEP	2026-09-14T02:12:40.4478414Z ##[endgroup]
verify	UNKNOWN STEP	2026-09-14T02:12:40.4479350Z ##[group]Disabling automatic garbage collection
verify	UNKNOWN STEP	2026-09-14T02:12:40.4482514Z [command]/usr/bin/git config --local gc.auto 0
verify	UNKNOWN STEP	2026-09-14T02:12:40.4511013Z ##[endgroup]
verify	UNKNOWN STEP	2026-09-14T02:12:40.4512326Z ##[group]Setting up auth
verify	UNKNOWN STEP	2026-09-14T02:12:40.4513027Z Removing SSH command configuration
verify	UNKNOWN STEP	2026-09-14T02:12:40.4515748Z [command]/usr/bin/git config --local --name-only --get-regexp core\.sshCommand
verify	UNKNOWN STEP	2026-09-14T02:12:40.4548162Z [command]/usr/bin/git submodule foreach --recursive sh -c "git config --local --name-only --get-regexp 'core\.sshCommand' && git config --local --unset-all 'core.sshCommand' || :"
verify	UNKNOWN STEP	2026-09-14T02:12:40.4860472Z Removing HTTP extra header
verify	UNKNOWN STEP	2026-09-14T02:12:40.4865509Z [command]/usr/bin/git config --local --name-only --get-regexp http\.https\:\/\/github\.com\/\.extraheader
verify	UNKNOWN STEP	2026-09-14T02:12:40.4903357Z [command]/usr/bin/git submodule foreach --recursive sh -c "git config --local --name-only --get-regexp 'http\.https\:\/\/github\.com\/\.extraheader' && git config --local --unset-all 'http.https://github.com/.extraheader' || :"
verify	UNKNOWN STEP	2026-09-14T02:12:40.5088613Z Removing includeIf entries pointing to credentials config files
verify	UNKNOWN STEP	2026-09-14T02:12:40.5093004Z [command]/usr/bin/git config --local --name-only --get-regexp ^includeIf\.gitdir:
verify	UNKNOWN STEP	2026-09-14T02:12:40.5122272Z [command]/usr/bin/git submodule foreach --recursive git config --local --show-origin --name-only --get-regexp remote.origin.url
verify	UNKNOWN STEP	2026-09-14T02:12:40.5312068Z [command]/usr/bin/git config --file /home/runner/work/_temp/git-credentials-4ecae9cd-b614-435e-b4cc-899306b585a8.config http.https://github.com/.extraheader AUTHORIZATION: basic ***
verify	UNKNOWN STEP	2026-09-14T02:12:40.5345839Z [command]/usr/bin/git config --local includeIf.gitdir:/home/runner/work/zeta-function-research-reader/zeta-function-research-reader/.git.path /home/runner/work/_temp/git-credentials-4ecae9cd-b614-435e-b4cc-899306b585a8.config
verify	UNKNOWN STEP	2026-09-14T02:12:40.5374847Z [command]/usr/bin/git config --local includeIf.gitdir:/home/runner/work/zeta-function-research-reader/zeta-function-research-reader/.git/worktrees/*.path /home/runner/work/_temp/git-credentials-4ecae9cd-b614-435e-b4cc-899306b585a8.config
verify	UNKNOWN STEP	2026-09-14T02:12:40.5405229Z [command]/usr/bin/git config --local includeIf.gitdir:/github/workspace/.git.path /github/runner_temp/git-credentials-4ecae9cd-b614-435e-b4cc-899306b585a8.config
verify	UNKNOWN STEP	2026-09-14T02:12:40.5434367Z [command]/usr/bin/git config --local includeIf.gitdir:/github/workspace/.git/worktrees/*.path /github/runner_temp/git-credentials-4ecae9cd-b614-435e-b4cc-899306b585a8.config
verify	UNKNOWN STEP	2026-09-14T02:12:40.5461126Z ##[endgroup]
verify	UNKNOWN STEP	2026-09-14T02:12:40.5462064Z ##[group]Fetching the repository
verify	UNKNOWN STEP	2026-09-14T02:12:40.5466952Z [command]/usr/bin/git -c protocol.version=2 fetch --no-tags --prune --no-recurse-submodules --filter=blob:none --depth=1 origin +55c6f9a861abf7e2b7ba2a12e35b2a6183a020cd:refs/remotes/pull/31/merge
verify	UNKNOWN STEP	2026-09-14T02:12:41.3509167Z From https://github.com/KokunoYumeto/zeta-function-research-reader
verify	UNKNOWN STEP	2026-09-14T02:12:41.3510995Z  * [new ref]         55c6f9a861abf7e2b7ba2a12e35b2a6183a020cd -> pull/31/merge
verify	UNKNOWN STEP	2026-09-14T02:12:41.3514890Z ##[endgroup]
verify	UNKNOWN STEP	2026-09-14T02:12:41.3516206Z ##[group]Determining the checkout info
verify	UNKNOWN STEP	2026-09-14T02:12:41.3517582Z ##[endgroup]
verify	UNKNOWN STEP	2026-09-14T02:12:41.3518733Z ##[group]Setting up sparse checkout
verify	UNKNOWN STEP	2026-09-14T02:12:41.3521522Z [command]/usr/bin/git sparse-checkout set formal/splitzero workbenches/tau-signed-resolvent-formal workbenches/tau-mixed-boundary-formal workbenches/tau-mixed-metric-integration workbenches/tau-source-resolvent workbenches/tau-arithmetic-metric-transfer
verify	UNKNOWN STEP	2026-09-14T02:12:41.3569050Z ##[endgroup]
verify	UNKNOWN STEP	2026-09-14T02:12:41.3570235Z ##[group]Checking out the ref
verify	UNKNOWN STEP	2026-09-14T02:12:41.3571946Z [command]/usr/bin/git checkout --progress --force refs/remotes/pull/31/merge
verify	UNKNOWN STEP	2026-09-14T02:12:42.8875908Z Updating files:   0% (1/176)
verify	UNKNOWN STEP	2026-09-14T02:12:42.8877322Z Updating files:   1% (2/176)
verify	UNKNOWN STEP	2026-09-14T02:12:42.8877979Z Updating files:   2% (4/176)
verify	UNKNOWN STEP	2026-09-14T02:12:42.8878391Z Updating files:   3% (6/176)
verify	UNKNOWN STEP	2026-09-14T02:12:42.8878781Z Updating files:   4% (8/176)
verify	UNKNOWN STEP	2026-09-14T02:12:42.9106832Z Updating files:   5% (9/176)
verify	UNKNOWN STEP	2026-09-14T02:12:42.9109452Z Updating files:   6% (11/176)
verify	UNKNOWN STEP	2026-09-14T02:12:42.9110438Z Updating files:   7% (13/176)
verify	UNKNOWN STEP	2026-09-14T02:12:42.9112792Z Updating files:   8% (15/176)
verify	UNKNOWN STEP	2026-09-14T02:12:42.9114238Z Updating files:   9% (16/176)
verify	UNKNOWN STEP	2026-09-14T02:12:42.9115458Z Updating files:  10% (18/176)
verify	UNKNOWN STEP	2026-09-14T02:12:42.9116569Z Updating files:  11% (20/176)
verify	UNKNOWN STEP	2026-09-14T02:12:42.9116951Z Updating files:  12% (22/176)
verify	UNKNOWN STEP	2026-09-14T02:12:42.9117824Z Updating files:  13% (23/176)
verify	UNKNOWN STEP	2026-09-14T02:12:42.9119405Z Updating files:  14% (25/176)
verify	UNKNOWN STEP	2026-09-14T02:12:42.9120403Z Updating files:  15% (27/176)
verify	UNKNOWN STEP	2026-09-14T02:12:42.9120846Z Updating files:  16% (29/176)
verify	UNKNOWN STEP	2026-09-14T02:12:42.9122251Z Updating files:  17% (30/176)
verify	UNKNOWN STEP	2026-09-14T02:12:42.9123394Z Updating files:  18% (32/176)
verify	UNKNOWN STEP	2026-09-14T02:12:42.9125350Z Updating files:  19% (34/176)
verify	UNKNOWN STEP	2026-09-14T02:12:42.9125871Z Updating files:  20% (36/176)
verify	UNKNOWN STEP	2026-09-14T02:12:42.9127224Z Updating files:  21% (37/176)
verify	UNKNOWN STEP	2026-09-14T02:12:42.9128387Z Updating files:  22% (39/176)
verify	UNKNOWN STEP	2026-09-14T02:12:42.9129581Z Updating files:  23% (41/176)
verify	UNKNOWN STEP	2026-09-14T02:12:42.9130313Z Updating files:  24% (43/176)
verify	UNKNOWN STEP	2026-09-14T02:12:42.9131982Z Updating files:  25% (44/176)
verify	UNKNOWN STEP	2026-09-14T02:12:42.9132945Z Updating files:  26% (46/176)
verify	UNKNOWN STEP	2026-09-14T02:12:42.9134817Z Updating files:  27% (48/176)
verify	UNKNOWN STEP	2026-09-14T02:12:42.9136030Z Updating files:  28% (50/176)
verify	UNKNOWN STEP	2026-09-14T02:12:42.9136860Z Updating files:  29% (52/176)
verify	UNKNOWN STEP	2026-09-14T02:12:42.9138466Z Updating files:  30% (53/176)
verify	UNKNOWN STEP	2026-09-14T02:12:42.9139481Z Updating files:  31% (55/176)
verify	UNKNOWN STEP	2026-09-14T02:12:42.9141225Z Updating files:  32% (57/176)
verify	UNKNOWN STEP	2026-09-14T02:12:42.9141885Z Updating files:  33% (59/176)
verify	UNKNOWN STEP	2026-09-14T02:12:42.9143046Z Updating files:  34% (60/176)
verify	UNKNOWN STEP	2026-09-14T02:12:42.9144758Z Updating files:  35% (62/176)
verify	UNKNOWN STEP	2026-09-14T02:12:42.9147218Z Updating files:  36% (64/176)
verify	UNKNOWN STEP	2026-09-14T02:12:42.9147560Z Updating files:  37% (66/176)
verify	UNKNOWN STEP	2026-09-14T02:12:42.9148154Z Updating files:  38% (67/176)
verify	UNKNOWN STEP	2026-09-14T02:12:42.9149321Z Updating files:  39% (69/176)
verify	UNKNOWN STEP	2026-09-14T02:12:42.9150789Z Updating files:  40% (71/176)
verify	UNKNOWN STEP	2026-09-14T02:12:42.9151328Z Updating files:  41% (73/176)
verify	UNKNOWN STEP	2026-09-14T02:12:42.9152669Z Updating files:  42% (74/176)
verify	UNKNOWN STEP	2026-09-14T02:12:42.9154235Z Updating files:  43% (76/176)
verify	UNKNOWN STEP	2026-09-14T02:12:42.9155650Z Updating files:  44% (78/176)
verify	UNKNOWN STEP	2026-09-14T02:12:42.9156154Z Updating files:  45% (80/176)
verify	UNKNOWN STEP	2026-09-14T02:12:42.9157756Z Updating files:  46% (81/176)
verify	UNKNOWN STEP	2026-09-14T02:12:42.9159118Z Updating files:  47% (83/176)
verify	UNKNOWN STEP	2026-09-14T02:12:42.9160524Z Updating files:  48% (85/176)
verify	UNKNOWN STEP	2026-09-14T02:12:42.9161373Z Updating files:  49% (87/176)
verify	UNKNOWN STEP	2026-09-14T02:12:42.9162773Z Updating files:  50% (88/176)
verify	UNKNOWN STEP	2026-09-14T02:12:42.9164103Z Updating files:  51% (90/176)
verify	UNKNOWN STEP	2026-09-14T02:12:42.9165940Z Updating files:  52% (92/176)
verify	UNKNOWN STEP	2026-09-14T02:12:42.9167231Z Updating files:  53% (94/176)
verify	UNKNOWN STEP	2026-09-14T02:12:42.9167858Z Updating files:  54% (96/176)
verify	UNKNOWN STEP	2026-09-14T02:12:42.9169437Z Updating files:  55% (97/176)
verify	UNKNOWN STEP	2026-09-14T02:12:42.9171115Z Updating files:  56% (99/176)
verify	UNKNOWN STEP	2026-09-14T02:12:42.9172199Z Updating files:  57% (101/176)
verify	UNKNOWN STEP	2026-09-14T02:12:42.9173271Z Updating files:  58% (103/176)
verify	UNKNOWN STEP	2026-09-14T02:12:42.9174534Z Updating files:  59% (104/176)
verify	UNKNOWN STEP	2026-09-14T02:12:42.9176152Z Updating files:  60% (106/176)
verify	UNKNOWN STEP	2026-09-14T02:12:42.9177177Z Updating files:  61% (108/176)
verify	UNKNOWN STEP	2026-09-14T02:12:42.9178004Z Updating files:  62% (110/176)
verify	UNKNOWN STEP	2026-09-14T02:12:42.9179747Z Updating files:  63% (111/176)
verify	UNKNOWN STEP	2026-09-14T02:12:42.9180657Z Updating files:  64% (113/176)
verify	UNKNOWN STEP	2026-09-14T02:12:42.9181902Z Updating files:  65% (115/176)
verify	UNKNOWN STEP	2026-09-14T02:12:42.9183073Z Updating files:  66% (117/176)
verify	UNKNOWN STEP	2026-09-14T02:12:42.9186373Z Updating files:  67% (118/176)
verify	UNKNOWN STEP	2026-09-14T02:12:42.9199644Z Updating files:  68% (120/176)
verify	UNKNOWN STEP	2026-09-14T02:12:42.9200073Z Updating files:  69% (122/176)
verify	UNKNOWN STEP	2026-09-14T02:12:42.9200453Z Updating files:  70% (124/176)
verify	UNKNOWN STEP	2026-09-14T02:12:42.9200809Z Updating files:  71% (125/176)
verify	UNKNOWN STEP	2026-09-14T02:12:42.9201175Z Updating files:  72% (127/176)
verify	UNKNOWN STEP	2026-09-14T02:12:42.9201536Z Updating files:  73% (129/176)
verify	UNKNOWN STEP	2026-09-14T02:12:42.9201896Z Updating files:  74% (131/176)
verify	UNKNOWN STEP	2026-09-14T02:12:42.9202257Z Updating files:  75% (132/176)
verify	UNKNOWN STEP	2026-09-14T02:12:42.9202610Z Updating files:  76% (134/176)
verify	UNKNOWN STEP	2026-09-14T02:12:42.9203139Z Updating files:  77% (136/176)
verify	UNKNOWN STEP	2026-09-14T02:12:42.9203375Z Updating files:  78% (138/176)
verify	UNKNOWN STEP	2026-09-14T02:12:42.9203602Z Updating files:  79% (140/176)
verify	UNKNOWN STEP	2026-09-14T02:12:42.9333342Z Updating files:  80% (141/176)
verify	UNKNOWN STEP	2026-09-14T02:12:42.9335772Z Updating files:  81% (143/176)
verify	UNKNOWN STEP	2026-09-14T02:12:42.9337317Z Updating files:  82% (145/176)
verify	UNKNOWN STEP	2026-09-14T02:12:42.9337717Z Updating files:  83% (147/176)
verify	UNKNOWN STEP	2026-09-14T02:12:42.9338860Z Updating files:  84% (148/176)
verify	UNKNOWN STEP	2026-09-14T02:12:42.9340446Z Updating files:  85% (150/176)
verify	UNKNOWN STEP	2026-09-14T02:12:42.9341965Z Updating files:  86% (152/176)
verify	UNKNOWN STEP	2026-09-14T02:12:42.9342723Z Updating files:  87% (154/176)
verify	UNKNOWN STEP	2026-09-14T02:12:42.9344224Z Updating files:  88% (155/176)
verify	UNKNOWN STEP	2026-09-14T02:12:42.9345672Z Updating files:  89% (157/176)
verify	UNKNOWN STEP	2026-09-14T02:12:42.9346794Z Updating files:  90% (159/176)
verify	UNKNOWN STEP	2026-09-14T02:12:42.9347600Z Updating files:  91% (161/176)
verify	UNKNOWN STEP	2026-09-14T02:12:42.9349586Z Updating files:  92% (162/176)
verify	UNKNOWN STEP	2026-09-14T02:12:42.9350517Z Updating files:  93% (164/176)
verify	UNKNOWN STEP	2026-09-14T02:12:42.9351755Z Updating files:  94% (166/176)
verify	UNKNOWN STEP	2026-09-14T02:12:42.9352928Z Updating files:  95% (168/176)
verify	UNKNOWN STEP	2026-09-14T02:12:42.9354667Z Updating files:  96% (169/176)
verify	UNKNOWN STEP	2026-09-14T02:12:42.9356620Z Updating files:  97% (171/176)
verify	UNKNOWN STEP	2026-09-14T02:12:42.9357624Z Updating files:  98% (173/176)
verify	UNKNOWN STEP	2026-09-14T02:12:42.9358259Z Updating files:  99% (175/176)
verify	UNKNOWN STEP	2026-09-14T02:12:42.9358617Z Updating files: 100% (176/176)
verify	UNKNOWN STEP	2026-09-14T02:12:42.9358983Z Updating files: 100% (176/176), done.
verify	UNKNOWN STEP	2026-09-14T02:12:42.9646634Z Note: switching to 'refs/remotes/pull/31/merge'.
verify	UNKNOWN STEP	2026-09-14T02:12:42.9646914Z 
verify	UNKNOWN STEP	2026-09-14T02:12:42.9647110Z You are in 'detached HEAD' state. You can look around, make experimental
verify	UNKNOWN STEP	2026-09-14T02:12:42.9647557Z changes and commit them, and you can discard any commits you make in this
verify	UNKNOWN STEP	2026-09-14T02:12:42.9647983Z state without impacting any branches by switching back to a branch.
verify	UNKNOWN STEP	2026-09-14T02:12:42.9648214Z 
verify	UNKNOWN STEP	2026-09-14T02:12:42.9648392Z If you want to create a new branch to retain commits you create, you may
verify	UNKNOWN STEP	2026-09-14T02:12:42.9648836Z do so (now or later) by using -c with the switch command. Example:
verify	UNKNOWN STEP	2026-09-14T02:12:42.9649060Z 
verify	UNKNOWN STEP	2026-09-14T02:12:42.9649168Z   git switch -c <new-branch-name>
verify	UNKNOWN STEP	2026-09-14T02:12:42.9649361Z 
verify	UNKNOWN STEP	2026-09-14T02:12:42.9649666Z Or undo this operation with:
verify	UNKNOWN STEP	2026-09-14T02:12:42.9649817Z 
verify	UNKNOWN STEP	2026-09-14T02:12:42.9649905Z   git switch -
verify	UNKNOWN STEP	2026-09-14T02:12:42.9650031Z 
verify	UNKNOWN STEP	2026-09-14T02:12:42.9650220Z Turn off this advice by setting config variable advice.detachedHead to false
verify	UNKNOWN STEP	2026-09-14T02:12:42.9650485Z 
verify	UNKNOWN STEP	2026-09-14T02:12:42.9650796Z HEAD is now at 55c6f9a Merge b4060b25c21f1a49a5e7730e9aff76d4c93c820d into 331ccd30185a98bfc8fde8102cf09b9c2add4d6b
verify	UNKNOWN STEP	2026-09-14T02:12:42.9664132Z ##[endgroup]
verify	UNKNOWN STEP	2026-09-14T02:12:42.9710964Z [command]/usr/bin/git log -1 --format=%H
verify	UNKNOWN STEP	2026-09-14T02:12:42.9737161Z 55c6f9a861abf7e2b7ba2a12e35b2a6183a020cd
verify	UNKNOWN STEP	2026-09-14T02:12:42.9744143Z ##[group]Removing auth
verify	UNKNOWN STEP	2026-09-14T02:12:42.9744529Z Removing SSH command configuration
verify	UNKNOWN STEP	2026-09-14T02:12:42.9747081Z [command]/usr/bin/git config --local --name-only --get-regexp core\.sshCommand
verify	UNKNOWN STEP	2026-09-14T02:12:42.9775884Z [command]/usr/bin/git submodule foreach --recursive sh -c "git config --local --name-only --get-regexp 'core\.sshCommand' && git config --local --unset-all 'core.sshCommand' || :"
verify	UNKNOWN STEP	2026-09-14T02:12:42.9996195Z Removing HTTP extra header
verify	UNKNOWN STEP	2026-09-14T02:12:42.9998864Z [command]/usr/bin/git config --local --name-only --get-regexp http\.https\:\/\/github\.com\/\.extraheader
verify	UNKNOWN STEP	2026-09-14T02:12:43.0028801Z [command]/usr/bin/git submodule foreach --recursive sh -c "git config --local --name-only --get-regexp 'http\.https\:\/\/github\.com\/\.extraheader' && git config --local --unset-all 'http.https://github.com/.extraheader' || :"
verify	UNKNOWN STEP	2026-09-14T02:12:43.0241594Z Removing includeIf entries pointing to credentials config files
verify	UNKNOWN STEP	2026-09-14T02:12:43.0244249Z [command]/usr/bin/git config --local --name-only --get-regexp ^includeIf\.gitdir:
verify	UNKNOWN STEP	2026-09-14T02:12:43.0271228Z includeif.gitdir:/home/runner/work/zeta-function-research-reader/zeta-function-research-reader/.git.path
verify	UNKNOWN STEP	2026-09-14T02:12:43.0272381Z includeif.gitdir:/home/runner/work/zeta-function-research-reader/zeta-function-research-reader/.git/worktrees/*.path
verify	UNKNOWN STEP	2026-09-14T02:12:43.0273018Z includeif.gitdir:/github/workspace/.git.path
verify	UNKNOWN STEP	2026-09-14T02:12:43.0273552Z includeif.gitdir:/github/workspace/.git/worktrees/*.path
verify	UNKNOWN STEP	2026-09-14T02:12:43.0279438Z [command]/usr/bin/git config --local --get-all includeif.gitdir:/home/runner/work/zeta-function-research-reader/zeta-function-research-reader/.git.path
verify	UNKNOWN STEP	2026-09-14T02:12:43.0307681Z /home/runner/work/_temp/git-credentials-4ecae9cd-b614-435e-b4cc-899306b585a8.config
verify	UNKNOWN STEP	2026-09-14T02:12:43.0315857Z [command]/usr/bin/git config --local --unset includeif.gitdir:/home/runner/work/zeta-function-research-reader/zeta-function-research-reader/.git.path \/home\/runner\/work\/_temp\/git\-credentials\-4ecae9cd\-b614\-435e\-b4cc\-899306b585a8\.config
verify	UNKNOWN STEP	2026-09-14T02:12:43.0385978Z [command]/usr/bin/git config --local --get-all includeif.gitdir:/home/runner/work/zeta-function-research-reader/zeta-function-research-reader/.git/worktrees/*.path
verify	UNKNOWN STEP	2026-09-14T02:12:43.0408431Z /home/runner/work/_temp/git-credentials-4ecae9cd-b614-435e-b4cc-899306b585a8.config
verify	UNKNOWN STEP	2026-09-14T02:12:43.0414882Z [command]/usr/bin/git config --local --unset includeif.gitdir:/home/runner/work/zeta-function-research-reader/zeta-function-research-reader/.git/worktrees/*.path \/home\/runner\/work\/_temp\/git\-credentials\-4ecae9cd\-b614\-435e\-b4cc\-899306b585a8\.config
verify	UNKNOWN STEP	2026-09-14T02:12:43.0444718Z [command]/usr/bin/git config --local --get-all includeif.gitdir:/github/workspace/.git.path
verify	UNKNOWN STEP	2026-09-14T02:12:43.0467076Z /github/runner_temp/git-credentials-4ecae9cd-b614-435e-b4cc-899306b585a8.config
verify	UNKNOWN STEP	2026-09-14T02:12:43.0538024Z [command]/usr/bin/git config --local --unset includeif.gitdir:/github/workspace/.git.path \/github\/runner_temp\/git\-credentials\-4ecae9cd\-b614\-435e\-b4cc\-899306b585a8\.config
verify	UNKNOWN STEP	2026-09-14T02:12:43.0540435Z [command]/usr/bin/git config --local --get-all includeif.gitdir:/github/workspace/.git/worktrees/*.path
verify	UNKNOWN STEP	2026-09-14T02:12:43.0541274Z /github/runner_temp/git-credentials-4ecae9cd-b614-435e-b4cc-899306b585a8.config
verify	UNKNOWN STEP	2026-09-14T02:12:43.0542838Z [command]/usr/bin/git config --local --unset includeif.gitdir:/github/workspace/.git/worktrees/*.path \/github\/runner_temp\/git\-credentials\-4ecae9cd\-b614\-435e\-b4cc\-899306b585a8\.config
verify	UNKNOWN STEP	2026-09-14T02:12:43.0565695Z [command]/usr/bin/git submodule foreach --recursive git config --local --show-origin --name-only --get-regexp remote.origin.url
verify	UNKNOWN STEP	2026-09-14T02:12:43.0778413Z Removing credentials config '/home/runner/work/_temp/git-credentials-4ecae9cd-b614-435e-b4cc-899306b585a8.config'
verify	UNKNOWN STEP	2026-09-14T02:12:43.0785201Z ##[endgroup]
verify	UNKNOWN STEP	2026-09-14T02:12:43.0949964Z ##[group]Run python3 prepare.py
verify	UNKNOWN STEP	2026-09-14T02:12:43.0950332Z ^[[36;1mpython3 prepare.py^[[0m
verify	UNKNOWN STEP	2026-09-14T02:12:43.0988042Z shell: /usr/bin/bash --noprofile --norc -e -o pipefail {0}
verify	UNKNOWN STEP	2026-09-14T02:12:43.0988496Z env:
verify	UNKNOWN STEP	2026-09-14T02:12:43.0988749Z   LEAN_NUM_THREADS: 2
verify	UNKNOWN STEP	2026-09-14T02:12:43.0989033Z ##[endgroup]
verify	UNKNOWN STEP	2026-09-14T02:12:43.1982451Z Original SplitZero verified: ff991f7383922e71cdf0e4a3bc85e89e18f808ef; 7366 bytes
verify	UNKNOWN STEP	2026-09-14T02:12:43.2126195Z ##[group]Run set -euo pipefail
verify	UNKNOWN STEP	2026-09-14T02:12:43.2126516Z ^[[36;1mset -euo pipefail^[[0m
verify	UNKNOWN STEP	2026-09-14T02:12:43.2127149Z ^[[36;1mcurl -sSfL https://raw.githubusercontent.com/leanprover/elan/0e36a07b9bbcc5381fa6250df109f9a4f94d7bac/elan-init.sh -o /tmp/elan-init.sh^[[0m
verify	UNKNOWN STEP	2026-09-14T02:12:43.2127799Z ^[[36;1msh /tmp/elan-init.sh -y --default-toolchain none^[[0m
verify	UNKNOWN STEP	2026-09-14T02:12:43.2128135Z ^[[36;1mecho "$HOME/.elan/bin" >> "$GITHUB_PATH"^[[0m
verify	UNKNOWN STEP	2026-09-14T02:12:43.2161188Z shell: /usr/bin/bash --noprofile --norc -e -o pipefail {0}
verify	UNKNOWN STEP	2026-09-14T02:12:43.2161513Z env:
verify	UNKNOWN STEP	2026-09-14T02:12:43.2161721Z   LEAN_NUM_THREADS: 2
verify	UNKNOWN STEP	2026-09-14T02:12:43.2161938Z ##[endgroup]
verify	UNKNOWN STEP	2026-09-14T02:12:43.2800467Z info: downloading installer
verify	UNKNOWN STEP	2026-09-14T02:12:43.8970858Z ##[group]Run set -euo pipefail
verify	UNKNOWN STEP	2026-09-14T02:12:43.8971136Z ^[[36;1mset -euo pipefail^[[0m
verify	UNKNOWN STEP	2026-09-14T02:12:43.8971399Z ^[[36;1mtest "$(cat lean-toolchain)" = leanprover/lean4:v4.31.0^[[0m
verify	UNKNOWN STEP	2026-09-14T02:12:43.8971675Z ^[[36;1mlake update^[[0m
verify	UNKNOWN STEP	2026-09-14T02:12:43.8972023Z ^[[36;1mtest "$(git -C .lake/packages/mathlib rev-parse HEAD)" = fabf563a7c95a166b8d7b6efca11c8b4dc9d911f^[[0m
verify	UNKNOWN STEP	2026-09-14T02:12:43.8972408Z ^[[36;1mlake exe cache get^[[0m
verify	UNKNOWN STEP	2026-09-14T02:12:43.9008191Z shell: /usr/bin/bash --noprofile --norc -e -o pipefail {0}
verify	UNKNOWN STEP	2026-09-14T02:12:43.9008478Z env:
verify	UNKNOWN STEP	2026-09-14T02:12:43.9008647Z   LEAN_NUM_THREADS: 2
verify	UNKNOWN STEP	2026-09-14T02:12:43.9008828Z ##[endgroup]
verify	UNKNOWN STEP	2026-09-14T02:12:45.0899657Z info: downloading https://releases.lean-lang.org/lean4/v4.31.0/lean-4.31.0-linux.tar.zst
verify	UNKNOWN STEP	2026-09-14T02:12:50.3538985Z info: installing /home/runner/.elan/toolchains/leanprover--lean4---v4.31.0
verify	UNKNOWN STEP	2026-09-14T02:12:59.0734517Z info: SplitZeroStructuralExtension: no previous manifest, creating one from scratch
verify	UNKNOWN STEP	2026-09-14T02:12:59.0735375Z info: mathlib: cloning https://github.com/leanprover-community/mathlib4.git
verify	UNKNOWN STEP	2026-09-14T02:13:26.0150657Z info: mathlib: checking out revision 'fabf563a7c95a166b8d7b6efca11c8b4dc9d911f'
verify	UNKNOWN STEP	2026-09-14T02:13:26.7392617Z info: toolchain not updated; already up-to-date
verify	UNKNOWN STEP	2026-09-14T02:13:27.5041052Z info: plausible: cloning https://github.com/leanprover-community/plausible
verify	UNKNOWN STEP	2026-09-14T02:13:28.0936024Z info: plausible: checking out revision '63045536fe95024e6c18fc7b48e03f506701c5bc'
verify	UNKNOWN STEP	2026-09-14T02:13:28.1042057Z info: LeanSearchClient: cloning https://github.com/leanprover-community/LeanSearchClient
verify	UNKNOWN STEP	2026-09-14T02:13:28.6880538Z info: LeanSearchClient: checking out revision 'c5d5b8fe6e5158def25cd28eb94e4141ad97c843'
verify	UNKNOWN STEP	2026-09-14T02:13:28.6974307Z info: importGraph: cloning https://github.com/leanprover-community/import-graph
verify	UNKNOWN STEP	2026-09-14T02:13:29.3990336Z info: importGraph: checking out revision '5c7542ed018c78194f1e2b903eaf6a792b74c03d'
verify	UNKNOWN STEP	2026-09-14T02:13:29.4111782Z info: proofwidgets: cloning https://github.com/leanprover-community/ProofWidgets4
verify	UNKNOWN STEP	2026-09-14T02:13:31.1070623Z info: proofwidgets: checking out revision '24b0d9dc081c5423f8eec7e866c441e5184f29d9'
verify	UNKNOWN STEP	2026-09-14T02:13:31.6300741Z info: aesop: cloning https://github.com/leanprover-community/aesop
verify	UNKNOWN STEP	2026-09-14T02:13:33.0280370Z info: aesop: checking out revision 'e3cb2f741431ce31bf73549fb52316a57368b06f'
verify	UNKNOWN STEP	2026-09-14T02:13:33.0442117Z info: Qq: cloning https://github.com/leanprover-community/quote4
verify	UNKNOWN STEP	2026-09-14T02:13:33.7572309Z info: Qq: checking out revision 'f46324995fca5f0483b742e4eb4daec7f4ee50d2'
verify	UNKNOWN STEP	2026-09-14T02:13:33.7676302Z info: batteries: cloning https://github.com/leanprover-community/batteries
verify	UNKNOWN STEP	2026-09-14T02:13:36.5168716Z info: batteries: checking out revision 'fa08db58b30eb033edcdab331bba000827f9f785'
verify	UNKNOWN STEP	2026-09-14T02:13:36.5419486Z info: Cli: cloning https://github.com/leanprover/lean4-cli
verify	UNKNOWN STEP	2026-09-14T02:13:37.1656631Z info: Cli: checking out revision '92564e5770e4d09f2d86dfbf8ada1e9c715b384c'
verify	UNKNOWN STEP	2026-09-14T02:13:37.1756080Z info: mathlib: running post-update hooks
verify	UNKNOWN STEP	2026-09-14T02:13:37.7808969Z ✔ [3/10] Built Batteries.Data.String.Basic (296ms)
verify	UNKNOWN STEP	2026-09-14T02:13:38.0816807Z ✔ [5/24] Built Batteries.Data.Array.Match (592ms)
verify	UNKNOWN STEP	2026-09-14T02:13:38.1819588Z ✔ [6/24] Built Cache.Lean (358ms)
verify	UNKNOWN STEP	2026-09-14T02:13:38.4822742Z ✔ [7/24] Built Batteries.Data.String.Matcher (276ms)
verify	UNKNOWN STEP	2026-09-14T02:13:38.6835550Z ✔ [8/24] Built Batteries.Data.Array.Match:c.o (184ms)
verify	UNKNOWN STEP	2026-09-14T02:13:38.7826209Z ✔ [9/24] Built Batteries.Data.String.Basic:c.o (95ms)
verify	UNKNOWN STEP	2026-09-14T02:13:38.8827997Z ✔ [10/24] Built Batteries.Tactic.OpenPrivate (759ms)
verify	UNKNOWN STEP	2026-09-14T02:13:38.8828371Z ✔ [11/24] Built Cache.Lean:c.o (125ms)
verify	UNKNOWN STEP	2026-09-14T02:13:38.9829734Z ✔ [12/24] Built Batteries.Data.String.Matcher:c.o (151ms)
verify	UNKNOWN STEP	2026-09-14T02:13:39.1835246Z ✔ [13/24] Built Cache.Init (258ms)
verify	UNKNOWN STEP	2026-09-14T02:13:39.1836087Z ✔ [14/24] Built Cache.Init:c.o (59ms)
verify	UNKNOWN STEP	2026-09-14T02:13:39.9846694Z ✔ [15/24] Built Batteries.Tactic.OpenPrivate:c.o (966ms)
verify	UNKNOWN STEP	2026-09-14T02:13:40.3850843Z ✔ [16/24] Built Cache.IO (1.2s)
verify	UNKNOWN STEP	2026-09-14T02:13:41.0859024Z ✔ [17/24] Built Cache.Hashing (678ms)
verify	UNKNOWN STEP	2026-09-14T02:13:41.3862461Z ✔ [18/24] Built Cache.Hashing:c.o (309ms)
verify	UNKNOWN STEP	2026-09-14T02:13:41.5864598Z ✔ [19/24] Built Cache.IO:c.o (1.2s)
verify	UNKNOWN STEP	2026-09-14T02:13:42.8867584Z ✔ [20/24] Built Cache.Requests (1.5s)
verify	UNKNOWN STEP	2026-09-14T02:13:43.5875898Z ✔ [21/24] Built Cache.Main (777ms)
verify	UNKNOWN STEP	2026-09-14T02:13:44.0871728Z ✔ [22/24] Built Cache.Main:c.o (464ms)
verify	UNKNOWN STEP	2026-09-14T02:13:44.5876771Z ✔ [23/24] Built Cache.Requests:c.o (1.7s)
verify	UNKNOWN STEP	2026-09-14T02:13:45.1888107Z ✔ [24/24] Built cache:exe (609ms)
verify	UNKNOWN STEP	2026-09-14T02:13:47.7778902Z Current branch: HEAD
verify	UNKNOWN STEP	2026-09-14T02:13:47.7779251Z Using cache (Azure) from origin: (some leanprover-community/mathlib4)
verify	UNKNOWN STEP	2026-09-14T02:13:47.7779649Z Attempting to download 8542 file(s) from leanprover-community/mathlib4 cache
verify	UNKNOWN STEP	2026-09-14T02:13:48.7838791Z 
verify	UNKNOWN STEP	2026-09-14T02:13:48.8885397Z Downloaded: 1 file(s) [attempted 1/8542 = 0%, 17 KB/s], Decompressed: 0
verify	UNKNOWN STEP	2026-09-14T02:13:48.9869965Z Downloaded: 71 file(s) [attempted 71/8542 = 0%, 412 KB/s], Decompressed: 34
verify	UNKNOWN STEP	2026-09-14T02:13:49.0907066Z Downloaded: 150 file(s) [attempted 150/8542 = 1%, 1482 KB/s], Decompressed: 52
verify	UNKNOWN STEP	2026-09-14T02:13:49.1899985Z Downloaded: 235 file(s) [attempted 235/8542 = 2%, 1225 KB/s], Decompressed: 83
verify	UNKNOWN STEP	2026-09-14T02:13:49.2921358Z Downloaded: 328 file(s) [attempted 328/8542 = 3%, 288 KB/s], Decompressed: 152
verify	UNKNOWN STEP	2026-09-14T02:13:49.3964632Z Downloaded: 422 file(s) [attempted 422/8542 = 4%, 1953 KB/s], Decompressed: 152
verify	UNKNOWN STEP	2026-09-14T02:13:49.4995137Z Downloaded: 519 file(s) [attempted 519/8542 = 6%, 2989 KB/s], Decompressed: 152
verify	UNKNOWN STEP	2026-09-14T02:13:49.6008472Z Downloaded: 621 file(s) [attempted 621/8542 = 7%, 674 KB/s], Decompressed: 152
verify	UNKNOWN STEP	2026-09-14T02:13:49.7005154Z Downloaded: 735 file(s) [attempted 735/8542 = 8%, 279 KB/s], Decompressed: 306
verify	UNKNOWN STEP	2026-09-14T02:13:49.8054369Z Downloaded: 830 file(s) [attempted 830/8542 = 9%, 472 KB/s], Decompressed: 306
verify	UNKNOWN STEP	2026-09-14T02:13:49.9058333Z Downloaded: 939 file(s) [attempted 939/8542 = 10%, 868 KB/s], Decompressed: 306
verify	UNKNOWN STEP	2026-09-14T02:13:50.0057810Z Downloaded: 1045 file(s) [attempted 1045/8542 = 12%, 2463 KB/s], Decompressed: 306
verify	UNKNOWN STEP	2026-09-14T02:13:50.1065416Z Downloaded: 1147 file(s) [attempted 1147/8542 = 13%, 198 KB/s], Decompressed: 306
verify	UNKNOWN STEP	2026-09-14T02:13:50.2067888Z Downloaded: 1244 file(s) [attempted 1244/8542 = 14%, 249 KB/s], Decompressed: 306
verify	UNKNOWN STEP	2026-09-14T02:13:50.3065902Z Downloaded: 1303 file(s) [attempted 1303/8542 = 15%, 752 KB/s], Decompressed: 306
verify	UNKNOWN STEP	2026-09-14T02:13:50.4153281Z Downloaded: 1400 file(s) [attempted 1400/8542 = 16%, 1352 KB/s], Decompressed: 306
verify	UNKNOWN STEP	2026-09-14T02:13:50.5347194Z Downloaded: 1500 file(s) [attempted 1500/8542 = 17%, 168 KB/s], Decompressed: 306
verify	UNKNOWN STEP	2026-09-14T02:13:50.6402411Z Downloaded: 1606 file(s) [attempted 1606/8542 = 18%, 531 KB/s], Decompressed: 306
verify	UNKNOWN STEP	2026-09-14T02:13:50.7396197Z Downloaded: 1713 file(s) [attempted 1713/8542 = 20%, 572 KB/s], Decompressed: 711
verify	UNKNOWN STEP	2026-09-14T02:13:50.8396294Z Downloaded: 1819 file(s) [attempted 1819/8542 = 21%, 773 KB/s], Decompressed: 711
verify	UNKNOWN STEP	2026-09-14T02:13:50.9509506Z Downloaded: 1921 file(s) [attempted 1921/8542 = 22%, 603 KB/s], Decompressed: 711
verify	UNKNOWN STEP	2026-09-14T02:13:51.0512620Z Downloaded: 2015 file(s) [attempted 2015/8542 = 23%, 1013 KB/s], Decompressed: 711
verify	UNKNOWN STEP	2026-09-14T02:13:51.1539989Z Downloaded: 2115 file(s) [attempted 2115/8542 = 24%, 1011 KB/s], Decompressed: 711
verify	UNKNOWN STEP	2026-09-14T02:13:51.2527829Z Downloaded: 2193 file(s) [attempted 2193/8542 = 25%, 157 KB/s], Decompressed: 711
verify	UNKNOWN STEP	2026-09-14T02:13:51.3572448Z Downloaded: 2292 file(s) [attempted 2292/8542 = 26%, 5429 KB/s], Decompressed: 711
verify	UNKNOWN STEP	2026-09-14T02:13:51.4545566Z Downloaded: 2396 file(s) [attempted 2396/8542 = 28%, 2819 KB/s], Decompressed: 711
verify	UNKNOWN STEP	2026-09-14T02:13:51.5547469Z Downloaded: 2498 file(s) [attempted 2498/8542 = 29%, 993 KB/s], Decompressed: 711
verify	UNKNOWN STEP	2026-09-14T02:13:51.6536195Z Downloaded: 2607 file(s) [attempted 2607/8542 = 30%, 790 KB/s], Decompressed: 711
verify	UNKNOWN STEP	2026-09-14T02:13:51.7610359Z Downloaded: 2710 file(s) [attempted 2710/8542 = 31%, 974 KB/s], Decompressed: 711
verify	UNKNOWN STEP	2026-09-14T02:13:51.8625374Z Downloaded: 2815 file(s) [attempted 2815/8542 = 32%, 468 KB/s], Decompressed: 711
verify	UNKNOWN STEP	2026-09-14T02:13:51.9607867Z Downloaded: 2919 file(s) [attempted 2919/8542 = 34%, 199 KB/s], Decompressed: 711
verify	UNKNOWN STEP	2026-09-14T02:13:52.0615700Z Downloaded: 3012 file(s) [attempted 3012/8542 = 35%, 779 KB/s], Decompressed: 711
verify	UNKNOWN STEP	2026-09-14T02:13:52.1716828Z Downloaded: 3116 file(s) [attempted 3116/8542 = 36%, 664 KB/s], Decompressed: 711
verify	UNKNOWN STEP	2026-09-14T02:13:52.2737809Z Downloaded: 3220 file(s) [attempted 3220/8542 = 37%, 197 KB/s], Decompressed: 711
verify	UNKNOWN STEP	2026-09-14T02:13:52.3888819Z Downloaded: 3329 file(s) [attempted 3329/8542 = 38%, 1878 KB/s], Decompressed: 711
verify	UNKNOWN STEP	2026-09-14T02:13:52.5337398Z Downloaded: 3416 file(s) [attempted 3416/8542 = 39%, 809 KB/s], Decompressed: 711
verify	UNKNOWN STEP	2026-09-14T02:13:52.6389289Z Downloaded: 3494 file(s) [attempted 3494/8542 = 40%, 195 KB/s], Decompressed: 711
verify	UNKNOWN STEP	2026-09-14T02:13:52.7436427Z Downloaded: 3596 file(s) [attempted 3596/8542 = 42%, 664 KB/s], Decompressed: 711
verify	UNKNOWN STEP	2026-09-14T02:13:52.8495789Z Downloaded: 3698 file(s) [attempted 3698/8542 = 43%, 1476 KB/s], Decompressed: 711
verify	UNKNOWN STEP	2026-09-14T02:13:52.9524971Z Downloaded: 3797 file(s) [attempted 3797/8542 = 44%, 169 KB/s], Decompressed: 711
verify	UNKNOWN STEP	2026-09-14T02:13:53.0526252Z Downloaded: 3901 file(s) [attempted 3901/8542 = 45%, 3523 KB/s], Decompressed: 1648
verify	UNKNOWN STEP	2026-09-14T02:13:53.1614025Z Downloaded: 4005 file(s) [attempted 4005/8542 = 46%, 126 KB/s], Decompressed: 1648
verify	UNKNOWN STEP	2026-09-14T02:13:53.2606916Z Downloaded: 4105 file(s) [attempted 4105/8542 = 48%, 1238 KB/s], Decompressed: 1648
verify	UNKNOWN STEP	2026-09-14T02:13:53.3625491Z Downloaded: 4206 file(s) [attempted 4206/8542 = 49%, 300 KB/s], Decompressed: 1648
verify	UNKNOWN STEP	2026-09-14T02:13:53.4625451Z Downloaded: 4313 file(s) [attempted 4313/8542 = 50%, 600 KB/s], Decompressed: 1648
verify	UNKNOWN STEP	2026-09-14T02:13:53.5625107Z Downloaded: 4403 file(s) [attempted 4403/8542 = 51%, 350 KB/s], Decompressed: 1648
verify	UNKNOWN STEP	2026-09-14T02:13:53.6619285Z Downloaded: 4509 file(s) [attempted 4509/8542 = 52%, 2297 KB/s], Decompressed: 1648
verify	UNKNOWN STEP	2026-09-14T02:13:53.7625551Z Downloaded: 4613 file(s) [attempted 4613/8542 = 54%, 817 KB/s], Decompressed: 1648
verify	UNKNOWN STEP	2026-09-14T02:13:53.8675164Z Downloaded: 4720 file(s) [attempted 4720/8542 = 55%, 1268 KB/s], Decompressed: 1648
verify	UNKNOWN STEP	2026-09-14T02:13:53.9650175Z Downloaded: 4831 file(s) [attempted 4831/8542 = 56%, 51 KB/s], Decompressed: 1648
verify	UNKNOWN STEP	2026-09-14T02:13:54.0688519Z Downloaded: 4933 file(s) [attempted 4933/8542 = 57%, 1421 KB/s], Decompressed: 1648
verify	UNKNOWN STEP	2026-09-14T02:13:54.1711248Z Downloaded: 5044 file(s) [attempted 5044/8542 = 59%, 1267 KB/s], Decompressed: 1648
verify	UNKNOWN STEP	2026-09-14T02:13:54.2713060Z Downloaded: 5146 file(s) [attempted 5146/8542 = 60%, 422 KB/s], Decompressed: 1648
verify	UNKNOWN STEP	2026-09-14T02:13:54.3735267Z Downloaded: 5250 file(s) [attempted 5250/8542 = 61%, 111 KB/s], Decompressed: 1648
verify	UNKNOWN STEP	2026-09-14T02:13:54.4737144Z Downloaded: 5319 file(s) [attempted 5319/8542 = 62%, 540 KB/s], Decompressed: 1648
verify	UNKNOWN STEP	2026-09-14T02:13:54.5865936Z Downloaded: 5409 file(s) [attempted 5409/8542 = 63%, 1788 KB/s], Decompressed: 1648
verify	UNKNOWN STEP	2026-09-14T02:13:54.6905035Z Downloaded: 5510 file(s) [attempted 5510/8542 = 64%, 603 KB/s], Decompressed: 1648
verify	UNKNOWN STEP	2026-09-14T02:13:54.7926356Z Downloaded: 5619 file(s) [attempted 5619/8542 = 65%, 489 KB/s], Decompressed: 1648
verify	UNKNOWN STEP	2026-09-14T02:13:54.8897929Z Downloaded: 5726 file(s) [attempted 5726/8542 = 67%, 1613 KB/s], Decompressed: 1648
verify	UNKNOWN STEP	2026-09-14T02:13:54.9898476Z Downloaded: 5825 file(s) [attempted 5825/8542 = 68%, 340 KB/s], Decompressed: 1648
verify	UNKNOWN STEP	2026-09-14T02:13:55.0916919Z Downloaded: 5931 file(s) [attempted 5931/8542 = 69%, 505 KB/s], Decompressed: 1648
verify	UNKNOWN STEP	2026-09-14T02:13:55.1920003Z Downloaded: 6033 file(s) [attempted 6033/8542 = 70%, 351 KB/s], Decompressed: 1648
verify	UNKNOWN STEP	2026-09-14T02:13:55.2969268Z Downloaded: 6137 file(s) [attempted 6137/8542 = 71%, 810 KB/s], Decompressed: 1648
verify	UNKNOWN STEP	2026-09-14T02:13:55.4014548Z Downloaded: 6246 file(s) [attempted 6246/8542 = 73%, 371 KB/s], Decompressed: 1648
verify	UNKNOWN STEP	2026-09-14T02:13:55.5020061Z Downloaded: 6350 file(s) [attempted 6350/8542 = 74%, 536 KB/s], Decompressed: 1648
verify	UNKNOWN STEP	2026-09-14T02:13:55.6057153Z Downloaded: 6454 file(s) [attempted 6454/8542 = 75%, 866 KB/s], Decompressed: 1648
verify	UNKNOWN STEP	2026-09-14T02:13:55.7065706Z Downloaded: 6558 file(s) [attempted 6558/8542 = 76%, 993 KB/s], Decompressed: 1648
verify	UNKNOWN STEP	2026-09-14T02:13:55.8568349Z Downloaded: 6660 file(s) [attempted 6660/8542 = 77%, 1132 KB/s], Decompressed: 1648
verify	UNKNOWN STEP	2026-09-14T02:13:55.9595451Z Downloaded: 6712 file(s) [attempted 6712/8542 = 78%, 68 KB/s], Decompressed: 1648
verify	UNKNOWN STEP	2026-09-14T02:13:56.0688438Z Downloaded: 6807 file(s) [attempted 6807/8542 = 79%, 175 KB/s], Decompressed: 1648
verify	UNKNOWN STEP	2026-09-14T02:13:56.1691568Z Downloaded: 6909 file(s) [attempted 6909/8542 = 80%, 240 KB/s], Decompressed: 1648
verify	UNKNOWN STEP	2026-09-14T02:13:56.2844762Z Downloaded: 7006 file(s) [attempted 7006/8542 = 82%, 888 KB/s], Decompressed: 1648
verify	UNKNOWN STEP	2026-09-14T02:13:56.3869670Z Downloaded: 7105 file(s) [attempted 7105/8542 = 83%, 228 KB/s], Decompressed: 1648
verify	UNKNOWN STEP	2026-09-14T02:13:56.4912510Z Downloaded: 7209 file(s) [attempted 7209/8542 = 84%, 330 KB/s], Decompressed: 1648
verify	UNKNOWN STEP	2026-09-14T02:13:56.5934894Z Downloaded: 7309 file(s) [attempted 7309/8542 = 85%, 797 KB/s], Decompressed: 1648
verify	UNKNOWN STEP	2026-09-14T02:13:56.6945524Z Downloaded: 7410 file(s) [attempted 7410/8542 = 86%, 2391 KB/s], Decompressed: 1648
verify	UNKNOWN STEP	2026-09-14T02:13:56.7961113Z Downloaded: 7519 file(s) [attempted 7519/8542 = 88%, 354 KB/s], Decompressed: 1648
verify	UNKNOWN STEP	2026-09-14T02:13:56.8981206Z Downloaded: 7619 file(s) [attempted 7619/8542 = 89%, 353 KB/s], Decompressed: 1648
verify	UNKNOWN STEP	2026-09-14T02:13:56.9986868Z Downloaded: 7716 file(s) [attempted 7716/8542 = 90%, 486 KB/s], Decompressed: 1648
verify	UNKNOWN STEP	2026-09-14T02:13:57.1013578Z Downloaded: 7794 file(s) [attempted 7794/8542 = 91%, 5565 KB/s], Decompressed: 1648
verify	UNKNOWN STEP	2026-09-14T02:13:57.2031343Z Downloaded: 7902 file(s) [attempted 7902/8542 = 92%, 1199 KB/s], Decompressed: 1648
verify	UNKNOWN STEP	2026-09-14T02:13:57.3074066Z Downloaded: 8007 file(s) [attempted 8007/8542 = 93%, 92 KB/s], Decompressed: 1648
verify	UNKNOWN STEP	2026-09-14T02:13:57.4075121Z Downloaded: 8108 file(s) [attempted 8108/8542 = 94%, 2367 KB/s], Decompressed: 1648
verify	UNKNOWN STEP	2026-09-14T02:13:57.5158265Z Downloaded: 8219 file(s) [attempted 8219/8542 = 96%, 1355 KB/s], Decompressed: 1648
verify	UNKNOWN STEP	2026-09-14T02:13:57.6215002Z Downloaded: 8321 file(s) [attempted 8321/8542 = 97%, 671 KB/s], Decompressed: 1648
verify	UNKNOWN STEP	2026-09-14T02:13:57.7206642Z Downloaded: 8425 file(s) [attempted 8425/8542 = 98%, 2256 KB/s], Decompressed: 1648
verify	UNKNOWN STEP	2026-09-14T02:13:57.9175669Z Downloaded: 8532 file(s) [attempted 8532/8542 = 99%, 2555 KB/s], Decompressed: 1648
verify	UNKNOWN STEP	2026-09-14T02:13:57.9204575Z Downloaded: 8541 file(s) [attempted 8541/8542 = 99%, 722 KB/s], Decompressed: 1648
verify	UNKNOWN STEP	2026-09-14T02:13:57.9234520Z Downloaded: 8542 file(s) [attempted 8542/8542 = 100%, 722 KB/s], Decompressed: 1648
verify	UNKNOWN STEP	2026-09-14T02:14:24.1365353Z Decompressed 8542 file(s)
verify	UNKNOWN STEP	2026-09-14T02:14:24.1366308Z Already decompressed 8542 file(s)
verify	UNKNOWN STEP	2026-09-14T02:14:28.8794828Z Current branch: HEAD
verify	UNKNOWN STEP	2026-09-14T02:14:28.8795172Z Using cache (Azure) from origin: (some leanprover-community/mathlib4)
verify	UNKNOWN STEP	2026-09-14T02:14:28.8795476Z No files to download
verify	UNKNOWN STEP	2026-09-14T02:14:28.8795664Z Already decompressed 8542 file(s)
verify	UNKNOWN STEP	2026-09-14T02:14:28.9128477Z ##[group]Run python3 ../../workbenches/tau-signed-resolvent-formal/run_signed.py
verify	UNKNOWN STEP	2026-09-14T02:14:28.9128933Z ^[[36;1mpython3 ../../workbenches/tau-signed-resolvent-formal/run_signed.py^[[0m
verify	UNKNOWN STEP	2026-09-14T02:14:28.9173857Z shell: /usr/bin/bash --noprofile --norc -e -o pipefail {0}
verify	UNKNOWN STEP	2026-09-14T02:14:28.9174306Z env:
verify	UNKNOWN STEP	2026-09-14T02:14:28.9174466Z   LEAN_NUM_THREADS: 2
verify	UNKNOWN STEP	2026-09-14T02:14:28.9174668Z ##[endgroup]
verify	UNKNOWN STEP	2026-09-14T02:14:29.0187686Z RUN lake env lean --trust=0 -DwarningAsError=true -o /home/runner/work/zeta-function-research-reader/zeta-function-research-reader/formal/splitzero/.lake/build/lib/lean/SplitZeroResolventSeries.olean SplitZeroResolventSeries.lean
verify	UNKNOWN STEP	2026-09-14T02:14:34.9382994Z 
verify	UNKNOWN STEP	2026-09-14T02:14:34.9387821Z RUN lake env lean --trust=0 -DwarningAsError=true -o /home/runner/work/zeta-function-research-reader/zeta-function-research-reader/formal/splitzero/.lake/build/lib/lean/SplitZeroQuotientVolume.olean SplitZeroQuotientVolume.lean
verify	UNKNOWN STEP	2026-09-14T02:14:37.9058685Z 
verify	UNKNOWN STEP	2026-09-14T02:14:37.9059917Z RUN lake env lean --trust=0 -DwarningAsError=true -o /home/runner/work/zeta-function-research-reader/zeta-function-research-reader/formal/splitzero/.lake/build/lib/lean/SplitZeroWeightedQuotientVolume.olean SplitZeroWeightedQuotientVolume.lean
verify	UNKNOWN STEP	2026-09-14T02:14:40.9384031Z 
verify	UNKNOWN STEP	2026-09-14T02:14:40.9385048Z RUN lake env lean --trust=0 -DwarningAsError=true -o /home/runner/work/zeta-function-research-reader/zeta-function-research-reader/formal/splitzero/.lake/build/lib/lean/SplitZeroMetricVariation.olean SplitZeroMetricVariation.lean
verify	UNKNOWN STEP	2026-09-14T02:14:43.9452566Z 
verify	UNKNOWN STEP	2026-09-14T02:14:43.9454412Z RUN lake env lean --trust=0 -DwarningAsError=true -o /home/runner/work/zeta-function-research-reader/zeta-function-research-reader/formal/splitzero/.lake/build/lib/lean/SplitZeroSourceProjectorContrast.olean SplitZeroSourceProjectorContrast.lean
verify	UNKNOWN STEP	2026-09-14T02:14:46.8073399Z 
verify	UNKNOWN STEP	2026-09-14T02:14:46.8074963Z RUN lake env lean --trust=0 -DwarningAsError=true -o /home/runner/work/zeta-function-research-reader/zeta-function-research-reader/formal/splitzero/.lake/build/lib/lean/SplitZeroSignedTraceEnclosure.olean SplitZeroSignedTraceEnclosure.lean
verify	UNKNOWN STEP	2026-09-14T02:14:49.9156908Z 
verify	UNKNOWN STEP	2026-09-14T02:14:49.9158077Z RUN lake env lean --trust=0 -DwarningAsError=true -o /home/runner/work/zeta-function-research-reader/zeta-function-research-reader/formal/splitzero/.lake/build/lib/lean/SplitZero.olean SplitZero.lean
verify	UNKNOWN STEP	2026-09-14T02:14:55.2275558Z 
verify	UNKNOWN STEP	2026-09-14T02:14:55.2276886Z RUN lake env lean --trust=0 -DwarningAsError=true -o /home/runner/work/zeta-function-research-reader/zeta-function-research-reader/formal/splitzero/.lake/build/lib/lean/SplitZeroExtension.olean SplitZeroExtension.lean
verify	UNKNOWN STEP	2026-09-14T02:15:00.2128298Z 
verify	UNKNOWN STEP	2026-09-14T02:15:00.2129290Z RUN lake env lean --trust=0 -DwarningAsError=true -o /home/runner/work/zeta-function-research-reader/zeta-function-research-reader/formal/splitzero/.lake/build/lib/lean/SplitZeroFibres.olean SplitZeroFibres.lean
verify	UNKNOWN STEP	2026-09-14T02:15:05.8601909Z 
verify	UNKNOWN STEP	2026-09-14T02:15:05.8603242Z RUN lake env lean --trust=0 -DwarningAsError=true -o /home/runner/work/zeta-function-research-reader/zeta-function-research-reader/formal/splitzero/.lake/build/lib/lean/SplitZeroReconstruction.olean SplitZeroReconstruction.lean
verify	UNKNOWN STEP	2026-09-14T02:15:12.7524092Z 
verify	UNKNOWN STEP	2026-09-14T02:15:12.7525056Z RUN lake env lean --trust=0 -DwarningAsError=true -o /home/runner/work/zeta-function-research-reader/zeta-function-research-reader/formal/splitzero/.lake/build/lib/lean/SplitZeroHomology.olean SplitZeroHomology.lean
verify	UNKNOWN STEP	2026-09-14T02:15:19.3532142Z 
verify	UNKNOWN STEP	2026-09-14T02:15:19.3533491Z RUN lake env lean --trust=0 -DwarningAsError=true -o /home/runner/work/zeta-function-research-reader/zeta-function-research-reader/formal/splitzero/.lake/build/lib/lean/SplitZeroInternalQuotient.olean SplitZeroInternalQuotient.lean
verify	UNKNOWN STEP	2026-09-14T02:15:25.1635228Z 
verify	UNKNOWN STEP	2026-09-14T02:15:25.1636977Z RUN lake env lean --trust=0 -DwarningAsError=true -o /home/runner/work/zeta-function-research-reader/zeta-function-research-reader/formal/splitzero/.lake/build/lib/lean/SplitZeroRestrictedBoundary.olean SplitZeroRestrictedBoundary.lean
verify	UNKNOWN STEP	2026-09-14T02:15:31.1435678Z 
verify	UNKNOWN STEP	2026-09-14T02:15:31.1436798Z RUN lake env lean --trust=0 -DwarningAsError=true -o /home/runner/work/zeta-function-research-reader/zeta-function-research-reader/formal/splitzero/.lake/build/lib/lean/SplitZeroMetricVariationSupport.olean SplitZeroMetricVariationSupport.lean
verify	UNKNOWN STEP	2026-09-14T02:15:36.1365432Z 
verify	UNKNOWN STEP	2026-09-14T02:15:36.1366421Z RUN lake env lean --trust=0 -DwarningAsError=true -o /home/runner/work/zeta-function-research-reader/zeta-function-research-reader/formal/splitzero/.lake/build/lib/lean/SplitZeroMetricSandwich.olean SplitZeroMetricSandwich.lean
verify	UNKNOWN STEP	2026-09-14T02:15:40.9169298Z 
verify	UNKNOWN STEP	2026-09-14T02:15:40.9170659Z RUN lake env lean --trust=0 -DwarningAsError=true -o /home/runner/work/zeta-function-research-reader/zeta-function-research-reader/formal/splitzero/.lake/build/lib/lean/SplitZeroMetricResolvent.olean SplitZeroMetricResolvent.lean
verify	UNKNOWN STEP	2026-09-14T02:15:43.8374800Z 
verify	UNKNOWN STEP	2026-09-14T02:15:43.8376217Z RUN lake env lean --trust=0 -DwarningAsError=true -o /home/runner/work/zeta-function-research-reader/zeta-function-research-reader/formal/splitzero/.lake/build/lib/lean/SplitZeroMetricResolventSupport.olean SplitZeroMetricResolventSupport.lean
verify	UNKNOWN STEP	2026-09-14T02:15:48.6658554Z 
verify	UNKNOWN STEP	2026-09-14T02:15:48.6661713Z RUN lake env lean --trust=0 -DwarningAsError=true -o /home/runner/work/zeta-function-research-reader/zeta-function-research-reader/formal/splitzero/.lake/build/lib/lean/SplitZeroMixedSupportMetric.olean SplitZeroMixedSupportMetric.lean
verify	UNKNOWN STEP	2026-09-14T02:15:53.7598947Z 
verify	UNKNOWN STEP	2026-09-14T02:15:53.7600403Z RUN lake env lean --trust=0 -DwarningAsError=true -o /home/runner/work/zeta-function-research-reader/zeta-function-research-reader/formal/splitzero/.lake/build/lib/lean/SplitZeroCanonicalSourceContrast.olean SplitZeroCanonicalSourceContrast.lean
verify	UNKNOWN STEP	2026-09-14T02:15:58.4156234Z 
verify	UNKNOWN STEP	2026-09-14T02:15:58.4157623Z RUN lake env lean --trust=0 -DwarningAsError=true -o /home/runner/work/zeta-function-research-reader/zeta-function-research-reader/formal/splitzero/.lake/build/lib/lean/SplitZeroCanonicalSignedResolvent.olean SplitZeroCanonicalSignedResolvent.lean
verify	UNKNOWN STEP	2026-09-14T02:16:03.1714130Z 
verify	UNKNOWN STEP	2026-09-14T02:16:03.1715188Z RUN lake env lean --trust=0 -DwarningAsError=true -o /home/runner/work/zeta-function-research-reader/zeta-function-research-reader/formal/splitzero/.lake/build/lib/lean/SplitZeroSpectralResidual.olean SplitZeroSpectralResidual.lean
verify	UNKNOWN STEP	2026-09-14T02:16:08.0120470Z 
verify	UNKNOWN STEP	2026-09-14T02:16:08.0122145Z RUN lake env lean --trust=0 -DwarningAsError=true -o /home/runner/work/zeta-function-research-reader/zeta-function-research-reader/formal/splitzero/.lake/build/lib/lean/SplitZeroBoundarySocle.olean SplitZeroBoundarySocle.lean
verify	UNKNOWN STEP	2026-09-14T02:16:13.3514580Z 
verify	UNKNOWN STEP	2026-09-14T02:16:13.3515944Z RUN lake env lean --trust=0 -DwarningAsError=true -o /home/runner/work/zeta-function-research-reader/zeta-function-research-reader/formal/splitzero/.lake/build/lib/lean/SplitZeroBoundarySocleSupport.olean SplitZeroBoundarySocleSupport.lean
verify	UNKNOWN STEP	2026-09-14T02:16:18.3431879Z 
verify	UNKNOWN STEP	2026-09-14T02:16:18.3433215Z RUN lake env lean --trust=0 -DwarningAsError=true -o /home/runner/work/zeta-function-research-reader/zeta-function-research-reader/formal/splitzero/.lake/build/lib/lean/SplitZeroPresentation.olean SplitZeroPresentation.lean
verify	UNKNOWN STEP	2026-09-14T02:16:23.1587377Z 
verify	UNKNOWN STEP	2026-09-14T02:16:23.1588346Z RUN lake env lean --trust=0 -DwarningAsError=true -o /home/runner/work/zeta-function-research-reader/zeta-function-research-reader/formal/splitzero/.lake/build/lib/lean/SplitZeroMaps.olean SplitZeroMaps.lean
verify	UNKNOWN STEP	2026-09-14T02:16:27.8217557Z 
verify	UNKNOWN STEP	2026-09-14T02:16:27.8218620Z RUN lake env lean --trust=0 -DwarningAsError=true -o /home/runner/work/zeta-function-research-reader/zeta-function-research-reader/formal/splitzero/.lake/build/lib/lean/SplitZeroSynchronization.olean SplitZeroSynchronization.lean
verify	UNKNOWN STEP	2026-09-14T02:16:32.5920275Z 
verify	UNKNOWN STEP	2026-09-14T02:16:32.5921874Z RUN lake env lean --trust=0 -DwarningAsError=true -o /home/runner/work/zeta-function-research-reader/zeta-function-research-reader/formal/splitzero/.lake/build/lib/lean/SplitZeroSupportChange.olean SplitZeroSupportChange.lean
verify	UNKNOWN STEP	2026-09-14T02:16:38.2794200Z 
verify	UNKNOWN STEP	2026-09-14T02:16:38.2795487Z RUN lake env lean --trust=0 -DwarningAsError=true -o /home/runner/work/zeta-function-research-reader/zeta-function-research-reader/formal/splitzero/.lake/build/lib/lean/SplitZeroRelationLayer.olean SplitZeroRelationLayer.lean
verify	UNKNOWN STEP	2026-09-14T02:16:43.6027464Z 
verify	UNKNOWN STEP	2026-09-14T02:16:43.6028555Z RUN lake env lean --trust=0 -DwarningAsError=true -o /home/runner/work/zeta-function-research-reader/zeta-function-research-reader/formal/splitzero/.lake/build/lib/lean/SplitZeroRelationLayerIntegration.olean SplitZeroRelationLayerIntegration.lean
verify	UNKNOWN STEP	2026-09-14T02:16:49.5313595Z 
verify	UNKNOWN STEP	2026-09-14T02:16:49.5315079Z RUN lake env lean --trust=0 -DwarningAsError=true -o /home/runner/work/zeta-function-research-reader/zeta-function-research-reader/formal/splitzero/.lake/build/lib/lean/SplitZeroConormalTower.olean SplitZeroConormalTower.lean
verify	UNKNOWN STEP	2026-09-14T02:16:55.0885724Z 
verify	UNKNOWN STEP	2026-09-14T02:16:55.0886982Z RUN lake env lean --trust=0 -DwarningAsError=true -o /home/runner/work/zeta-function-research-reader/zeta-function-research-reader/formal/splitzero/.lake/build/lib/lean/SplitZeroTauChart.olean SplitZeroTauChart.lean
verify	UNKNOWN STEP	2026-09-14T02:17:01.9717089Z 
verify	UNKNOWN STEP	2026-09-14T02:17:01.9718302Z RUN lake env lean --trust=0 -DwarningAsError=true -o /home/runner/work/zeta-function-research-reader/zeta-function-research-reader/formal/splitzero/.lake/build/lib/lean/SplitZeroTauDual.olean SplitZeroTauDual.lean
verify	UNKNOWN STEP	2026-09-14T02:17:08.3379955Z 
verify	UNKNOWN STEP	2026-09-14T02:17:08.3381009Z RUN lake env lean --trust=0 -DwarningAsError=true -o /home/runner/work/zeta-function-research-reader/zeta-function-research-reader/formal/splitzero/.lake/build/lib/lean/SplitZeroTauHomotopy.olean SplitZeroTauHomotopy.lean
verify	UNKNOWN STEP	2026-09-14T02:17:13.9915766Z 
verify	UNKNOWN STEP	2026-09-14T02:17:13.9917491Z RUN lake env lean --trust=0 -DwarningAsError=true AuditSignedResolvent.lean
verify	UNKNOWN STEP	2026-09-14T02:17:18.4724253Z 'SplitZero.ResolventSeries.geometric_right' depends on axioms: [propext, Classical.choice, Quot.sound]
verify	UNKNOWN STEP	2026-09-14T02:17:18.4725283Z 'SplitZero.ResolventSeries.residual_exact' depends on axioms: [propext, Classical.choice, Quot.sound]
verify	UNKNOWN STEP	2026-09-14T02:17:18.4726201Z 'SplitZero.ResolventSeries.partialSum_zero' depends on axioms: [propext, Classical.choice, Quot.sound]
verify	UNKNOWN STEP	2026-09-14T02:17:18.4727109Z 'SplitZero.ResolventSeries.blend_lower' depends on axioms: [propext, Classical.choice, Quot.sound]
verify	UNKNOWN STEP	2026-09-14T02:17:18.4727872Z 'SplitZero.ResolventSeries.blend_pos' depends on axioms: [propext, Classical.choice, Quot.sound]
verify	UNKNOWN STEP	2026-09-14T02:17:18.4728646Z 'SplitZero.ResolventSeries.blend_mono' depends on axioms: [propext, Classical.choice, Quot.sound]
verify	UNKNOWN STEP	2026-09-14T02:17:18.4729342Z 'SplitZero.ResolventSeries.tangent_bound' depends on axioms: [propext, Classical.choice, Quot.sound]
verify	UNKNOWN STEP	2026-09-14T02:17:18.4729893Z 'SplitZero.ResolventSeries.midpoint_deviation' depends on axioms: [propext, Classical.choice, Quot.sound]
verify	UNKNOWN STEP	2026-09-14T02:17:18.4730438Z 'SplitZero.ResolventSeries.blend_contraction' depends on axioms: [propext, Classical.choice, Quot.sound]
verify	UNKNOWN STEP	2026-09-14T02:17:18.4730969Z 'SplitZero.ResolventSeries.contraction_range' depends on axioms: [propext, Classical.choice, Quot.sound]
verify	UNKNOWN STEP	2026-09-14T02:17:18.4731586Z 'SplitZero.ResolventSeries.centered_sum' depends on axioms: [propext, Classical.choice, Quot.sound]
verify	UNKNOWN STEP	2026-09-14T02:17:18.4732268Z 'SplitZero.ResolventSeries.variance_formula' depends on axioms: [propext, Classical.choice, Quot.sound]
verify	UNKNOWN STEP	2026-09-14T02:17:18.4732796Z 'SplitZero.ResolventSeries.variance_nonneg' depends on axioms: [propext, Classical.choice, Quot.sound]
verify	UNKNOWN STEP	2026-09-14T02:17:18.4733321Z 'SplitZero.ResolventSeries.variance_le_energy' depends on axioms: [propext, Classical.choice, Quot.sound]
verify	UNKNOWN STEP	2026-09-14T02:17:18.4735801Z 'SplitZero.ResolventSeries.residual_variance_bound' depends on axioms: [propext, Classical.choice, Quot.sound]
verify	UNKNOWN STEP	2026-09-14T02:17:18.4736767Z 'SplitZero.ResolventSeries.radius_tendsto_zero' depends on axioms: [propext, Classical.choice, Quot.sound]
verify	UNKNOWN STEP	2026-09-14T02:17:18.4737895Z 'SplitZero.ResolventSeries.exists_stopping_degree' depends on axioms: [propext, Classical.choice, Quot.sound]
verify	UNKNOWN STEP	2026-09-14T02:17:18.4738894Z 'SplitZero.SignedTraceEnclosure.MetricFrame.conjugate_mul' depends on axioms: [propext, Classical.choice, Quot.sound]
verify	UNKNOWN STEP	2026-09-14T02:17:18.4739951Z 'SplitZero.SignedTraceEnclosure.MetricFrame.trace_conjugate' depends on axioms: [propext, Classical.choice, Quot.sound]
verify	UNKNOWN STEP	2026-09-14T02:17:18.4740930Z 'SplitZero.SignedTraceEnclosure.MetricFrame.hermitian_conjugate' depends on axioms: [propext,
verify	UNKNOWN STEP	2026-09-14T02:17:18.4741537Z  Classical.choice,
verify	UNKNOWN STEP	2026-09-14T02:17:18.4741785Z  Quot.sound]
verify	UNKNOWN STEP	2026-09-14T02:17:18.4742374Z 'SplitZero.SignedTraceEnclosure.MetricFrame.ofPosDef' depends on axioms: [propext, Classical.choice, Quot.sound]
verify	UNKNOWN STEP	2026-09-14T02:17:18.4743320Z 'SplitZero.SignedTraceEnclosure.hermitian_square_nonneg' depends on axioms: [propext, Classical.choice, Quot.sound]
verify	UNKNOWN STEP	2026-09-14T02:17:18.4744397Z 'SplitZero.SignedTraceEnclosure.hermitian_schwarz_sq' depends on axioms: [propext, Classical.choice, Quot.sound]
verify	UNKNOWN STEP	2026-09-14T02:17:18.4745323Z 'SplitZero.SignedTraceEnclosure.weighted_schwarz' depends on axioms: [propext, Classical.choice, Quot.sound]
verify	UNKNOWN STEP	2026-09-14T02:17:18.4746281Z 'SplitZero.SignedTraceEnclosure.centered_pairing' depends on axioms: [propext, Classical.choice, Quot.sound]
verify	UNKNOWN STEP	2026-09-14T02:17:18.4747235Z 'SplitZero.SignedTraceEnclosure.weighted_center' depends on axioms: [propext, Classical.choice, Quot.sound]
verify	UNKNOWN STEP	2026-09-14T02:17:18.4748180Z 'SplitZero.SignedTraceEnclosure.signed_interval' depends on axioms: [propext, Classical.choice, Quot.sound]
verify	UNKNOWN STEP	2026-09-14T02:17:18.4749046Z 'SplitZero.RestrictedBoundary.killedRelations' depends on axioms: [propext, Quot.sound]
verify	UNKNOWN STEP	2026-09-14T02:17:18.4749861Z 'SplitZero.RestrictedBoundary.residualRelations' depends on axioms: [propext, Quot.sound]
verify	UNKNOWN STEP	2026-09-14T02:17:18.4750720Z 'SplitZero.RestrictedBoundary.quotientHom' depends on axioms: [propext, Classical.choice, Quot.sound]
verify	UNKNOWN STEP	2026-09-14T02:17:18.4751580Z 'SplitZero.RestrictedBoundary.kernelDiagram' depends on axioms: [propext, Classical.choice, Quot.sound]
verify	UNKNOWN STEP	2026-09-14T02:17:18.4752482Z 'SplitZero.RestrictedBoundary.residualEquiv' depends on axioms: [propext, Classical.choice, Quot.sound]
verify	UNKNOWN STEP	2026-09-14T02:17:18.4753408Z 'SplitZero.RestrictedBoundary.kernelComparison' depends on axioms: [propext, Classical.choice, Quot.sound]
verify	UNKNOWN STEP	2026-09-14T02:17:18.4754458Z 'SplitZero.RestrictedBoundary.kernelInverse' depends on axioms: [propext, Classical.choice, Quot.sound]
verify	UNKNOWN STEP	2026-09-14T02:17:18.4755403Z 'SplitZero.RestrictedBoundary.left_inverse_total' depends on axioms: [propext, Classical.choice, Quot.sound]
verify	UNKNOWN STEP	2026-09-14T02:17:18.4756292Z 'SplitZero.RestrictedBoundary.right_inverse_total' depends on axioms: [propext, Classical.choice, Quot.sound]
verify	UNKNOWN STEP	2026-09-14T02:17:18.4757178Z 'SplitZero.RestrictedBoundary.kernelInclusion' depends on axioms: [propext, Classical.choice, Quot.sound]
verify	UNKNOWN STEP	2026-09-14T02:17:18.4758057Z 'SplitZero.RestrictedBoundary.residualInclusion' depends on axioms: [propext, Classical.choice, Quot.sound]
verify	UNKNOWN STEP	2026-09-14T02:17:18.4758937Z 'SplitZero.RestrictedBoundary.original_square' depends on axioms: [propext, Classical.choice, Quot.sound]
verify	UNKNOWN STEP	2026-09-14T02:17:18.4759868Z 'SplitZero.RestrictedBoundary.range_iff_supported_zero' depends on axioms: [propext, Classical.choice, Quot.sound]
verify	UNKNOWN STEP	2026-09-14T02:17:18.4760754Z 'SplitZero.RestrictedBoundary.proper_residual' depends on axioms: [propext, Classical.choice, Quot.sound]
verify	UNKNOWN STEP	2026-09-14T02:17:18.4761611Z 'SplitZero.RestrictedBoundary.present_empty_residual' depends on axioms: [propext, Classical.choice, Quot.sound]
verify	UNKNOWN STEP	2026-09-14T02:17:18.4762531Z 'SplitZero.CanonicalSignedResolvent.weighted_mul' depends on axioms: [propext, Classical.choice, Quot.sound]
verify	UNKNOWN STEP	2026-09-14T02:17:18.4763622Z 'SplitZero.CanonicalSignedResolvent.weighted_pow' depends on axioms: [propext, Classical.choice, Quot.sound]
verify	UNKNOWN STEP	2026-09-14T02:17:18.4764767Z 'SplitZero.CanonicalSignedResolvent.weighted_partialSum' depends on axioms: [propext, Classical.choice, Quot.sound]
verify	UNKNOWN STEP	2026-09-14T02:17:18.4765750Z 'SplitZero.CanonicalSignedResolvent.canonical_properties' depends on axioms: [propext, Classical.choice, Quot.sound]
verify	UNKNOWN STEP	2026-09-14T02:17:18.4766848Z 'SplitZero.CanonicalSignedResolvent.canonical_interval' depends on axioms: [propext, Classical.choice, Quot.sound]
verify	UNKNOWN STEP	2026-09-14T02:17:18.4767725Z 'SplitZero.CanonicalSignedResolvent.canonical_resolvent_interval' depends on axioms: [propext,
verify	UNKNOWN STEP	2026-09-14T02:17:18.4768262Z  Classical.choice,
verify	UNKNOWN STEP	2026-09-14T02:17:18.4768486Z  Quot.sound]
verify	UNKNOWN STEP	2026-09-14T02:17:18.4769016Z 'SplitZero.CanonicalSignedResolvent.canonical_tangent' depends on axioms: [propext, Classical.choice, Quot.sound]
verify	UNKNOWN STEP	2026-09-14T02:17:18.4769894Z 'SplitZero.SpectralResidual.frame_one' depends on axioms: [propext, Classical.choice, Quot.sound]
verify	UNKNOWN STEP	2026-09-14T02:17:18.4770689Z 'SplitZero.SpectralResidual.frame_sub' depends on axioms: [propext, Classical.choice, Quot.sound]
verify	UNKNOWN STEP	2026-09-14T02:17:18.4771475Z 'SplitZero.SpectralResidual.frame_smul' depends on axioms: [propext, Classical.choice, Quot.sound]
verify	UNKNOWN STEP	2026-09-14T02:17:18.4772259Z 'SplitZero.SpectralResidual.frame_pow' depends on axioms: [propext, Classical.choice, Quot.sound]
verify	UNKNOWN STEP	2026-09-14T02:17:18.4773063Z 'SplitZero.SpectralResidual.frame_center' depends on axioms: [propext, Classical.choice, Quot.sound]
verify	UNKNOWN STEP	2026-09-14T02:17:18.4774030Z 'SplitZero.SpectralResidual.realTrace_diagonal' depends on axioms: [propext, Classical.choice, Quot.sound]
verify	UNKNOWN STEP	2026-09-14T02:17:18.4774904Z 'SplitZero.SpectralResidual.center_diagonal' depends on axioms: [propext, Classical.choice, Quot.sound]
verify	UNKNOWN STEP	2026-09-14T02:17:18.4775740Z 'SplitZero.SpectralResidual.residual_diagonal' depends on axioms: [propext, Classical.choice, Quot.sound]
verify	UNKNOWN STEP	2026-09-14T02:17:18.4776594Z 'SplitZero.SpectralResidual.residual_energy' depends on axioms: [propext, Classical.choice, Quot.sound]
verify	UNKNOWN STEP	2026-09-14T02:17:18.4777505Z 'SplitZero.SpectralResidual.spectral_radius_bound' depends on axioms: [propext, Classical.choice, Quot.sound]
verify	UNKNOWN STEP	2026-09-14T02:17:18.4778459Z 'SplitZero.SpectralResidual.signed_error' depends on axioms: [propext, Classical.choice, Quot.sound]
verify	UNKNOWN STEP	2026-09-14T02:17:18.4778760Z 
verify	UNKNOWN STEP	2026-09-14T02:17:18.4778885Z {
verify	UNKNOWN STEP	2026-09-14T02:17:18.4779029Z   "axioms": {
verify	UNKNOWN STEP	2026-09-14T02:17:18.4779261Z     "SplitZero.CanonicalSignedResolvent.canonical_interval": [
verify	UNKNOWN STEP	2026-09-14T02:17:18.4779542Z       "Classical.choice",
verify	UNKNOWN STEP	2026-09-14T02:17:18.4779717Z       "Quot.sound",
verify	UNKNOWN STEP	2026-09-14T02:17:18.4779872Z       "propext"
verify	UNKNOWN STEP	2026-09-14T02:17:18.4780022Z     ],
verify	UNKNOWN STEP	2026-09-14T02:17:18.4780247Z     "SplitZero.CanonicalSignedResolvent.canonical_properties": [
verify	UNKNOWN STEP	2026-09-14T02:17:18.4780528Z       "Classical.choice",
verify	UNKNOWN STEP	2026-09-14T02:17:18.4780700Z       "Quot.sound",
verify	UNKNOWN STEP	2026-09-14T02:17:18.4780858Z       "propext"
verify	UNKNOWN STEP	2026-09-14T02:17:18.4781002Z     ],
verify	UNKNOWN STEP	2026-09-14T02:17:18.4781236Z     "SplitZero.CanonicalSignedResolvent.canonical_resolvent_interval": [
verify	UNKNOWN STEP	2026-09-14T02:17:18.4781529Z       "Classical.choice",
verify	UNKNOWN STEP	2026-09-14T02:17:18.4781694Z       "Quot.sound",
verify	UNKNOWN STEP	2026-09-14T02:17:18.4781841Z       "propext"
verify	UNKNOWN STEP	2026-09-14T02:17:18.4781981Z     ],
verify	UNKNOWN STEP	2026-09-14T02:17:18.4782180Z     "SplitZero.CanonicalSignedResolvent.canonical_tangent": [
verify	UNKNOWN STEP	2026-09-14T02:17:18.4782437Z       "Classical.choice",
verify	UNKNOWN STEP	2026-09-14T02:17:18.4782602Z       "Quot.sound",
verify	UNKNOWN STEP	2026-09-14T02:17:18.4782751Z       "propext"
verify	UNKNOWN STEP	2026-09-14T02:17:18.4782893Z     ],
verify	UNKNOWN STEP	2026-09-14T02:17:18.4783097Z     "SplitZero.CanonicalSignedResolvent.weighted_mul": [
verify	UNKNOWN STEP	2026-09-14T02:17:18.4783350Z       "Classical.choice",
verify	UNKNOWN STEP	2026-09-14T02:17:18.4783518Z       "Quot.sound",
verify	UNKNOWN STEP	2026-09-14T02:17:18.4783667Z       "propext"
verify	UNKNOWN STEP	2026-09-14T02:17:18.4783810Z     ],
verify	UNKNOWN STEP	2026-09-14T02:17:18.4784193Z     "SplitZero.CanonicalSignedResolvent.weighted_partialSum": [
verify	UNKNOWN STEP	2026-09-14T02:17:18.4784467Z       "Classical.choice",
verify	UNKNOWN STEP	2026-09-14T02:17:18.4784639Z       "Quot.sound",
verify	UNKNOWN STEP	2026-09-14T02:17:18.4784792Z       "propext"
verify	UNKNOWN STEP	2026-09-14T02:17:18.4785165Z     ],
verify	UNKNOWN STEP	2026-09-14T02:17:18.4785365Z     "SplitZero.CanonicalSignedResolvent.weighted_pow": [
verify	UNKNOWN STEP	2026-09-14T02:17:18.4785620Z       "Classical.choice",
verify	UNKNOWN STEP	2026-09-14T02:17:18.4785790Z       "Quot.sound",
verify	UNKNOWN STEP	2026-09-14T02:17:18.4785944Z       "propext"
verify	UNKNOWN STEP	2026-09-14T02:17:18.4786085Z     ],
verify	UNKNOWN STEP	2026-09-14T02:17:18.4786266Z     "SplitZero.ResolventSeries.blend_contraction": [
verify	UNKNOWN STEP	2026-09-14T02:17:18.4786600Z       "Classical.choice",
verify	UNKNOWN STEP	2026-09-14T02:17:18.4786766Z       "Quot.sound",
verify	UNKNOWN STEP	2026-09-14T02:17:18.4786912Z       "propext"
verify	UNKNOWN STEP	2026-09-14T02:17:18.4787052Z     ],
verify	UNKNOWN STEP	2026-09-14T02:17:18.4787217Z     "SplitZero.ResolventSeries.blend_lower": [
verify	UNKNOWN STEP	2026-09-14T02:17:18.4787438Z       "Classical.choice",
verify	UNKNOWN STEP	2026-09-14T02:17:18.4787601Z       "Quot.sound",
verify	UNKNOWN STEP	2026-09-14T02:17:18.4787751Z       "propext"
verify	UNKNOWN STEP	2026-09-14T02:17:18.4787889Z     ],
verify	UNKNOWN STEP	2026-09-14T02:17:18.4788052Z     "SplitZero.ResolventSeries.blend_mono": [
verify	UNKNOWN STEP	2026-09-14T02:17:18.4788268Z       "Classical.choice",
verify	UNKNOWN STEP	2026-09-14T02:17:18.4788428Z       "Quot.sound",
verify	UNKNOWN STEP	2026-09-14T02:17:18.4788578Z       "propext"
verify	UNKNOWN STEP	2026-09-14T02:17:18.4788718Z     ],
verify	UNKNOWN STEP	2026-09-14T02:17:18.4788901Z     "SplitZero.ResolventSeries.blend_pos": [
verify	UNKNOWN STEP	2026-09-14T02:17:18.4789131Z       "Classical.choice",
verify	UNKNOWN STEP	2026-09-14T02:17:18.4789310Z       "Quot.sound",
verify	UNKNOWN STEP	2026-09-14T02:17:18.4789469Z       "propext"
verify	UNKNOWN STEP	2026-09-14T02:17:18.4789623Z     ],
verify	UNKNOWN STEP	2026-09-14T02:17:18.4789798Z     "SplitZero.ResolventSeries.centered_sum": [
verify	UNKNOWN STEP	2026-09-14T02:17:18.4790031Z       "Classical.choice",
verify	UNKNOWN STEP	2026-09-14T02:17:18.4790200Z       "Quot.sound",
verify	UNKNOWN STEP	2026-09-14T02:17:18.4790350Z       "propext"
verify	UNKNOWN STEP	2026-09-14T02:17:18.4790490Z     ],
verify	UNKNOWN STEP	2026-09-14T02:17:18.4790674Z     "SplitZero.ResolventSeries.contraction_range": [
verify	UNKNOWN STEP	2026-09-14T02:17:18.4790908Z       "Classical.choice",
verify	UNKNOWN STEP	2026-09-14T02:17:18.4791073Z       "Quot.sound",
verify	UNKNOWN STEP	2026-09-14T02:17:18.4791246Z       "propext"
verify	UNKNOWN STEP	2026-09-14T02:17:18.4791469Z     ],
verify	UNKNOWN STEP	2026-09-14T02:17:18.4791661Z     "SplitZero.ResolventSeries.exists_stopping_degree": [
verify	UNKNOWN STEP	2026-09-14T02:17:18.4791904Z       "Classical.choice",
verify	UNKNOWN STEP	2026-09-14T02:17:18.4792069Z       "Quot.sound",
verify	UNKNOWN STEP	2026-09-14T02:17:18.4792223Z       "propext"
verify	UNKNOWN STEP	2026-09-14T02:17:18.4792362Z     ],
verify	UNKNOWN STEP	2026-09-14T02:17:18.4792539Z     "SplitZero.ResolventSeries.geometric_right": [
verify	UNKNOWN STEP	2026-09-14T02:17:18.4792775Z       "Classical.choice",
verify	UNKNOWN STEP	2026-09-14T02:17:18.4792942Z       "Quot.sound",
verify	UNKNOWN STEP	2026-09-14T02:17:18.4793089Z       "propext"
verify	UNKNOWN STEP	2026-09-14T02:17:18.4793231Z     ],
verify	UNKNOWN STEP	2026-09-14T02:17:18.4793415Z     "SplitZero.ResolventSeries.midpoint_deviation": [
verify	UNKNOWN STEP	2026-09-14T02:17:18.4793651Z       "Classical.choice",
verify	UNKNOWN STEP	2026-09-14T02:17:18.4793852Z       "Quot.sound",
verify	UNKNOWN STEP	2026-09-14T02:17:18.4794194Z       "propext"
verify	UNKNOWN STEP	2026-09-14T02:17:18.4794336Z     ],
verify	UNKNOWN STEP	2026-09-14T02:17:18.4794510Z     "SplitZero.ResolventSeries.partialSum_zero": [
verify	UNKNOWN STEP	2026-09-14T02:17:18.4794736Z       "Classical.choice",
verify	UNKNOWN STEP	2026-09-14T02:17:18.4794901Z       "Quot.sound",
verify	UNKNOWN STEP	2026-09-14T02:17:18.4795056Z       "propext"
verify	UNKNOWN STEP	2026-09-14T02:17:18.4795198Z     ],
verify	UNKNOWN STEP	2026-09-14T02:17:18.4795377Z     "SplitZero.ResolventSeries.radius_tendsto_zero": [
verify	UNKNOWN STEP	2026-09-14T02:17:18.4795611Z       "Classical.choice",
verify	UNKNOWN STEP	2026-09-14T02:17:18.4795781Z       "Quot.sound",
verify	UNKNOWN STEP	2026-09-14T02:17:18.4795930Z       "propext"
verify	UNKNOWN STEP	2026-09-14T02:17:18.4796071Z     ],
verify	UNKNOWN STEP	2026-09-14T02:17:18.4796245Z     "SplitZero.ResolventSeries.residual_exact": [
verify	UNKNOWN STEP	2026-09-14T02:17:18.4796472Z       "Classical.choice",
verify	UNKNOWN STEP	2026-09-14T02:17:18.4796637Z       "Quot.sound",
verify	UNKNOWN STEP	2026-09-14T02:17:18.4796787Z       "propext"
verify	UNKNOWN STEP	2026-09-14T02:17:18.4796927Z     ],
verify	UNKNOWN STEP	2026-09-14T02:17:18.4797123Z     "SplitZero.ResolventSeries.residual_variance_bound": [
verify	UNKNOWN STEP	2026-09-14T02:17:18.4797422Z       "Classical.choice",
verify	UNKNOWN STEP	2026-09-14T02:17:18.4797588Z       "Quot.sound",
verify	UNKNOWN STEP	2026-09-14T02:17:18.4797737Z       "propext"
verify	UNKNOWN STEP	2026-09-14T02:17:18.4797877Z     ],
verify	UNKNOWN STEP	2026-09-14T02:17:18.4798048Z     "SplitZero.ResolventSeries.tangent_bound": [
verify	UNKNOWN STEP	2026-09-14T02:17:18.4798269Z       "Classical.choice",
verify	UNKNOWN STEP	2026-09-14T02:17:18.4798431Z       "Quot.sound",
verify	UNKNOWN STEP	2026-09-14T02:17:18.4798579Z       "propext"
verify	UNKNOWN STEP	2026-09-14T02:17:18.4798720Z     ],
verify	UNKNOWN STEP	2026-09-14T02:17:18.4798890Z     "SplitZero.ResolventSeries.variance_formula": [
verify	UNKNOWN STEP	2026-09-14T02:17:18.4799419Z       "Classical.choice",
verify	UNKNOWN STEP	2026-09-14T02:17:18.4799587Z       "Quot.sound",
verify	UNKNOWN STEP	2026-09-14T02:17:18.4799739Z       "propext"
verify	UNKNOWN STEP	2026-09-14T02:17:18.4799880Z     ],
verify	UNKNOWN STEP	2026-09-14T02:17:18.4800056Z     "SplitZero.ResolventSeries.variance_le_energy": [
verify	UNKNOWN STEP	2026-09-14T02:17:18.4800287Z       "Classical.choice",
verify	UNKNOWN STEP	2026-09-14T02:17:18.4800449Z       "Quot.sound",
verify	UNKNOWN STEP	2026-09-14T02:17:18.4800598Z       "propext"
verify	UNKNOWN STEP	2026-09-14T02:17:18.4800834Z     ],
verify	UNKNOWN STEP	2026-09-14T02:17:18.4801005Z     "SplitZero.ResolventSeries.variance_nonneg": [
verify	UNKNOWN STEP	2026-09-14T02:17:18.4801230Z       "Classical.choice",
verify	UNKNOWN STEP	2026-09-14T02:17:18.4801395Z       "Quot.sound",
verify	UNKNOWN STEP	2026-09-14T02:17:18.4801544Z       "propext"
verify	UNKNOWN STEP	2026-09-14T02:17:18.4801690Z     ],
verify	UNKNOWN STEP	2026-09-14T02:17:18.4801877Z     "SplitZero.RestrictedBoundary.kernelComparison": [
verify	UNKNOWN STEP	2026-09-14T02:17:18.4802116Z       "Classical.choice",
verify	UNKNOWN STEP	2026-09-14T02:17:18.4802278Z       "Quot.sound",
verify	UNKNOWN STEP	2026-09-14T02:17:18.4802425Z       "propext"
verify	UNKNOWN STEP	2026-09-14T02:17:18.4802566Z     ],
verify	UNKNOWN STEP	2026-09-14T02:17:18.4802741Z     "SplitZero.RestrictedBoundary.kernelDiagram": [
verify	UNKNOWN STEP	2026-09-14T02:17:18.4802982Z       "Classical.choice",
verify	UNKNOWN STEP	2026-09-14T02:17:18.4803145Z       "Quot.sound",
verify	UNKNOWN STEP	2026-09-14T02:17:18.4803291Z       "propext"
verify	UNKNOWN STEP	2026-09-14T02:17:18.4803432Z     ],
verify	UNKNOWN STEP	2026-09-14T02:17:18.4803610Z     "SplitZero.RestrictedBoundary.kernelInclusion": [
verify	UNKNOWN STEP	2026-09-14T02:17:18.4803844Z       "Classical.choice",
verify	UNKNOWN STEP	2026-09-14T02:17:18.4804178Z       "Quot.sound",
verify	UNKNOWN STEP	2026-09-14T02:17:18.4804336Z       "propext"
verify	UNKNOWN STEP	2026-09-14T02:17:18.4804497Z     ],
verify	UNKNOWN STEP	2026-09-14T02:17:18.4804679Z     "SplitZero.RestrictedBoundary.kernelInverse": [
verify	UNKNOWN STEP	2026-09-14T02:17:18.4804913Z       "Classical.choice",
verify	UNKNOWN STEP	2026-09-14T02:17:18.4805076Z       "Quot.sound",
verify	UNKNOWN STEP	2026-09-14T02:17:18.4805229Z       "propext"
verify	UNKNOWN STEP	2026-09-14T02:17:18.4805369Z     ],
verify	UNKNOWN STEP	2026-09-14T02:17:18.4805547Z     "SplitZero.RestrictedBoundary.killedRelations": [
verify	UNKNOWN STEP	2026-09-14T02:17:18.4805773Z       "Quot.sound",
verify	UNKNOWN STEP	2026-09-14T02:17:18.4805921Z       "propext"
verify	UNKNOWN STEP	2026-09-14T02:17:18.4806063Z     ],
verify	UNKNOWN STEP	2026-09-14T02:17:18.4806249Z     "SplitZero.RestrictedBoundary.left_inverse_total": [
verify	UNKNOWN STEP	2026-09-14T02:17:18.4806490Z       "Classical.choice",
verify	UNKNOWN STEP	2026-09-14T02:17:18.4806653Z       "Quot.sound",
verify	UNKNOWN STEP	2026-09-14T02:17:18.4806829Z       "propext"
verify	UNKNOWN STEP	2026-09-14T02:17:18.4807034Z     ],
verify	UNKNOWN STEP	2026-09-14T02:17:18.4807283Z     "SplitZero.RestrictedBoundary.original_square": [
verify	UNKNOWN STEP	2026-09-14T02:17:18.4807624Z       "Classical.choice",
verify	UNKNOWN STEP	2026-09-14T02:17:18.4807869Z       "Quot.sound",
verify	UNKNOWN STEP	2026-09-14T02:17:18.4808089Z       "propext"
verify	UNKNOWN STEP	2026-09-14T02:17:18.4808295Z     ],
verify	UNKNOWN STEP	2026-09-14T02:17:18.4808606Z     "SplitZero.RestrictedBoundary.present_empty_residual": [
verify	UNKNOWN STEP	2026-09-14T02:17:18.4809010Z       "Classical.choice",
verify	UNKNOWN STEP	2026-09-14T02:17:18.4809256Z       "Quot.sound",
verify	UNKNOWN STEP	2026-09-14T02:17:18.4809481Z       "propext"
verify	UNKNOWN STEP	2026-09-14T02:17:18.4809698Z     ],
verify	UNKNOWN STEP	2026-09-14T02:17:18.4810137Z     "SplitZero.RestrictedBoundary.proper_residual": [
verify	UNKNOWN STEP	2026-09-14T02:17:18.4810484Z       "Classical.choice",
verify	UNKNOWN STEP	2026-09-14T02:17:18.4810943Z       "Quot.sound",
verify	UNKNOWN STEP	2026-09-14T02:17:18.4811097Z       "propext"
verify	UNKNOWN STEP	2026-09-14T02:17:18.4811246Z     ],
verify	UNKNOWN STEP	2026-09-14T02:17:18.4811425Z     "SplitZero.RestrictedBoundary.quotientHom": [
verify	UNKNOWN STEP	2026-09-14T02:17:18.4811654Z       "Classical.choice",
verify	UNKNOWN STEP	2026-09-14T02:17:18.4811819Z       "Quot.sound",
verify	UNKNOWN STEP	2026-09-14T02:17:18.4811967Z       "propext"
verify	UNKNOWN STEP	2026-09-14T02:17:18.4812109Z     ],
verify	UNKNOWN STEP	2026-09-14T02:17:18.4812315Z     "SplitZero.RestrictedBoundary.range_iff_supported_zero": [
verify	UNKNOWN STEP	2026-09-14T02:17:18.4812575Z       "Classical.choice",
verify	UNKNOWN STEP	2026-09-14T02:17:18.4812739Z       "Quot.sound",
verify	UNKNOWN STEP	2026-09-14T02:17:18.4812890Z       "propext"
verify	UNKNOWN STEP	2026-09-14T02:17:18.4813034Z     ],
verify	UNKNOWN STEP	2026-09-14T02:17:18.4813209Z     "SplitZero.RestrictedBoundary.residualEquiv": [
verify	UNKNOWN STEP	2026-09-14T02:17:18.4813441Z       "Classical.choice",
verify	UNKNOWN STEP	2026-09-14T02:17:18.4813602Z       "Quot.sound",
verify	UNKNOWN STEP	2026-09-14T02:17:18.4813752Z       "propext"
verify	UNKNOWN STEP	2026-09-14T02:17:18.4814078Z     ],
verify	UNKNOWN STEP	2026-09-14T02:17:18.4814272Z     "SplitZero.RestrictedBoundary.residualInclusion": [
verify	UNKNOWN STEP	2026-09-14T02:17:18.4814522Z       "Classical.choice",
verify	UNKNOWN STEP	2026-09-14T02:17:18.4814685Z       "Quot.sound",
verify	UNKNOWN STEP	2026-09-14T02:17:18.4814980Z       "propext"
verify	UNKNOWN STEP	2026-09-14T02:17:18.4815122Z     ],
verify	UNKNOWN STEP	2026-09-14T02:17:18.4815314Z     "SplitZero.RestrictedBoundary.residualRelations": [
verify	UNKNOWN STEP	2026-09-14T02:17:18.4815548Z       "Quot.sound",
verify	UNKNOWN STEP	2026-09-14T02:17:18.4815695Z       "propext"
verify	UNKNOWN STEP	2026-09-14T02:17:18.4815836Z     ],
verify	UNKNOWN STEP	2026-09-14T02:17:18.4816022Z     "SplitZero.RestrictedBoundary.right_inverse_total": [
verify	UNKNOWN STEP	2026-09-14T02:17:18.4816415Z       "Classical.choice",
verify	UNKNOWN STEP	2026-09-14T02:17:18.4816583Z       "Quot.sound",
verify	UNKNOWN STEP	2026-09-14T02:17:18.4816731Z       "propext"
verify	UNKNOWN STEP	2026-09-14T02:17:18.4816870Z     ],
verify	UNKNOWN STEP	2026-09-14T02:17:18.4817089Z     "SplitZero.SignedTraceEnclosure.MetricFrame.conjugate_mul": [
verify	UNKNOWN STEP	2026-09-14T02:17:18.4817366Z       "Classical.choice",
verify	UNKNOWN STEP	2026-09-14T02:17:18.4817534Z       "Quot.sound",
verify	UNKNOWN STEP	2026-09-14T02:17:18.4817683Z       "propext"
verify	UNKNOWN STEP	2026-09-14T02:17:18.4817824Z     ],
verify	UNKNOWN STEP	2026-09-14T02:17:18.4818054Z     "SplitZero.SignedTraceEnclosure.MetricFrame.hermitian_conjugate": [
verify	UNKNOWN STEP	2026-09-14T02:17:18.4818362Z       "Classical.choice",
verify	UNKNOWN STEP	2026-09-14T02:17:18.4818523Z       "Quot.sound",
verify	UNKNOWN STEP	2026-09-14T02:17:18.4818674Z       "propext"
verify	UNKNOWN STEP	2026-09-14T02:17:18.4818816Z     ],
verify	UNKNOWN STEP	2026-09-14T02:17:18.4819020Z     "SplitZero.SignedTraceEnclosure.MetricFrame.ofPosDef": [
verify	UNKNOWN STEP	2026-09-14T02:17:18.4819280Z       "Classical.choice",
verify	UNKNOWN STEP	2026-09-14T02:17:18.4819443Z       "Quot.sound",
verify	UNKNOWN STEP	2026-09-14T02:17:18.4819592Z       "propext"
verify	UNKNOWN STEP	2026-09-14T02:17:18.4819731Z     ],
verify	UNKNOWN STEP	2026-09-14T02:17:18.4819953Z     "SplitZero.SignedTraceEnclosure.MetricFrame.trace_conjugate": [
verify	UNKNOWN STEP	2026-09-14T02:17:18.4820233Z       "Classical.choice",
verify	UNKNOWN STEP	2026-09-14T02:17:18.4820396Z       "Quot.sound",
verify	UNKNOWN STEP	2026-09-14T02:17:18.4820544Z       "propext"
verify	UNKNOWN STEP	2026-09-14T02:17:18.4820687Z     ],
verify	UNKNOWN STEP	2026-09-14T02:17:18.4820876Z     "SplitZero.SignedTraceEnclosure.centered_pairing": [
verify	UNKNOWN STEP	2026-09-14T02:17:18.4821123Z       "Classical.choice",
verify	UNKNOWN STEP	2026-09-14T02:17:18.4821289Z       "Quot.sound",
verify	UNKNOWN STEP	2026-09-14T02:17:18.4821436Z       "propext"
verify	UNKNOWN STEP	2026-09-14T02:17:18.4821579Z     ],
verify	UNKNOWN STEP	2026-09-14T02:17:18.4821771Z     "SplitZero.SignedTraceEnclosure.hermitian_schwarz_sq": [
verify	UNKNOWN STEP	2026-09-14T02:17:18.4822024Z       "Classical.choice",
verify	UNKNOWN STEP	2026-09-14T02:17:18.4822187Z       "Quot.sound",
verify	UNKNOWN STEP	2026-09-14T02:17:18.4822342Z       "propext"
verify	UNKNOWN STEP	2026-09-14T02:17:18.4822482Z     ],
verify	UNKNOWN STEP	2026-09-14T02:17:18.4822687Z     "SplitZero.SignedTraceEnclosure.hermitian_square_nonneg": [
verify	UNKNOWN STEP	2026-09-14T02:17:18.4822948Z       "Classical.choice",
verify	UNKNOWN STEP	2026-09-14T02:17:18.4823112Z       "Quot.sound",
verify	UNKNOWN STEP	2026-09-14T02:17:18.4823261Z       "propext"
verify	UNKNOWN STEP	2026-09-14T02:17:18.4823403Z     ],
verify	UNKNOWN STEP	2026-09-14T02:17:18.4823588Z     "SplitZero.SignedTraceEnclosure.signed_interval": [
verify	UNKNOWN STEP	2026-09-14T02:17:18.4823826Z       "Classical.choice",
verify	UNKNOWN STEP	2026-09-14T02:17:18.4824166Z       "Quot.sound",
verify	UNKNOWN STEP	2026-09-14T02:17:18.4824321Z       "propext"
verify	UNKNOWN STEP	2026-09-14T02:17:18.4824469Z     ],
verify	UNKNOWN STEP	2026-09-14T02:17:18.4824664Z     "SplitZero.SignedTraceEnclosure.weighted_center": [
verify	UNKNOWN STEP	2026-09-14T02:17:18.4824907Z       "Classical.choice",
verify	UNKNOWN STEP	2026-09-14T02:17:18.4825076Z       "Quot.sound",
verify	UNKNOWN STEP	2026-09-14T02:17:18.4825227Z       "propext"
verify	UNKNOWN STEP	2026-09-14T02:17:18.4825374Z     ],
verify	UNKNOWN STEP	2026-09-14T02:17:18.4825563Z     "SplitZero.SignedTraceEnclosure.weighted_schwarz": [
verify	UNKNOWN STEP	2026-09-14T02:17:18.4825810Z       "Classical.choice",
verify	UNKNOWN STEP	2026-09-14T02:17:18.4825977Z       "Quot.sound",
verify	UNKNOWN STEP	2026-09-14T02:17:18.4826125Z       "propext"
verify	UNKNOWN STEP	2026-09-14T02:17:18.4826269Z     ],
verify	UNKNOWN STEP	2026-09-14T02:17:18.4826442Z     "SplitZero.SpectralResidual.center_diagonal": [
verify	UNKNOWN STEP	2026-09-14T02:17:18.4826680Z       "Classical.choice",
verify	UNKNOWN STEP	2026-09-14T02:17:18.4826847Z       "Quot.sound",
verify	UNKNOWN STEP	2026-09-14T02:17:18.4826995Z       "propext"
verify	UNKNOWN STEP	2026-09-14T02:17:18.4827139Z     ],
verify	UNKNOWN STEP	2026-09-14T02:17:18.4827308Z     "SplitZero.SpectralResidual.frame_center": [
verify	UNKNOWN STEP	2026-09-14T02:17:18.4827536Z       "Classical.choice",
verify	UNKNOWN STEP	2026-09-14T02:17:18.4827700Z       "Quot.sound",
verify	UNKNOWN STEP	2026-09-14T02:17:18.4827848Z       "propext"
verify	UNKNOWN STEP	2026-09-14T02:17:18.4827989Z     ],
verify	UNKNOWN STEP	2026-09-14T02:17:18.4828158Z     "SplitZero.SpectralResidual.frame_one": [
verify	UNKNOWN STEP	2026-09-14T02:17:18.4828376Z       "Classical.choice",
verify	UNKNOWN STEP	2026-09-14T02:17:18.4828540Z       "Quot.sound",
verify	UNKNOWN STEP	2026-09-14T02:17:18.4828694Z       "propext"
verify	UNKNOWN STEP	2026-09-14T02:17:18.4828834Z     ],
verify	UNKNOWN STEP	2026-09-14T02:17:18.4829117Z     "SplitZero.SpectralResidual.frame_pow": [
verify	UNKNOWN STEP	2026-09-14T02:17:18.4829332Z       "Classical.choice",
verify	UNKNOWN STEP	2026-09-14T02:17:18.4829496Z       "Quot.sound",
verify	UNKNOWN STEP	2026-09-14T02:17:18.4829645Z       "propext"
verify	UNKNOWN STEP	2026-09-14T02:17:18.4829784Z     ],
verify	UNKNOWN STEP	2026-09-14T02:17:18.4829950Z     "SplitZero.SpectralResidual.frame_smul": [
verify	UNKNOWN STEP	2026-09-14T02:17:18.4830169Z       "Classical.choice",
verify	UNKNOWN STEP	2026-09-14T02:17:18.4830425Z       "Quot.sound",
verify	UNKNOWN STEP	2026-09-14T02:17:18.4830576Z       "propext"
verify	UNKNOWN STEP	2026-09-14T02:17:18.4830723Z     ],
verify	UNKNOWN STEP	2026-09-14T02:17:18.4830885Z     "SplitZero.SpectralResidual.frame_sub": [
verify	UNKNOWN STEP	2026-09-14T02:17:18.4831097Z       "Classical.choice",
verify	UNKNOWN STEP	2026-09-14T02:17:18.4831259Z       "Quot.sound",
verify	UNKNOWN STEP	2026-09-14T02:17:18.4831406Z       "propext"
verify	UNKNOWN STEP	2026-09-14T02:17:18.4831547Z     ],
verify	UNKNOWN STEP	2026-09-14T02:17:18.4831733Z     "SplitZero.SpectralResidual.realTrace_diagonal": [
verify	UNKNOWN STEP	2026-09-14T02:17:18.4831968Z       "Classical.choice",
verify	UNKNOWN STEP	2026-09-14T02:17:18.4832131Z       "Quot.sound",
verify	UNKNOWN STEP	2026-09-14T02:17:18.4832278Z       "propext"
verify	UNKNOWN STEP	2026-09-14T02:17:18.4832426Z     ],
verify	UNKNOWN STEP	2026-09-14T02:17:18.4832609Z     "SplitZero.SpectralResidual.residual_diagonal": [
verify	UNKNOWN STEP	2026-09-14T02:17:18.4832846Z       "Classical.choice",
verify	UNKNOWN STEP	2026-09-14T02:17:18.4833011Z       "Quot.sound",
verify	UNKNOWN STEP	2026-09-14T02:17:18.4833157Z       "propext"
verify	UNKNOWN STEP	2026-09-14T02:17:18.4833301Z     ],
verify	UNKNOWN STEP	2026-09-14T02:17:18.4833473Z     "SplitZero.SpectralResidual.residual_energy": [
verify	UNKNOWN STEP	2026-09-14T02:17:18.4833703Z       "Classical.choice",
verify	UNKNOWN STEP	2026-09-14T02:17:18.4833867Z       "Quot.sound",
verify	UNKNOWN STEP	2026-09-14T02:17:18.4834186Z       "propext"
verify	UNKNOWN STEP	2026-09-14T02:17:18.4834330Z     ],
verify	UNKNOWN STEP	2026-09-14T02:17:18.4834500Z     "SplitZero.SpectralResidual.signed_error": [
verify	UNKNOWN STEP	2026-09-14T02:17:18.4834726Z       "Classical.choice",
verify	UNKNOWN STEP	2026-09-14T02:17:18.4834894Z       "Quot.sound",
verify	UNKNOWN STEP	2026-09-14T02:17:18.4835041Z       "propext"
verify	UNKNOWN STEP	2026-09-14T02:17:18.4835183Z     ],
verify	UNKNOWN STEP	2026-09-14T02:17:18.4835368Z     "SplitZero.SpectralResidual.spectral_radius_bound": [
verify	UNKNOWN STEP	2026-09-14T02:17:18.4835611Z       "Classical.choice",
verify	UNKNOWN STEP	2026-09-14T02:17:18.4835774Z       "Quot.sound",
verify	UNKNOWN STEP	2026-09-14T02:17:18.4835927Z       "propext"
verify	UNKNOWN STEP	2026-09-14T02:17:18.4836072Z     ]
verify	UNKNOWN STEP	2026-09-14T02:17:18.4836209Z   },
verify	UNKNOWN STEP	2026-09-14T02:17:18.4836392Z   "commit": "55c6f9a861abf7e2b7ba2a12e35b2a6183a020cd",
verify	UNKNOWN STEP	2026-09-14T02:17:18.4837144Z   "scope": "Constructed finite resolvent and fixed-pair spectral residual; centered signed trace enclosure in the original source metric; natural proper-boundary quotient-kernel diagrams. No arithmetic moments or tensor-uniform estimate.",
verify	UNKNOWN STEP	2026-09-14T02:17:18.4837878Z   "sha256": {
verify	UNKNOWN STEP	2026-09-14T02:17:18.4838139Z     "SplitZero": "09f8ddf866687f93f384fd234975d1012dffdd6903782095901916607f042f48",
verify	UNKNOWN STEP	2026-09-14T02:17:18.4838595Z     "SplitZeroBoundarySocle": "177c92f4ebb55a574bf790dcb41e1b3331110f97b94b59c5a2d704c3e8da9c36",
verify	UNKNOWN STEP	2026-09-14T02:17:18.4839115Z     "SplitZeroBoundarySocleSupport": "76375427b7ad53a86e37ecfb1ea94e478164aea983de779171dc7177928b5e52",
verify	UNKNOWN STEP	2026-09-14T02:17:18.4839677Z     "SplitZeroCanonicalSignedResolvent": "006831fee20b6b095ca092ee2c81038c1119b18fbc6d310ce34525f098c47317",
verify	UNKNOWN STEP	2026-09-14T02:17:18.4840240Z     "SplitZeroCanonicalSourceContrast": "2d95460c76156f2355f7489ef16fcb24d0a729bcd1f41eebafa4be9160119b91",
verify	UNKNOWN STEP	2026-09-14T02:17:18.4840765Z     "SplitZeroConormalTower": "0817bccbc362699b54b3cb3f6e1ea6bcc417ac9cabd35df3285af940ea6d5580",
verify	UNKNOWN STEP	2026-09-14T02:17:18.4841270Z     "SplitZeroExtension": "2cfe31504cf9bbc499d6deb310495507b7065b7fb0cc88d482a3c87d16bf65b2",
verify	UNKNOWN STEP	2026-09-14T02:17:18.4841743Z     "SplitZeroFibres": "5df44f22b9a954439bc04cacf4e985bdc52dcfa744c6ad93b74dc1cd3eb8d68f",
verify	UNKNOWN STEP	2026-09-14T02:17:18.4842204Z     "SplitZeroHomology": "9fba701a1eb9bab1d5055f90ed63840e4a9ce1b3280edb34383b35d015923281",
verify	UNKNOWN STEP	2026-09-14T02:17:18.4842685Z     "SplitZeroInternalQuotient": "a021f0a99057a0b9c004e8f8e459780ce2e81f51040fc99518f2833a040ef43e",
verify	UNKNOWN STEP	2026-09-14T02:17:18.4843149Z     "SplitZeroMaps": "57496c3a2756cf0d5e0245a3f95807af9b9efe7753327b744bf084498b990edd",
verify	UNKNOWN STEP	2026-09-14T02:17:18.4843613Z     "SplitZeroMetricResolvent": "80f500fc813d4705ff30f39eb2084e1c74beb4d77078adb0208aa8e006720c0c",
verify	UNKNOWN STEP	2026-09-14T02:17:18.4844463Z     "SplitZeroMetricResolventSupport": "094554ecb0beb7daba2b61ebd21d408a501ebb1b472a5dfe49b81a1292d17f46",
verify	UNKNOWN STEP	2026-09-14T02:17:18.4845005Z     "SplitZeroMetricSandwich": "37b4c195a9155f74c8a406f6c8068d3d9ab953ac5a5aea52bf5586588083fd21",
verify	UNKNOWN STEP	2026-09-14T02:17:18.4845524Z     "SplitZeroMetricVariation": "0a8e6a7814e6dbc8d21d114552799fbdff32b289578d7120d73f9c30446bd8e9",
verify	UNKNOWN STEP	2026-09-14T02:17:18.4846168Z     "SplitZeroMetricVariationSupport": "cc6f5bbc6e9cbf7f32a354b8f3d786fc308def01670fb6be71e8fe786fd842ca",
verify	UNKNOWN STEP	2026-09-14T02:17:18.4846738Z     "SplitZeroMixedSupportMetric": "2e5c93e34a5e9407abde227492b0f3950fd1832bb0eb6281cc9a8855c2d51caf",
verify	UNKNOWN STEP	2026-09-14T02:17:18.4847265Z     "SplitZeroPresentation": "a311254ac88316f13d3419f5da479d0a7dfa1c1e421660cba4ae3e6499a2bc82",
verify	UNKNOWN STEP	2026-09-14T02:17:18.4847758Z     "SplitZeroQuotientVolume": "8f146ab05ffb46f5d7a9da0bf34960707b2d0f2276839f7a231560f8c3fe769a",
verify	UNKNOWN STEP	2026-09-14T02:17:18.4848250Z     "SplitZeroReconstruction": "a957bc38c2da459004c4886421e1b686a9f7606cf2debbdfcc0002de9832ea12",
verify	UNKNOWN STEP	2026-09-14T02:17:18.4848749Z     "SplitZeroRelationLayer": "719da6c00cc0e9fd828bc53753980314e2a442c27cb96ccede84c80b4c9c0578",
verify	UNKNOWN STEP	2026-09-14T02:17:18.4849276Z     "SplitZeroRelationLayerIntegration": "79630bdf03f1db40b523af0671e94769011b4a31cab68be8ccf763b1cca3b762",
verify	UNKNOWN STEP	2026-09-14T02:17:18.4849803Z     "SplitZeroResolventSeries": "839af3660892ab0b9957b4c188725f91efa6f92199f9a0685c7848a36f8d42bc",
verify	UNKNOWN STEP	2026-09-14T02:17:18.4850314Z     "SplitZeroRestrictedBoundary": "ac2f15917a4e1866fe8ae78a8f2276ec5684455e654af133b9b89bcd76e8f6e3",
verify	UNKNOWN STEP	2026-09-14T02:17:18.4850846Z     "SplitZeroSignedTraceEnclosure": "fa3278f4e5dfff2484ec6955063222be79ee59fa101782f779bd0e90c187fb1b",
verify	UNKNOWN STEP	2026-09-14T02:17:18.4851392Z     "SplitZeroSourceProjectorContrast": "9e2f314bba7f3dc21cd207af191662b5b48c5624434da4f356d6f7a8c8a28dd1",
verify	UNKNOWN STEP	2026-09-14T02:17:18.4851924Z     "SplitZeroSpectralResidual": "54b259c4af02019d4c41aa7a1dca839175dd28b97f190e74593f98f69f9ee82b",
verify	UNKNOWN STEP	2026-09-14T02:17:18.4852427Z     "SplitZeroSupportChange": "e245230b06d099fcf4c41948813a7f4d278379287506eca4293f28aa18957a26",
verify	UNKNOWN STEP	2026-09-14T02:17:18.4852918Z     "SplitZeroSynchronization": "2f770feee3d24970bec20767293149631865201837c03b540fad2ecc99dca880",
verify	UNKNOWN STEP	2026-09-14T02:17:18.4853398Z     "SplitZeroTauChart": "6f5ac7f281e782ead0002603ecc07c984725187221623749e7bcaa794882bea1",
verify	UNKNOWN STEP	2026-09-14T02:17:18.4853852Z     "SplitZeroTauDual": "343e6df95265ba2cb6f808696ed11952b57ecfcf2f9dfe08c5e709c5221f3865",
verify	UNKNOWN STEP	2026-09-14T02:17:18.4854494Z     "SplitZeroTauHomotopy": "a5078da033f35df6a7757401b216b80687ecca7fc3ce56f5781ddb3dfff344f9",
verify	UNKNOWN STEP	2026-09-14T02:17:18.4855016Z     "SplitZeroWeightedQuotientVolume": "253ec5e4378bcba1290c4a10d1e740fc7e61e2358db3f9e64646642ad0f145c3"
verify	UNKNOWN STEP	2026-09-14T02:17:18.4855510Z   },
verify	UNKNOWN STEP	2026-09-14T02:17:18.4855723Z   "strict_modules": [
verify	UNKNOWN STEP	2026-09-14T02:17:18.4855993Z     "SplitZeroResolventSeries",
verify	UNKNOWN STEP	2026-09-14T02:17:18.4856300Z     "SplitZeroQuotientVolume",
verify	UNKNOWN STEP	2026-09-14T02:17:18.4856606Z     "SplitZeroWeightedQuotientVolume",
verify	UNKNOWN STEP	2026-09-14T02:17:18.4856897Z     "SplitZeroMetricVariation",
verify	UNKNOWN STEP	2026-09-14T02:17:18.4857178Z     "SplitZeroSourceProjectorContrast",
verify	UNKNOWN STEP	2026-09-14T02:17:18.4857492Z     "SplitZeroSignedTraceEnclosure",
verify	UNKNOWN STEP	2026-09-14T02:17:18.4857797Z     "SplitZero",
verify	UNKNOWN STEP	2026-09-14T02:17:18.4858060Z     "SplitZeroExtension",
verify	UNKNOWN STEP	2026-09-14T02:17:18.4858356Z     "SplitZeroFibres",
verify	UNKNOWN STEP	2026-09-14T02:17:18.4858652Z     "SplitZeroReconstruction",
verify	UNKNOWN STEP	2026-09-14T02:17:18.4858966Z     "SplitZeroHomology",
verify	UNKNOWN STEP	2026-09-14T02:17:18.4859278Z     "SplitZeroInternalQuotient",
verify	UNKNOWN STEP	2026-09-14T02:17:18.4859610Z     "SplitZeroRestrictedBoundary",
verify	UNKNOWN STEP	2026-09-14T02:17:18.4859963Z     "SplitZeroMetricVariationSupport",
verify	UNKNOWN STEP	2026-09-14T02:17:18.4860311Z     "SplitZeroMetricSandwich",
verify	UNKNOWN STEP	2026-09-14T02:17:18.4860627Z     "SplitZeroMetricResolvent",
verify	UNKNOWN STEP	2026-09-14T02:17:18.4860949Z     "SplitZeroMetricResolventSupport",
verify	UNKNOWN STEP	2026-09-14T02:17:18.4861344Z     "SplitZeroMixedSupportMetric",
verify	UNKNOWN STEP	2026-09-14T02:17:18.4861679Z     "SplitZeroCanonicalSourceContrast",
verify	UNKNOWN STEP	2026-09-14T02:17:18.4862036Z     "SplitZeroCanonicalSignedResolvent",
verify	UNKNOWN STEP	2026-09-14T02:17:18.4862381Z     "SplitZeroSpectralResidual",
verify	UNKNOWN STEP	2026-09-14T02:17:18.4862739Z     "SplitZeroBoundarySocle",
verify	UNKNOWN STEP	2026-09-14T02:17:18.4862945Z     "SplitZeroBoundarySocleSupport",
verify	UNKNOWN STEP	2026-09-14T02:17:18.4863156Z     "SplitZeroPresentation",
verify	UNKNOWN STEP	2026-09-14T02:17:18.4863341Z     "SplitZeroMaps",
verify	UNKNOWN STEP	2026-09-14T02:17:18.4863515Z     "SplitZeroSynchronization",
verify	UNKNOWN STEP	2026-09-14T02:17:18.4863713Z     "SplitZeroSupportChange",
verify	UNKNOWN STEP	2026-09-14T02:17:18.4864059Z     "SplitZeroRelationLayer",
verify	UNKNOWN STEP	2026-09-14T02:17:18.4864485Z     "SplitZeroRelationLayerIntegration",
verify	UNKNOWN STEP	2026-09-14T02:17:18.4864705Z     "SplitZeroConormalTower",
verify	UNKNOWN STEP	2026-09-14T02:17:18.4864887Z     "SplitZeroTauChart",
verify	UNKNOWN STEP	2026-09-14T02:17:18.4865063Z     "SplitZeroTauDual",
verify	UNKNOWN STEP	2026-09-14T02:17:18.4865243Z     "SplitZeroTauHomotopy"
verify	UNKNOWN STEP	2026-09-14T02:17:18.4865418Z   ],
verify	UNKNOWN STEP	2026-09-14T02:17:18.4865560Z   "targets": 60
verify	UNKNOWN STEP	2026-09-14T02:17:18.4865712Z }
verify	UNKNOWN STEP	2026-09-14T02:17:18.4889153Z ##[group]Run set -euo pipefail
verify	UNKNOWN STEP	2026-09-14T02:17:18.4889410Z ^[[36;1mset -euo pipefail^[[0m
verify	UNKNOWN STEP	2026-09-14T02:17:18.4889874Z ^[[36;1mprintf 'import SplitZeroSpectralResidual\nexample : (SplitZero.e : SplitZero.G ℤ) = SplitZero.tau := by rfl\n' > SignedMustFail.lean^[[0m
verify	UNKNOWN STEP	2026-09-14T02:17:18.4890574Z ^[[36;1mif lake env lean --trust=0 -DwarningAsError=true SignedMustFail.lean > /tmp/false-zero.log 2>&1; then exit 1; fi^[[0m
verify	UNKNOWN STEP	2026-09-14T02:17:18.4891036Z ^[[36;1mgrep -qi 'rfl.*failed\|failed.*rfl' /tmp/false-zero.log^[[0m
verify	UNKNOWN STEP	2026-09-14T02:17:18.4891478Z ^[[36;1mif grep -qi 'unknown module\|unknown identifier\|failed to synthesize' /tmp/false-zero.log; then exit 1; fi^[[0m
verify	UNKNOWN STEP	2026-09-14T02:17:18.4891867Z ^[[36;1mcat /tmp/false-zero.log^[[0m
verify	UNKNOWN STEP	2026-09-14T02:17:18.4892460Z ^[[36;1mprintf 'import SplitZeroSpectralResidual\nexample : SplitZero.ResolventSeries.partialSum (1/2 : ℚ) 1 0 = 2 := by norm_num [SplitZero.ResolventSeries.partialSum]\n' > SeriesMustFail.lean^[[0m
verify	UNKNOWN STEP	2026-09-14T02:17:18.4893275Z ^[[36;1mif lake env lean --trust=0 -DwarningAsError=true SeriesMustFail.lean > /tmp/false-series.log 2>&1; then exit 1; fi^[[0m
verify	UNKNOWN STEP	2026-09-14T02:17:18.4893715Z ^[[36;1mgrep -qi 'unsolved goals' /tmp/false-series.log^[[0m
verify	UNKNOWN STEP	2026-09-14T02:17:18.4894372Z ^[[36;1mif grep -qi 'unknown module\|unknown identifier\|failed to synthesize' /tmp/false-series.log; then exit 1; fi^[[0m
verify	UNKNOWN STEP	2026-09-14T02:17:18.4894758Z ^[[36;1mcat /tmp/false-series.log^[[0m
verify	UNKNOWN STEP	2026-09-14T02:17:18.4926063Z shell: /usr/bin/bash --noprofile --norc -e -o pipefail {0}
verify	UNKNOWN STEP	2026-09-14T02:17:18.4926327Z env:
verify	UNKNOWN STEP	2026-09-14T02:17:18.4926480Z   LEAN_NUM_THREADS: 2
verify	UNKNOWN STEP	2026-09-14T02:17:18.4926651Z ##[endgroup]
verify	UNKNOWN STEP	2026-09-14T02:17:22.9320509Z SignedMustFail.lean:2:62: error: Tactic `rfl` failed: The left-hand side
verify	UNKNOWN STEP	2026-09-14T02:17:22.9320876Z   SplitZero.e
verify	UNKNOWN STEP	2026-09-14T02:17:22.9321091Z is not definitionally equal to the right-hand side
verify	UNKNOWN STEP	2026-09-14T02:17:22.9321331Z   SplitZero.tau
verify	UNKNOWN STEP	2026-09-14T02:17:22.9321438Z 
verify	UNKNOWN STEP	2026-09-14T02:17:22.9321741Z ⊢ SplitZero.e = SplitZero.tau
verify	UNKNOWN STEP	2026-09-14T02:17:27.3991432Z SeriesMustFail.lean:2:68: error: unsolved goals
verify	UNKNOWN STEP	2026-09-14T02:17:27.3991984Z ⊢ False
verify	UNKNOWN STEP	2026-09-14T02:17:27.4069773Z ##[group]Run git rev-parse HEAD
verify	UNKNOWN STEP	2026-09-14T02:17:27.4070023Z ^[[36;1mgit rev-parse HEAD^[[0m
verify	UNKNOWN STEP	2026-09-14T02:17:27.4070229Z ^[[36;1mlake env lean --version^[[0m
verify	UNKNOWN STEP	2026-09-14T02:17:27.4070459Z ^[[36;1mcat .signed-resolvent-logs/receipt.json^[[0m
verify	UNKNOWN STEP	2026-09-14T02:17:27.4101801Z shell: /usr/bin/bash --noprofile --norc -e -o pipefail {0}
verify	UNKNOWN STEP	2026-09-14T02:17:27.4102067Z env:
verify	UNKNOWN STEP	2026-09-14T02:17:27.4102221Z   LEAN_NUM_THREADS: 2
verify	UNKNOWN STEP	2026-09-14T02:17:27.4102396Z ##[endgroup]
verify	UNKNOWN STEP	2026-09-14T02:17:27.4160161Z 55c6f9a861abf7e2b7ba2a12e35b2a6183a020cd
verify	UNKNOWN STEP	2026-09-14T02:17:28.1315362Z Lean (version 4.31.0, x86_64-unknown-linux-gnu, commit 68218e876d2a38b1985b8590fff244a83c321783, Release)
verify	UNKNOWN STEP	2026-09-14T02:17:28.1620765Z {
verify	UNKNOWN STEP	2026-09-14T02:17:28.1621000Z   "axioms": {
verify	UNKNOWN STEP	2026-09-14T02:17:28.1621401Z     "SplitZero.CanonicalSignedResolvent.canonical_interval": [
verify	UNKNOWN STEP	2026-09-14T02:17:28.1621857Z       "Classical.choice",
verify	UNKNOWN STEP	2026-09-14T02:17:28.1622130Z       "Quot.sound",
verify	UNKNOWN STEP	2026-09-14T02:17:28.1622370Z       "propext"
verify	UNKNOWN STEP	2026-09-14T02:17:28.1622747Z     ],
verify	UNKNOWN STEP	2026-09-14T02:17:28.1623098Z     "SplitZero.CanonicalSignedResolvent.canonical_properties": [
verify	UNKNOWN STEP	2026-09-14T02:17:28.1623542Z       "Classical.choice",
verify	UNKNOWN STEP	2026-09-14T02:17:28.1624688Z       "Quot.sound",
verify	UNKNOWN STEP	2026-09-14T02:17:28.1624923Z       "propext"
verify	UNKNOWN STEP	2026-09-14T02:17:28.1625142Z     ],
verify	UNKNOWN STEP	2026-09-14T02:17:28.1625513Z     "SplitZero.CanonicalSignedResolvent.canonical_resolvent_interval": [
verify	UNKNOWN STEP	2026-09-14T02:17:28.1625985Z       "Classical.choice",
verify	UNKNOWN STEP	2026-09-14T02:17:28.1626241Z       "Quot.sound",
verify	UNKNOWN STEP	2026-09-14T02:17:28.1626476Z       "propext"
verify	UNKNOWN STEP	2026-09-14T02:17:28.1626690Z     ],
verify	UNKNOWN STEP	2026-09-14T02:17:28.1627005Z     "SplitZero.CanonicalSignedResolvent.canonical_tangent": [
verify	UNKNOWN STEP	2026-09-14T02:17:28.1627418Z       "Classical.choice",
verify	UNKNOWN STEP	2026-09-14T02:17:28.1627672Z       "Quot.sound",
verify	UNKNOWN STEP	2026-09-14T02:17:28.1627903Z       "propext"
verify	UNKNOWN STEP	2026-09-14T02:17:28.1628075Z     ],
verify	UNKNOWN STEP	2026-09-14T02:17:28.1628273Z     "SplitZero.CanonicalSignedResolvent.weighted_mul": [
verify	UNKNOWN STEP	2026-09-14T02:17:28.1628524Z       "Classical.choice",
verify	UNKNOWN STEP	2026-09-14T02:17:28.1628698Z       "Quot.sound",
verify	UNKNOWN STEP	2026-09-14T02:17:28.1628851Z       "propext"
verify	UNKNOWN STEP	2026-09-14T02:17:28.1629001Z     ],
verify	UNKNOWN STEP	2026-09-14T02:17:28.1629216Z     "SplitZero.CanonicalSignedResolvent.weighted_partialSum": [
verify	UNKNOWN STEP	2026-09-14T02:17:28.1629491Z       "Classical.choice",
verify	UNKNOWN STEP	2026-09-14T02:17:28.1629659Z       "Quot.sound",
verify	UNKNOWN STEP	2026-09-14T02:17:28.1629810Z       "propext"
verify	UNKNOWN STEP	2026-09-14T02:17:28.1629952Z     ],
verify	UNKNOWN STEP	2026-09-14T02:17:28.1630149Z     "SplitZero.CanonicalSignedResolvent.weighted_pow": [
verify	UNKNOWN STEP	2026-09-14T02:17:28.1630404Z       "Classical.choice",
verify	UNKNOWN STEP	2026-09-14T02:17:28.1630573Z       "Quot.sound",
verify	UNKNOWN STEP	2026-09-14T02:17:28.1630728Z       "propext"
verify	UNKNOWN STEP	2026-09-14T02:17:28.1630875Z     ],
verify	UNKNOWN STEP	2026-09-14T02:17:28.1631126Z     "SplitZero.ResolventSeries.blend_contraction": [
verify	UNKNOWN STEP	2026-09-14T02:17:28.1631360Z       "Classical.choice",
verify	UNKNOWN STEP	2026-09-14T02:17:28.1631525Z       "Quot.sound",
verify	UNKNOWN STEP	2026-09-14T02:17:28.1631671Z       "propext"
verify	UNKNOWN STEP	2026-09-14T02:17:28.1631814Z     ],
verify	UNKNOWN STEP	2026-09-14T02:17:28.1631979Z     "SplitZero.ResolventSeries.blend_lower": [
verify	UNKNOWN STEP	2026-09-14T02:17:28.1632200Z       "Classical.choice",
verify	UNKNOWN STEP	2026-09-14T02:17:28.1632362Z       "Quot.sound",
verify	UNKNOWN STEP	2026-09-14T02:17:28.1632507Z       "propext"
verify	UNKNOWN STEP	2026-09-14T02:17:28.1632648Z     ],
verify	UNKNOWN STEP	2026-09-14T02:17:28.1632810Z     "SplitZero.ResolventSeries.blend_mono": [
verify	UNKNOWN STEP	2026-09-14T02:17:28.1633026Z       "Classical.choice",
verify	UNKNOWN STEP	2026-09-14T02:17:28.1633190Z       "Quot.sound",
verify	UNKNOWN STEP	2026-09-14T02:17:28.1633339Z       "propext"
verify	UNKNOWN STEP	2026-09-14T02:17:28.1633480Z     ],
verify	UNKNOWN STEP	2026-09-14T02:17:28.1633644Z     "SplitZero.ResolventSeries.blend_pos": [
verify	UNKNOWN STEP	2026-09-14T02:17:28.1633857Z       "Classical.choice",
verify	UNKNOWN STEP	2026-09-14T02:17:28.1634227Z       "Quot.sound",
verify	UNKNOWN STEP	2026-09-14T02:17:28.1634423Z       "propext"
verify	UNKNOWN STEP	2026-09-14T02:17:28.1634603Z     ],
verify	UNKNOWN STEP	2026-09-14T02:17:28.1634822Z     "SplitZero.ResolventSeries.centered_sum": [
verify	UNKNOWN STEP	2026-09-14T02:17:28.1635121Z       "Classical.choice",
verify	UNKNOWN STEP	2026-09-14T02:17:28.1635348Z       "Quot.sound",
verify	UNKNOWN STEP	2026-09-14T02:17:28.1635555Z       "propext"
verify	UNKNOWN STEP	2026-09-14T02:17:28.1635755Z     ],
verify	UNKNOWN STEP	2026-09-14T02:17:28.1636011Z     "SplitZero.ResolventSeries.contraction_range": [
verify	UNKNOWN STEP	2026-09-14T02:17:28.1636602Z       "Classical.choice",
verify	UNKNOWN STEP	2026-09-14T02:17:28.1636877Z       "Quot.sound",
verify	UNKNOWN STEP	2026-09-14T02:17:28.1637075Z       "propext"
verify	UNKNOWN STEP	2026-09-14T02:17:28.1637273Z     ],
verify	UNKNOWN STEP	2026-09-14T02:17:28.1637522Z     "SplitZero.ResolventSeries.exists_stopping_degree": [
verify	UNKNOWN STEP	2026-09-14T02:17:28.1637857Z       "Classical.choice",
verify	UNKNOWN STEP	2026-09-14T02:17:28.1638072Z       "Quot.sound",
verify	UNKNOWN STEP	2026-09-14T02:17:28.1638277Z       "propext"
verify	UNKNOWN STEP	2026-09-14T02:17:28.1638475Z     ],
verify	UNKNOWN STEP	2026-09-14T02:17:28.1638653Z     "SplitZero.ResolventSeries.geometric_right": [
verify	UNKNOWN STEP	2026-09-14T02:17:28.1638883Z       "Classical.choice",
verify	UNKNOWN STEP	2026-09-14T02:17:28.1639044Z       "Quot.sound",
verify	UNKNOWN STEP	2026-09-14T02:17:28.1639189Z       "propext"
verify	UNKNOWN STEP	2026-09-14T02:17:28.1639326Z     ],
verify	UNKNOWN STEP	2026-09-14T02:17:28.1639507Z     "SplitZero.ResolventSeries.midpoint_deviation": [
verify	UNKNOWN STEP	2026-09-14T02:17:28.1639735Z       "Classical.choice",
verify	UNKNOWN STEP	2026-09-14T02:17:28.1639897Z       "Quot.sound",
verify	UNKNOWN STEP	2026-09-14T02:17:28.1640041Z       "propext"
verify	UNKNOWN STEP	2026-09-14T02:17:28.1640179Z     ],
verify	UNKNOWN STEP	2026-09-14T02:17:28.1640358Z     "SplitZero.ResolventSeries.partialSum_zero": [
verify	UNKNOWN STEP	2026-09-14T02:17:28.1640587Z       "Classical.choice",
verify	UNKNOWN STEP	2026-09-14T02:17:28.1640747Z       "Quot.sound",
verify	UNKNOWN STEP	2026-09-14T02:17:28.1641039Z       "propext"
verify	UNKNOWN STEP	2026-09-14T02:17:28.1641175Z     ],
verify	UNKNOWN STEP	2026-09-14T02:17:28.1641352Z     "SplitZero.ResolventSeries.radius_tendsto_zero": [
verify	UNKNOWN STEP	2026-09-14T02:17:28.1641585Z       "Classical.choice",
verify	UNKNOWN STEP	2026-09-14T02:17:28.1641744Z       "Quot.sound",
verify	UNKNOWN STEP	2026-09-14T02:17:28.1641889Z       "propext"
verify	UNKNOWN STEP	2026-09-14T02:17:28.1642029Z     ],
verify	UNKNOWN STEP	2026-09-14T02:17:28.1642195Z     "SplitZero.ResolventSeries.residual_exact": [
verify	UNKNOWN STEP	2026-09-14T02:17:28.1642419Z       "Classical.choice",
verify	UNKNOWN STEP	2026-09-14T02:17:28.1642578Z       "Quot.sound",
verify	UNKNOWN STEP	2026-09-14T02:17:28.1642725Z       "propext"
verify	UNKNOWN STEP	2026-09-14T02:17:28.1642861Z     ],
verify	UNKNOWN STEP	2026-09-14T02:17:28.1643049Z     "SplitZero.ResolventSeries.residual_variance_bound": [
verify	UNKNOWN STEP	2026-09-14T02:17:28.1643290Z       "Classical.choice",
verify	UNKNOWN STEP	2026-09-14T02:17:28.1643448Z       "Quot.sound",
verify	UNKNOWN STEP	2026-09-14T02:17:28.1643596Z       "propext"
verify	UNKNOWN STEP	2026-09-14T02:17:28.1643760Z     ],
verify	UNKNOWN STEP	2026-09-14T02:17:28.1661860Z     "SplitZero.ResolventSeries.tangent_bound": [
verify	UNKNOWN STEP	2026-09-14T02:17:28.1662138Z       "Classical.choice",
verify	UNKNOWN STEP	2026-09-14T02:17:28.1662326Z       "Quot.sound",
verify	UNKNOWN STEP	2026-09-14T02:17:28.1662482Z       "propext"
verify	UNKNOWN STEP	2026-09-14T02:17:28.1662628Z     ],
verify	UNKNOWN STEP	2026-09-14T02:17:28.1662809Z     "SplitZero.ResolventSeries.variance_formula": [
verify	UNKNOWN STEP	2026-09-14T02:17:28.1663046Z       "Classical.choice",
verify	UNKNOWN STEP	2026-09-14T02:17:28.1663217Z       "Quot.sound",
verify	UNKNOWN STEP	2026-09-14T02:17:28.1663368Z       "propext"
verify	UNKNOWN STEP	2026-09-14T02:17:28.1663513Z     ],
verify	UNKNOWN STEP	2026-09-14T02:17:28.1663695Z     "SplitZero.ResolventSeries.variance_le_energy": [
verify	UNKNOWN STEP	2026-09-14T02:17:28.1664084Z       "Classical.choice",
verify	UNKNOWN STEP	2026-09-14T02:17:28.1664294Z       "Quot.sound",
verify	UNKNOWN STEP	2026-09-14T02:17:28.1664478Z       "propext"
verify	UNKNOWN STEP	2026-09-14T02:17:28.1664650Z     ],
verify	UNKNOWN STEP	2026-09-14T02:17:28.1664822Z     "SplitZero.ResolventSeries.variance_nonneg": [
verify	UNKNOWN STEP	2026-09-14T02:17:28.1665051Z       "Classical.choice",
verify	UNKNOWN STEP	2026-09-14T02:17:28.1665212Z       "Quot.sound",
verify	UNKNOWN STEP	2026-09-14T02:17:28.1665367Z       "propext"
verify	UNKNOWN STEP	2026-09-14T02:17:28.1665507Z     ],
verify	UNKNOWN STEP	2026-09-14T02:17:28.1665695Z     "SplitZero.RestrictedBoundary.kernelComparison": [
verify	UNKNOWN STEP	2026-09-14T02:17:28.1665939Z       "Classical.choice",
verify	UNKNOWN STEP	2026-09-14T02:17:28.1666106Z       "Quot.sound",
verify	UNKNOWN STEP	2026-09-14T02:17:28.1666252Z       "propext"
verify	UNKNOWN STEP	2026-09-14T02:17:28.1666388Z     ],
verify	UNKNOWN STEP	2026-09-14T02:17:28.1666559Z     "SplitZero.RestrictedBoundary.kernelDiagram": [
verify	UNKNOWN STEP	2026-09-14T02:17:28.1666788Z       "Classical.choice",
verify	UNKNOWN STEP	2026-09-14T02:17:28.1666949Z       "Quot.sound",
verify	UNKNOWN STEP	2026-09-14T02:17:28.1667094Z       "propext"
verify	UNKNOWN STEP	2026-09-14T02:17:28.1667232Z     ],
verify	UNKNOWN STEP	2026-09-14T02:17:28.1667411Z     "SplitZero.RestrictedBoundary.kernelInclusion": [
verify	UNKNOWN STEP	2026-09-14T02:17:28.1667642Z       "Classical.choice",
verify	UNKNOWN STEP	2026-09-14T02:17:28.1667802Z       "Quot.sound",
verify	UNKNOWN STEP	2026-09-14T02:17:28.1667947Z       "propext"
verify	UNKNOWN STEP	2026-09-14T02:17:28.1668090Z     ],
verify	UNKNOWN STEP	2026-09-14T02:17:28.1668262Z     "SplitZero.RestrictedBoundary.kernelInverse": [
verify	UNKNOWN STEP	2026-09-14T02:17:28.1668486Z       "Classical.choice",
verify	UNKNOWN STEP	2026-09-14T02:17:28.1668793Z       "Quot.sound",
verify	UNKNOWN STEP	2026-09-14T02:17:28.1668940Z       "propext"
verify	UNKNOWN STEP	2026-09-14T02:17:28.1669081Z     ],
verify	UNKNOWN STEP	2026-09-14T02:17:28.1669264Z     "SplitZero.RestrictedBoundary.killedRelations": [
verify	UNKNOWN STEP	2026-09-14T02:17:28.1669497Z       "Quot.sound",
verify	UNKNOWN STEP	2026-09-14T02:17:28.1669642Z       "propext"
verify	UNKNOWN STEP	2026-09-14T02:17:28.1669780Z     ],
verify	UNKNOWN STEP	2026-09-14T02:17:28.1669962Z     "SplitZero.RestrictedBoundary.left_inverse_total": [
verify	UNKNOWN STEP	2026-09-14T02:17:28.1670201Z       "Classical.choice",
verify	UNKNOWN STEP	2026-09-14T02:17:28.1670362Z       "Quot.sound",
verify	UNKNOWN STEP	2026-09-14T02:17:28.1670506Z       "propext"
verify	UNKNOWN STEP	2026-09-14T02:17:28.1670640Z     ],
verify	UNKNOWN STEP	2026-09-14T02:17:28.1670815Z     "SplitZero.RestrictedBoundary.original_square": [
verify	UNKNOWN STEP	2026-09-14T02:17:28.1671041Z       "Classical.choice",
verify	UNKNOWN STEP	2026-09-14T02:17:28.1671201Z       "Quot.sound",
verify	UNKNOWN STEP	2026-09-14T02:17:28.1671344Z       "propext"
verify	UNKNOWN STEP	2026-09-14T02:17:28.1671479Z     ],
verify	UNKNOWN STEP	2026-09-14T02:17:28.1671676Z     "SplitZero.RestrictedBoundary.present_empty_residual": [
verify	UNKNOWN STEP	2026-09-14T02:17:28.1671932Z       "Classical.choice",
verify	UNKNOWN STEP	2026-09-14T02:17:28.1672101Z       "Quot.sound",
verify	UNKNOWN STEP	2026-09-14T02:17:28.1672252Z       "propext"
verify	UNKNOWN STEP	2026-09-14T02:17:28.1672391Z     ],
verify	UNKNOWN STEP	2026-09-14T02:17:28.1672565Z     "SplitZero.RestrictedBoundary.proper_residual": [
verify	UNKNOWN STEP	2026-09-14T02:17:28.1673128Z       "Classical.choice",
verify	UNKNOWN STEP	2026-09-14T02:17:28.1673377Z       "Quot.sound",
verify	UNKNOWN STEP	2026-09-14T02:17:28.1673595Z       "propext"
verify	UNKNOWN STEP	2026-09-14T02:17:28.1673806Z     ],
verify	UNKNOWN STEP	2026-09-14T02:17:28.1674227Z     "SplitZero.RestrictedBoundary.quotientHom": [
verify	UNKNOWN STEP	2026-09-14T02:17:28.1674603Z       "Classical.choice",
verify	UNKNOWN STEP	2026-09-14T02:17:28.1674859Z       "Quot.sound",
verify	UNKNOWN STEP	2026-09-14T02:17:28.1675090Z       "propext"
verify	UNKNOWN STEP	2026-09-14T02:17:28.1675313Z     ],
verify	UNKNOWN STEP	2026-09-14T02:17:28.1675641Z     "SplitZero.RestrictedBoundary.range_iff_supported_zero": [
verify	UNKNOWN STEP	2026-09-14T02:17:28.1676048Z       "Classical.choice",
verify	UNKNOWN STEP	2026-09-14T02:17:28.1676279Z       "Quot.sound",
verify	UNKNOWN STEP	2026-09-14T02:17:28.1676431Z       "propext"
verify	UNKNOWN STEP	2026-09-14T02:17:28.1676574Z     ],
verify	UNKNOWN STEP	2026-09-14T02:17:28.1676756Z     "SplitZero.RestrictedBoundary.residualEquiv": [
verify	UNKNOWN STEP	2026-09-14T02:17:28.1677008Z       "Classical.choice",
verify	UNKNOWN STEP	2026-09-14T02:17:28.1677175Z       "Quot.sound",
verify	UNKNOWN STEP	2026-09-14T02:17:28.1677325Z       "propext"
verify	UNKNOWN STEP	2026-09-14T02:17:28.1677466Z     ],
verify	UNKNOWN STEP	2026-09-14T02:17:28.1677664Z     "SplitZero.RestrictedBoundary.residualInclusion": [
verify	UNKNOWN STEP	2026-09-14T02:17:28.1677914Z       "Classical.choice",
verify	UNKNOWN STEP	2026-09-14T02:17:28.1678078Z       "Quot.sound",
verify	UNKNOWN STEP	2026-09-14T02:17:28.1678225Z       "propext"
verify	UNKNOWN STEP	2026-09-14T02:17:28.1678365Z     ],
verify	UNKNOWN STEP	2026-09-14T02:17:28.1678553Z     "SplitZero.RestrictedBoundary.residualRelations": [
verify	UNKNOWN STEP	2026-09-14T02:17:28.1678792Z       "Quot.sound",
verify	UNKNOWN STEP	2026-09-14T02:17:28.1678948Z       "propext"
verify	UNKNOWN STEP	2026-09-14T02:17:28.1679094Z     ],
verify	UNKNOWN STEP	2026-09-14T02:17:28.1679285Z     "SplitZero.RestrictedBoundary.right_inverse_total": [
verify	UNKNOWN STEP	2026-09-14T02:17:28.1679534Z       "Classical.choice",
verify	UNKNOWN STEP	2026-09-14T02:17:28.1679701Z       "Quot.sound",
verify	UNKNOWN STEP	2026-09-14T02:17:28.1679850Z       "propext"
verify	UNKNOWN STEP	2026-09-14T02:17:28.1679995Z     ],
verify	UNKNOWN STEP	2026-09-14T02:17:28.1680217Z     "SplitZero.SignedTraceEnclosure.MetricFrame.conjugate_mul": [
verify	UNKNOWN STEP	2026-09-14T02:17:28.1680499Z       "Classical.choice",
verify	UNKNOWN STEP	2026-09-14T02:17:28.1680664Z       "Quot.sound",
verify	UNKNOWN STEP	2026-09-14T02:17:28.1680813Z       "propext"
verify	UNKNOWN STEP	2026-09-14T02:17:28.1680958Z     ],
verify	UNKNOWN STEP	2026-09-14T02:17:28.1681190Z     "SplitZero.SignedTraceEnclosure.MetricFrame.hermitian_conjugate": [
verify	UNKNOWN STEP	2026-09-14T02:17:28.1681481Z       "Classical.choice",
verify	UNKNOWN STEP	2026-09-14T02:17:28.1681645Z       "Quot.sound",
verify	UNKNOWN STEP	2026-09-14T02:17:28.1681793Z       "propext"
verify	UNKNOWN STEP	2026-09-14T02:17:28.1681935Z     ],
verify	UNKNOWN STEP	2026-09-14T02:17:28.1682144Z     "SplitZero.SignedTraceEnclosure.MetricFrame.ofPosDef": [
verify	UNKNOWN STEP	2026-09-14T02:17:28.1682402Z       "Classical.choice",
verify	UNKNOWN STEP	2026-09-14T02:17:28.1682564Z       "Quot.sound",
verify	UNKNOWN STEP	2026-09-14T02:17:28.1682713Z       "propext"
verify	UNKNOWN STEP	2026-09-14T02:17:28.1682854Z     ],
verify	UNKNOWN STEP	2026-09-14T02:17:28.1683077Z     "SplitZero.SignedTraceEnclosure.MetricFrame.trace_conjugate": [
verify	UNKNOWN STEP	2026-09-14T02:17:28.1683350Z       "Classical.choice",
verify	UNKNOWN STEP	2026-09-14T02:17:28.1683513Z       "Quot.sound",
verify	UNKNOWN STEP	2026-09-14T02:17:28.1683660Z       "propext"
verify	UNKNOWN STEP	2026-09-14T02:17:28.1683800Z     ],
verify	UNKNOWN STEP	2026-09-14T02:17:28.1684331Z     "SplitZero.SignedTraceEnclosure.centered_pairing": [
verify	UNKNOWN STEP	2026-09-14T02:17:28.1684589Z       "Classical.choice",
verify	UNKNOWN STEP	2026-09-14T02:17:28.1684764Z       "Quot.sound",
verify	UNKNOWN STEP	2026-09-14T02:17:28.1684915Z       "propext"
verify	UNKNOWN STEP	2026-09-14T02:17:28.1685058Z     ],
verify	UNKNOWN STEP	2026-09-14T02:17:28.1685261Z     "SplitZero.SignedTraceEnclosure.hermitian_schwarz_sq": [
verify	UNKNOWN STEP	2026-09-14T02:17:28.1685517Z       "Classical.choice",
verify	UNKNOWN STEP	2026-09-14T02:17:28.1685681Z       "Quot.sound",
verify	UNKNOWN STEP	2026-09-14T02:17:28.1685829Z       "propext"
verify	UNKNOWN STEP	2026-09-14T02:17:28.1685968Z     ],
verify	UNKNOWN STEP	2026-09-14T02:17:28.1686171Z     "SplitZero.SignedTraceEnclosure.hermitian_square_nonneg": [
verify	UNKNOWN STEP	2026-09-14T02:17:28.1686434Z       "Classical.choice",
verify	UNKNOWN STEP	2026-09-14T02:17:28.1686597Z       "Quot.sound",
verify	UNKNOWN STEP	2026-09-14T02:17:28.1686751Z       "propext"
verify	UNKNOWN STEP	2026-09-14T02:17:28.1686888Z     ],
verify	UNKNOWN STEP	2026-09-14T02:17:28.1687072Z     "SplitZero.SignedTraceEnclosure.signed_interval": [
verify	UNKNOWN STEP	2026-09-14T02:17:28.1687309Z       "Classical.choice",
verify	UNKNOWN STEP	2026-09-14T02:17:28.1687472Z       "Quot.sound",
verify	UNKNOWN STEP	2026-09-14T02:17:28.1687621Z       "propext"
verify	UNKNOWN STEP	2026-09-14T02:17:28.1687760Z     ],
verify	UNKNOWN STEP	2026-09-14T02:17:28.1687940Z     "SplitZero.SignedTraceEnclosure.weighted_center": [
verify	UNKNOWN STEP	2026-09-14T02:17:28.1688282Z       "Classical.choice",
verify	UNKNOWN STEP	2026-09-14T02:17:28.1688443Z       "Quot.sound",
verify	UNKNOWN STEP	2026-09-14T02:17:28.1688590Z       "propext"
verify	UNKNOWN STEP	2026-09-14T02:17:28.1688735Z     ],
verify	UNKNOWN STEP	2026-09-14T02:17:28.1688917Z     "SplitZero.SignedTraceEnclosure.weighted_schwarz": [
verify	UNKNOWN STEP	2026-09-14T02:17:28.1689154Z       "Classical.choice",
verify	UNKNOWN STEP	2026-09-14T02:17:28.1689312Z       "Quot.sound",
verify	UNKNOWN STEP	2026-09-14T02:17:28.1689458Z       "propext"
verify	UNKNOWN STEP	2026-09-14T02:17:28.1689595Z     ],
verify	UNKNOWN STEP	2026-09-14T02:17:28.1689764Z     "SplitZero.SpectralResidual.center_diagonal": [
verify	UNKNOWN STEP	2026-09-14T02:17:28.1689993Z       "Classical.choice",
verify	UNKNOWN STEP	2026-09-14T02:17:28.1690153Z       "Quot.sound",
verify	UNKNOWN STEP	2026-09-14T02:17:28.1690299Z       "propext"
verify	UNKNOWN STEP	2026-09-14T02:17:28.1690439Z     ],
verify	UNKNOWN STEP	2026-09-14T02:17:28.1690609Z     "SplitZero.SpectralResidual.frame_center": [
verify	UNKNOWN STEP	2026-09-14T02:17:28.1690835Z       "Classical.choice",
verify	UNKNOWN STEP	2026-09-14T02:17:28.1691011Z       "Quot.sound",
verify	UNKNOWN STEP	2026-09-14T02:17:28.1691170Z       "propext"
verify	UNKNOWN STEP	2026-09-14T02:17:28.1691314Z     ],
verify	UNKNOWN STEP	2026-09-14T02:17:28.1691485Z     "SplitZero.SpectralResidual.frame_one": [
verify	UNKNOWN STEP	2026-09-14T02:17:28.1691714Z       "Classical.choice",
verify	UNKNOWN STEP	2026-09-14T02:17:28.1691886Z       "Quot.sound",
verify	UNKNOWN STEP	2026-09-14T02:17:28.1692034Z       "propext"
verify	UNKNOWN STEP	2026-09-14T02:17:28.1692177Z     ],
verify	UNKNOWN STEP	2026-09-14T02:17:28.1692339Z     "SplitZero.SpectralResidual.frame_pow": [
verify	UNKNOWN STEP	2026-09-14T02:17:28.1692551Z       "Classical.choice",
verify	UNKNOWN STEP	2026-09-14T02:17:28.1692717Z       "Quot.sound",
verify	UNKNOWN STEP	2026-09-14T02:17:28.1692864Z       "propext"
verify	UNKNOWN STEP	2026-09-14T02:17:28.1693004Z     ],
verify	UNKNOWN STEP	2026-09-14T02:17:28.1693172Z     "SplitZero.SpectralResidual.frame_smul": [
verify	UNKNOWN STEP	2026-09-14T02:17:28.1693390Z       "Classical.choice",
verify	UNKNOWN STEP	2026-09-14T02:17:28.1693551Z       "Quot.sound",
verify	UNKNOWN STEP	2026-09-14T02:17:28.1693697Z       "propext"
verify	UNKNOWN STEP	2026-09-14T02:17:28.1693849Z     ],
verify	UNKNOWN STEP	2026-09-14T02:17:28.1694200Z     "SplitZero.SpectralResidual.frame_sub": [
verify	UNKNOWN STEP	2026-09-14T02:17:28.1694424Z       "Classical.choice",
verify	UNKNOWN STEP	2026-09-14T02:17:28.1694599Z       "Quot.sound",
verify	UNKNOWN STEP	2026-09-14T02:17:28.1694755Z       "propext"
verify	UNKNOWN STEP	2026-09-14T02:17:28.1694907Z     ],
verify	UNKNOWN STEP	2026-09-14T02:17:28.1695092Z     "SplitZero.SpectralResidual.realTrace_diagonal": [
verify	UNKNOWN STEP	2026-09-14T02:17:28.1695336Z       "Classical.choice",
verify	UNKNOWN STEP	2026-09-14T02:17:28.1695501Z       "Quot.sound",
verify	UNKNOWN STEP	2026-09-14T02:17:28.1695651Z       "propext"
verify	UNKNOWN STEP	2026-09-14T02:17:28.1695792Z     ],
verify	UNKNOWN STEP	2026-09-14T02:17:28.1695971Z     "SplitZero.SpectralResidual.residual_diagonal": [
verify	UNKNOWN STEP	2026-09-14T02:17:28.1696205Z       "Classical.choice",
verify	UNKNOWN STEP	2026-09-14T02:17:28.1696367Z       "Quot.sound",
verify	UNKNOWN STEP	2026-09-14T02:17:28.1696515Z       "propext"
verify	UNKNOWN STEP	2026-09-14T02:17:28.1696658Z     ],
verify	UNKNOWN STEP	2026-09-14T02:17:28.1696827Z     "SplitZero.SpectralResidual.residual_energy": [
verify	UNKNOWN STEP	2026-09-14T02:17:28.1697061Z       "Classical.choice",
verify	UNKNOWN STEP	2026-09-14T02:17:28.1697225Z       "Quot.sound",
verify	UNKNOWN STEP	2026-09-14T02:17:28.1697371Z       "propext"
verify	UNKNOWN STEP	2026-09-14T02:17:28.1697514Z     ],
verify	UNKNOWN STEP	2026-09-14T02:17:28.1697682Z     "SplitZero.SpectralResidual.signed_error": [
verify	UNKNOWN STEP	2026-09-14T02:17:28.1698028Z       "Classical.choice",
verify	UNKNOWN STEP	2026-09-14T02:17:28.1698194Z       "Quot.sound",
verify	UNKNOWN STEP	2026-09-14T02:17:28.1698341Z       "propext"
verify	UNKNOWN STEP	2026-09-14T02:17:28.1698489Z     ],
verify	UNKNOWN STEP	2026-09-14T02:17:28.1698675Z     "SplitZero.SpectralResidual.spectral_radius_bound": [
verify	UNKNOWN STEP	2026-09-14T02:17:28.1698918Z       "Classical.choice",
verify	UNKNOWN STEP	2026-09-14T02:17:28.1699085Z       "Quot.sound",
verify	UNKNOWN STEP	2026-09-14T02:17:28.1699232Z       "propext"
verify	UNKNOWN STEP	2026-09-14T02:17:28.1699373Z     ]
verify	UNKNOWN STEP	2026-09-14T02:17:28.1699506Z   },
verify	UNKNOWN STEP	2026-09-14T02:17:28.1699686Z   "commit": "55c6f9a861abf7e2b7ba2a12e35b2a6183a020cd",
verify	UNKNOWN STEP	2026-09-14T02:17:28.1700432Z   "scope": "Constructed finite resolvent and fixed-pair spectral residual; centered signed trace enclosure in the original source metric; natural proper-boundary quotient-kernel diagrams. No arithmetic moments or tensor-uniform estimate.",
verify	UNKNOWN STEP	2026-09-14T02:17:28.1701143Z   "sha256": {
verify	UNKNOWN STEP	2026-09-14T02:17:28.1701400Z     "SplitZero": "09f8ddf866687f93f384fd234975d1012dffdd6903782095901916607f042f48",
verify	UNKNOWN STEP	2026-09-14T02:17:28.1701878Z     "SplitZeroBoundarySocle": "177c92f4ebb55a574bf790dcb41e1b3331110f97b94b59c5a2d704c3e8da9c36",
verify	UNKNOWN STEP	2026-09-14T02:17:28.1702416Z     "SplitZeroBoundarySocleSupport": "76375427b7ad53a86e37ecfb1ea94e478164aea983de779171dc7177928b5e52",
verify	UNKNOWN STEP	2026-09-14T02:17:28.1703083Z     "SplitZeroCanonicalSignedResolvent": "006831fee20b6b095ca092ee2c81038c1119b18fbc6d310ce34525f098c47317",
verify	UNKNOWN STEP	2026-09-14T02:17:28.1703671Z     "SplitZeroCanonicalSourceContrast": "2d95460c76156f2355f7489ef16fcb24d0a729bcd1f41eebafa4be9160119b91",
verify	UNKNOWN STEP	2026-09-14T02:17:28.1704367Z     "SplitZeroConormalTower": "0817bccbc362699b54b3cb3f6e1ea6bcc417ac9cabd35df3285af940ea6d5580",
verify	UNKNOWN STEP	2026-09-14T02:17:28.1704861Z     "SplitZeroExtension": "2cfe31504cf9bbc499d6deb310495507b7065b7fb0cc88d482a3c87d16bf65b2",
verify	UNKNOWN STEP	2026-09-14T02:17:28.1705335Z     "SplitZeroFibres": "5df44f22b9a954439bc04cacf4e985bdc52dcfa744c6ad93b74dc1cd3eb8d68f",
verify	UNKNOWN STEP	2026-09-14T02:17:28.1705791Z     "SplitZeroHomology": "9fba701a1eb9bab1d5055f90ed63840e4a9ce1b3280edb34383b35d015923281",
verify	UNKNOWN STEP	2026-09-14T02:17:28.1706284Z     "SplitZeroInternalQuotient": "a021f0a99057a0b9c004e8f8e459780ce2e81f51040fc99518f2833a040ef43e",
verify	UNKNOWN STEP	2026-09-14T02:17:28.1706746Z     "SplitZeroMaps": "57496c3a2756cf0d5e0245a3f95807af9b9efe7753327b744bf084498b990edd",
verify	UNKNOWN STEP	2026-09-14T02:17:28.1707213Z     "SplitZeroMetricResolvent": "80f500fc813d4705ff30f39eb2084e1c74beb4d77078adb0208aa8e006720c0c",
verify	UNKNOWN STEP	2026-09-14T02:17:28.1707746Z     "SplitZeroMetricResolventSupport": "094554ecb0beb7daba2b61ebd21d408a501ebb1b472a5dfe49b81a1292d17f46",
verify	UNKNOWN STEP	2026-09-14T02:17:28.1708269Z     "SplitZeroMetricSandwich": "37b4c195a9155f74c8a406f6c8068d3d9ab953ac5a5aea52bf5586588083fd21",
verify	UNKNOWN STEP	2026-09-14T02:17:28.1708754Z     "SplitZeroMetricVariation": "0a8e6a7814e6dbc8d21d114552799fbdff32b289578d7120d73f9c30446bd8e9",
verify	UNKNOWN STEP	2026-09-14T02:17:28.1709277Z     "SplitZeroMetricVariationSupport": "cc6f5bbc6e9cbf7f32a354b8f3d786fc308def01670fb6be71e8fe786fd842ca",
verify	UNKNOWN STEP	2026-09-14T02:17:28.1709819Z     "SplitZeroMixedSupportMetric": "2e5c93e34a5e9407abde227492b0f3950fd1832bb0eb6281cc9a8855c2d51caf",
verify	UNKNOWN STEP	2026-09-14T02:17:28.1710322Z     "SplitZeroPresentation": "a311254ac88316f13d3419f5da479d0a7dfa1c1e421660cba4ae3e6499a2bc82",
verify	UNKNOWN STEP	2026-09-14T02:17:28.1710801Z     "SplitZeroQuotientVolume": "8f146ab05ffb46f5d7a9da0bf34960707b2d0f2276839f7a231560f8c3fe769a",
verify	UNKNOWN STEP	2026-09-14T02:17:28.1711288Z     "SplitZeroReconstruction": "a957bc38c2da459004c4886421e1b686a9f7606cf2debbdfcc0002de9832ea12",
verify	UNKNOWN STEP	2026-09-14T02:17:28.1711770Z     "SplitZeroRelationLayer": "719da6c00cc0e9fd828bc53753980314e2a442c27cb96ccede84c80b4c9c0578",
verify	UNKNOWN STEP	2026-09-14T02:17:28.1712298Z     "SplitZeroRelationLayerIntegration": "79630bdf03f1db40b523af0671e94769011b4a31cab68be8ccf763b1cca3b762",
verify	UNKNOWN STEP	2026-09-14T02:17:28.1712825Z     "SplitZeroResolventSeries": "839af3660892ab0b9957b4c188725f91efa6f92199f9a0685c7848a36f8d42bc",
verify	UNKNOWN STEP	2026-09-14T02:17:28.1713326Z     "SplitZeroRestrictedBoundary": "ac2f15917a4e1866fe8ae78a8f2276ec5684455e654af133b9b89bcd76e8f6e3",
verify	UNKNOWN STEP	2026-09-14T02:17:28.1713855Z     "SplitZeroSignedTraceEnclosure": "fa3278f4e5dfff2484ec6955063222be79ee59fa101782f779bd0e90c187fb1b",
verify	UNKNOWN STEP	2026-09-14T02:17:28.1714683Z     "SplitZeroSourceProjectorContrast": "9e2f314bba7f3dc21cd207af191662b5b48c5624434da4f356d6f7a8c8a28dd1",
verify	UNKNOWN STEP	2026-09-14T02:17:28.1715233Z     "SplitZeroSpectralResidual": "54b259c4af02019d4c41aa7a1dca839175dd28b97f190e74593f98f69f9ee82b",
verify	UNKNOWN STEP	2026-09-14T02:17:28.1715728Z     "SplitZeroSupportChange": "e245230b06d099fcf4c41948813a7f4d278379287506eca4293f28aa18957a26",
verify	UNKNOWN STEP	2026-09-14T02:17:28.1716211Z     "SplitZeroSynchronization": "2f770feee3d24970bec20767293149631865201837c03b540fad2ecc99dca880",
verify	UNKNOWN STEP	2026-09-14T02:17:28.1716678Z     "SplitZeroTauChart": "6f5ac7f281e782ead0002603ecc07c984725187221623749e7bcaa794882bea1",
verify	UNKNOWN STEP	2026-09-14T02:17:28.1717152Z     "SplitZeroTauDual": "343e6df95265ba2cb6f808696ed11952b57ecfcf2f9dfe08c5e709c5221f3865",
verify	UNKNOWN STEP	2026-09-14T02:17:28.1717637Z     "SplitZeroTauHomotopy": "a5078da033f35df6a7757401b216b80687ecca7fc3ce56f5781ddb3dfff344f9",
verify	UNKNOWN STEP	2026-09-14T02:17:28.1718156Z     "SplitZeroWeightedQuotientVolume": "253ec5e4378bcba1290c4a10d1e740fc7e61e2358db3f9e64646642ad0f145c3"
verify	UNKNOWN STEP	2026-09-14T02:17:28.1718522Z   },
verify	UNKNOWN STEP	2026-09-14T02:17:28.1718670Z   "strict_modules": [
verify	UNKNOWN STEP	2026-09-14T02:17:28.1718852Z     "SplitZeroResolventSeries",
verify	UNKNOWN STEP	2026-09-14T02:17:28.1719316Z     "SplitZeroQuotientVolume",
verify	UNKNOWN STEP	2026-09-14T02:17:28.1719524Z     "SplitZeroWeightedQuotientVolume",
verify	UNKNOWN STEP	2026-09-14T02:17:28.1719738Z     "SplitZeroMetricVariation",
verify	UNKNOWN STEP	2026-09-14T02:17:28.1719940Z     "SplitZeroSourceProjectorContrast",
verify	UNKNOWN STEP	2026-09-14T02:17:28.1720166Z     "SplitZeroSignedTraceEnclosure",
verify	UNKNOWN STEP	2026-09-14T02:17:28.1720366Z     "SplitZero",
verify	UNKNOWN STEP	2026-09-14T02:17:28.1720525Z     "SplitZeroExtension",
verify	UNKNOWN STEP	2026-09-14T02:17:28.1720703Z     "SplitZeroFibres",
verify	UNKNOWN STEP	2026-09-14T02:17:28.1720877Z     "SplitZeroReconstruction",
verify	UNKNOWN STEP	2026-09-14T02:17:28.1721065Z     "SplitZeroHomology",
verify	UNKNOWN STEP	2026-09-14T02:17:28.1721249Z     "SplitZeroInternalQuotient",
verify	UNKNOWN STEP	2026-09-14T02:17:28.1721457Z     "SplitZeroRestrictedBoundary",
verify	UNKNOWN STEP	2026-09-14T02:17:28.1721671Z     "SplitZeroMetricVariationSupport",
verify	UNKNOWN STEP	2026-09-14T02:17:28.1721881Z     "SplitZeroMetricSandwich",
verify	UNKNOWN STEP	2026-09-14T02:17:28.1722075Z     "SplitZeroMetricResolvent",
verify	UNKNOWN STEP	2026-09-14T02:17:28.1722279Z     "SplitZeroMetricResolventSupport",
verify	UNKNOWN STEP	2026-09-14T02:17:28.1722490Z     "SplitZeroMixedSupportMetric",
verify	UNKNOWN STEP	2026-09-14T02:17:28.1722704Z     "SplitZeroCanonicalSourceContrast",
verify	UNKNOWN STEP	2026-09-14T02:17:28.1722928Z     "SplitZeroCanonicalSignedResolvent",
verify	UNKNOWN STEP	2026-09-14T02:17:28.1723282Z     "SplitZeroSpectralResidual",
verify	UNKNOWN STEP	2026-09-14T02:17:28.1723490Z     "SplitZeroBoundarySocle",
verify	UNKNOWN STEP	2026-09-14T02:17:28.1723684Z     "SplitZeroBoundarySocleSupport",
verify	UNKNOWN STEP	2026-09-14T02:17:28.1724000Z     "SplitZeroPresentation",
verify	UNKNOWN STEP	2026-09-14T02:17:28.1724193Z     "SplitZeroMaps",
verify	UNKNOWN STEP	2026-09-14T02:17:28.1724363Z     "SplitZeroSynchronization",
verify	UNKNOWN STEP	2026-09-14T02:17:28.1724556Z     "SplitZeroSupportChange",
verify	UNKNOWN STEP	2026-09-14T02:17:28.1724747Z     "SplitZeroRelationLayer",
verify	UNKNOWN STEP	2026-09-14T02:17:28.1724942Z     "SplitZeroRelationLayerIntegration",
verify	UNKNOWN STEP	2026-09-14T02:17:28.1725152Z     "SplitZeroConormalTower",
verify	UNKNOWN STEP	2026-09-14T02:17:28.1725335Z     "SplitZeroTauChart",
verify	UNKNOWN STEP	2026-09-14T02:17:28.1725508Z     "SplitZeroTauDual",
verify	UNKNOWN STEP	2026-09-14T02:17:28.1725701Z     "SplitZeroTauHomotopy"
verify	UNKNOWN STEP	2026-09-14T02:17:28.1725870Z   ],
verify	UNKNOWN STEP	2026-09-14T02:17:28.1726005Z   "targets": 60
verify	UNKNOWN STEP	2026-09-14T02:17:28.1726154Z }
verify	UNKNOWN STEP	2026-09-14T02:17:28.1815782Z Post job cleanup.
verify	UNKNOWN STEP	2026-09-14T02:17:28.2496948Z [command]/usr/bin/git version
verify	UNKNOWN STEP	2026-09-14T02:17:28.2532671Z git version 2.55.0
verify	UNKNOWN STEP	2026-09-14T02:17:28.2559093Z Temporarily overriding HOME='/home/runner/work/_temp/6d8035b9-13b8-4174-b06a-ed06f159d6d7' before making global git config changes
verify	UNKNOWN STEP	2026-09-14T02:17:28.2560125Z Adding repository directory to the temporary git global config as a safe directory
verify	UNKNOWN STEP	2026-09-14T02:17:28.2562831Z [command]/usr/bin/git config --global --add safe.directory /home/runner/work/zeta-function-research-reader/zeta-function-research-reader
verify	UNKNOWN STEP	2026-09-14T02:17:28.2588583Z Removing SSH command configuration
verify	UNKNOWN STEP	2026-09-14T02:17:28.2594356Z [command]/usr/bin/git config --local --name-only --get-regexp core\.sshCommand
verify	UNKNOWN STEP	2026-09-14T02:17:28.2622293Z [command]/usr/bin/git submodule foreach --recursive sh -c "git config --local --name-only --get-regexp 'core\.sshCommand' && git config --local --unset-all 'core.sshCommand' || :"
verify	UNKNOWN STEP	2026-09-14T02:17:28.2857258Z Removing HTTP extra header
verify	UNKNOWN STEP	2026-09-14T02:17:28.2863096Z [command]/usr/bin/git config --local --name-only --get-regexp http\.https\:\/\/github\.com\/\.extraheader
verify	UNKNOWN STEP	2026-09-14T02:17:28.2916226Z [command]/usr/bin/git submodule foreach --recursive sh -c "git config --local --name-only --get-regexp 'http\.https\:\/\/github\.com\/\.extraheader' && git config --local --unset-all 'http.https://github.com/.extraheader' || :"
verify	UNKNOWN STEP	2026-09-14T02:17:28.3155560Z Removing includeIf entries pointing to credentials config files
verify	UNKNOWN STEP	2026-09-14T02:17:28.3161956Z [command]/usr/bin/git config --local --name-only --get-regexp ^includeIf\.gitdir:
verify	UNKNOWN STEP	2026-09-14T02:17:28.3198834Z [command]/usr/bin/git submodule foreach --recursive git config --local --show-origin --name-only --get-regexp remote.origin.url
verify	UNKNOWN STEP	2026-09-14T02:17:28.3543790Z Cleaning up orphan processes
