2026-09-12T20:33:27.6664447Z Current runner version: '2.337.0'
2026-09-12T20:33:27.6698273Z ##[group]Runner Image Provisioner
2026-09-12T20:33:27.6699577Z Hosted Compute Agent
2026-09-12T20:33:27.6700670Z Version: 20260828.587
2026-09-12T20:33:27.6701872Z Commit: abac92662cab4cc7352de4f9f9d2e2419aad9c29
2026-09-12T20:33:27.6703069Z Build Date: 2026-08-28T16:44:25Z
2026-09-12T20:33:27.6704225Z Worker ID: {fb541882-2ffd-422a-bb42-8f017e2032a7}
2026-09-12T20:33:27.6705401Z Azure Region: eastus2
2026-09-12T20:33:27.6706267Z ##[endgroup]
2026-09-12T20:33:27.6708489Z ##[group]Operating System
2026-09-12T20:33:27.6709471Z Ubuntu
2026-09-12T20:33:27.6710485Z 24.04.5
2026-09-12T20:33:27.6711484Z LTS
2026-09-12T20:33:27.6712282Z ##[endgroup]
2026-09-12T20:33:27.6713274Z ##[group]Runner Image
2026-09-12T20:33:27.6714192Z Image: ubuntu-24.04
2026-09-12T20:33:27.6715041Z Version: 20260907.300.1
2026-09-12T20:33:27.6717238Z Included Software: https://github.com/actions/runner-images/blob/ubuntu24/20260907.300/images/ubuntu/Ubuntu2404-Readme.md
2026-09-12T20:33:27.6720567Z Image Release: https://github.com/actions/runner-images/releases/tag/ubuntu24%2F20260907.300
2026-09-12T20:33:27.6722117Z ##[endgroup]
2026-09-12T20:33:27.6723883Z ##[group]GITHUB_TOKEN Permissions
2026-09-12T20:33:27.6726739Z Contents: read
2026-09-12T20:33:27.6727746Z Metadata: read
2026-09-12T20:33:27.6728668Z ##[endgroup]
2026-09-12T20:33:27.6731817Z Secret source: Actions
2026-09-12T20:33:27.6733490Z Cache mode: write
2026-09-12T20:33:27.6735008Z Prepare workflow directory
2026-09-12T20:33:27.7297424Z Prepare all required actions
2026-09-12T20:33:27.7365134Z Getting action download info
2026-09-12T20:33:27.9633800Z Download action repository 'actions/checkout@3d3c42e5aac5ba805825da76410c181273ba90b1' (SHA:3d3c42e5aac5ba805825da76410c181273ba90b1)
2026-09-12T20:33:28.1753369Z Complete job name: conormal
2026-09-12T20:33:28.2541106Z ##[group]Run actions/checkout@3d3c42e5aac5ba805825da76410c181273ba90b1
2026-09-12T20:33:28.2542235Z with:
2026-09-12T20:33:28.2542703Z   persist-credentials: false
2026-09-12T20:33:28.2543359Z   repository: KokunoYumeto/zeta-function-research-reader
2026-09-12T20:33:28.2547299Z   token: ***
2026-09-12T20:33:28.2547750Z   ssh-strict: true
2026-09-12T20:33:28.2548198Z   ssh-user: git
2026-09-12T20:33:28.2548633Z   clean: true
2026-09-12T20:33:28.2549080Z   sparse-checkout-cone-mode: true
2026-09-12T20:33:28.2549614Z   fetch-depth: 1
2026-09-12T20:33:28.2550197Z   fetch-tags: false
2026-09-12T20:33:28.2550665Z   show-progress: true
2026-09-12T20:33:28.2551122Z   lfs: false
2026-09-12T20:33:28.2551539Z   submodules: false
2026-09-12T20:33:28.2552000Z   set-safe-directory: true
2026-09-12T20:33:28.2552515Z   allow-unsafe-pr-checkout: false
2026-09-12T20:33:28.2553215Z env:
2026-09-12T20:33:28.2553620Z   LEAN_NUM_THREADS: 2
2026-09-12T20:33:28.2554082Z ##[endgroup]
2026-09-12T20:33:28.3538408Z Syncing repository: KokunoYumeto/zeta-function-research-reader
2026-09-12T20:33:28.3541827Z ##[group]Getting Git version info
2026-09-12T20:33:28.3543392Z Working directory is '/home/runner/work/zeta-function-research-reader/zeta-function-research-reader'
2026-09-12T20:33:28.3545538Z [command]/usr/bin/git version
2026-09-12T20:33:28.3581160Z git version 2.55.0
2026-09-12T20:33:28.3601432Z ##[endgroup]
2026-09-12T20:33:28.3612044Z Temporarily overriding HOME='/home/runner/work/_temp/13ec9850-e9e0-4880-b7c9-839291093105' before making global git config changes
2026-09-12T20:33:28.3614401Z Adding repository directory to the temporary git global config as a safe directory
2026-09-12T20:33:28.3618764Z [command]/usr/bin/git config --global --add safe.directory /home/runner/work/zeta-function-research-reader/zeta-function-research-reader
2026-09-12T20:33:28.3662615Z Deleting the contents of '/home/runner/work/zeta-function-research-reader/zeta-function-research-reader'
2026-09-12T20:33:28.3666305Z ##[group]Determining repository object format
2026-09-12T20:33:28.3667842Z ##[endgroup]
2026-09-12T20:33:28.3669028Z ##[group]Initializing the repository
2026-09-12T20:33:28.3673062Z [command]/usr/bin/git init /home/runner/work/zeta-function-research-reader/zeta-function-research-reader
2026-09-12T20:33:28.3761437Z hint: Using 'master' as the name for the initial branch. This default branch name
2026-09-12T20:33:28.3763019Z hint: will change to "main" in Git 3.0. To configure the initial branch name
2026-09-12T20:33:28.3764544Z hint: to use in all of your new repositories, which will suppress this warning,
2026-09-12T20:33:28.3765742Z hint: call:
2026-09-12T20:33:28.3766359Z hint:
2026-09-12T20:33:28.3767139Z hint: 	git config --global init.defaultBranch <name>
2026-09-12T20:33:28.3768099Z hint:
2026-09-12T20:33:28.3769006Z hint: Names commonly chosen instead of 'master' are 'main', 'trunk' and
2026-09-12T20:33:28.3770819Z hint: 'development'. The just-created branch can be renamed via this command:
2026-09-12T20:33:28.3772039Z hint:
2026-09-12T20:33:28.3772673Z hint: 	git branch -m <name>
2026-09-12T20:33:28.3773412Z hint:
2026-09-12T20:33:28.3774385Z hint: Disable this message with "git config set advice.defaultBranchName false"
2026-09-12T20:33:28.3776482Z Initialized empty Git repository in /home/runner/work/zeta-function-research-reader/zeta-function-research-reader/.git/
2026-09-12T20:33:28.3779951Z [command]/usr/bin/git remote add origin https://github.com/KokunoYumeto/zeta-function-research-reader
2026-09-12T20:33:28.3819180Z ##[endgroup]
2026-09-12T20:33:28.3820673Z ##[group]Disabling automatic garbage collection
2026-09-12T20:33:28.3822422Z [command]/usr/bin/git config --local gc.auto 0
2026-09-12T20:33:28.3856757Z ##[endgroup]
2026-09-12T20:33:28.3857908Z ##[group]Setting up auth
2026-09-12T20:33:28.3858815Z Removing SSH command configuration
2026-09-12T20:33:28.3863858Z [command]/usr/bin/git config --local --name-only --get-regexp core\.sshCommand
2026-09-12T20:33:28.3898858Z [command]/usr/bin/git submodule foreach --recursive sh -c "git config --local --name-only --get-regexp 'core\.sshCommand' && git config --local --unset-all 'core.sshCommand' || :"
2026-09-12T20:33:28.4241477Z Removing HTTP extra header
2026-09-12T20:33:28.4243253Z [command]/usr/bin/git config --local --name-only --get-regexp http\.https\:\/\/github\.com\/\.extraheader
2026-09-12T20:33:28.4282100Z [command]/usr/bin/git submodule foreach --recursive sh -c "git config --local --name-only --get-regexp 'http\.https\:\/\/github\.com\/\.extraheader' && git config --local --unset-all 'http.https://github.com/.extraheader' || :"
2026-09-12T20:33:28.4542852Z Removing includeIf entries pointing to credentials config files
2026-09-12T20:33:28.4547468Z [command]/usr/bin/git config --local --name-only --get-regexp ^includeIf\.gitdir:
2026-09-12T20:33:28.4588008Z [command]/usr/bin/git submodule foreach --recursive git config --local --show-origin --name-only --get-regexp remote.origin.url
2026-09-12T20:33:28.4835269Z [command]/usr/bin/git config --file /home/runner/work/_temp/git-credentials-c01a2a6f-641b-4bbb-b9f0-67f2b514254f.config http.https://github.com/.extraheader AUTHORIZATION: basic ***
2026-09-12T20:33:28.4879973Z [command]/usr/bin/git config --local includeIf.gitdir:/home/runner/work/zeta-function-research-reader/zeta-function-research-reader/.git.path /home/runner/work/_temp/git-credentials-c01a2a6f-641b-4bbb-b9f0-67f2b514254f.config
2026-09-12T20:33:28.4915702Z [command]/usr/bin/git config --local includeIf.gitdir:/home/runner/work/zeta-function-research-reader/zeta-function-research-reader/.git/worktrees/*.path /home/runner/work/_temp/git-credentials-c01a2a6f-641b-4bbb-b9f0-67f2b514254f.config
2026-09-12T20:33:28.4954940Z [command]/usr/bin/git config --local includeIf.gitdir:/github/workspace/.git.path /github/runner_temp/git-credentials-c01a2a6f-641b-4bbb-b9f0-67f2b514254f.config
2026-09-12T20:33:28.4992238Z [command]/usr/bin/git config --local includeIf.gitdir:/github/workspace/.git/worktrees/*.path /github/runner_temp/git-credentials-c01a2a6f-641b-4bbb-b9f0-67f2b514254f.config
2026-09-12T20:33:28.5025612Z ##[endgroup]
2026-09-12T20:33:28.5026397Z ##[group]Fetching the repository
2026-09-12T20:33:28.5032261Z [command]/usr/bin/git -c protocol.version=2 fetch --no-tags --prune --no-recurse-submodules --depth=1 origin +2abc351424ba87aeda948a5cfb846e15ed9373d1:refs/remotes/origin/astra/conormal-cyclic-integration-20260912
2026-09-12T20:33:31.8593123Z From https://github.com/KokunoYumeto/zeta-function-research-reader
2026-09-12T20:33:31.8595103Z  * [new ref]         2abc351424ba87aeda948a5cfb846e15ed9373d1 -> origin/astra/conormal-cyclic-integration-20260912
2026-09-12T20:33:31.8598899Z [command]/usr/bin/git branch --list --remote origin/astra/conormal-cyclic-integration-20260912
2026-09-12T20:33:31.8626885Z   origin/astra/conormal-cyclic-integration-20260912
2026-09-12T20:33:31.8634952Z [command]/usr/bin/git rev-parse refs/remotes/origin/astra/conormal-cyclic-integration-20260912
2026-09-12T20:33:31.8666631Z 2abc351424ba87aeda948a5cfb846e15ed9373d1
2026-09-12T20:33:31.8671635Z ##[endgroup]
2026-09-12T20:33:31.8672953Z ##[group]Determining the checkout info
2026-09-12T20:33:31.8674672Z ##[endgroup]
2026-09-12T20:33:31.8676090Z [command]/usr/bin/git sparse-checkout disable
2026-09-12T20:33:31.8731453Z [command]/usr/bin/git config --local --unset-all extensions.worktreeConfig
2026-09-12T20:33:31.8766910Z ##[group]Checking out the ref
2026-09-12T20:33:31.8772679Z [command]/usr/bin/git checkout --progress --force -B astra/conormal-cyclic-integration-20260912 refs/remotes/origin/astra/conormal-cyclic-integration-20260912
2026-09-12T20:33:32.2702280Z Switched to a new branch 'astra/conormal-cyclic-integration-20260912'
2026-09-12T20:33:32.2704882Z branch 'astra/conormal-cyclic-integration-20260912' set up to track 'origin/astra/conormal-cyclic-integration-20260912'.
2026-09-12T20:33:32.2732160Z ##[endgroup]
2026-09-12T20:33:32.2784776Z [command]/usr/bin/git log -1 --format=%H
2026-09-12T20:33:32.2816939Z 2abc351424ba87aeda948a5cfb846e15ed9373d1
2026-09-12T20:33:32.2827030Z ##[group]Removing auth
2026-09-12T20:33:32.2827631Z Removing SSH command configuration
2026-09-12T20:33:32.2831462Z [command]/usr/bin/git config --local --name-only --get-regexp core\.sshCommand
2026-09-12T20:33:32.2870908Z [command]/usr/bin/git submodule foreach --recursive sh -c "git config --local --name-only --get-regexp 'core\.sshCommand' && git config --local --unset-all 'core.sshCommand' || :"
2026-09-12T20:33:32.3124710Z Removing HTTP extra header
2026-09-12T20:33:32.3128150Z [command]/usr/bin/git config --local --name-only --get-regexp http\.https\:\/\/github\.com\/\.extraheader
2026-09-12T20:33:32.3167054Z [command]/usr/bin/git submodule foreach --recursive sh -c "git config --local --name-only --get-regexp 'http\.https\:\/\/github\.com\/\.extraheader' && git config --local --unset-all 'http.https://github.com/.extraheader' || :"
2026-09-12T20:33:32.3410334Z Removing includeIf entries pointing to credentials config files
2026-09-12T20:33:32.3413451Z [command]/usr/bin/git config --local --name-only --get-regexp ^includeIf\.gitdir:
2026-09-12T20:33:32.3446624Z includeif.gitdir:/home/runner/work/zeta-function-research-reader/zeta-function-research-reader/.git.path
2026-09-12T20:33:32.3447918Z includeif.gitdir:/home/runner/work/zeta-function-research-reader/zeta-function-research-reader/.git/worktrees/*.path
2026-09-12T20:33:32.3448714Z includeif.gitdir:/github/workspace/.git.path
2026-09-12T20:33:32.3449409Z includeif.gitdir:/github/workspace/.git/worktrees/*.path
2026-09-12T20:33:32.3455802Z [command]/usr/bin/git config --local --get-all includeif.gitdir:/home/runner/work/zeta-function-research-reader/zeta-function-research-reader/.git.path
2026-09-12T20:33:32.3485079Z /home/runner/work/_temp/git-credentials-c01a2a6f-641b-4bbb-b9f0-67f2b514254f.config
2026-09-12T20:33:32.3494713Z [command]/usr/bin/git config --local --unset includeif.gitdir:/home/runner/work/zeta-function-research-reader/zeta-function-research-reader/.git.path \/home\/runner\/work\/_temp\/git\-credentials\-c01a2a6f\-641b\-4bbb\-b9f0\-67f2b514254f\.config
2026-09-12T20:33:32.3535139Z [command]/usr/bin/git config --local --get-all includeif.gitdir:/home/runner/work/zeta-function-research-reader/zeta-function-research-reader/.git/worktrees/*.path
2026-09-12T20:33:32.3566823Z /home/runner/work/_temp/git-credentials-c01a2a6f-641b-4bbb-b9f0-67f2b514254f.config
2026-09-12T20:33:32.3575142Z [command]/usr/bin/git config --local --unset includeif.gitdir:/home/runner/work/zeta-function-research-reader/zeta-function-research-reader/.git/worktrees/*.path \/home\/runner\/work\/_temp\/git\-credentials\-c01a2a6f\-641b\-4bbb\-b9f0\-67f2b514254f\.config
2026-09-12T20:33:32.3622360Z [command]/usr/bin/git config --local --get-all includeif.gitdir:/github/workspace/.git.path
2026-09-12T20:33:32.3653369Z /github/runner_temp/git-credentials-c01a2a6f-641b-4bbb-b9f0-67f2b514254f.config
2026-09-12T20:33:32.3663981Z [command]/usr/bin/git config --local --unset includeif.gitdir:/github/workspace/.git.path \/github\/runner_temp\/git\-credentials\-c01a2a6f\-641b\-4bbb\-b9f0\-67f2b514254f\.config
2026-09-12T20:33:32.3702566Z [command]/usr/bin/git config --local --get-all includeif.gitdir:/github/workspace/.git/worktrees/*.path
2026-09-12T20:33:32.3731380Z /github/runner_temp/git-credentials-c01a2a6f-641b-4bbb-b9f0-67f2b514254f.config
2026-09-12T20:33:32.3738282Z [command]/usr/bin/git config --local --unset includeif.gitdir:/github/workspace/.git/worktrees/*.path \/github\/runner_temp\/git\-credentials\-c01a2a6f\-641b\-4bbb\-b9f0\-67f2b514254f\.config
2026-09-12T20:33:32.3777420Z [command]/usr/bin/git submodule foreach --recursive git config --local --show-origin --name-only --get-regexp remote.origin.url
2026-09-12T20:33:32.4019681Z Removing credentials config '/home/runner/work/_temp/git-credentials-c01a2a6f-641b-4bbb-b9f0-67f2b514254f.config'
2026-09-12T20:33:32.4028428Z ##[endgroup]
2026-09-12T20:33:32.4236127Z ##[group]Run set -euo pipefail
2026-09-12T20:33:32.4236642Z [36;1mset -euo pipefail[0m
2026-09-12T20:33:32.4237039Z [36;1mpython3 check_tau_recovery.py --prepare[0m
2026-09-12T20:33:32.4237458Z [36;1mpython3 check_boundary.py[0m
2026-09-12T20:33:32.4237881Z [36;1mpython3 check_boundary_integration.py --prepare[0m
2026-09-12T20:33:32.4238329Z [36;1mpython3 check_frontier.py[0m
2026-09-12T20:33:32.4238688Z [36;1mpython3 check_conormal_cyclic.py[0m
2026-09-12T20:33:32.4239274Z [36;1mpython3 -m unittest -v test_boundary_integration.py test_tau_recovery.py test_derived_checker.py[0m
2026-09-12T20:33:32.4240320Z [36;1mpython3 -O -m unittest -v test_boundary_integration.py test_tau_recovery.py test_derived_checker.py[0m
2026-09-12T20:33:32.4286745Z shell: /usr/bin/bash --noprofile --norc -e -o pipefail {0}
2026-09-12T20:33:32.4287195Z env:
2026-09-12T20:33:32.4287464Z   LEAN_NUM_THREADS: 2
2026-09-12T20:33:32.4287755Z ##[endgroup]
2026-09-12T20:33:32.4851643Z {
2026-09-12T20:33:32.4852427Z   "modules": 7,
2026-09-12T20:33:32.4852894Z   "selected_targets": 87,
2026-09-12T20:33:32.4853367Z   "source_sha256": {
2026-09-12T20:33:32.4854289Z     "SplitZeroTauAdjunction.lean": "2abfb7466a1c309956e6df66ffab5bd78611932db794d0d27f7b47f25036eed6",
2026-09-12T20:33:32.4855488Z     "SplitZeroTauBase.lean": "88a3a944ad115e65142a679fbeee6fa810c7021fd55996d9d94de6ec79844691",
2026-09-12T20:33:32.4856646Z     "SplitZeroTauChart.lean": "6f5ac7f281e782ead0002603ecc07c984725187221623749e7bcaa794882bea1",
2026-09-12T20:33:32.4857857Z     "SplitZeroTauDual.lean": "343e6df95265ba2cb6f808696ed11952b57ecfcf2f9dfe08c5e709c5221f3865",
2026-09-12T20:33:32.4859134Z     "SplitZeroTauHomotopy.lean": "a5078da033f35df6a7757401b216b80687ecca7fc3ce56f5781ddb3dfff344f9",
2026-09-12T20:33:32.4860691Z     "SplitZeroTauRetraction.lean": "f13ea8a551ef2616169df5ae2aa2f7e2f2aedd00ac545ed2a59f722975baa1cf",
2026-09-12T20:33:32.4862056Z     "SplitZeroTauTopology.lean": "6557b4493aa33d815be533423b22b16dff4ee56cb694f1c6bc767c4a9112e674"
2026-09-12T20:33:32.4862929Z   }
2026-09-12T20:33:32.4863273Z }
2026-09-12T20:33:32.5296695Z {
2026-09-12T20:33:32.5297208Z   "modules": 5,
2026-09-12T20:33:32.5297665Z   "selected_targets": 38,
2026-09-12T20:33:32.5298151Z   "source_sha256": {
2026-09-12T20:33:32.5299044Z     "SplitZeroBoundaryControl.lean": "78bd445b8efcde4e8e58bc489a574195f3606df9335eaeff659d0dac419343f7",
2026-09-12T20:33:32.5301089Z     "SplitZeroControlCompression.lean": "9149de8bbaaf132569b5b61ec9e07b058d5d295e8f9a305fd70651831191aa10",
2026-09-12T20:33:32.5302500Z     "SplitZeroKrylovStep.lean": "9f4902c3376bc3c3b92e3eedb4a67ca6a05b06dc2a0cea1fd2e558a0a2f2d225",
2026-09-12T20:33:32.5303880Z     "SplitZeroRelationLayer.lean": "719da6c00cc0e9fd828bc53753980314e2a442c27cb96ccede84c80b4c9c0578",
2026-09-12T20:33:32.5305230Z     "SplitZeroSupportChange.lean": "e245230b06d099fcf4c41948813a7f4d278379287506eca4293f28aa18957a26"
2026-09-12T20:33:32.5306069Z   }
2026-09-12T20:33:32.5306425Z }
2026-09-12T20:33:32.5769915Z {
2026-09-12T20:33:32.5770723Z   "modules": 6,
2026-09-12T20:33:32.5771188Z   "selected_targets": 68,
2026-09-12T20:33:32.5771679Z   "source_sha256": {
2026-09-12T20:33:32.5772643Z     "SplitZeroBoundaryIntegration.lean": "9161bdd49e5f8934444ef192cb2345ec0cdb5131d9f5573b6396f2211b4fa128",
2026-09-12T20:33:32.5774076Z     "SplitZeroJointHomotopy.lean": "d060d6640824f08a1f50dc84be6b04a82f0c4fc04660930d3aaea2a8472a1358",
2026-09-12T20:33:32.6211282Z     "SplitZeroOrthogonalControl.lean": "5343d1b5a84ea38b6c1b20c44557f717fc62275177ddaf340f2fb3ffe806b434",
2026-09-12T20:33:32.6212772Z     "SplitZeroRankTwoControl.lean": "f49f8057e5f0051cefa9eaa1324b6e7165a5b946086d964033ed64fdbba92700",
2026-09-12T20:33:32.6214204Z     "SplitZeroRelationLayerIntegration.lean": "79630bdf03f1db40b523af0671e94769011b4a31cab68be8ccf763b1cca3b762",
2026-09-12T20:33:32.6215779Z     "SplitZeroSupportChangeIntegration.lean": "bde4993930f8a13c2ade6540c7f27f0a963e4d894406b0a46a540c5680ba7577"
2026-09-12T20:33:32.6216775Z   }
2026-09-12T20:33:32.6217563Z }
2026-09-12T20:33:32.6217940Z {
2026-09-12T20:33:32.6218314Z   "modules": 5,
2026-09-12T20:33:32.6218750Z   "selected_targets": 40,
2026-09-12T20:33:32.6219192Z   "source_sha256": {
2026-09-12T20:33:32.6220281Z     "SplitZeroFrontierEstimate.lean": "eee78082cdbfc70c56f95cd1075a3255877b04c72b9dca7fb15f958e1f24eaaf",
2026-09-12T20:33:32.6221547Z     "SplitZeroIncidenceEstimate.lean": "c84a8ed3d2c38f9279267f8d7176862b4c5befe1f91b409856ee76901b2f5000",
2026-09-12T20:33:32.6222971Z     "SplitZeroMetricRestriction.lean": "62138bb45b5a5ca8cf79c19be13649638690a34cf5292bae02bfb57dac2b7f30",
2026-09-12T20:33:32.6224438Z     "SplitZeroProjectedHomology.lean": "0659b565a791964c6c06dac557ea90f255bca4aaae5f17c2495ea561d77e1148",
2026-09-12T20:33:32.6225849Z     "SplitZeroSignedProjector.lean": "1c80150b4e249c7bd09815e4dbe16a4f71756400846178e90b0687e8f473a9f1"
2026-09-12T20:33:32.6226772Z   }
2026-09-12T20:33:32.6227132Z }
2026-09-12T20:33:32.6620506Z {
2026-09-12T20:33:32.6621013Z   "modules": 2,
2026-09-12T20:33:32.6621523Z   "selected_targets": 29,
2026-09-12T20:33:32.6622020Z   "source_sha256": {
2026-09-12T20:33:32.6622936Z     "SplitZeroConormalTower.lean": "0817bccbc362699b54b3cb3f6e1ea6bcc417ac9cabd35df3285af940ea6d5580",
2026-09-12T20:33:32.6624346Z     "SplitZeroCyclicDepth.lean": "97764365d88970910ecd6f12cd3d5f1fbf268a7c8939f34d529ed6c97b424463"
2026-09-12T20:33:32.6625275Z   }
2026-09-12T20:33:32.6625633Z }
2026-09-12T20:33:32.7264799Z test_audit_accept_and_reject (test_boundary_integration.BoundaryTests.test_audit_accept_and_reject) ... ok
2026-09-12T20:33:32.7265939Z test_compressed_characteristic_polynomial (test_boundary_integration.BoundaryTests.test_compressed_characteristic_polynomial) ... ok
2026-09-12T20:33:32.7331513Z test_full_four_mask_lift (test_boundary_integration.BoundaryTests.test_full_four_mask_lift) ... ok
2026-09-12T20:33:32.7350350Z test_manifest_negative_controls (test_boundary_integration.BoundaryTests.test_manifest_negative_controls) ... ok
2026-09-12T20:33:32.7356491Z test_original_layer_coordinate (test_boundary_integration.BoundaryTests.test_original_layer_coordinate) ... ok
2026-09-12T20:33:32.7375916Z test_orthogonal_minimum_is_not_arbitrary_metric (test_boundary_integration.BoundaryTests.test_orthogonal_minimum_is_not_arbitrary_metric) ... ok
2026-09-12T20:33:32.7381925Z test_rank_two_from_actual_vectors (test_boundary_integration.BoundaryTests.test_rank_two_from_actual_vectors) ... ok
2026-09-12T20:33:32.7388196Z test_accept (test_tau_recovery.TauTests.test_accept) ... ok
2026-09-12T20:33:32.7394431Z test_comments_not_proof_escapes (test_tau_recovery.TauTests.test_comments_not_proof_escapes) ... ok
2026-09-12T20:33:32.7401542Z test_reject_duplicate_targets (test_tau_recovery.TauTests.test_reject_duplicate_targets) ... ok
2026-09-12T20:33:32.7427654Z test_reject_escape (test_tau_recovery.TauTests.test_reject_escape) ... ok
2026-09-12T20:33:32.7433443Z test_reject_missing_source (test_tau_recovery.TauTests.test_reject_missing_source) ... ok
2026-09-12T20:33:32.7439681Z test_reject_module_mismatch (test_tau_recovery.TauTests.test_reject_module_mismatch) ... ok
2026-09-12T20:33:32.7441208Z test_bad_axioms (test_derived_checker.DerivedCheckerTests.test_bad_axioms) ... ok
2026-09-12T20:33:32.7442329Z test_bad_targets (test_derived_checker.DerivedCheckerTests.test_bad_targets) ... ok
2026-09-12T20:33:32.7443404Z test_duplicate (test_derived_checker.DerivedCheckerTests.test_duplicate) ... ok
2026-09-12T20:33:32.7444463Z test_empty (test_derived_checker.DerivedCheckerTests.test_empty) ... ok
2026-09-12T20:33:32.7562267Z test_manifest (test_derived_checker.DerivedCheckerTests.test_manifest) ... ok
2026-09-12T20:33:32.7563363Z test_missing (test_derived_checker.DerivedCheckerTests.test_missing) ... ok
2026-09-12T20:33:32.7566929Z test_missing_source (test_derived_checker.DerivedCheckerTests.test_missing_source) ... ok
2026-09-12T20:33:32.7568028Z test_nested_comments (test_derived_checker.DerivedCheckerTests.test_nested_comments) ... ok
2026-09-12T20:33:32.7569384Z test_no_axioms (test_derived_checker.DerivedCheckerTests.test_no_axioms) ... ok
2026-09-12T20:33:32.7570244Z test_standard (test_derived_checker.DerivedCheckerTests.test_standard) ... ok
2026-09-12T20:33:32.7571051Z test_unclosed_comment (test_derived_checker.DerivedCheckerTests.test_unclosed_comment) ... ok
2026-09-12T20:33:32.7571754Z test_unexpected (test_derived_checker.DerivedCheckerTests.test_unexpected) ... ok
2026-09-12T20:33:32.7572135Z 
2026-09-12T20:33:32.7572340Z ----------------------------------------------------------------------
2026-09-12T20:33:32.7572790Z Ran 25 tests in 0.031s
2026-09-12T20:33:32.7572965Z 
2026-09-12T20:33:32.7573078Z OK
2026-09-12T20:33:33.1208824Z test_audit_accept_and_reject (test_boundary_integration.BoundaryTests.test_audit_accept_and_reject) ... ok
2026-09-12T20:33:33.1210575Z test_compressed_characteristic_polynomial (test_boundary_integration.BoundaryTests.test_compressed_characteristic_polynomial) ... ok
2026-09-12T20:33:33.1276282Z test_full_four_mask_lift (test_boundary_integration.BoundaryTests.test_full_four_mask_lift) ... ok
2026-09-12T20:33:33.1296908Z test_manifest_negative_controls (test_boundary_integration.BoundaryTests.test_manifest_negative_controls) ... ok
2026-09-12T20:33:33.1303073Z test_original_layer_coordinate (test_boundary_integration.BoundaryTests.test_original_layer_coordinate) ... ok
2026-09-12T20:33:33.1323522Z test_orthogonal_minimum_is_not_arbitrary_metric (test_boundary_integration.BoundaryTests.test_orthogonal_minimum_is_not_arbitrary_metric) ... ok
2026-09-12T20:33:33.1329524Z test_rank_two_from_actual_vectors (test_boundary_integration.BoundaryTests.test_rank_two_from_actual_vectors) ... ok
2026-09-12T20:33:33.1336004Z test_accept (test_tau_recovery.TauTests.test_accept) ... ok
2026-09-12T20:33:33.1342039Z test_comments_not_proof_escapes (test_tau_recovery.TauTests.test_comments_not_proof_escapes) ... ok
2026-09-12T20:33:33.1349039Z test_reject_duplicate_targets (test_tau_recovery.TauTests.test_reject_duplicate_targets) ... ok
2026-09-12T20:33:33.1375905Z test_reject_escape (test_tau_recovery.TauTests.test_reject_escape) ... ok
2026-09-12T20:33:33.1381254Z test_reject_missing_source (test_tau_recovery.TauTests.test_reject_missing_source) ... ok
2026-09-12T20:33:33.1387596Z test_reject_module_mismatch (test_tau_recovery.TauTests.test_reject_module_mismatch) ... ok
2026-09-12T20:33:33.1388977Z test_bad_axioms (test_derived_checker.DerivedCheckerTests.test_bad_axioms) ... ok
2026-09-12T20:33:33.1390795Z test_bad_targets (test_derived_checker.DerivedCheckerTests.test_bad_targets) ... ok
2026-09-12T20:33:33.1411566Z test_duplicate (test_derived_checker.DerivedCheckerTests.test_duplicate) ... ok
2026-09-12T20:33:33.1412700Z test_empty (test_derived_checker.DerivedCheckerTests.test_empty) ... ok
2026-09-12T20:33:33.1505952Z test_manifest (test_derived_checker.DerivedCheckerTests.test_manifest) ... ok
2026-09-12T20:33:33.1507055Z test_missing (test_derived_checker.DerivedCheckerTests.test_missing) ... ok
2026-09-12T20:33:33.1509969Z test_missing_source (test_derived_checker.DerivedCheckerTests.test_missing_source) ... ok
2026-09-12T20:33:33.1511538Z test_nested_comments (test_derived_checker.DerivedCheckerTests.test_nested_comments) ... ok
2026-09-12T20:33:33.1512618Z test_no_axioms (test_derived_checker.DerivedCheckerTests.test_no_axioms) ... ok
2026-09-12T20:33:33.1513583Z test_standard (test_derived_checker.DerivedCheckerTests.test_standard) ... ok
2026-09-12T20:33:33.1514697Z test_unclosed_comment (test_derived_checker.DerivedCheckerTests.test_unclosed_comment) ... ok
2026-09-12T20:33:33.1515830Z test_unexpected (test_derived_checker.DerivedCheckerTests.test_unexpected) ... ok
2026-09-12T20:33:33.1516474Z 
2026-09-12T20:33:33.1517197Z ----------------------------------------------------------------------
2026-09-12T20:33:33.1517821Z Ran 25 tests in 0.031s
2026-09-12T20:33:33.1518111Z 
2026-09-12T20:33:33.1518476Z OK
2026-09-12T20:33:33.1656671Z ##[group]Run set -euo pipefail
2026-09-12T20:33:33.1657009Z [36;1mset -euo pipefail[0m
2026-09-12T20:33:33.1657421Z [36;1mchecker=../../workbenches/tau-conormal-cyclic-formal/check_depth_models.py[0m
2026-09-12T20:33:33.1657906Z [36;1mpython3 "$checker" --json DepthModels.normal.json[0m
2026-09-12T20:33:33.1658334Z [36;1mpython3 -O "$checker" --json DepthModels.optimized.json[0m
2026-09-12T20:33:33.1658798Z [36;1mcmp DepthModels.normal.json DepthModels.optimized.json[0m
2026-09-12T20:33:33.1659326Z [36;1mif python3 "$checker" --self-test-failure >DepthModels.negative.log 2>&1; then[0m
2026-09-12T20:33:33.1659839Z [36;1m  echo 'negative control unexpectedly passed'; exit 1[0m
2026-09-12T20:33:33.1660425Z [36;1mfi[0m
2026-09-12T20:33:33.1660857Z [36;1mif python3 -O "$checker" --self-test-failure >DepthModels.negative.optimized.log 2>&1; then[0m
2026-09-12T20:33:33.1661453Z [36;1m  echo 'optimized negative control unexpectedly passed'; exit 1[0m
2026-09-12T20:33:33.1661861Z [36;1mfi[0m
2026-09-12T20:33:33.1662183Z [36;1mgrep 'intentional negative control' DepthModels.negative.log[0m
2026-09-12T20:33:33.1662692Z [36;1mgrep 'intentional negative control' DepthModels.negative.optimized.log[0m
2026-09-12T20:33:33.1703985Z shell: /usr/bin/bash --noprofile --norc -e -o pipefail {0}
2026-09-12T20:33:33.1704340Z env:
2026-09-12T20:33:33.1704586Z   LEAN_NUM_THREADS: 2
2026-09-12T20:33:33.1704817Z ##[endgroup]
2026-09-12T20:33:33.2302693Z test_01_degree_bound_and_attainment (__main__.ExactDepth.test_01_degree_bound_and_attainment) ... ok
2026-09-12T20:33:33.2393148Z test_02_actual_nilpotent_sum (__main__.ExactDepth.test_02_actual_nilpotent_sum) ... ok
2026-09-12T20:33:33.2398388Z test_03_top_coefficient_is_retained (__main__.ExactDepth.test_03_top_coefficient_is_retained) ... ok
2026-09-12T20:33:33.2399800Z test_04_collided_maximum_can_change_tuple (__main__.ExactDepth.test_04_collided_maximum_can_change_tuple) ... ok
2026-09-12T20:33:33.2401131Z test_05_not_the_power_of_first_relation (__main__.ExactDepth.test_05_not_the_power_of_first_relation) ... ok
2026-09-12T20:33:33.2832990Z test_06_derivative_and_transition_divisibility (__main__.ExactDepth.test_06_derivative_and_transition_divisibility) ... ok
2026-09-12T20:33:33.2835287Z test_07_empty_packet_is_the_zero_arithmetic_quotient (__main__.ExactDepth.test_07_empty_packet_is_the_zero_arithmetic_quotient) ... ok
2026-09-12T20:33:33.2841296Z test_08_dimension_of_local_power_quotient (__main__.ExactDepth.test_08_dimension_of_local_power_quotient) ... ok
2026-09-12T20:33:33.2842643Z 
2026-09-12T20:33:33.2842876Z ----------------------------------------------------------------------
2026-09-12T20:33:33.2843417Z Ran 8 tests in 0.059s
2026-09-12T20:33:33.2843605Z 
2026-09-12T20:33:33.2843729Z OK
2026-09-12T20:33:33.2844937Z {"errors": 0, "failures": 0, "scope": "Exact finite local monomial and polynomial calibrations, not an analytic certificate", "success": true, "tests_run": 8}
2026-09-12T20:33:33.5783656Z test_01_degree_bound_and_attainment (__main__.ExactDepth.test_01_degree_bound_and_attainment) ... ok
2026-09-12T20:33:33.5877393Z test_02_actual_nilpotent_sum (__main__.ExactDepth.test_02_actual_nilpotent_sum) ... ok
2026-09-12T20:33:33.5884533Z test_03_top_coefficient_is_retained (__main__.ExactDepth.test_03_top_coefficient_is_retained) ... ok
2026-09-12T20:33:33.5885844Z test_04_collided_maximum_can_change_tuple (__main__.ExactDepth.test_04_collided_maximum_can_change_tuple) ... ok
2026-09-12T20:33:33.5887159Z test_05_not_the_power_of_first_relation (__main__.ExactDepth.test_05_not_the_power_of_first_relation) ... ok
2026-09-12T20:33:33.6324967Z test_06_derivative_and_transition_divisibility (__main__.ExactDepth.test_06_derivative_and_transition_divisibility) ... ok
2026-09-12T20:33:33.6326727Z test_07_empty_packet_is_the_zero_arithmetic_quotient (__main__.ExactDepth.test_07_empty_packet_is_the_zero_arithmetic_quotient) ... ok
2026-09-12T20:33:33.6335059Z test_08_dimension_of_local_power_quotient (__main__.ExactDepth.test_08_dimension_of_local_power_quotient) ... ok
2026-09-12T20:33:33.6336009Z 
2026-09-12T20:33:33.6336261Z ----------------------------------------------------------------------
2026-09-12T20:33:33.6336884Z Ran 8 tests in 0.061s
2026-09-12T20:33:33.6337094Z 
2026-09-12T20:33:33.6337275Z OK
2026-09-12T20:33:33.6341059Z {"errors": 0, "failures": 0, "scope": "Exact finite local monomial and polynomial calibrations, not an analytic certificate", "success": true, "tests_run": 8}
2026-09-12T20:33:34.1092951Z     def runTest(self): self.assertEqual(1,2,'intentional negative control')
2026-09-12T20:33:34.1093751Z AssertionError: 1 != 2 : intentional negative control
2026-09-12T20:33:34.1106486Z     def runTest(self): self.assertEqual(1,2,'intentional negative control')
2026-09-12T20:33:34.1106997Z AssertionError: 1 != 2 : intentional negative control
2026-09-12T20:33:34.1144528Z ##[group]Run set -euo pipefail
2026-09-12T20:33:34.1144857Z [36;1mset -euo pipefail[0m
2026-09-12T20:33:34.1145111Z [36;1mpython3 prepare.py[0m
2026-09-12T20:33:34.1145892Z [36;1mcurl --proto '=https' --tlsv1.2 -sSf https://raw.githubusercontent.com/leanprover/elan/0e36a07b9bbcc5381fa6250df109f9a4f94d7bac/elan-init.sh -o "$RUNNER_TEMP/elan-init.sh"[0m
2026-09-12T20:33:34.1146753Z [36;1msh "$RUNNER_TEMP/elan-init.sh" -y --default-toolchain none[0m
2026-09-12T20:33:34.1147137Z [36;1mexport PATH="$HOME/.elan/bin:$PATH"[0m
2026-09-12T20:33:34.1147461Z [36;1mecho "$HOME/.elan/bin" >> "$GITHUB_PATH"[0m
2026-09-12T20:33:34.1147781Z [36;1mlean --version[0m
2026-09-12T20:33:34.1148187Z [36;1mlake update >ConormalSetup.log 2>&1 || { tail -80 ConormalSetup.log; exit 1; }[0m
2026-09-12T20:33:34.1148827Z [36;1mtest "$(git -C .lake/packages/mathlib rev-parse HEAD)" = fabf563a7c95a166b8d7b6efca11c8b4dc9d911f[0m
2026-09-12T20:33:34.1149493Z [36;1mlake exe cache get >>ConormalSetup.log 2>&1 || { tail -80 ConormalSetup.log; exit 1; }[0m
2026-09-12T20:33:34.1191953Z shell: /usr/bin/bash --noprofile --norc -e -o pipefail {0}
2026-09-12T20:33:34.1192302Z env:
2026-09-12T20:33:34.1192513Z   LEAN_NUM_THREADS: 2
2026-09-12T20:33:34.1192743Z ##[endgroup]
2026-09-12T20:33:34.2697295Z Original SplitZero verified: ff991f7383922e71cdf0e4a3bc85e89e18f808ef; 7366 bytes
2026-09-12T20:33:34.3748505Z info: downloading installer
2026-09-12T20:33:35.1258652Z info: downloading https://releases.lean-lang.org/lean4/v4.31.0/lean-4.31.0-linux.tar.zst
2026-09-12T20:33:38.3289166Z info: installing /home/runner/.elan/toolchains/leanprover--lean4---v4.31.0
2026-09-12T20:33:45.0650435Z Lean (version 4.31.0, x86_64-unknown-linux-gnu, commit 68218e876d2a38b1985b8590fff244a83c321783, Release)
2026-09-12T20:35:13.3384290Z ##[group]Run set -euo pipefail
2026-09-12T20:35:13.3384623Z [36;1mset -euo pipefail[0m
2026-09-12T20:35:13.3385045Z [36;1mlake -KmaxJobs=2 build >ConormalPrior.log 2>&1 || { cat ConormalPrior.log; exit 1; }[0m
2026-09-12T20:35:13.3385508Z [36;1mtail -25 ConormalPrior.log[0m
2026-09-12T20:35:13.3386046Z [36;1mfor list in TAU_RECOVERY_MODULES.txt BOUNDARY_MODULES.txt BOUNDARY_INTEGRATION_MODULES.txt FRONTIER_MODULES.txt; do[0m
2026-09-12T20:35:13.3386631Z [36;1m  while IFS= read -r name; do[0m
2026-09-12T20:35:13.3386930Z [36;1m    test -n "$name" || continue[0m
2026-09-12T20:35:13.3387219Z [36;1m    echo "=== inherited $name ==="[0m
2026-09-12T20:35:13.3387721Z [36;1m    lake env lean --trust=0 -DwarningAsError=true -o ".lake/build/lib/lean/$name.olean" "$name.lean"[0m
2026-09-12T20:35:13.3388192Z [36;1m  done < "$list"[0m
2026-09-12T20:35:13.3388415Z [36;1mdone[0m
2026-09-12T20:35:13.3431649Z shell: /usr/bin/bash --noprofile --norc -e -o pipefail {0}
2026-09-12T20:35:13.3432039Z env:
2026-09-12T20:35:13.3432247Z   LEAN_NUM_THREADS: 2
2026-09-12T20:35:13.3432468Z ##[endgroup]
2026-09-12T20:36:04.0297921Z ✔ [8558/8582] Built SplitZero (5.2s)
2026-09-12T20:36:04.0298379Z ✔ [8559/8582] Built SplitZeroExtension (4.7s)
2026-09-12T20:36:04.0298885Z ✔ [8561/8582] Built SplitZeroPresentation (4.6s)
2026-09-12T20:36:04.0299391Z ✔ [8563/8582] Built SplitZeroFibres (5.9s)
2026-09-12T20:36:04.0299887Z ✔ [8565/8582] Built SplitZeroMaps (4.4s)
2026-09-12T20:36:04.0300603Z ✔ [8567/8582] Built SplitZeroReconstruction (7.7s)
2026-09-12T20:36:04.0301054Z ✔ [8569/8582] Built SplitZeroFiniteJets (9.2s)
2026-09-12T20:36:04.0301855Z ✔ [8571/8582] Built SplitZeroSynchronization (4.9s)
2026-09-12T20:36:04.0302449Z ✔ [8573/8582] Built SplitZeroRecovery (4.6s)
2026-09-12T20:36:04.0302934Z ✔ [8575/8582] Built SplitZeroHomology (6.0s)
2026-09-12T20:36:04.0303479Z ✔ [8577/8582] Built SplitZeroInternalQuotient (5.8s)
2026-09-12T20:36:04.0304156Z ✔ [8579/8582] Built SplitZeroHomologyExample (4.7s)
2026-09-12T20:36:04.0304703Z ✔ [8581/8582] Built SplitZeroComplex (5.1s)
2026-09-12T20:36:04.0305145Z Build completed successfully (8582 jobs).
2026-09-12T20:36:04.0305597Z === inherited SplitZeroTauBase ===
2026-09-12T20:36:10.0739261Z === inherited SplitZeroTauChart ===
2026-09-12T20:36:18.6603884Z === inherited SplitZeroTauDual ===
2026-09-12T20:36:26.7138781Z === inherited SplitZeroTauAdjunction ===
2026-09-12T20:36:35.0913527Z === inherited SplitZeroTauHomotopy ===
2026-09-12T20:36:42.0544640Z === inherited SplitZeroTauRetraction ===
2026-09-12T20:36:50.2194057Z === inherited SplitZeroTauTopology ===
2026-09-12T20:36:56.2183153Z === inherited SplitZeroSupportChange ===
2026-09-12T20:37:03.3449806Z === inherited SplitZeroRelationLayer ===
2026-09-12T20:37:10.0627984Z === inherited SplitZeroBoundaryControl ===
2026-09-12T20:37:17.3053472Z === inherited SplitZeroControlCompression ===
2026-09-12T20:37:23.9241262Z === inherited SplitZeroKrylovStep ===
2026-09-12T20:37:30.2229092Z === inherited SplitZeroSupportChangeIntegration ===
2026-09-12T20:37:37.2051806Z === inherited SplitZeroRelationLayerIntegration ===
2026-09-12T20:37:44.6685101Z === inherited SplitZeroRankTwoControl ===
2026-09-12T20:37:48.5217708Z === inherited SplitZeroOrthogonalControl ===
2026-09-12T20:37:52.2757919Z === inherited SplitZeroJointHomotopy ===
2026-09-12T20:37:59.7360212Z === inherited SplitZeroBoundaryIntegration ===
2026-09-12T20:38:06.1631053Z === inherited SplitZeroFrontierEstimate ===
2026-09-12T20:38:13.0853433Z === inherited SplitZeroIncidenceEstimate ===
2026-09-12T20:38:19.2069988Z === inherited SplitZeroMetricRestriction ===
2026-09-12T20:38:25.4071794Z === inherited SplitZeroSignedProjector ===
2026-09-12T20:38:32.5268874Z === inherited SplitZeroProjectedHomology ===
2026-09-12T20:38:39.0852720Z ##[group]Run set -uo pipefail
2026-09-12T20:38:39.0853056Z [36;1mset -uo pipefail[0m
2026-09-12T20:38:39.0853296Z [36;1mstatus=0[0m
2026-09-12T20:38:39.0853732Z [36;1mwhile IFS= read -r name; do[0m
2026-09-12T20:38:39.0854006Z [36;1m  test -n "$name" || continue[0m
2026-09-12T20:38:39.0854269Z [36;1m  echo "=== $name ==="[0m
2026-09-12T20:38:39.0854808Z [36;1m  if ! lake env lean --trust=0 -DwarningAsError=true -o ".lake/build/lib/lean/$name.olean" "$name.lean"; then status=1; fi[0m
2026-09-12T20:38:39.0855383Z [36;1mdone < CONORMAL_CYCLIC_MODULES.txt[0m
2026-09-12T20:38:39.0855670Z [36;1mexit "$status"[0m
2026-09-12T20:38:39.0898308Z shell: /usr/bin/bash --noprofile --norc -e -o pipefail {0}
2026-09-12T20:38:39.0898656Z env:
2026-09-12T20:38:39.0898857Z   LEAN_NUM_THREADS: 2
2026-09-12T20:38:39.0899077Z ##[endgroup]
2026-09-12T20:38:39.0983472Z === SplitZeroConormalTower ===
2026-09-12T20:38:45.9942227Z === SplitZeroCyclicDepth ===
2026-09-12T20:38:49.3326931Z ##[group]Run set -euo pipefail
2026-09-12T20:38:49.3327260Z [36;1mset -euo pipefail[0m
2026-09-12T20:38:49.3328052Z [36;1mcat TAU_RECOVERY_MODULES.txt BOUNDARY_MODULES.txt BOUNDARY_INTEGRATION_MODULES.txt FRONTIER_MODULES.txt CONORMAL_CYCLIC_MODULES.txt | awk 'NF && !seen[$0]++ {print "import " $0}' > JointConormalCyclic.lean[0m
2026-09-12T20:38:49.3328986Z [36;1mlake env lean --trust=0 -DwarningAsError=true JointConormalCyclic.lean[0m
2026-09-12T20:38:49.3329597Z [36;1mlake env lean --trust=0 -DwarningAsError=true AuditConormalCyclic.lean | tee AuditConormalCyclic.log[0m
2026-09-12T20:38:49.3330398Z [36;1mpython3 check_conormal_cyclic.py AuditConormalCyclic.log[0m
2026-09-12T20:38:49.3330905Z [36;1mlake env lean --trust=0 -DwarningAsError=true AuditFrontier.lean >AuditFrontier.log[0m
2026-09-12T20:38:49.3331577Z [36;1mpython3 check_frontier.py AuditFrontier.log[0m
2026-09-12T20:38:49.3332455Z [36;1mlake env lean --trust=0 -DwarningAsError=true AuditBoundaryIntegration.lean >AuditBoundaryIntegration.log[0m
2026-09-12T20:38:49.3333523Z [36;1mpython3 check_boundary_integration.py AuditBoundaryIntegration.log[0m
2026-09-12T20:38:49.3334124Z [36;1mlake env lean --trust=0 -DwarningAsError=true AuditBoundary.lean >AuditBoundary.log[0m
2026-09-12T20:38:49.3334599Z [36;1mpython3 check_boundary.py AuditBoundary.log[0m
2026-09-12T20:38:49.3335077Z [36;1mlake env lean --trust=0 -DwarningAsError=true AuditTauRecovery.lean >AuditTauRecovery.log[0m
2026-09-12T20:38:49.3335590Z [36;1mpython3 check_tau_recovery.py AuditTauRecovery.log[0m
2026-09-12T20:38:49.3335941Z [36;1mpython3 check_derived.py --prepare[0m
2026-09-12T20:38:49.3336367Z [36;1mlake env lean --trust=0 -DwarningAsError=true AuditDerived.lean >AuditDerived.log[0m
2026-09-12T20:38:49.3336816Z [36;1mpython3 check_derived.py AuditDerived.log[0m
2026-09-12T20:38:49.3337216Z [36;1mlake env lean --trust=0 -DwarningAsError=true Audit.lean >Audit.log[0m
2026-09-12T20:38:49.3337613Z [36;1mpython3 check_axioms.py Audit.log[0m
2026-09-12T20:38:49.3376949Z shell: /usr/bin/bash --noprofile --norc -e -o pipefail {0}
2026-09-12T20:38:49.3377291Z env:
2026-09-12T20:38:49.3377500Z   LEAN_NUM_THREADS: 2
2026-09-12T20:38:49.3377733Z ##[endgroup]
2026-09-12T20:38:59.9422075Z 'SplitZero.ConormalTower.level' depends on axioms: [propext, Classical.choice, Quot.sound]
2026-09-12T20:38:59.9423073Z 'SplitZero.ConormalTower.deriv_mem_pow' depends on axioms: [propext, Classical.choice, Quot.sound]
2026-09-12T20:38:59.9424001Z 'SplitZero.ConormalTower.descended' depends on axioms: [propext, Classical.choice, Quot.sound]
2026-09-12T20:38:59.9424895Z 'SplitZero.ConormalTower.descended_mk' depends on axioms: [propext, Classical.choice, Quot.sound]
2026-09-12T20:38:59.9425801Z 'SplitZero.ConormalTower.projection' depends on axioms: [propext, Classical.choice, Quot.sound]
2026-09-12T20:38:59.9426687Z 'SplitZero.ConormalTower.tower_square' depends on axioms: [propext, Classical.choice, Quot.sound]
2026-09-12T20:38:59.9427657Z 'SplitZero.ConormalTower.conormal_product' depends on axioms: [propext, Classical.choice, Quot.sound]
2026-09-12T20:38:59.9428595Z 'SplitZero.ConormalTower.multiplier_rule' depends on axioms: [propext, Classical.choice, Quot.sound]
2026-09-12T20:38:59.9429815Z 'SplitZero.ConormalTower.top_level_zero' depends on axioms: [propext, Classical.choice, Quot.sound]
2026-09-12T20:38:59.9430884Z 'SplitZero.ConormalTower.cyclicLevel' depends on axioms: [propext, Classical.choice, Quot.sound]
2026-09-12T20:38:59.9431765Z 'SplitZero.ConormalTower.evaluation' depends on axioms: [propext, Classical.choice, Quot.sound]
2026-09-12T20:38:59.9432702Z 'SplitZero.ConormalTower.evaluation_injective' depends on axioms: [propext, Classical.choice, Quot.sound]
2026-09-12T20:38:59.9433689Z 'SplitZero.ConormalTower.polynomial_chain_rule' depends on axioms: [propext, Classical.choice, Quot.sound]
2026-09-12T20:38:59.9434658Z 'SplitZero.ConormalTower.cyclicDerivative' depends on axioms: [propext, Classical.choice, Quot.sound]
2026-09-12T20:38:59.9435828Z 'SplitZero.ConormalTower.cyclic_square' depends on axioms: [propext, Classical.choice, Quot.sound]
2026-09-12T20:38:59.9436759Z 'SplitZero.ConormalTower.cyclic_unit_rule' depends on axioms: [propext, Classical.choice, Quot.sound]
2026-09-12T20:38:59.9437587Z 'SplitZero.CyclicDepth.Admissible' depends on axioms: [propext, Quot.sound]
2026-09-12T20:38:59.9438346Z 'SplitZero.CyclicDepth.admissible_of_floor_sum' depends on axioms: [propext, Quot.sound]
2026-09-12T20:38:59.9439151Z 'SplitZero.CyclicDepth.floor_sum_of_admissible' depends on axioms: [propext, Quot.sound]
2026-09-12T20:38:59.9439950Z 'SplitZero.CyclicDepth.admissible_iff_floor_sum' depends on axioms: [propext, Quot.sound]
2026-09-12T20:38:59.9440885Z 'SplitZero.CyclicDepth.ceiling' depends on axioms: [propext, Quot.sound]
2026-09-12T20:38:59.9441638Z 'SplitZero.CyclicDepth.degree_le' depends on axioms: [propext, Classical.choice, Quot.sound]
2026-09-12T20:38:59.9442355Z 'SplitZero.CyclicDepth.extremal' does not depend on any axioms
2026-09-12T20:38:59.9443115Z 'SplitZero.CyclicDepth.extremal_admissible' depends on axioms: [propext, Classical.choice, Quot.sound]
2026-09-12T20:38:59.9444039Z 'SplitZero.CyclicDepth.extremal_degree' depends on axioms: [propext, Classical.choice, Quot.sound]
2026-09-12T20:38:59.9444949Z 'SplitZero.CyclicDepth.attained_maximum' depends on axioms: [propext, Classical.choice, Quot.sound]
2026-09-12T20:38:59.9445891Z 'SplitZero.CyclicDepth.floor_attained_maximum' depends on axioms: [propext, Classical.choice, Quot.sound]
2026-09-12T20:38:59.9446729Z 'SplitZero.CyclicDepth.localOrder' depends on axioms: [propext, Quot.sound]
2026-09-12T20:38:59.9447461Z 'SplitZero.CyclicDepth.localOrder_step' depends on axioms: [propext, Quot.sound]
2026-09-12T20:39:00.1969548Z {
2026-09-12T20:39:00.1969827Z   "axioms": {
2026-09-12T20:39:00.1970313Z     "SplitZero.ConormalTower.conormal_product": [
2026-09-12T20:39:00.1970658Z       "Classical.choice",
2026-09-12T20:39:00.1970899Z       "Quot.sound",
2026-09-12T20:39:00.1971138Z       "propext"
2026-09-12T20:39:00.1971335Z     ],
2026-09-12T20:39:00.1971577Z     "SplitZero.ConormalTower.cyclicDerivative": [
2026-09-12T20:39:00.1971889Z       "Classical.choice",
2026-09-12T20:39:00.1972122Z       "Quot.sound",
2026-09-12T20:39:00.1972316Z       "propext"
2026-09-12T20:39:00.1972499Z     ],
2026-09-12T20:39:00.1972716Z     "SplitZero.ConormalTower.cyclicLevel": [
2026-09-12T20:39:00.1972999Z       "Classical.choice",
2026-09-12T20:39:00.1973211Z       "Quot.sound",
2026-09-12T20:39:00.1973405Z       "propext"
2026-09-12T20:39:00.1973584Z     ],
2026-09-12T20:39:00.1973794Z     "SplitZero.ConormalTower.cyclic_square": [
2026-09-12T20:39:00.1974073Z       "Classical.choice",
2026-09-12T20:39:00.1974278Z       "Quot.sound",
2026-09-12T20:39:00.1974465Z       "propext"
2026-09-12T20:39:00.1974642Z     ],
2026-09-12T20:39:00.1974868Z     "SplitZero.ConormalTower.cyclic_unit_rule": [
2026-09-12T20:39:00.1975173Z       "Classical.choice",
2026-09-12T20:39:00.1975391Z       "Quot.sound",
2026-09-12T20:39:00.1975586Z       "propext"
2026-09-12T20:39:00.1975795Z     ],
2026-09-12T20:39:00.1976016Z     "SplitZero.ConormalTower.deriv_mem_pow": [
2026-09-12T20:39:00.1976299Z       "Classical.choice",
2026-09-12T20:39:00.1976899Z       "Quot.sound",
2026-09-12T20:39:00.1977088Z       "propext"
2026-09-12T20:39:00.1977272Z     ],
2026-09-12T20:39:00.1977480Z     "SplitZero.ConormalTower.descended": [
2026-09-12T20:39:00.1977753Z       "Classical.choice",
2026-09-12T20:39:00.1977958Z       "Quot.sound",
2026-09-12T20:39:00.1978147Z       "propext"
2026-09-12T20:39:00.1978366Z     ],
2026-09-12T20:39:00.1978572Z     "SplitZero.ConormalTower.descended_mk": [
2026-09-12T20:39:00.1978849Z       "Classical.choice",
2026-09-12T20:39:00.1979054Z       "Quot.sound",
2026-09-12T20:39:00.1979237Z       "propext"
2026-09-12T20:39:00.1979414Z     ],
2026-09-12T20:39:00.1979619Z     "SplitZero.ConormalTower.evaluation": [
2026-09-12T20:39:00.1979889Z       "Classical.choice",
2026-09-12T20:39:00.1980332Z       "Quot.sound",
2026-09-12T20:39:00.1980708Z       "propext"
2026-09-12T20:39:00.1980900Z     ],
2026-09-12T20:39:00.1981135Z     "SplitZero.ConormalTower.evaluation_injective": [
2026-09-12T20:39:00.1981437Z       "Classical.choice",
2026-09-12T20:39:00.1981654Z       "Quot.sound",
2026-09-12T20:39:00.1981843Z       "propext"
2026-09-12T20:39:00.1982023Z     ],
2026-09-12T20:39:00.1982224Z     "SplitZero.ConormalTower.level": [
2026-09-12T20:39:00.1982490Z       "Classical.choice",
2026-09-12T20:39:00.1982705Z       "Quot.sound",
2026-09-12T20:39:00.1982897Z       "propext"
2026-09-12T20:39:00.1983080Z     ],
2026-09-12T20:39:00.1983298Z     "SplitZero.ConormalTower.multiplier_rule": [
2026-09-12T20:39:00.1983591Z       "Classical.choice",
2026-09-12T20:39:00.1983799Z       "Quot.sound",
2026-09-12T20:39:00.1983985Z       "propext"
2026-09-12T20:39:00.1984164Z     ],
2026-09-12T20:39:00.1984393Z     "SplitZero.ConormalTower.polynomial_chain_rule": [
2026-09-12T20:39:00.1984696Z       "Classical.choice",
2026-09-12T20:39:00.1984909Z       "Quot.sound",
2026-09-12T20:39:00.1985096Z       "propext"
2026-09-12T20:39:00.1985272Z     ],
2026-09-12T20:39:00.1985480Z     "SplitZero.ConormalTower.projection": [
2026-09-12T20:39:00.1985760Z       "Classical.choice",
2026-09-12T20:39:00.1985967Z       "Quot.sound",
2026-09-12T20:39:00.1986151Z       "propext"
2026-09-12T20:39:00.1986328Z     ],
2026-09-12T20:39:00.1986531Z     "SplitZero.ConormalTower.top_level_zero": [
2026-09-12T20:39:00.1986814Z       "Classical.choice",
2026-09-12T20:39:00.1987018Z       "Quot.sound",
2026-09-12T20:39:00.1987202Z       "propext"
2026-09-12T20:39:00.1987377Z     ],
2026-09-12T20:39:00.1987586Z     "SplitZero.ConormalTower.tower_square": [
2026-09-12T20:39:00.1987863Z       "Classical.choice",
2026-09-12T20:39:00.1988070Z       "Quot.sound",
2026-09-12T20:39:00.1988255Z       "propext"
2026-09-12T20:39:00.1988439Z     ],
2026-09-12T20:39:00.1988649Z     "SplitZero.CyclicDepth.Admissible": [
2026-09-12T20:39:00.1988919Z       "Quot.sound",
2026-09-12T20:39:00.1989120Z       "propext"
2026-09-12T20:39:00.1989309Z     ],
2026-09-12T20:39:00.1989546Z     "SplitZero.CyclicDepth.admissible_iff_floor_sum": [
2026-09-12T20:39:00.1989844Z       "Quot.sound",
2026-09-12T20:39:00.1990151Z       "propext"
2026-09-12T20:39:00.1990334Z     ],
2026-09-12T20:39:00.1990570Z     "SplitZero.CyclicDepth.admissible_of_floor_sum": [
2026-09-12T20:39:00.1990868Z       "Quot.sound",
2026-09-12T20:39:00.1991064Z       "propext"
2026-09-12T20:39:00.1991255Z     ],
2026-09-12T20:39:00.1991467Z     "SplitZero.CyclicDepth.attained_maximum": [
2026-09-12T20:39:00.1991768Z       "Classical.choice",
2026-09-12T20:39:00.1991988Z       "Quot.sound",
2026-09-12T20:39:00.1992176Z       "propext"
2026-09-12T20:39:00.1992354Z     ],
2026-09-12T20:39:00.1992553Z     "SplitZero.CyclicDepth.ceiling": [
2026-09-12T20:39:00.1992839Z       "Quot.sound",
2026-09-12T20:39:00.1993169Z       "propext"
2026-09-12T20:39:00.1993353Z     ],
2026-09-12T20:39:00.1993556Z     "SplitZero.CyclicDepth.degree_le": [
2026-09-12T20:39:00.1993829Z       "Classical.choice",
2026-09-12T20:39:00.1994040Z       "Quot.sound",
2026-09-12T20:39:00.1994225Z       "propext"
2026-09-12T20:39:00.1994401Z     ],
2026-09-12T20:39:00.1994755Z     "SplitZero.CyclicDepth.extremal": [],
2026-09-12T20:39:00.1995069Z     "SplitZero.CyclicDepth.extremal_admissible": [
2026-09-12T20:39:00.1995372Z       "Classical.choice",
2026-09-12T20:39:00.1995587Z       "Quot.sound",
2026-09-12T20:39:00.1995779Z       "propext"
2026-09-12T20:39:00.1995964Z     ],
2026-09-12T20:39:00.1996179Z     "SplitZero.CyclicDepth.extremal_degree": [
2026-09-12T20:39:00.1996732Z       "Classical.choice",
2026-09-12T20:39:00.1997009Z       "Quot.sound",
2026-09-12T20:39:00.1997261Z       "propext"
2026-09-12T20:39:00.1997509Z     ],
2026-09-12T20:39:00.1997836Z     "SplitZero.CyclicDepth.floor_attained_maximum": [
2026-09-12T20:39:00.1998262Z       "Classical.choice",
2026-09-12T20:39:00.1998565Z       "Quot.sound",
2026-09-12T20:39:00.1998847Z       "propext"
2026-09-12T20:39:00.1999319Z     ],
2026-09-12T20:39:00.1999645Z     "SplitZero.CyclicDepth.floor_sum_of_admissible": [
2026-09-12T20:39:00.2000270Z       "Quot.sound",
2026-09-12T20:39:00.2000529Z       "propext"
2026-09-12T20:39:00.2000783Z     ],
2026-09-12T20:39:00.2001068Z     "SplitZero.CyclicDepth.localOrder": [
2026-09-12T20:39:00.2001335Z       "Quot.sound",
2026-09-12T20:39:00.2001530Z       "propext"
2026-09-12T20:39:00.2001716Z     ],
2026-09-12T20:39:00.2001933Z     "SplitZero.CyclicDepth.localOrder_step": [
2026-09-12T20:39:00.2002217Z       "Quot.sound",
2026-09-12T20:39:00.2002408Z       "propext"
2026-09-12T20:39:00.2002586Z     ]
2026-09-12T20:39:00.2002760Z   },
2026-09-12T20:39:00.2002942Z   "modules": 2,
2026-09-12T20:39:00.2003142Z   "selected_targets": 29,
2026-09-12T20:39:00.2003365Z   "source_sha256": {
2026-09-12T20:39:00.2003805Z     "SplitZeroConormalTower.lean": "0817bccbc362699b54b3cb3f6e1ea6bcc417ac9cabd35df3285af940ea6d5580",
2026-09-12T20:39:00.2004506Z     "SplitZeroCyclicDepth.lean": "97764365d88970910ecd6f12cd3d5f1fbf268a7c8939f34d529ed6c97b424463"
2026-09-12T20:39:00.2004953Z   }
2026-09-12T20:39:00.2005123Z }
2026-09-12T20:39:05.6406273Z {
2026-09-12T20:39:05.6406608Z   "axioms": {
2026-09-12T20:39:05.6407051Z     "SplitZero.FrontierEstimate.cross_abs": [
2026-09-12T20:39:05.6407529Z       "Classical.choice",
2026-09-12T20:39:05.6407866Z       "Quot.sound",
2026-09-12T20:39:05.6408134Z       "propext"
2026-09-12T20:39:05.6408326Z     ],
2026-09-12T20:39:05.6408556Z     "SplitZero.FrontierEstimate.cross_bound": [
2026-09-12T20:39:05.6408860Z       "Classical.choice",
2026-09-12T20:39:05.6409088Z       "Quot.sound",
2026-09-12T20:39:05.6409286Z       "propext"
2026-09-12T20:39:05.6409470Z     ],
2026-09-12T20:39:05.6409714Z     "SplitZero.FrontierEstimate.cross_bound_product": [
2026-09-12T20:39:05.6410216Z       "Classical.choice",
2026-09-12T20:39:05.6410523Z       "Quot.sound",
2026-09-12T20:39:05.6410714Z       "propext"
2026-09-12T20:39:05.6410896Z     ],
2026-09-12T20:39:05.6411123Z     "SplitZero.FrontierEstimate.map_bound": [
2026-09-12T20:39:05.6411406Z       "Classical.choice",
2026-09-12T20:39:05.6411612Z       "Quot.sound",
2026-09-12T20:39:05.6411799Z       "propext"
2026-09-12T20:39:05.6411998Z     ],
2026-09-12T20:39:05.6412234Z     "SplitZero.FrontierEstimate.old_boundary_bound": [
2026-09-12T20:39:05.6412539Z       "Classical.choice",
2026-09-12T20:39:05.6412752Z       "Quot.sound",
2026-09-12T20:39:05.6412941Z       "propext"
2026-09-12T20:39:05.6413120Z     ],
2026-09-12T20:39:05.6413342Z     "SplitZero.FrontierEstimate.restrict_bound": [
2026-09-12T20:39:05.6413635Z       "Classical.choice",
2026-09-12T20:39:05.6413840Z       "Quot.sound",
2026-09-12T20:39:05.6414024Z       "propext"
2026-09-12T20:39:05.6414205Z     ],
2026-09-12T20:39:05.6414419Z     "SplitZero.FrontierEstimate.two_sided": [
2026-09-12T20:39:05.6414706Z       "Classical.choice",
2026-09-12T20:39:05.6414912Z       "Quot.sound",
2026-09-12T20:39:05.6415094Z       "propext"
2026-09-12T20:39:05.6415277Z     ],
2026-09-12T20:39:05.6415495Z     "SplitZero.IncidenceEstimate.diagonal_bound": [
2026-09-12T20:39:05.6415794Z       "Classical.choice",
2026-09-12T20:39:05.6416000Z       "Quot.sound",
2026-09-12T20:39:05.6416456Z       "propext"
2026-09-12T20:39:05.6416633Z     ],
2026-09-12T20:39:05.6416872Z     "SplitZero.IncidenceEstimate.norm_sum_sq": [
2026-09-12T20:39:05.6417157Z       "Classical.choice",
2026-09-12T20:39:05.6417363Z       "Quot.sound",
2026-09-12T20:39:05.6417548Z       "propext"
2026-09-12T20:39:05.6417723Z     ],
2026-09-12T20:39:05.6417989Z     "SplitZero.IncidenceEstimate.raising_bound": [
2026-09-12T20:39:05.6418278Z       "Classical.choice",
2026-09-12T20:39:05.6418480Z       "Quot.sound",
2026-09-12T20:39:05.6418665Z       "propext"
2026-09-12T20:39:05.6418845Z     ],
2026-09-12T20:39:05.6419110Z     "SplitZero.IncidenceEstimate.raising_lowering_identity": [
2026-09-12T20:39:05.6419448Z       "Classical.choice",
2026-09-12T20:39:05.6419668Z       "Quot.sound",
2026-09-12T20:39:05.6419997Z       "propext"
2026-09-12T20:39:05.6420317Z     ],
2026-09-12T20:39:05.6420561Z     "SplitZero.MetricRestriction.complementary_trace": [
2026-09-12T20:39:05.6420877Z       "Classical.choice",
2026-09-12T20:39:05.6421092Z       "Quot.sound",
2026-09-12T20:39:05.6421276Z       "propext"
2026-09-12T20:39:05.6421453Z     ],
2026-09-12T20:39:05.6421696Z     "SplitZero.MetricRestriction.coordinate_inverse": [
2026-09-12T20:39:05.6422005Z       "Classical.choice",
2026-09-12T20:39:05.6422218Z       "Quot.sound",
2026-09-12T20:39:05.6422402Z       "propext"
2026-09-12T20:39:05.6422586Z     ],
2026-09-12T20:39:05.6422819Z     "SplitZero.MetricRestriction.inverse_compression": [
2026-09-12T20:39:05.6423118Z       "Classical.choice",
2026-09-12T20:39:05.6423323Z       "Quot.sound",
2026-09-12T20:39:05.6423506Z       "propext"
2026-09-12T20:39:05.6423681Z     ],
2026-09-12T20:39:05.6423911Z     "SplitZero.MetricRestriction.kernel_congruence": [
2026-09-12T20:39:05.6424209Z       "Classical.choice",
2026-09-12T20:39:05.6424424Z       "Quot.sound",
2026-09-12T20:39:05.6424608Z       "propext"
2026-09-12T20:39:05.6424782Z     ],
2026-09-12T20:39:05.6425015Z     "SplitZero.MetricRestriction.primal_compression": [
2026-09-12T20:39:05.6425312Z       "Classical.choice",
2026-09-12T20:39:05.6425513Z       "Quot.sound",
2026-09-12T20:39:05.6425695Z       "propext"
2026-09-12T20:39:05.6425869Z     ],
2026-09-12T20:39:05.6426101Z     "SplitZero.ProjectedHomology.Data.homologyEquiv": [
2026-09-12T20:39:05.6426409Z       "Classical.choice",
2026-09-12T20:39:05.6426631Z       "Quot.sound",
2026-09-12T20:39:05.6426821Z       "propext"
2026-09-12T20:39:05.6427001Z     ],
2026-09-12T20:39:05.6427273Z     "SplitZero.ProjectedHomology.Data.homologyEquiv_class": [
2026-09-12T20:39:05.6427625Z       "Classical.choice",
2026-09-12T20:39:05.6427842Z       "Quot.sound",
2026-09-12T20:39:05.6428032Z       "propext"
2026-09-12T20:39:05.6428210Z     ],
2026-09-12T20:39:05.6428455Z     "SplitZero.ProjectedHomology.Data.include_project": [
2026-09-12T20:39:05.6428779Z       "Classical.choice",
2026-09-12T20:39:05.6428990Z       "Quot.sound",
2026-09-12T20:39:05.6429177Z       "propext"
2026-09-12T20:39:05.6429356Z     ],
2026-09-12T20:39:05.6429578Z     "SplitZero.ProjectedHomology.Data.inclusion": [
2026-09-12T20:39:05.6429879Z       "Quot.sound",
2026-09-12T20:39:05.6430305Z       "propext"
2026-09-12T20:39:05.6430530Z     ],
2026-09-12T20:39:05.6430771Z     "SplitZero.ProjectedHomology.Data.project_include": [
2026-09-12T20:39:05.6431089Z       "Classical.choice",
2026-09-12T20:39:05.6431304Z       "Quot.sound",
2026-09-12T20:39:05.6431492Z       "propext"
2026-09-12T20:39:05.6431675Z     ],
2026-09-12T20:39:05.6431919Z     "SplitZero.ProjectedHomology.Data.projection": [
2026-09-12T20:39:05.6432216Z       "Quot.sound",
2026-09-12T20:39:05.6432402Z       "propext"
2026-09-12T20:39:05.6432580Z     ],
2026-09-12T20:39:05.6432797Z     "SplitZero.ProjectedHomology.Data.window": [
2026-09-12T20:39:05.6433082Z       "Quot.sound",
2026-09-12T20:39:05.6433280Z       "propext"
2026-09-12T20:39:05.6433456Z     ],
2026-09-12T20:39:05.6433697Z     "SplitZero.ProjectedHomology.averageHomologyEquiv": [
2026-09-12T20:39:05.6434010Z       "Classical.choice",
2026-09-12T20:39:05.6434375Z       "Quot.sound",
2026-09-12T20:39:05.6434560Z       "propext"
2026-09-12T20:39:05.6434737Z     ],
2026-09-12T20:39:05.6434942Z     "SplitZero.ProjectedHomology.fixed": [
2026-09-12T20:39:05.6435204Z       "propext"
2026-09-12T20:39:05.6435380Z     ],
2026-09-12T20:39:05.6435591Z     "SplitZero.ProjectedHomology.ofAverage": [
2026-09-12T20:39:05.6435880Z       "Classical.choice",
2026-09-12T20:39:05.6436088Z       "Quot.sound",
2026-09-12T20:39:05.6436272Z       "propext"
2026-09-12T20:39:05.6436447Z     ],
2026-09-12T20:39:05.6436680Z     "SplitZero.SignedProjector.Action.averageChain": [
2026-09-12T20:39:05.6436981Z       "Classical.choice",
2026-09-12T20:39:05.6437187Z       "Quot.sound",
2026-09-12T20:39:05.6437372Z       "propext"
2026-09-12T20:39:05.6437545Z     ],
2026-09-12T20:39:05.6438009Z     "SplitZero.SignedProjector.Action.complementHomology": [
2026-09-12T20:39:05.6438348Z       "Classical.choice",
2026-09-12T20:39:05.6438555Z       "Quot.sound",
2026-09-12T20:39:05.6438745Z       "propext"
2026-09-12T20:39:05.6438928Z     ],
2026-09-12T20:39:05.6439192Z     "SplitZero.SignedProjector.Action.complement_idempotent": [
2026-09-12T20:39:05.6439530Z       "Classical.choice",
2026-09-12T20:39:05.6439735Z       "Quot.sound",
2026-09-12T20:39:05.6439921Z       "propext"
2026-09-12T20:39:05.6440209Z     ],
2026-09-12T20:39:05.6440480Z     "SplitZero.SignedProjector.Action.homology_decomposition": [
2026-09-12T20:39:05.6440819Z       "Classical.choice",
2026-09-12T20:39:05.6441027Z       "Quot.sound",
2026-09-12T20:39:05.6441218Z       "propext"
2026-09-12T20:39:05.6441396Z     ],
2026-09-12T20:39:05.6441653Z     "SplitZero.SignedProjector.Action.homology_idempotent": [
2026-09-12T20:39:05.6441978Z       "Classical.choice",
2026-09-12T20:39:05.6442179Z       "Quot.sound",
2026-09-12T20:39:05.6442379Z       "propext"
2026-09-12T20:39:05.6442555Z     ],
2026-09-12T20:39:05.6442787Z     "SplitZero.SignedProjector.Action.invariant_class": [
2026-09-12T20:39:05.6443092Z       "Classical.choice",
2026-09-12T20:39:05.6443300Z       "Quot.sound",
2026-09-12T20:39:05.6443485Z       "propext"
2026-09-12T20:39:05.6443658Z     ],
2026-09-12T20:39:05.6443874Z     "SplitZero.SignedProjector.average_apply": [
2026-09-12T20:39:05.6444163Z       "Classical.choice",
2026-09-12T20:39:05.6444365Z       "Quot.sound",
2026-09-12T20:39:05.6444551Z       "propext"
2026-09-12T20:39:05.6444729Z     ],
2026-09-12T20:39:05.6444964Z     "SplitZero.SignedProjector.average_idempotent": [
2026-09-12T20:39:05.6445269Z       "Classical.choice",
2026-09-12T20:39:05.6445479Z       "Quot.sound",
2026-09-12T20:39:05.6445668Z       "propext"
2026-09-12T20:39:05.6445846Z     ],
2026-09-12T20:39:05.6446064Z     "SplitZero.SignedProjector.average_natural": [
2026-09-12T20:39:05.6446356Z       "Classical.choice",
2026-09-12T20:39:05.6446579Z       "Quot.sound",
2026-09-12T20:39:05.6446766Z       "propext"
2026-09-12T20:39:05.6446943Z     ],
2026-09-12T20:39:05.6447170Z     "SplitZero.SignedProjector.preserves_invariant": [
2026-09-12T20:39:05.6447473Z       "Classical.choice",
2026-09-12T20:39:05.6447680Z       "Quot.sound",
2026-09-12T20:39:05.6447867Z       "propext"
2026-09-12T20:39:05.6448044Z     ],
2026-09-12T20:39:05.6448274Z     "SplitZero.SignedProjector.signed_average_apply": [
2026-09-12T20:39:05.6448572Z       "Classical.choice",
2026-09-12T20:39:05.6448777Z       "Quot.sound",
2026-09-12T20:39:05.6448962Z       "propext"
2026-09-12T20:39:05.6449143Z     ],
2026-09-12T20:39:05.6449356Z     "SplitZero.SignedProjector.top_double_sign": [
2026-09-12T20:39:05.6449639Z       "Classical.choice",
2026-09-12T20:39:05.6449839Z       "Quot.sound",
2026-09-12T20:39:05.6450147Z       "propext"
2026-09-12T20:39:05.6450327Z     ],
2026-09-12T20:39:05.6450563Z     "SplitZero.SignedProjector.top_preserves_invariant": [
2026-09-12T20:39:05.6450879Z       "Classical.choice",
2026-09-12T20:39:05.6451089Z       "Quot.sound",
2026-09-12T20:39:05.6451273Z       "propext"
2026-09-12T20:39:05.6451451Z     ],
2026-09-12T20:39:05.6451649Z     "SplitZero.SignedProjector.twist": [
2026-09-12T20:39:05.6452072Z       "Classical.choice",
2026-09-12T20:39:05.6452273Z       "Quot.sound",
2026-09-12T20:39:05.6452455Z       "propext"
2026-09-12T20:39:05.6452633Z     ]
2026-09-12T20:39:05.6452800Z   },
2026-09-12T20:39:05.6452975Z   "modules": 5,
2026-09-12T20:39:05.6453167Z   "selected_targets": 40,
2026-09-12T20:39:05.6453378Z   "source_sha256": {
2026-09-12T20:39:05.6453823Z     "SplitZeroFrontierEstimate.lean": "eee78082cdbfc70c56f95cd1075a3255877b04c72b9dca7fb15f958e1f24eaaf",
2026-09-12T20:39:05.6454536Z     "SplitZeroIncidenceEstimate.lean": "c84a8ed3d2c38f9279267f8d7176862b4c5befe1f91b409856ee76901b2f5000",
2026-09-12T20:39:05.6455242Z     "SplitZeroMetricRestriction.lean": "62138bb45b5a5ca8cf79c19be13649638690a34cf5292bae02bfb57dac2b7f30",
2026-09-12T20:39:05.6456115Z     "SplitZeroProjectedHomology.lean": "0659b565a791964c6c06dac557ea90f255bca4aaae5f17c2495ea561d77e1148",
2026-09-12T20:39:05.6456795Z     "SplitZeroSignedProjector.lean": "1c80150b4e249c7bd09815e4dbe16a4f71756400846178e90b0687e8f473a9f1"
2026-09-12T20:39:05.6457249Z   }
2026-09-12T20:39:05.6457426Z }
2026-09-12T20:39:11.1019808Z {
2026-09-12T20:39:11.1020336Z   "axioms": {
2026-09-12T20:39:11.1020797Z     "SplitZero.BoundaryIntegration.allPacketHomotopies": [
2026-09-12T20:39:11.1021363Z       "Classical.choice",
2026-09-12T20:39:11.1021709Z       "Quot.sound",
2026-09-12T20:39:11.1022006Z       "propext"
2026-09-12T20:39:11.1022285Z     ],
2026-09-12T20:39:11.1022737Z     "SplitZero.BoundaryIntegration.packetProjector_idempotent": [
2026-09-12T20:39:11.1023293Z       "Quot.sound",
2026-09-12T20:39:11.1023579Z       "propext"
2026-09-12T20:39:11.1023850Z     ],
2026-09-12T20:39:11.1024226Z     "SplitZero.BoundaryIntegration.packet_annihilator": [
2026-09-12T20:39:11.1024709Z       "Quot.sound",
2026-09-12T20:39:11.1025033Z       "propext"
2026-09-12T20:39:11.1025296Z     ],
2026-09-12T20:39:11.1025681Z     "SplitZero.BoundaryIntegration.projector_commutator": [
2026-09-12T20:39:11.1026213Z       "Quot.sound",
2026-09-12T20:39:11.1026530Z       "propext"
2026-09-12T20:39:11.1026814Z     ],
2026-09-12T20:39:11.1027256Z     "SplitZero.BoundaryIntegration.quotientTransportLift": [
2026-09-12T20:39:11.1027844Z       "Classical.choice",
2026-09-12T20:39:11.1028198Z       "Quot.sound",
2026-09-12T20:39:11.1028499Z       "propext"
2026-09-12T20:39:11.1028784Z     ],
2026-09-12T20:39:11.1029243Z     "SplitZero.BoundaryIntegration.quotientTransport_fibre_zero": [
2026-09-12T20:39:11.1029851Z       "Classical.choice",
2026-09-12T20:39:11.1030356Z       "Quot.sound",
2026-09-12T20:39:11.1030644Z       "propext"
2026-09-12T20:39:11.1030983Z     ],
2026-09-12T20:39:11.1031415Z     "SplitZero.BoundaryIntegration.quotientTransport_not_absent": [
2026-09-12T20:39:11.1032005Z       "Classical.choice",
2026-09-12T20:39:11.1032339Z       "Quot.sound",
2026-09-12T20:39:11.1032617Z       "propext"
2026-09-12T20:39:11.1032856Z     ],
2026-09-12T20:39:11.1033192Z     "SplitZero.BoundaryIntegration.representative_jets": [
2026-09-12T20:39:11.1033722Z       "Classical.choice",
2026-09-12T20:39:11.1034053Z       "Quot.sound",
2026-09-12T20:39:11.1034330Z       "propext"
2026-09-12T20:39:11.1034583Z     ],
2026-09-12T20:39:11.1034914Z     "SplitZero.JointHomotopy.activeDiagram": [
2026-09-12T20:39:11.1035392Z       "Classical.choice",
2026-09-12T20:39:11.1035736Z       "Quot.sound",
2026-09-12T20:39:11.1036033Z       "propext"
2026-09-12T20:39:11.1036320Z     ],
2026-09-12T20:39:11.1036668Z     "SplitZero.JointHomotopy.classifiedLift": [
2026-09-12T20:39:11.1037151Z       "Classical.choice",
2026-09-12T20:39:11.1037488Z       "Quot.sound",
2026-09-12T20:39:11.1037785Z       "propext"
2026-09-12T20:39:11.1038070Z     ],
2026-09-12T20:39:11.1038412Z     "SplitZero.JointHomotopy.differential": [
2026-09-12T20:39:11.1038892Z       "Classical.choice",
2026-09-12T20:39:11.1039211Z       "Quot.sound",
2026-09-12T20:39:11.1039489Z       "propext"
2026-09-12T20:39:11.1039750Z     ],
2026-09-12T20:39:11.1040217Z     "SplitZero.JointHomotopy.le_sync": [
2026-09-12T20:39:11.1041339Z       "Classical.choice",
2026-09-12T20:39:11.1041655Z       "Quot.sound",
2026-09-12T20:39:11.1041939Z       "propext"
2026-09-12T20:39:11.1042190Z     ],
2026-09-12T20:39:11.1042467Z     "SplitZero.JointHomotopy.legDiagram": [
2026-09-12T20:39:11.1042895Z       "Classical.choice",
2026-09-12T20:39:11.1043248Z       "Quot.sound",
2026-09-12T20:39:11.1043535Z       "propext"
2026-09-12T20:39:11.1043800Z     ],
2026-09-12T20:39:11.1044116Z     "SplitZero.JointHomotopy.lift": [
2026-09-12T20:39:11.1044554Z       "Classical.choice",
2026-09-12T20:39:11.1044895Z       "Quot.sound",
2026-09-12T20:39:11.1045201Z       "propext"
2026-09-12T20:39:11.1045468Z     ],
2026-09-12T20:39:11.1045768Z     "SplitZero.JointHomotopy.lifted_boundary": [
2026-09-12T20:39:11.1046415Z       "Classical.choice",
2026-09-12T20:39:11.1046747Z       "Quot.sound",
2026-09-12T20:39:11.1047038Z       "propext"
2026-09-12T20:39:11.1047318Z     ],
2026-09-12T20:39:11.1047652Z     "SplitZero.JointHomotopy.lifted_cycle": [
2026-09-12T20:39:11.1048113Z       "Classical.choice",
2026-09-12T20:39:11.1048440Z       "Quot.sound",
2026-09-12T20:39:11.1048738Z       "propext"
2026-09-12T20:39:11.1049010Z     ],
2026-09-12T20:39:11.1049346Z     "SplitZero.JointHomotopy.syncActive": [
2026-09-12T20:39:11.1049791Z       "Classical.choice",
2026-09-12T20:39:11.1050275Z       "Quot.sound",
2026-09-12T20:39:11.1050569Z       "propext"
2026-09-12T20:39:11.1050848Z     ],
2026-09-12T20:39:11.1051173Z     "SplitZero.JointHomotopy.syncIndex": [
2026-09-12T20:39:11.1051618Z       "Classical.choice",
2026-09-12T20:39:11.1051952Z       "Quot.sound",
2026-09-12T20:39:11.1052244Z       "propext"
2026-09-12T20:39:11.1052517Z     ],
2026-09-12T20:39:11.1052821Z     "SplitZero.JointHomotopy.syncLeg": [
2026-09-12T20:39:11.1053270Z       "Classical.choice",
2026-09-12T20:39:11.1053611Z       "Quot.sound",
2026-09-12T20:39:11.1053905Z       "propext"
2026-09-12T20:39:11.1054184Z     ],
2026-09-12T20:39:11.1054533Z     "SplitZero.OrthogonalControl.gram_downdate": [
2026-09-12T20:39:11.1055013Z       "Classical.choice",
2026-09-12T20:39:11.1055343Z       "Quot.sound",
2026-09-12T20:39:11.1055648Z       "propext"
2026-09-12T20:39:11.1055934Z     ],
2026-09-12T20:39:11.1056353Z     "SplitZero.OrthogonalControl.gram_downdate_rank_le_one": [
2026-09-12T20:39:11.1056913Z       "Classical.choice",
2026-09-12T20:39:11.1057253Z       "Quot.sound",
2026-09-12T20:39:11.1057561Z       "propext"
2026-09-12T20:39:11.1057832Z     ],
2026-09-12T20:39:11.1058231Z     "SplitZero.OrthogonalControl.gram_minimum_decomposition": [
2026-09-12T20:39:11.1058743Z       "Classical.choice",
2026-09-12T20:39:11.1059074Z       "Quot.sound",
2026-09-12T20:39:11.1059377Z       "propext"
2026-09-12T20:39:11.1059653Z     ],
2026-09-12T20:39:11.1060172Z     "SplitZero.OrthogonalControl.gram_minimum_posSemidef": [
2026-09-12T20:39:11.1060706Z       "Classical.choice",
2026-09-12T20:39:11.1061043Z       "Quot.sound",
2026-09-12T20:39:11.1061333Z       "propext"
2026-09-12T20:39:11.1061630Z     ],
2026-09-12T20:39:11.1062032Z     "SplitZero.OrthogonalControl.gram_posDef_of_source_jets": [
2026-09-12T20:39:11.1062573Z       "Classical.choice",
2026-09-12T20:39:11.1062909Z       "Quot.sound",
2026-09-12T20:39:11.1063211Z       "propext"
2026-09-12T20:39:11.1063484Z     ],
2026-09-12T20:39:11.1063802Z     "SplitZero.OrthogonalControl.green_identity": [
2026-09-12T20:39:11.1064299Z       "Classical.choice",
2026-09-12T20:39:11.1064609Z       "Quot.sound",
2026-09-12T20:39:11.1064907Z       "propext"
2026-09-12T20:39:11.1065191Z     ],
2026-09-12T20:39:11.1065539Z     "SplitZero.OrthogonalControl.next_row_zero": [
2026-09-12T20:39:11.1066037Z       "Classical.choice",
2026-09-12T20:39:11.1066361Z       "Quot.sound",
2026-09-12T20:39:11.1066643Z       "propext"
2026-09-12T20:39:11.1066915Z     ],
2026-09-12T20:39:11.1067305Z     "SplitZero.OrthogonalControl.one_new_relation_control": [
2026-09-12T20:39:11.1067816Z       "Classical.choice",
2026-09-12T20:39:11.1068141Z       "Quot.sound",
2026-09-12T20:39:11.1068635Z       "propext"
2026-09-12T20:39:11.1068903Z     ],
2026-09-12T20:39:11.1069308Z     "SplitZero.OrthogonalControl.one_new_relation_rank_le_two": [
2026-09-12T20:39:11.1069871Z       "Classical.choice",
2026-09-12T20:39:11.1070354Z       "Quot.sound",
2026-09-12T20:39:11.1070640Z       "propext"
2026-09-12T20:39:11.1070889Z     ],
2026-09-12T20:39:11.1071244Z     "SplitZero.OrthogonalControl.pythagorean_pair": [
2026-09-12T20:39:11.1071760Z       "Classical.choice",
2026-09-12T20:39:11.1072092Z       "Quot.sound",
2026-09-12T20:39:11.1072358Z       "propext"
2026-09-12T20:39:11.1072617Z     ],
2026-09-12T20:39:11.1072961Z     "SplitZero.OrthogonalControl.residual_orthogonal": [
2026-09-12T20:39:11.1073471Z       "Classical.choice",
2026-09-12T20:39:11.1073938Z       "Quot.sound",
2026-09-12T20:39:11.1074215Z       "propext"
2026-09-12T20:39:11.1074468Z     ],
2026-09-12T20:39:11.1074852Z     "SplitZero.OrthogonalControl.residual_relation_invariant": [
2026-09-12T20:39:11.1075351Z       "Classical.choice",
2026-09-12T20:39:11.1075749Z       "Quot.sound",
2026-09-12T20:39:11.1076020Z       "propext"
2026-09-12T20:39:11.1076286Z     ],
2026-09-12T20:39:11.1076674Z     "SplitZero.OrthogonalControl.weight_defect_one_layer": [
2026-09-12T20:39:11.1077326Z       "Classical.choice",
2026-09-12T20:39:11.1077784Z       "Quot.sound",
2026-09-12T20:39:11.1078297Z       "propext"
2026-09-12T20:39:11.1078889Z     ],
2026-09-12T20:39:11.1079343Z     "SplitZero.RankTwoControl.compressed_det": [
2026-09-12T20:39:11.1080221Z       "Classical.choice",
2026-09-12T20:39:11.1080723Z       "Quot.sound",
2026-09-12T20:39:11.1081197Z       "propext"
2026-09-12T20:39:11.1081681Z     ],
2026-09-12T20:39:11.1082182Z     "SplitZero.RankTwoControl.compressed_real_root": [
2026-09-12T20:39:11.1082885Z       "Classical.choice",
2026-09-12T20:39:11.1083369Z       "Quot.sound",
2026-09-12T20:39:11.1094274Z       "propext"
2026-09-12T20:39:11.1094544Z     ],
2026-09-12T20:39:11.1094809Z     "SplitZero.RankTwoControl.eigenvector_transfer": [
2026-09-12T20:39:11.1095158Z       "Classical.choice",
2026-09-12T20:39:11.1095385Z       "Quot.sound",
2026-09-12T20:39:11.1095587Z       "propext"
2026-09-12T20:39:11.1095783Z     ],
2026-09-12T20:39:11.1096022Z     "SplitZero.RankTwoControl.factorization": [
2026-09-12T20:39:11.1096331Z       "Classical.choice",
2026-09-12T20:39:11.1096557Z       "Quot.sound",
2026-09-12T20:39:11.1096756Z       "propext"
2026-09-12T20:39:11.1096946Z     ],
2026-09-12T20:39:11.1097169Z     "SplitZero.RankTwoControl.hermitian": [
2026-09-12T20:39:11.1097464Z       "Classical.choice",
2026-09-12T20:39:11.1097682Z       "Quot.sound",
2026-09-12T20:39:11.1097874Z       "propext"
2026-09-12T20:39:11.1098066Z     ],
2026-09-12T20:39:11.1098282Z     "SplitZero.RankTwoControl.max_abs_roots": [
2026-09-12T20:39:11.1098585Z       "Classical.choice",
2026-09-12T20:39:11.1098797Z       "Quot.sound",
2026-09-12T20:39:11.1098988Z       "propext"
2026-09-12T20:39:11.1099167Z     ],
2026-09-12T20:39:11.1099404Z     "SplitZero.RankTwoControl.nonzero_eigenvalues_iff": [
2026-09-12T20:39:11.1099726Z       "Classical.choice",
2026-09-12T20:39:11.1099934Z       "Quot.sound",
2026-09-12T20:39:11.1100304Z       "propext"
2026-09-12T20:39:11.1100485Z     ],
2026-09-12T20:39:11.1100732Z     "SplitZero.RankTwoControl.normalized_factorization": [
2026-09-12T20:39:11.1101048Z       "Classical.choice",
2026-09-12T20:39:11.1101255Z       "Quot.sound",
2026-09-12T20:39:11.1101450Z       "propext"
2026-09-12T20:39:11.1101628Z     ],
2026-09-12T20:39:11.1101858Z     "SplitZero.RankTwoControl.radicand_nonnegative": [
2026-09-12T20:39:11.1102155Z       "Classical.choice",
2026-09-12T20:39:11.1102361Z       "Quot.sound",
2026-09-12T20:39:11.1102549Z       "propext"
2026-09-12T20:39:11.1102724Z     ],
2026-09-12T20:39:11.1102939Z     "SplitZero.RankTwoControl.rank_le_two": [
2026-09-12T20:39:11.1103221Z       "Classical.choice",
2026-09-12T20:39:11.1103428Z       "Quot.sound",
2026-09-12T20:39:11.1103614Z       "propext"
2026-09-12T20:39:11.1104015Z     ],
2026-09-12T20:39:11.1104229Z     "SplitZero.RankTwoControl.real_roots": [
2026-09-12T20:39:11.1104500Z       "Classical.choice",
2026-09-12T20:39:11.1104707Z       "Quot.sound",
2026-09-12T20:39:11.1104900Z       "propext"
2026-09-12T20:39:11.1105096Z     ],
2026-09-12T20:39:11.1105336Z     "SplitZero.RankTwoControl.symmetric_allowance": [
2026-09-12T20:39:11.1105639Z       "Classical.choice",
2026-09-12T20:39:11.1105859Z       "Quot.sound",
2026-09-12T20:39:11.1106049Z       "propext"
2026-09-12T20:39:11.1106231Z     ],
2026-09-12T20:39:11.1106462Z     "SplitZero.RankTwoControl.trace_zero_allowance": [
2026-09-12T20:39:11.1106770Z       "Classical.choice",
2026-09-12T20:39:11.1106979Z       "Quot.sound",
2026-09-12T20:39:11.1107163Z       "propext"
2026-09-12T20:39:11.1107344Z     ],
2026-09-12T20:39:11.1107695Z     "SplitZero.Reconstruction.Hom.reindexed": [
2026-09-12T20:39:11.1107993Z       "Quot.sound",
2026-09-12T20:39:11.1108191Z       "propext"
2026-09-12T20:39:11.1108377Z     ],
2026-09-12T20:39:11.1108615Z     "SplitZero.Reconstruction.Hom.reindexed_total": [
2026-09-12T20:39:11.1108908Z       "Quot.sound",
2026-09-12T20:39:11.1109098Z       "propext"
2026-09-12T20:39:11.1109279Z     ],
2026-09-12T20:39:11.1109540Z     "SplitZero.Reconstruction.ReindexedHom.killed_fibre": [
2026-09-12T20:39:11.1109862Z       "Quot.sound",
2026-09-12T20:39:11.1110249Z       "propext"
2026-09-12T20:39:11.1110431Z     ],
2026-09-12T20:39:11.1110705Z     "SplitZero.Reconstruction.ReindexedHom.killed_not_absent": [
2026-09-12T20:39:11.1111042Z       "Quot.sound",
2026-09-12T20:39:11.1111233Z       "propext"
2026-09-12T20:39:11.1111414Z     ],
2026-09-12T20:39:11.1111682Z     "SplitZero.Reconstruction.ReindexedHom.supported_zero": [
2026-09-12T20:39:11.1112018Z       "Quot.sound",
2026-09-12T20:39:11.1112221Z       "propext"
2026-09-12T20:39:11.1112399Z     ],
2026-09-12T20:39:11.1112628Z     "SplitZero.Reconstruction.ReindexedHom.total": [
2026-09-12T20:39:11.1112924Z       "Quot.sound",
2026-09-12T20:39:11.1113128Z       "propext"
2026-09-12T20:39:11.1113309Z     ],
2026-09-12T20:39:11.1113566Z     "SplitZero.Reconstruction.supportIndex_monotone": [
2026-09-12T20:39:11.1113872Z       "propext"
2026-09-12T20:39:11.1114053Z     ],
2026-09-12T20:39:11.1114269Z     "SplitZero.RelationLayer.boundary_class": [
2026-09-12T20:39:11.1114570Z       "Classical.choice",
2026-09-12T20:39:11.1114788Z       "Quot.sound",
2026-09-12T20:39:11.1114984Z       "propext"
2026-09-12T20:39:11.1115165Z     ],
2026-09-12T20:39:11.1115381Z     "SplitZero.RelationLayer.boundary_dies_next": [
2026-09-12T20:39:11.1115816Z       "Classical.choice",
2026-09-12T20:39:11.1116028Z       "Quot.sound",
2026-09-12T20:39:11.1116216Z       "propext"
2026-09-12T20:39:11.1116392Z     ],
2026-09-12T20:39:11.1116621Z     "SplitZero.RelationLayer.class_smul_nonzero_iff": [
2026-09-12T20:39:11.1116917Z       "Classical.choice",
2026-09-12T20:39:11.1117124Z       "Quot.sound",
2026-09-12T20:39:11.1117315Z       "propext"
2026-09-12T20:39:11.1117490Z     ],
2026-09-12T20:39:11.1117699Z     "SplitZero.RelationLayer.derivative": [
2026-09-12T20:39:11.1117975Z       "Classical.choice",
2026-09-12T20:39:11.1118180Z       "Quot.sound",
2026-09-12T20:39:11.1118367Z       "propext"
2026-09-12T20:39:11.1118544Z     ],
2026-09-12T20:39:11.1118797Z     "SplitZero.RelationLayer.derivative_eq_data_derivative": [
2026-09-12T20:39:11.1119127Z       "Classical.choice",
2026-09-12T20:39:11.1119336Z       "Quot.sound",
2026-09-12T20:39:11.1119521Z       "propext"
2026-09-12T20:39:11.1119698Z     ],
2026-09-12T20:39:11.1119914Z     "SplitZero.RelationLayer.derivative_mk": [
2026-09-12T20:39:11.1120367Z       "Classical.choice",
2026-09-12T20:39:11.1120574Z       "Quot.sound",
2026-09-12T20:39:11.1120762Z       "propext"
2026-09-12T20:39:11.1120941Z     ],
2026-09-12T20:39:11.1121160Z     "SplitZero.RelationLayer.kernelEquiv": [
2026-09-12T20:39:11.1121444Z       "Classical.choice",
2026-09-12T20:39:11.1121652Z       "Quot.sound",
2026-09-12T20:39:11.1121834Z       "propext"
2026-09-12T20:39:11.1122166Z     ],
2026-09-12T20:39:11.1122381Z     "SplitZero.RelationLayer.layerMap_bijective": [
2026-09-12T20:39:11.1122675Z       "Classical.choice",
2026-09-12T20:39:11.1122880Z       "Quot.sound",
2026-09-12T20:39:11.1123067Z       "propext"
2026-09-12T20:39:11.1123242Z     ],
2026-09-12T20:39:11.1123473Z     "SplitZero.RelationLayer.oneNewRelationEquiv": [
2026-09-12T20:39:11.1123776Z       "Classical.choice",
2026-09-12T20:39:11.1123981Z       "Quot.sound",
2026-09-12T20:39:11.1124167Z       "propext"
2026-09-12T20:39:11.1124340Z     ],
2026-09-12T20:39:11.1124585Z     "SplitZero.RelationLayer.oneNewRelationEquiv_apply": [
2026-09-12T20:39:11.1124903Z       "Classical.choice",
2026-09-12T20:39:11.1125107Z       "Quot.sound",
2026-09-12T20:39:11.1125299Z       "propext"
2026-09-12T20:39:11.1125601Z     ],
2026-09-12T20:39:11.1125835Z     "SplitZero.RelationLayer.orthogonalLayerEquiv": [
2026-09-12T20:39:11.1126136Z       "Classical.choice",
2026-09-12T20:39:11.1126338Z       "Quot.sound",
2026-09-12T20:39:11.1126529Z       "propext"
2026-09-12T20:39:11.1126702Z     ],
2026-09-12T20:39:11.1126950Z     "SplitZero.RelationLayer.orthogonalLayerEquiv_apply": [
2026-09-12T20:39:11.1127269Z       "Classical.choice",
2026-09-12T20:39:11.1127474Z       "Quot.sound",
2026-09-12T20:39:11.1127656Z       "propext"
2026-09-12T20:39:11.1127835Z     ],
2026-09-12T20:39:11.1128068Z     "SplitZero.RelationLayer.scalarKernel_bijective": [
2026-09-12T20:39:11.1128372Z       "Classical.choice",
2026-09-12T20:39:11.1128581Z       "Quot.sound",
2026-09-12T20:39:11.1128768Z       "propext"
2026-09-12T20:39:11.1128954Z     ],
2026-09-12T20:39:11.1129158Z     "SplitZero.RelationLayer.transport": [
2026-09-12T20:39:11.1129430Z       "Classical.choice",
2026-09-12T20:39:11.1129636Z       "Quot.sound",
2026-09-12T20:39:11.1129824Z       "propext"
2026-09-12T20:39:11.1130178Z     ],
2026-09-12T20:39:11.1130458Z     "SplitZero.RelationLayer.transport_eq_data_transition": [
2026-09-12T20:39:11.1130785Z       "Classical.choice",
2026-09-12T20:39:11.1131000Z       "Quot.sound",
2026-09-12T20:39:11.1131184Z       "propext"
2026-09-12T20:39:11.1131361Z     ],
2026-09-12T20:39:11.1131583Z     "SplitZero.RelationLayer.transport_kills_iff": [
2026-09-12T20:39:11.1131876Z       "Classical.choice",
2026-09-12T20:39:11.1132080Z       "Quot.sound",
2026-09-12T20:39:11.1132265Z       "propext"
2026-09-12T20:39:11.1132443Z     ]
2026-09-12T20:39:11.1132618Z   },
2026-09-12T20:39:11.1132795Z   "modules": 6,
2026-09-12T20:39:11.1132996Z   "selected_targets": 68,
2026-09-12T20:39:11.1133215Z   "source_sha256": {
2026-09-12T20:39:11.1133667Z     "SplitZeroBoundaryIntegration.lean": "9161bdd49e5f8934444ef192cb2345ec0cdb5131d9f5573b6396f2211b4fa128",
2026-09-12T20:39:11.1134388Z     "SplitZeroJointHomotopy.lean": "d060d6640824f08a1f50dc84be6b04a82f0c4fc04660930d3aaea2a8472a1358",
2026-09-12T20:39:11.1135088Z     "SplitZeroOrthogonalControl.lean": "5343d1b5a84ea38b6c1b20c44557f717fc62275177ddaf340f2fb3ffe806b434",
2026-09-12T20:39:11.1135781Z     "SplitZeroRankTwoControl.lean": "f49f8057e5f0051cefa9eaa1324b6e7165a5b946086d964033ed64fdbba92700",
2026-09-12T20:39:11.1136536Z     "SplitZeroRelationLayerIntegration.lean": "79630bdf03f1db40b523af0671e94769011b4a31cab68be8ccf763b1cca3b762",
2026-09-12T20:39:11.1137304Z     "SplitZeroSupportChangeIntegration.lean": "bde4993930f8a13c2ade6540c7f27f0a963e4d894406b0a46a540c5680ba7577"
2026-09-12T20:39:11.1137799Z   }
2026-09-12T20:39:11.1137969Z }
2026-09-12T20:39:16.5881577Z {
2026-09-12T20:39:16.5881936Z   "axioms": {
2026-09-12T20:39:16.5882406Z     "SplitZero.BoundaryControl.Data.boundary_apply": [
2026-09-12T20:39:16.5882926Z       "Classical.choice",
2026-09-12T20:39:16.5883243Z       "Quot.sound",
2026-09-12T20:39:16.5883449Z       "propext"
2026-09-12T20:39:16.5883659Z     ],
2026-09-12T20:39:16.5883962Z     "SplitZero.BoundaryControl.Data.boundary_quotient": [
2026-09-12T20:39:16.5884308Z       "Classical.choice",
2026-09-12T20:39:16.5884525Z       "Quot.sound",
2026-09-12T20:39:16.5884720Z       "propext"
2026-09-12T20:39:16.5885203Z     ],
2026-09-12T20:39:16.5885454Z     "SplitZero.BoundaryControl.Data.control_boundary": [
2026-09-12T20:39:16.5885770Z       "Classical.choice",
2026-09-12T20:39:16.5885979Z       "Quot.sound",
2026-09-12T20:39:16.5886168Z       "propext"
2026-09-12T20:39:16.5886348Z     ],
2026-09-12T20:39:16.5886579Z     "SplitZero.BoundaryControl.Data.control_cross": [
2026-09-12T20:39:16.5886884Z       "Classical.choice",
2026-09-12T20:39:16.5887091Z       "Quot.sound",
2026-09-12T20:39:16.5887276Z       "propext"
2026-09-12T20:39:16.5887456Z     ],
2026-09-12T20:39:16.5887676Z     "SplitZero.BoundaryControl.Data.gram_downdate": [
2026-09-12T20:39:16.5887967Z       "Classical.choice",
2026-09-12T20:39:16.5888169Z       "Quot.sound",
2026-09-12T20:39:16.5888353Z       "propext"
2026-09-12T20:39:16.5888682Z     ],
2026-09-12T20:39:16.5888959Z     "SplitZero.BoundaryControl.Data.next_pair_representative": [
2026-09-12T20:39:16.5889301Z       "Classical.choice",
2026-09-12T20:39:16.5889520Z       "Quot.sound",
2026-09-12T20:39:16.5889707Z       "propext"
2026-09-12T20:39:16.5889884Z     ],
2026-09-12T20:39:16.5890409Z     "SplitZero.BoundaryControl.Data.rank_two_formula": [
2026-09-12T20:39:16.5890727Z       "Classical.choice",
2026-09-12T20:39:16.5890946Z       "Quot.sound",
2026-09-12T20:39:16.5891143Z       "propext"
2026-09-12T20:39:16.5891330Z     ],
2026-09-12T20:39:16.5891579Z     "SplitZero.BoundaryControl.Data.representative": [
2026-09-12T20:39:16.5891891Z       "Classical.choice",
2026-09-12T20:39:16.5892101Z       "Quot.sound",
2026-09-12T20:39:16.5892292Z       "propext"
2026-09-12T20:39:16.5892472Z     ],
2026-09-12T20:39:16.5892743Z     "SplitZero.BoundaryControl.Data.representative_orthogonal": [
2026-09-12T20:39:16.5893089Z       "Classical.choice",
2026-09-12T20:39:16.5893302Z       "Quot.sound",
2026-09-12T20:39:16.5893489Z       "propext"
2026-09-12T20:39:16.5893664Z     ],
2026-09-12T20:39:16.5893921Z     "SplitZero.ControlCompression.compressed_determinant": [
2026-09-12T20:39:16.5894245Z       "Classical.choice",
2026-09-12T20:39:16.5894449Z       "Quot.sound",
2026-09-12T20:39:16.5894634Z       "propext"
2026-09-12T20:39:16.5894819Z     ],
2026-09-12T20:39:16.5895092Z     "SplitZero.ControlCompression.control_matrix_rank_le_two": [
2026-09-12T20:39:16.5895431Z       "Classical.choice",
2026-09-12T20:39:16.5895642Z       "Quot.sound",
2026-09-12T20:39:16.5895831Z       "propext"
2026-09-12T20:39:16.5896019Z     ],
2026-09-12T20:39:16.5896271Z     "SplitZero.ControlCompression.cross_factorization": [
2026-09-12T20:39:16.5896587Z       "Classical.choice",
2026-09-12T20:39:16.5896796Z       "Quot.sound",
2026-09-12T20:39:16.5896987Z       "propext"
2026-09-12T20:39:16.5897172Z     ],
2026-09-12T20:39:16.5897392Z     "SplitZero.ControlCompression.exact_radius": [
2026-09-12T20:39:16.5897697Z       "Classical.choice",
2026-09-12T20:39:16.5897905Z       "Quot.sound",
2026-09-12T20:39:16.5898091Z       "propext"
2026-09-12T20:39:16.5898271Z     ],
2026-09-12T20:39:16.5898523Z     "SplitZero.ControlCompression.nonzero_eigen_transfer": [
2026-09-12T20:39:16.5898854Z       "Classical.choice",
2026-09-12T20:39:16.5899063Z       "Quot.sound",
2026-09-12T20:39:16.5899250Z       "propext"
2026-09-12T20:39:16.5899433Z     ],
2026-09-12T20:39:16.5899654Z     "SplitZero.ControlCompression.rank_le_two": [
2026-09-12T20:39:16.5899944Z       "Classical.choice",
2026-09-12T20:39:16.5900279Z       "Quot.sound",
2026-09-12T20:39:16.5900472Z       "propext"
2026-09-12T20:39:16.5900651Z     ],
2026-09-12T20:39:16.5900865Z     "SplitZero.ControlCompression.real_roots": [
2026-09-12T20:39:16.5901150Z       "Classical.choice",
2026-09-12T20:39:16.5901355Z       "Quot.sound",
2026-09-12T20:39:16.5901538Z       "propext"
2026-09-12T20:39:16.5901713Z     ],
2026-09-12T20:39:16.5901950Z     "SplitZero.ControlCompression.traceless_radius": [
2026-09-12T20:39:16.5902253Z       "Classical.choice",
2026-09-12T20:39:16.5902456Z       "Quot.sound",
2026-09-12T20:39:16.5902641Z       "propext"
2026-09-12T20:39:16.5902971Z     ],
2026-09-12T20:39:16.5903187Z     "SplitZero.KrylovStep.escape_of_expansion": [
2026-09-12T20:39:16.5903467Z       "Classical.choice",
2026-09-12T20:39:16.5903671Z       "Quot.sound",
2026-09-12T20:39:16.5903854Z       "propext"
2026-09-12T20:39:16.5904029Z     ],
2026-09-12T20:39:16.5904247Z     "SplitZero.KrylovStep.lastResidual_ne_zero": [
2026-09-12T20:39:16.5904531Z       "Classical.choice",
2026-09-12T20:39:16.5904735Z       "Quot.sound",
2026-09-12T20:39:16.5904917Z       "propext"
2026-09-12T20:39:16.5905091Z     ],
2026-09-12T20:39:16.5905300Z     "SplitZero.KrylovStep.toBoundaryData": [
2026-09-12T20:39:16.5905582Z       "Classical.choice",
2026-09-12T20:39:16.5905783Z       "Quot.sound",
2026-09-12T20:39:16.5905964Z       "propext"
2026-09-12T20:39:16.5906139Z     ],
2026-09-12T20:39:16.5906506Z     "SplitZero.Reconstruction.HomOver.promote": [
2026-09-12T20:39:16.5906789Z       "Quot.sound",
2026-09-12T20:39:16.5906970Z       "propext"
2026-09-12T20:39:16.5907144Z     ],
2026-09-12T20:39:16.5907383Z     "SplitZero.Reconstruction.HomOver.promote_apply": [
2026-09-12T20:39:16.5907680Z       "Quot.sound",
2026-09-12T20:39:16.5907867Z       "propext"
2026-09-12T20:39:16.5908040Z     ],
2026-09-12T20:39:16.5908254Z     "SplitZero.Reconstruction.HomOver.total": [
2026-09-12T20:39:16.5908529Z       "Quot.sound",
2026-09-12T20:39:16.5908711Z       "propext"
2026-09-12T20:39:16.5908885Z     ],
2026-09-12T20:39:16.5909110Z     "SplitZero.Reconstruction.HomOver.total_comp": [
2026-09-12T20:39:16.5909400Z       "Quot.sound",
2026-09-12T20:39:16.5909612Z       "propext"
2026-09-12T20:39:16.5909787Z     ],
2026-09-12T20:39:16.5910142Z     "SplitZero.Reconstruction.HomOver.total_fibre_zero": [
2026-09-12T20:39:16.5910452Z       "Quot.sound",
2026-09-12T20:39:16.5910635Z       "propext"
2026-09-12T20:39:16.5910814Z     ],
2026-09-12T20:39:16.5911043Z     "SplitZero.Reconstruction.HomOver.total_support": [
2026-09-12T20:39:16.5911337Z       "Quot.sound",
2026-09-12T20:39:16.5911518Z       "propext"
2026-09-12T20:39:16.5911698Z     ],
2026-09-12T20:39:16.5911931Z     "SplitZero.Reconstruction.SupportMap.monotone": [
2026-09-12T20:39:16.5912222Z       "propext"
2026-09-12T20:39:16.5912395Z     ],
2026-09-12T20:39:16.5912608Z     "SplitZero.RelationLayer.Data.defect_class": [
2026-09-12T20:39:16.5912918Z       "Classical.choice",
2026-09-12T20:39:16.5913122Z       "Quot.sound",
2026-09-12T20:39:16.5913306Z       "propext"
2026-09-12T20:39:16.5913482Z     ],
2026-09-12T20:39:16.5913701Z     "SplitZero.RelationLayer.Data.derivative": [
2026-09-12T20:39:16.5913983Z       "Classical.choice",
2026-09-12T20:39:16.5914185Z       "Quot.sound",
2026-09-12T20:39:16.5914367Z       "propext"
2026-09-12T20:39:16.5914542Z     ],
2026-09-12T20:39:16.5914758Z     "SplitZero.RelationLayer.Data.derivative_mk": [
2026-09-12T20:39:16.5915052Z       "Classical.choice",
2026-09-12T20:39:16.5915258Z       "Quot.sound",
2026-09-12T20:39:16.5915441Z       "propext"
2026-09-12T20:39:16.5915624Z     ],
2026-09-12T20:39:16.5915838Z     "SplitZero.RelationLayer.Data.descend": [
2026-09-12T20:39:16.5916133Z       "Classical.choice",
2026-09-12T20:39:16.5916345Z       "Quot.sound",
2026-09-12T20:39:16.5916534Z       "propext"
2026-09-12T20:39:16.5916712Z     ],
2026-09-12T20:39:16.5916927Z     "SplitZero.RelationLayer.Data.layerEquiv": [
2026-09-12T20:39:16.5917216Z       "Classical.choice",
2026-09-12T20:39:16.5917424Z       "Quot.sound",
2026-09-12T20:39:16.5917609Z       "propext"
2026-09-12T20:39:16.5917784Z     ],
2026-09-12T20:39:16.5918001Z     "SplitZero.RelationLayer.Data.layerEquiv_mk": [
2026-09-12T20:39:16.5918295Z       "Classical.choice",
2026-09-12T20:39:16.5918501Z       "Quot.sound",
2026-09-12T20:39:16.5918688Z       "propext"
2026-09-12T20:39:16.5918865Z     ],
2026-09-12T20:39:16.5919101Z     "SplitZero.RelationLayer.Data.residualOnUpper": [
2026-09-12T20:39:16.5919405Z       "Classical.choice",
2026-09-12T20:39:16.5919608Z       "Quot.sound",
2026-09-12T20:39:16.5919793Z       "propext"
2026-09-12T20:39:16.5919968Z     ],
2026-09-12T20:39:16.5920458Z     "SplitZero.RelationLayer.Data.retained_then_killed": [
2026-09-12T20:39:16.5920774Z       "Classical.choice",
2026-09-12T20:39:16.5920979Z       "Quot.sound",
2026-09-12T20:39:16.5921164Z       "propext"
2026-09-12T20:39:16.5921339Z     ],
2026-09-12T20:39:16.5921554Z     "SplitZero.RelationLayer.Data.transition": [
2026-09-12T20:39:16.5921868Z       "Classical.choice",
2026-09-12T20:39:16.5922073Z       "Quot.sound",
2026-09-12T20:39:16.5922257Z       "propext"
2026-09-12T20:39:16.5922430Z     ],
2026-09-12T20:39:16.5922663Z     "SplitZero.RelationLayer.Data.transition_kills_iff": [
2026-09-12T20:39:16.5922969Z       "Classical.choice",
2026-09-12T20:39:16.5923171Z       "Quot.sound",
2026-09-12T20:39:16.5923355Z       "propext"
2026-09-12T20:39:16.5923532Z     ],
2026-09-12T20:39:16.5923859Z     "SplitZero.RelationLayer.orthogonalData": [
2026-09-12T20:39:16.5924158Z       "Classical.choice",
2026-09-12T20:39:16.5924359Z       "Quot.sound",
2026-09-12T20:39:16.5924542Z       "propext"
2026-09-12T20:39:16.5924723Z     ]
2026-09-12T20:39:16.5924891Z   },
2026-09-12T20:39:16.5925065Z   "modules": 5,
2026-09-12T20:39:16.5925257Z   "selected_targets": 38,
2026-09-12T20:39:16.5925466Z   "source_sha256": {
2026-09-12T20:39:16.5925907Z     "SplitZeroBoundaryControl.lean": "78bd445b8efcde4e8e58bc489a574195f3606df9335eaeff659d0dac419343f7",
2026-09-12T20:39:16.5926630Z     "SplitZeroControlCompression.lean": "9149de8bbaaf132569b5b61ec9e07b058d5d295e8f9a305fd70651831191aa10",
2026-09-12T20:39:16.5927322Z     "SplitZeroKrylovStep.lean": "9f4902c3376bc3c3b92e3eedb4a67ca6a05b06dc2a0cea1fd2e558a0a2f2d225",
2026-09-12T20:39:16.5927988Z     "SplitZeroRelationLayer.lean": "719da6c00cc0e9fd828bc53753980314e2a442c27cb96ccede84c80b4c9c0578",
2026-09-12T20:39:16.5928640Z     "SplitZeroSupportChange.lean": "e245230b06d099fcf4c41948813a7f4d278379287506eca4293f28aa18957a26"
2026-09-12T20:39:16.5929067Z   }
2026-09-12T20:39:16.5929239Z }
2026-09-12T20:39:22.0876808Z {
2026-09-12T20:39:22.0877157Z   "axioms": {
2026-09-12T20:39:22.0877581Z     "SplitZero.TauBase.arithmetic_square": [
2026-09-12T20:39:22.0878041Z       "Classical.choice",
2026-09-12T20:39:22.0878380Z       "Quot.sound",
2026-09-12T20:39:22.0878676Z       "propext"
2026-09-12T20:39:22.0878957Z     ],
2026-09-12T20:39:22.0879270Z     "SplitZero.TauBase.basePrime": [
2026-09-12T20:39:22.0879721Z       "Classical.choice",
2026-09-12T20:39:22.0880325Z       "Quot.sound",
2026-09-12T20:39:22.0880638Z       "propext"
2026-09-12T20:39:22.0880924Z     ],
2026-09-12T20:39:22.0881254Z     "SplitZero.TauBase.basePrime_unique": [
2026-09-12T20:39:22.0881708Z       "Classical.choice",
2026-09-12T20:39:22.0882053Z       "Quot.sound",
2026-09-12T20:39:22.0882354Z       "propext"
2026-09-12T20:39:22.0882636Z     ],
2026-09-12T20:39:22.0882987Z     "SplitZero.TauBase.prime_inverse_image": [
2026-09-12T20:39:22.0883457Z       "Classical.choice",
2026-09-12T20:39:22.0883799Z       "Quot.sound",
2026-09-12T20:39:22.0884099Z       "propext"
2026-09-12T20:39:22.0884377Z     ],
2026-09-12T20:39:22.0884684Z     "SplitZero.TauBase.related_empty_tau": [
2026-09-12T20:39:22.0885128Z       "Classical.choice",
2026-09-12T20:39:22.0885473Z       "Quot.sound",
2026-09-12T20:39:22.0885763Z       "propext"
2026-09-12T20:39:22.0886036Z     ],
2026-09-12T20:39:22.0886312Z     "SplitZero.TauBase.structural": [
2026-09-12T20:39:22.0886669Z       "Classical.choice",
2026-09-12T20:39:22.0886983Z       "Quot.sound",
2026-09-12T20:39:22.0887278Z       "propext"
2026-09-12T20:39:22.0887545Z     ],
2026-09-12T20:39:22.0887870Z     "SplitZero.TauBase.structural_natural": [
2026-09-12T20:39:22.0888291Z       "Classical.choice",
2026-09-12T20:39:22.0888621Z       "Quot.sound",
2026-09-12T20:39:22.0888943Z       "propext"
2026-09-12T20:39:22.0889243Z     ],
2026-09-12T20:39:22.0889667Z     "SplitZero.TauBase.structural_preserves_preaddition": [
2026-09-12T20:39:22.0890401Z       "Classical.choice",
2026-09-12T20:39:22.0890745Z       "Quot.sound",
2026-09-12T20:39:22.0891057Z       "propext"
2026-09-12T20:39:22.0891853Z     ],
2026-09-12T20:39:22.0892189Z     "SplitZero.TauBase.structural_unique": [
2026-09-12T20:39:22.0892646Z       "Classical.choice",
2026-09-12T20:39:22.0892982Z       "Quot.sound",
2026-09-12T20:39:22.0893260Z       "propext"
2026-09-12T20:39:22.0893524Z     ],
2026-09-12T20:39:22.0893847Z     "SplitZero.TauBase.tau_e_retained": [
2026-09-12T20:39:22.0894285Z       "Classical.choice",
2026-09-12T20:39:22.0894628Z       "Quot.sound",
2026-09-12T20:39:22.0894926Z       "propext"
2026-09-12T20:39:22.0895191Z     ],
2026-09-12T20:39:22.0895517Z     "SplitZero.TauBase.units_not_idempotent": [
2026-09-12T20:39:22.0895942Z       "Classical.choice",
2026-09-12T20:39:22.0896227Z       "Quot.sound",
2026-09-12T20:39:22.0896500Z       "propext"
2026-09-12T20:39:22.0896782Z     ],
2026-09-12T20:39:22.0897373Z     "SplitZero.TauChart.Diagram.compatibleMaps": [
2026-09-12T20:39:22.0897861Z       "Quot.sound",
2026-09-12T20:39:22.0898165Z       "propext"
2026-09-12T20:39:22.0898443Z     ],
2026-09-12T20:39:22.0898789Z     "SplitZero.TauChart.Diagram.compose": [
2026-09-12T20:39:22.0899208Z       "Quot.sound",
2026-09-12T20:39:22.0899453Z       "propext"
2026-09-12T20:39:22.0899708Z     ],
2026-09-12T20:39:22.0900304Z     "SplitZero.TauChart.Diagram.compose_assoc": [
2026-09-12T20:39:22.0900762Z       "Quot.sound",
2026-09-12T20:39:22.0901053Z       "propext"
2026-09-12T20:39:22.0901333Z     ],
2026-09-12T20:39:22.0901667Z     "SplitZero.TauChart.Diagram.degreeOne": [
2026-09-12T20:39:22.0902119Z       "Quot.sound",
2026-09-12T20:39:22.0902406Z       "propext"
2026-09-12T20:39:22.0902679Z     ],
2026-09-12T20:39:22.0903025Z     "SplitZero.TauChart.Diagram.degreeOneMap": [
2026-09-12T20:39:22.0903507Z       "Classical.choice",
2026-09-12T20:39:22.0903842Z       "Quot.sound",
2026-09-12T20:39:22.0904155Z       "propext"
2026-09-12T20:39:22.0904435Z     ],
2026-09-12T20:39:22.0904781Z     "SplitZero.TauChart.Diagram.degreeZero": [
2026-09-12T20:39:22.0905236Z       "Quot.sound",
2026-09-12T20:39:22.0905541Z       "propext"
2026-09-12T20:39:22.0905819Z     ],
2026-09-12T20:39:22.0906209Z     "SplitZero.TauChart.Diagram.restriction_homotopy": [
2026-09-12T20:39:22.0906722Z       "Classical.choice",
2026-09-12T20:39:22.0907047Z       "Quot.sound",
2026-09-12T20:39:22.0907336Z       "propext"
2026-09-12T20:39:22.0907613Z     ],
2026-09-12T20:39:22.0908010Z     "SplitZero.TauChart.Diagram.restriction_on_sections": [
2026-09-12T20:39:22.0908523Z       "Quot.sound",
2026-09-12T20:39:22.0908810Z       "propext"
2026-09-12T20:39:22.0909055Z     ],
2026-09-12T20:39:22.0909438Z     "SplitZero.TauChart.Diagram.sections_extend_iff": [
2026-09-12T20:39:22.0909963Z       "Quot.sound",
2026-09-12T20:39:22.0910397Z       "propext"
2026-09-12T20:39:22.0910670Z     ],
2026-09-12T20:39:22.0911023Z     "SplitZero.TauChart.adjointDifferential": [
2026-09-12T20:39:22.0911486Z       "Quot.sound",
2026-09-12T20:39:22.0911769Z       "propext"
2026-09-12T20:39:22.0912037Z     ],
2026-09-12T20:39:22.0912346Z     "SplitZero.TauChart.adjunction_square": [
2026-09-12T20:39:22.0912747Z       "Quot.sound",
2026-09-12T20:39:22.0913046Z       "propext"
2026-09-12T20:39:22.0913324Z     ],
2026-09-12T20:39:22.0913658Z     "SplitZero.TauChart.cofreeEta_injective": [
2026-09-12T20:39:22.0914087Z       "Classical.choice",
2026-09-12T20:39:22.0914429Z       "Quot.sound",
2026-09-12T20:39:22.0914719Z       "propext"
2026-09-12T20:39:22.0915002Z     ],
2026-09-12T20:39:22.0915332Z     "SplitZero.TauChart.cofreePair_injective": [
2026-09-12T20:39:22.0915794Z       "Classical.choice",
2026-09-12T20:39:22.0916110Z       "Quot.sound",
2026-09-12T20:39:22.0916410Z       "propext"
2026-09-12T20:39:22.0916690Z     ],
2026-09-12T20:39:22.0917038Z     "SplitZero.TauChart.degreeOneDualEquiv": [
2026-09-12T20:39:22.0917497Z       "Classical.choice",
2026-09-12T20:39:22.0917814Z       "Quot.sound",
2026-09-12T20:39:22.0918108Z       "propext"
2026-09-12T20:39:22.0918387Z     ],
2026-09-12T20:39:22.0918727Z     "SplitZero.TauChart.degreeOneDualEquiv_apply": [
2026-09-12T20:39:22.0919434Z       "Classical.choice",
2026-09-12T20:39:22.0919767Z       "Quot.sound",
2026-09-12T20:39:22.0920223Z       "propext"
2026-09-12T20:39:22.0920492Z     ],
2026-09-12T20:39:22.0920812Z     "SplitZero.TauChart.dualDifferential": [
2026-09-12T20:39:22.0921236Z       "Quot.sound",
2026-09-12T20:39:22.0921521Z       "propext"
2026-09-12T20:39:22.0921776Z     ],
2026-09-12T20:39:22.0922117Z     "SplitZero.TauChart.dualDifferential_zero_iff": [
2026-09-12T20:39:22.0922596Z       "Classical.choice",
2026-09-12T20:39:22.0922911Z       "Quot.sound",
2026-09-12T20:39:22.0923203Z       "propext"
2026-09-12T20:39:22.0923480Z     ],
2026-09-12T20:39:22.0923786Z     "SplitZero.TauChart.duality_square": [
2026-09-12T20:39:22.0924196Z       "Quot.sound",
2026-09-12T20:39:22.0924491Z       "propext"
2026-09-12T20:39:22.0924941Z     ],
2026-09-12T20:39:22.0925239Z     "SplitZero.TauChart.homEtaEquiv": [
2026-09-12T20:39:22.0925632Z       "Quot.sound",
2026-09-12T20:39:22.0925915Z       "propext"
2026-09-12T20:39:22.0926207Z     ],
2026-09-12T20:39:22.0926530Z     "SplitZero.TauChart.homPairEquiv": [
2026-09-12T20:39:22.0926914Z       "Quot.sound",
2026-09-12T20:39:22.0927182Z       "propext"
2026-09-12T20:39:22.0927424Z     ],
2026-09-12T20:39:22.0927758Z     "SplitZero.TauChart.simpleInclusion_comp": [
2026-09-12T20:39:22.0928214Z       "Quot.sound",
2026-09-12T20:39:22.0928461Z       "propext"
2026-09-12T20:39:22.0928702Z     ],
2026-09-12T20:39:22.0928979Z     "SplitZero.TauChart.toBase": [
2026-09-12T20:39:22.0929338Z       "Classical.choice",
2026-09-12T20:39:22.0929640Z       "Quot.sound",
2026-09-12T20:39:22.0929889Z       "propext"
2026-09-12T20:39:22.0930410Z     ],
2026-09-12T20:39:22.0930681Z     "SplitZero.TauDual.doubleDual": [
2026-09-12T20:39:22.0931050Z       "Quot.sound",
2026-09-12T20:39:22.0931323Z       "propext"
2026-09-12T20:39:22.0931565Z     ],
2026-09-12T20:39:22.0931823Z     "SplitZero.TauDual.evaluate": [
2026-09-12T20:39:22.0932166Z       "Quot.sound",
2026-09-12T20:39:22.0932422Z       "propext"
2026-09-12T20:39:22.0932674Z     ],
2026-09-12T20:39:22.0932962Z     "SplitZero.TauDual.evaluate_natural": [
2026-09-12T20:39:22.0933369Z       "Quot.sound",
2026-09-12T20:39:22.0933648Z       "propext"
2026-09-12T20:39:22.0933912Z     ],
2026-09-12T20:39:22.0934189Z     "SplitZero.TauDual.opposite": [
2026-09-12T20:39:22.0934547Z       "Quot.sound",
2026-09-12T20:39:22.0934806Z       "propext"
2026-09-12T20:39:22.0935048Z     ],
2026-09-12T20:39:22.0935318Z     "SplitZero.TauDual.precompose": [
2026-09-12T20:39:22.0935676Z       "Quot.sound",
2026-09-12T20:39:22.0935933Z       "propext"
2026-09-12T20:39:22.0936193Z     ],
2026-09-12T20:39:22.0936500Z     "SplitZero.TauDual.precompose_comp": [
2026-09-12T20:39:22.0936896Z       "Quot.sound",
2026-09-12T20:39:22.0937167Z       "propext"
2026-09-12T20:39:22.0937426Z     ],
2026-09-12T20:39:22.0937813Z     "SplitZero.TauDual.precompose_injective_of_surjective": [
2026-09-12T20:39:22.0938329Z       "Quot.sound",
2026-09-12T20:39:22.0938623Z       "propext"
2026-09-12T20:39:22.0938909Z     ],
2026-09-12T20:39:22.0939238Z     "SplitZero.TauDual.quotientDualEquiv": [
2026-09-12T20:39:22.0939696Z       "Classical.choice",
2026-09-12T20:39:22.0940253Z       "Quot.sound",
2026-09-12T20:39:22.0940557Z       "propext"
2026-09-12T20:39:22.0940838Z     ],
2026-09-12T20:39:22.0941149Z     "SplitZero.TauDual.twistedAction": [
2026-09-12T20:39:22.0941564Z       "Quot.sound",
2026-09-12T20:39:22.0941848Z       "propext"
2026-09-12T20:39:22.0942092Z     ],
2026-09-12T20:39:22.0942385Z     "SplitZero.TauDual.twisted_evaluation": [
2026-09-12T20:39:22.0942722Z       "Quot.sound",
2026-09-12T20:39:22.0942908Z       "propext"
2026-09-12T20:39:22.0943083Z     ],
2026-09-12T20:39:22.0943320Z     "SplitZero.TauDual.twisted_preserves_annihilator": [
2026-09-12T20:39:22.0943650Z       "Quot.sound",
2026-09-12T20:39:22.0943861Z       "propext"
2026-09-12T20:39:22.0944081Z     ],
2026-09-12T20:39:22.0944365Z     "SplitZero.TauHomotopy.annihilatorHomotopyEquiv": [
2026-09-12T20:39:22.0945042Z       "Classical.choice",
2026-09-12T20:39:22.0945282Z       "Quot.sound",
2026-09-12T20:39:22.0945477Z       "propext"
2026-09-12T20:39:22.0945662Z     ],
2026-09-12T20:39:22.0945897Z     "SplitZero.TauHomotopy.boundary_vanishing_iff": [
2026-09-12T20:39:22.0946196Z       "Quot.sound",
2026-09-12T20:39:22.0946384Z       "propext"
2026-09-12T20:39:22.0946565Z     ],
2026-09-12T20:39:22.0946785Z     "SplitZero.TauHomotopy.chart_differential": [
2026-09-12T20:39:22.0947083Z       "Classical.choice",
2026-09-12T20:39:22.0947292Z       "Quot.sound",
2026-09-12T20:39:22.0947478Z       "propext"
2026-09-12T20:39:22.0947651Z     ],
2026-09-12T20:39:22.0947874Z     "SplitZero.TauHomotopy.cochainHomotopyEquiv": [
2026-09-12T20:39:22.0948177Z       "Classical.choice",
2026-09-12T20:39:22.0948509Z       "Quot.sound",
2026-09-12T20:39:22.0948708Z       "propext"
2026-09-12T20:39:22.0948887Z     ],
2026-09-12T20:39:22.0949090Z     "SplitZero.TauHomotopy.delta_range": [
2026-09-12T20:39:22.0949358Z       "Classical.choice",
2026-09-12T20:39:22.0949576Z       "Quot.sound",
2026-09-12T20:39:22.0949762Z       "propext"
2026-09-12T20:39:22.0949939Z     ],
2026-09-12T20:39:22.0950410Z     "SplitZero.TauHomotopy.difference_is_cycle": [
2026-09-12T20:39:22.0950856Z       "Quot.sound",
2026-09-12T20:39:22.0951141Z       "propext"
2026-09-12T20:39:22.0951408Z     ],
2026-09-12T20:39:22.0951634Z     "SplitZero.TauHomotopy.difference_nonzero": [
2026-09-12T20:39:22.0951919Z       "Quot.sound",
2026-09-12T20:39:22.0952113Z       "propext"
2026-09-12T20:39:22.0952299Z     ],
2026-09-12T20:39:22.0952516Z     "SplitZero.TauHomotopy.leg_agreement_iff": [
2026-09-12T20:39:22.0952795Z       "Quot.sound",
2026-09-12T20:39:22.0952982Z       "propext"
2026-09-12T20:39:22.0953161Z     ],
2026-09-12T20:39:22.0953376Z     "SplitZero.TauHomotopy.thetaDiagram": [
2026-09-12T20:39:22.0953647Z       "Quot.sound",
2026-09-12T20:39:22.0953833Z       "propext"
2026-09-12T20:39:22.0954009Z     ],
2026-09-12T20:39:22.0954220Z     "SplitZero.TauHomotopy.two_lifts_difference": [
2026-09-12T20:39:22.0954511Z       "Quot.sound",
2026-09-12T20:39:22.0954709Z       "propext"
2026-09-12T20:39:22.0954895Z     ],
2026-09-12T20:39:22.0955164Z     "SplitZero.TauRetraction.Data.Operator.block_section": [
2026-09-12T20:39:22.0955513Z       "Classical.choice",
2026-09-12T20:39:22.0955734Z       "Quot.sound",
2026-09-12T20:39:22.0955925Z       "propext"
2026-09-12T20:39:22.0956111Z     ],
2026-09-12T20:39:22.0956371Z     "SplitZero.TauRetraction.Data.Operator.changed_block": [
2026-09-12T20:39:22.0956719Z       "Classical.choice",
2026-09-12T20:39:22.0956934Z       "Quot.sound",
2026-09-12T20:39:22.0957124Z       "propext"
2026-09-12T20:39:22.0957302Z     ],
2026-09-12T20:39:22.0957595Z     "SplitZero.TauRetraction.Data.Operator.changed_equivariant_iff": [
2026-09-12T20:39:22.0957969Z       "Classical.choice",
2026-09-12T20:39:22.0958186Z       "Quot.sound",
2026-09-12T20:39:22.0958373Z       "propext"
2026-09-12T20:39:22.0958553Z     ],
2026-09-12T20:39:22.0958815Z     "SplitZero.TauRetraction.Data.Operator.defect": [
2026-09-12T20:39:22.0959127Z       "Classical.choice",
2026-09-12T20:39:22.0959340Z       "Quot.sound",
2026-09-12T20:39:22.0959533Z       "propext"
2026-09-12T20:39:22.0959723Z     ],
2026-09-12T20:39:22.0959976Z     "SplitZero.TauRetraction.Data.Operator.defect_comp": [
2026-09-12T20:39:22.0960514Z       "Classical.choice",
2026-09-12T20:39:22.0960733Z       "Quot.sound",
2026-09-12T20:39:22.0960931Z       "propext"
2026-09-12T20:39:22.0961121Z     ],
2026-09-12T20:39:22.0961393Z     "SplitZero.TauRetraction.Data.Operator.defect_continuous": [
2026-09-12T20:39:22.0961736Z       "Classical.choice",
2026-09-12T20:39:22.0962010Z       "Quot.sound",
2026-09-12T20:39:22.0962469Z       "propext"
2026-09-12T20:39:22.0962793Z     ],
2026-09-12T20:39:22.0963177Z     "SplitZero.TauRetraction.Data.Operator.onQuotient": [
2026-09-12T20:39:22.0963727Z       "Classical.choice",
2026-09-12T20:39:22.0973679Z       "Quot.sound",
2026-09-12T20:39:22.0973930Z       "propext"
2026-09-12T20:39:22.0974349Z     ],
2026-09-12T20:39:22.0974652Z     "SplitZero.TauRetraction.Data.Operator.onQuotient_comp": [
2026-09-12T20:39:22.0975027Z       "Classical.choice",
2026-09-12T20:39:22.0975256Z       "Quot.sound",
2026-09-12T20:39:22.0975467Z       "propext"
2026-09-12T20:39:22.0975662Z     ],
2026-09-12T20:39:22.0975955Z     "SplitZero.TauRetraction.Data.Operator.quotient_continuous": [
2026-09-12T20:39:22.0976322Z       "Classical.choice",
2026-09-12T20:39:22.0976543Z       "Quot.sound",
2026-09-12T20:39:22.0976739Z       "propext"
2026-09-12T20:39:22.0976926Z     ],
2026-09-12T20:39:22.0977193Z     "SplitZero.TauRetraction.Data.changeSection_continuous": [
2026-09-12T20:39:22.0977530Z       "Classical.choice",
2026-09-12T20:39:22.0977741Z       "Quot.sound",
2026-09-12T20:39:22.0978055Z       "propext"
2026-09-12T20:39:22.0978242Z     ],
2026-09-12T20:39:22.0978502Z     "SplitZero.TauRetraction.Data.changeSection_injective": [
2026-09-12T20:39:22.0978831Z       "Classical.choice",
2026-09-12T20:39:22.0979049Z       "Quot.sound",
2026-09-12T20:39:22.0979240Z       "propext"
2026-09-12T20:39:22.0979419Z     ],
2026-09-12T20:39:22.0979646Z     "SplitZero.TauRetraction.Data.closed_range": [
2026-09-12T20:39:22.0979942Z       "Classical.choice",
2026-09-12T20:39:22.0980343Z       "Quot.sound",
2026-09-12T20:39:22.0980533Z       "propext"
2026-09-12T20:39:22.0980715Z     ],
2026-09-12T20:39:22.0980935Z     "SplitZero.TauRetraction.Data.decompose": [
2026-09-12T20:39:22.0981240Z       "Classical.choice",
2026-09-12T20:39:22.0981456Z       "Quot.sound",
2026-09-12T20:39:22.0981650Z       "propext"
2026-09-12T20:39:22.0981833Z     ],
2026-09-12T20:39:22.0982069Z     "SplitZero.TauRetraction.Data.ker_projection": [
2026-09-12T20:39:22.0982371Z       "Classical.choice",
2026-09-12T20:39:22.0982589Z       "Quot.sound",
2026-09-12T20:39:22.0982781Z       "propext"
2026-09-12T20:39:22.0982961Z     ],
2026-09-12T20:39:22.0983181Z     "SplitZero.TauRetraction.Data.lambda_section": [
2026-09-12T20:39:22.0983481Z       "Classical.choice",
2026-09-12T20:39:22.0983689Z       "Quot.sound",
2026-09-12T20:39:22.0983883Z       "propext"
2026-09-12T20:39:22.0984060Z     ],
2026-09-12T20:39:22.0984317Z     "SplitZero.TauRetraction.Data.normalize_representative": [
2026-09-12T20:39:22.0984648Z       "Classical.choice",
2026-09-12T20:39:22.0984854Z       "Quot.sound",
2026-09-12T20:39:22.0985042Z       "propext"
2026-09-12T20:39:22.0985220Z     ],
2026-09-12T20:39:22.0985440Z     "SplitZero.TauRetraction.Data.projection": [
2026-09-12T20:39:22.0985726Z       "Quot.sound",
2026-09-12T20:39:22.0985914Z       "propext"
2026-09-12T20:39:22.0986094Z     ],
2026-09-12T20:39:22.0986348Z     "SplitZero.TauRetraction.Data.projection_continuous": [
2026-09-12T20:39:22.0986671Z       "Classical.choice",
2026-09-12T20:39:22.0986885Z       "Quot.sound",
2026-09-12T20:39:22.0987072Z       "propext"
2026-09-12T20:39:22.0987254Z     ],
2026-09-12T20:39:22.0987500Z     "SplitZero.TauRetraction.Data.projection_idempotent": [
2026-09-12T20:39:22.0987821Z       "Classical.choice",
2026-09-12T20:39:22.0988026Z       "Quot.sound",
2026-09-12T20:39:22.0988213Z       "propext"
2026-09-12T20:39:22.0988390Z     ],
2026-09-12T20:39:22.0988628Z     "SplitZero.TauRetraction.Data.quotient_hausdorff": [
2026-09-12T20:39:22.0988935Z       "Classical.choice",
2026-09-12T20:39:22.0989161Z       "Quot.sound",
2026-09-12T20:39:22.0989360Z       "propext"
2026-09-12T20:39:22.0989544Z     ],
2026-09-12T20:39:22.0989781Z     "SplitZero.TauRetraction.Data.quotient_section": [
2026-09-12T20:39:22.0990253Z       "Classical.choice",
2026-09-12T20:39:22.0990466Z       "Quot.sound",
2026-09-12T20:39:22.0990655Z       "propext"
2026-09-12T20:39:22.0990835Z     ],
2026-09-12T20:39:22.0991065Z     "SplitZero.TauRetraction.Data.range_projection": [
2026-09-12T20:39:22.0991373Z       "Classical.choice",
2026-09-12T20:39:22.0991582Z       "Quot.sound",
2026-09-12T20:39:22.0991768Z       "propext"
2026-09-12T20:39:22.0991941Z     ],
2026-09-12T20:39:22.0992155Z     "SplitZero.TauRetraction.Data.sectionMap": [
2026-09-12T20:39:22.0992760Z       "Classical.choice",
2026-09-12T20:39:22.0993070Z       "Quot.sound",
2026-09-12T20:39:22.0993354Z       "propext"
2026-09-12T20:39:22.0993633Z     ],
2026-09-12T20:39:22.0993986Z     "SplitZero.TauRetraction.Data.section_change": [
2026-09-12T20:39:22.0994469Z       "Classical.choice",
2026-09-12T20:39:22.0994692Z       "Quot.sound",
2026-09-12T20:39:22.0994893Z       "propext"
2026-09-12T20:39:22.0995076Z     ],
2026-09-12T20:39:22.0995317Z     "SplitZero.TauRetraction.Data.section_continuous": [
2026-09-12T20:39:22.0995628Z       "Classical.choice",
2026-09-12T20:39:22.0995841Z       "Quot.sound",
2026-09-12T20:39:22.0996033Z       "propext"
2026-09-12T20:39:22.0996212Z     ],
2026-09-12T20:39:22.0996579Z     "SplitZero.TauRetraction.Data.splitEquiv": [
2026-09-12T20:39:22.0996881Z       "Classical.choice",
2026-09-12T20:39:22.0997092Z       "Quot.sound",
2026-09-12T20:39:22.0997279Z       "propext"
2026-09-12T20:39:22.0997464Z     ],
2026-09-12T20:39:22.0997708Z     "SplitZero.TauRetraction.Data.splitHomeomorph": [
2026-09-12T20:39:22.0998013Z       "Classical.choice",
2026-09-12T20:39:22.0998226Z       "Quot.sound",
2026-09-12T20:39:22.0998416Z       "propext"
2026-09-12T20:39:22.0998594Z     ],
2026-09-12T20:39:22.0998827Z     "SplitZero.TauRetraction.Data.theta_injective": [],
2026-09-12T20:39:22.0999178Z     "SplitZero.TauRetraction.fromReconstruction": [
2026-09-12T20:39:22.0999486Z       "Quot.sound",
2026-09-12T20:39:22.0999670Z       "propext"
2026-09-12T20:39:22.0999849Z     ],
2026-09-12T20:39:22.1000262Z     "SplitZero.TauRetraction.residualHom": [
2026-09-12T20:39:22.1000551Z       "Classical.choice",
2026-09-12T20:39:22.1000758Z       "Quot.sound",
2026-09-12T20:39:22.1000944Z       "propext"
2026-09-12T20:39:22.1001128Z     ],
2026-09-12T20:39:22.1001354Z     "SplitZero.TauRetraction.residual_idempotent": [
2026-09-12T20:39:22.1001653Z       "Classical.choice",
2026-09-12T20:39:22.1001864Z       "Quot.sound",
2026-09-12T20:39:22.1002058Z       "propext"
2026-09-12T20:39:22.1002233Z     ],
2026-09-12T20:39:22.1002450Z     "SplitZero.TauRetraction.supported_boundary": [
2026-09-12T20:39:22.1002737Z       "Classical.choice",
2026-09-12T20:39:22.1002949Z       "Quot.sound",
2026-09-12T20:39:22.1003137Z       "propext"
2026-09-12T20:39:22.1003313Z     ],
2026-09-12T20:39:22.1003541Z     "SplitZero.TauRetraction.supported_left_inverse": [
2026-09-12T20:39:22.1003828Z       "Quot.sound",
2026-09-12T20:39:22.1004014Z       "propext"
2026-09-12T20:39:22.1004192Z     ]
2026-09-12T20:39:22.1004361Z   },
2026-09-12T20:39:22.1004540Z   "modules": 7,
2026-09-12T20:39:22.1004732Z   "selected_targets": 87,
2026-09-12T20:39:22.1004941Z   "source_sha256": {
2026-09-12T20:39:22.1005372Z     "SplitZeroTauAdjunction.lean": "2abfb7466a1c309956e6df66ffab5bd78611932db794d0d27f7b47f25036eed6",
2026-09-12T20:39:22.1006026Z     "SplitZeroTauBase.lean": "88a3a944ad115e65142a679fbeee6fa810c7021fd55996d9d94de6ec79844691",
2026-09-12T20:39:22.1006647Z     "SplitZeroTauChart.lean": "6f5ac7f281e782ead0002603ecc07c984725187221623749e7bcaa794882bea1",
2026-09-12T20:39:22.1007261Z     "SplitZeroTauDual.lean": "343e6df95265ba2cb6f808696ed11952b57ecfcf2f9dfe08c5e709c5221f3865",
2026-09-12T20:39:22.1007916Z     "SplitZeroTauHomotopy.lean": "a5078da033f35df6a7757401b216b80687ecca7fc3ce56f5781ddb3dfff344f9",
2026-09-12T20:39:22.1008595Z     "SplitZeroTauRetraction.lean": "f13ea8a551ef2616169df5ae2aa2f7e2f2aedd00ac545ed2a59f722975baa1cf",
2026-09-12T20:39:22.1009252Z     "SplitZeroTauTopology.lean": "6557b4493aa33d815be533423b22b16dff4ee56cb694f1c6bc767c4a9112e674"
2026-09-12T20:39:22.1009690Z   }
2026-09-12T20:39:22.1009865Z }
2026-09-12T20:39:22.1392912Z {
2026-09-12T20:39:22.1393239Z   "modules": 7,
2026-09-12T20:39:22.1393559Z   "selected_targets": 73,
2026-09-12T20:39:22.1393913Z   "source_sha256": {
2026-09-12T20:39:22.1394335Z     "SplitZeroComplex.lean": "9af3246852b5e07d95014c6598b2acaef74a033fa38b4493ebdbaa082da9e780",
2026-09-12T20:39:22.1394975Z     "SplitZeroFiniteJets.lean": "182e689502ee9a140c42921f60a7c13e54e939d438e3516cdb9a64722acfbaa0",
2026-09-12T20:39:22.1395829Z     "SplitZeroHomology.lean": "9fba701a1eb9bab1d5055f90ed63840e4a9ce1b3280edb34383b35d015923281",
2026-09-12T20:39:22.1396486Z     "SplitZeroHomologyExample.lean": "503cb942e6913e3184816bb3e37c41bec4a3687eb03959f1acbc9c7490778063",
2026-09-12T20:39:22.1397181Z     "SplitZeroInternalQuotient.lean": "a021f0a99057a0b9c004e8f8e459780ce2e81f51040fc99518f2833a040ef43e",
2026-09-12T20:39:22.1397848Z     "SplitZeroReconstruction.lean": "a957bc38c2da459004c4886421e1b686a9f7606cf2debbdfcc0002de9832ea12",
2026-09-12T20:39:22.1398476Z     "SplitZeroRecovery.lean": "b23e64d58717200c70098a3b25292009aa6b9dc3fcb780e9e78129074611966f"
2026-09-12T20:39:22.1398895Z   }
2026-09-12T20:39:22.1399062Z }
2026-09-12T20:39:27.6358312Z {
2026-09-12T20:39:27.6358659Z   "axioms": {
2026-09-12T20:39:27.6359076Z     "SplitZero.FiniteJets.balanced_mellin_relation": [
2026-09-12T20:39:27.6359683Z       "Classical.choice",
2026-09-12T20:39:27.6360228Z       "Quot.sound",
2026-09-12T20:39:27.6360524Z       "propext"
2026-09-12T20:39:27.6360790Z     ],
2026-09-12T20:39:27.6361102Z     "SplitZero.FiniteJets.baseChange": [
2026-09-12T20:39:27.6361504Z       "Classical.choice",
2026-09-12T20:39:27.6361815Z       "Quot.sound",
2026-09-12T20:39:27.6362095Z       "propext"
2026-09-12T20:39:27.6362348Z     ],
2026-09-12T20:39:27.6362669Z     "SplitZero.FiniteJets.baseChange_inverse": [
2026-09-12T20:39:27.6363093Z       "Classical.choice",
2026-09-12T20:39:27.6363410Z       "Quot.sound",
2026-09-12T20:39:27.6363691Z       "propext"
2026-09-12T20:39:27.6363944Z     ],
2026-09-12T20:39:27.6364257Z     "SplitZero.FiniteJets.baseChange_tmul": [
2026-09-12T20:39:27.6364666Z       "Classical.choice",
2026-09-12T20:39:27.6364973Z       "Quot.sound",
2026-09-12T20:39:27.6365270Z       "propext"
2026-09-12T20:39:27.6365551Z     ],
2026-09-12T20:39:27.6365888Z     "SplitZero.FiniteJets.mapped_jet_ideal": [
2026-09-12T20:39:27.6366347Z       "Classical.choice",
2026-09-12T20:39:27.6366693Z       "Quot.sound",
2026-09-12T20:39:27.6366992Z       "propext"
2026-09-12T20:39:27.6367271Z     ],
2026-09-12T20:39:27.6367627Z     "SplitZero.FiniteJets.splitBaseChange": [
2026-09-12T20:39:27.6368098Z       "Classical.choice",
2026-09-12T20:39:27.6368435Z       "Quot.sound",
2026-09-12T20:39:27.6368729Z       "propext"
2026-09-12T20:39:27.6369008Z     ],
2026-09-12T20:39:27.6369353Z     "SplitZero.FiniteJets.splitBaseChange_e": [
2026-09-12T20:39:27.6369824Z       "Classical.choice",
2026-09-12T20:39:27.6370294Z       "Quot.sound",
2026-09-12T20:39:27.6370591Z       "propext"
2026-09-12T20:39:27.6370863Z     ],
2026-09-12T20:39:27.6371229Z     "SplitZero.FiniteJets.splitBaseChange_reflect": [
2026-09-12T20:39:27.6371719Z       "Classical.choice",
2026-09-12T20:39:27.6372024Z       "Quot.sound",
2026-09-12T20:39:27.6372278Z       "propext"
2026-09-12T20:39:27.6372507Z     ],
2026-09-12T20:39:27.6372842Z     "SplitZero.FiniteJets.splitBaseChange_tau": [
2026-09-12T20:39:27.6373322Z       "Classical.choice",
2026-09-12T20:39:27.6373643Z       "Quot.sound",
2026-09-12T20:39:27.6373915Z       "propext"
2026-09-12T20:39:27.6374168Z     ],
2026-09-12T20:39:27.6374518Z     "SplitZero.Homology.ChainMap.cyclesMap": [
2026-09-12T20:39:27.6374982Z       "Quot.sound",
2026-09-12T20:39:27.6375279Z       "propext"
2026-09-12T20:39:27.6375563Z     ],
2026-09-12T20:39:27.6375970Z     "SplitZero.Homology.ChainMap.homologyKernelEquiv": [
2026-09-12T20:39:27.6376510Z       "Classical.choice",
2026-09-12T20:39:27.6376850Z       "Quot.sound",
2026-09-12T20:39:27.6377148Z       "propext"
2026-09-12T20:39:27.6377431Z     ],
2026-09-12T20:39:27.6377821Z     "SplitZero.Homology.ChainMap.homology_intertwines": [
2026-09-12T20:39:27.6378349Z       "Classical.choice",
2026-09-12T20:39:27.6378681Z       "Quot.sound",
2026-09-12T20:39:27.6378960Z       "propext"
2026-09-12T20:39:27.6379221Z     ],
2026-09-12T20:39:27.6379589Z     "SplitZero.Homology.ChainMap.kernelAction": [
2026-09-12T20:39:27.6380281Z       "Classical.choice",
2026-09-12T20:39:27.6380820Z       "Quot.sound",
2026-09-12T20:39:27.6381085Z       "propext"
2026-09-12T20:39:27.6381360Z     ],
2026-09-12T20:39:27.6381731Z     "SplitZero.Homology.ChainMap.mapped_class_zero_iff": [
2026-09-12T20:39:27.6382191Z       "Classical.choice",
2026-09-12T20:39:27.6382521Z       "Quot.sound",
2026-09-12T20:39:27.6382845Z       "propext"
2026-09-12T20:39:27.6383106Z     ],
2026-09-12T20:39:27.6383461Z     "SplitZero.Homology.ChainMap.maps_boundaries": [
2026-09-12T20:39:27.6383971Z       "Classical.choice",
2026-09-12T20:39:27.6384319Z       "Quot.sound",
2026-09-12T20:39:27.6384617Z       "propext"
2026-09-12T20:39:27.6384878Z     ],
2026-09-12T20:39:27.6385174Z     "SplitZero.Homology.ChainMap.ofCochain": [
2026-09-12T20:39:27.6385804Z       "Classical.choice",
2026-09-12T20:39:27.6386132Z       "Quot.sound",
2026-09-12T20:39:27.6386422Z       "propext"
2026-09-12T20:39:27.6386683Z     ],
2026-09-12T20:39:27.6387012Z     "SplitZero.Homology.ChainMap.onHomology": [
2026-09-12T20:39:27.6387492Z       "Classical.choice",
2026-09-12T20:39:27.6387804Z       "Quot.sound",
2026-09-12T20:39:27.6388092Z       "propext"
2026-09-12T20:39:27.6388362Z     ],
2026-09-12T20:39:27.6388708Z     "SplitZero.Homology.ChainMap.onHomology_comp": [
2026-09-12T20:39:27.6389187Z       "Classical.choice",
2026-09-12T20:39:27.6389514Z       "Quot.sound",
2026-09-12T20:39:27.6389797Z       "propext"
2026-09-12T20:39:27.6390260Z     ],
2026-09-12T20:39:27.6390610Z     "SplitZero.Homology.ChainMap.onHomology_id": [
2026-09-12T20:39:27.6391097Z       "Classical.choice",
2026-09-12T20:39:27.6391417Z       "Quot.sound",
2026-09-12T20:39:27.6391706Z       "propext"
2026-09-12T20:39:27.6391985Z     ],
2026-09-12T20:39:27.6392349Z     "SplitZero.Homology.Window.boundaryToCycles": [
2026-09-12T20:39:27.6392839Z       "Quot.sound",
2026-09-12T20:39:27.6393126Z       "propext"
2026-09-12T20:39:27.6393405Z     ],
2026-09-12T20:39:27.6393789Z     "SplitZero.Homology.Window.class_zero_iff_boundary": [
2026-09-12T20:39:27.6394323Z       "Classical.choice",
2026-09-12T20:39:27.6394660Z       "Quot.sound",
2026-09-12T20:39:27.6394951Z       "propext"
2026-09-12T20:39:27.6395222Z     ],
2026-09-12T20:39:27.6395524Z     "SplitZero.Homology.Window.ofCochain": [
2026-09-12T20:39:27.6395993Z       "Classical.choice",
2026-09-12T20:39:27.6396328Z       "Quot.sound",
2026-09-12T20:39:27.6396642Z       "propext"
2026-09-12T20:39:27.6396928Z     ],
2026-09-12T20:39:27.6397253Z     "SplitZero.Homology.kernelDescent": [
2026-09-12T20:39:27.6397703Z       "Classical.choice",
2026-09-12T20:39:27.6398042Z       "Quot.sound",
2026-09-12T20:39:27.6398338Z       "propext"
2026-09-12T20:39:27.6398601Z     ],
2026-09-12T20:39:27.6398917Z     "SplitZero.Homology.kernelDescent_bijective": [
2026-09-12T20:39:27.6399406Z       "Classical.choice",
2026-09-12T20:39:27.6399755Z       "Quot.sound",
2026-09-12T20:39:27.6400216Z       "propext"
2026-09-12T20:39:27.6400466Z     ],
2026-09-12T20:39:27.6400888Z     "SplitZero.Homology.kernelRepresentative": [
2026-09-12T20:39:27.6401374Z       "Classical.choice",
2026-09-12T20:39:27.6401709Z       "Quot.sound",
2026-09-12T20:39:27.6401998Z       "propext"
2026-09-12T20:39:27.6402277Z     ],
2026-09-12T20:39:27.6402607Z     "SplitZero.Homology.quotientKernelEquiv": [
2026-09-12T20:39:27.6403079Z       "Classical.choice",
2026-09-12T20:39:27.6403421Z       "Quot.sound",
2026-09-12T20:39:27.6403721Z       "propext"
2026-09-12T20:39:27.6404030Z     ],
2026-09-12T20:39:27.6404353Z     "SplitZero.Homology.quotientKernelEquiv_mk": [
2026-09-12T20:39:27.6404846Z       "Classical.choice",
2026-09-12T20:39:27.6405170Z       "Quot.sound",
2026-09-12T20:39:27.6405450Z       "propext"
2026-09-12T20:39:27.6405721Z     ],
2026-09-12T20:39:27.6406074Z     "SplitZero.HomologyExample.chain_image_nonzero": [
2026-09-12T20:39:27.6406568Z       "Quot.sound",
2026-09-12T20:39:27.6406857Z       "propext"
2026-09-12T20:39:27.6407129Z     ],
2026-09-12T20:39:27.6407464Z     "SplitZero.HomologyExample.killed_map_zero": [
2026-09-12T20:39:27.6408174Z       "Classical.choice",
2026-09-12T20:39:27.6408482Z       "Quot.sound",
2026-09-12T20:39:27.6408753Z       "propext"
2026-09-12T20:39:27.6409022Z     ],
2026-09-12T20:39:27.6409412Z     "SplitZero.HomologyExample.nonzero_transition_kernel": [
2026-09-12T20:39:27.6409935Z       "Classical.choice",
2026-09-12T20:39:27.6410455Z       "Quot.sound",
2026-09-12T20:39:27.6410732Z       "propext"
2026-09-12T20:39:27.6411002Z     ],
2026-09-12T20:39:27.6411377Z     "SplitZero.HomologyExample.surviving_class_nonzero": [
2026-09-12T20:39:27.6411873Z       "Classical.choice",
2026-09-12T20:39:27.6412184Z       "Quot.sound",
2026-09-12T20:39:27.6412435Z       "propext"
2026-09-12T20:39:27.6412683Z     ],
2026-09-12T20:39:27.6413263Z     "SplitZero.HomologyExample.transition_maps_distinct": [
2026-09-12T20:39:27.6413783Z       "Classical.choice",
2026-09-12T20:39:27.6414072Z       "Quot.sound",
2026-09-12T20:39:27.6414332Z       "propext"
2026-09-12T20:39:27.6414579Z     ],
2026-09-12T20:39:27.6414916Z     "SplitZero.HomologyExample.unit_class_nonzero": [
2026-09-12T20:39:27.6415411Z       "Classical.choice",
2026-09-12T20:39:27.6415695Z       "Quot.sound",
2026-09-12T20:39:27.6415948Z       "propext"
2026-09-12T20:39:27.6416207Z     ],
2026-09-12T20:39:27.6416586Z     "SplitZero.InternalHomology.ComplexDiagram.boundaries": [
2026-09-12T20:39:27.6417094Z       "Classical.choice",
2026-09-12T20:39:27.6417384Z       "Quot.sound",
2026-09-12T20:39:27.6417646Z       "propext"
2026-09-12T20:39:27.6417888Z     ],
2026-09-12T20:39:27.6418272Z     "SplitZero.InternalHomology.ComplexDiagram.boundary": [
2026-09-12T20:39:27.6418738Z       "Quot.sound",
2026-09-12T20:39:27.6418994Z       "propext"
2026-09-12T20:39:27.6419238Z     ],
2026-09-12T20:39:27.6419645Z     "SplitZero.InternalHomology.ComplexDiagram.cycle_condition": [
2026-09-12T20:39:27.6420308Z       "Quot.sound",
2026-09-12T20:39:27.6420577Z       "propext"
2026-09-12T20:39:27.6420844Z     ],
2026-09-12T20:39:27.6421231Z     "SplitZero.InternalHomology.ComplexDiagram.cycles": [
2026-09-12T20:39:27.6421716Z       "Quot.sound",
2026-09-12T20:39:27.6421973Z       "propext"
2026-09-12T20:39:27.6422215Z     ],
2026-09-12T20:39:27.6422645Z     "SplitZero.InternalHomology.ComplexDiagram.differential_square": [
2026-09-12T20:39:27.6423180Z       "Quot.sound",
2026-09-12T20:39:27.6423431Z       "propext"
2026-09-12T20:39:27.6423690Z     ],
2026-09-12T20:39:27.6424160Z     "SplitZero.InternalHomology.ComplexDiagram.homology_coequalizer": [
2026-09-12T20:39:27.6424739Z       "Classical.choice",
2026-09-12T20:39:27.6425037Z       "Quot.sound",
2026-09-12T20:39:27.6425318Z       "propext"
2026-09-12T20:39:27.6425588Z     ],
2026-09-12T20:39:27.6426061Z     "SplitZero.InternalHomology.ComplexDiagram.homology_coequalizes": [
2026-09-12T20:39:27.6426681Z       "Classical.choice",
2026-09-12T20:39:27.6427016Z       "Quot.sound",
2026-09-12T20:39:27.6427304Z       "propext"
2026-09-12T20:39:27.6427577Z     ],
2026-09-12T20:39:27.6428040Z     "SplitZero.InternalHomology.ComplexDiagram.homology_universal": [
2026-09-12T20:39:27.6428621Z       "Classical.choice",
2026-09-12T20:39:27.6428943Z       "Quot.sound",
2026-09-12T20:39:27.6429207Z       "propext"
2026-09-12T20:39:27.6429460Z     ],
2026-09-12T20:39:27.6429827Z     "SplitZero.InternalHomology.ComplexDiagram.incoming": [
2026-09-12T20:39:27.6430488Z       "Quot.sound",
2026-09-12T20:39:27.6430780Z       "propext"
2026-09-12T20:39:27.6431060Z     ],
2026-09-12T20:39:27.6431453Z     "SplitZero.InternalHomology.ComplexDiagram.outgoing": [
2026-09-12T20:39:27.6431915Z       "Quot.sound",
2026-09-12T20:39:27.6432187Z       "propext"
2026-09-12T20:39:27.6432402Z     ],
2026-09-12T20:39:27.6432654Z     "SplitZero.InternalHomology.ComplexDiagram.project": [
2026-09-12T20:39:27.6432976Z       "Classical.choice",
2026-09-12T20:39:27.6433193Z       "Quot.sound",
2026-09-12T20:39:27.6433380Z       "propext"
2026-09-12T20:39:27.6433557Z     ],
2026-09-12T20:39:27.6433832Z     "SplitZero.InternalHomology.ComplexDiagram.project_eq_iff": [
2026-09-12T20:39:27.6434393Z       "Classical.choice",
2026-09-12T20:39:27.6434611Z       "Quot.sound",
2026-09-12T20:39:27.6434806Z       "propext"
2026-09-12T20:39:27.6434989Z     ],
2026-09-12T20:39:27.6435306Z     "SplitZero.InternalHomology.ComplexDiagram.retained_class_nonzero": [
2026-09-12T20:39:27.6435697Z       "Classical.choice",
2026-09-12T20:39:27.6435915Z       "Quot.sound",
2026-09-12T20:39:27.6436110Z       "propext"
2026-09-12T20:39:27.6436294Z     ],
2026-09-12T20:39:27.6436581Z     "SplitZero.InternalHomology.ComplexDiagram.supportedZero": [
2026-09-12T20:39:27.6436931Z       "Quot.sound",
2026-09-12T20:39:27.6437121Z       "propext"
2026-09-12T20:39:27.6437306Z     ],
2026-09-12T20:39:27.6437614Z     "SplitZero.InternalHomology.ComplexDiagram.supportedZero_ne_global": [
2026-09-12T20:39:27.6438303Z       "Quot.sound",
2026-09-12T20:39:27.6438506Z       "propext"
2026-09-12T20:39:27.6438691Z     ],
2026-09-12T20:39:27.6438993Z     "SplitZero.InternalHomology.ComplexDiagram.transition_is_induced": [
2026-09-12T20:39:27.6439380Z       "Classical.choice",
2026-09-12T20:39:27.6439595Z       "Quot.sound",
2026-09-12T20:39:27.6439787Z       "propext"
2026-09-12T20:39:27.6439967Z     ],
2026-09-12T20:39:27.6440487Z     "SplitZero.InternalHomology.ComplexDiagram.transition_kills_iff": [
2026-09-12T20:39:27.6440869Z       "Classical.choice",
2026-09-12T20:39:27.6441090Z       "Quot.sound",
2026-09-12T20:39:27.6441284Z       "propext"
2026-09-12T20:39:27.6441467Z     ],
2026-09-12T20:39:27.6441679Z     "SplitZero.Reconstruction.Hom.total": [
2026-09-12T20:39:27.6441956Z       "Quot.sound",
2026-09-12T20:39:27.6442145Z       "propext"
2026-09-12T20:39:27.6442325Z     ],
2026-09-12T20:39:27.6442541Z     "SplitZero.Reconstruction.Hom.total_comp": [
2026-09-12T20:39:27.6442827Z       "Quot.sound",
2026-09-12T20:39:27.6443016Z       "propext"
2026-09-12T20:39:27.6443195Z     ],
2026-09-12T20:39:27.6443410Z     "SplitZero.Reconstruction.Hom.total_id": [
2026-09-12T20:39:27.6443688Z       "Quot.sound",
2026-09-12T20:39:27.6443880Z       "propext"
2026-09-12T20:39:27.6444056Z     ],
2026-09-12T20:39:27.6444339Z     "SplitZero.Reconstruction.LinearDiagram.fibre_zero_ne_global": [
2026-09-12T20:39:27.6444691Z       "Quot.sound",
2026-09-12T20:39:27.6444879Z       "propext"
2026-09-12T20:39:27.6445057Z     ],
2026-09-12T20:39:27.6445309Z     "SplitZero.Reconstruction.LinearDiagram.observe_add": [
2026-09-12T20:39:27.6445634Z       "Quot.sound",
2026-09-12T20:39:27.6445823Z       "propext"
2026-09-12T20:39:27.6446005Z     ],
2026-09-12T20:39:27.6446289Z     "SplitZero.Reconstruction.LinearDiagram.supported_zero_action": [
2026-09-12T20:39:27.6446657Z       "Quot.sound",
2026-09-12T20:39:27.6446842Z       "propext"
2026-09-12T20:39:27.6447020Z     ],
2026-09-12T20:39:27.6447311Z     "SplitZero.Reconstruction.LinearDiagram.totalAddCommMonoid": [
2026-09-12T20:39:27.6447661Z       "Quot.sound",
2026-09-12T20:39:27.6447845Z       "propext"
2026-09-12T20:39:27.6448019Z     ],
2026-09-12T20:39:27.6448268Z     "SplitZero.Reconstruction.LinearDiagram.totalModule": [
2026-09-12T20:39:27.6448593Z       "Quot.sound",
2026-09-12T20:39:27.6448789Z       "propext"
2026-09-12T20:39:27.6448964Z     ],
2026-09-12T20:39:27.6449206Z     "SplitZero.Reconstruction.LinearDiagram.total_ext": [
2026-09-12T20:39:27.6449512Z       "Quot.sound",
2026-09-12T20:39:27.6449697Z       "propext"
2026-09-12T20:39:27.6449872Z     ],
2026-09-12T20:39:27.6450336Z     "SplitZero.Reconstruction.Relations.coequalizer_universal": [
2026-09-12T20:39:27.6450689Z       "Classical.choice",
2026-09-12T20:39:27.6450900Z       "Quot.sound",
2026-09-12T20:39:27.6451085Z       "propext"
2026-09-12T20:39:27.6451263Z     ],
2026-09-12T20:39:27.6451503Z     "SplitZero.Reconstruction.Relations.coequalizes": [
2026-09-12T20:39:27.6451819Z       "Classical.choice",
2026-09-12T20:39:27.6452033Z       "Quot.sound",
2026-09-12T20:39:27.6452220Z       "propext"
2026-09-12T20:39:27.6452398Z     ],
2026-09-12T20:39:27.6452686Z     "SplitZero.Reconstruction.Relations.constant_on_quotient_fibres": [
2026-09-12T20:39:27.6453209Z       "Classical.choice",
2026-09-12T20:39:27.6453416Z       "Quot.sound",
2026-09-12T20:39:27.6453599Z       "propext"
2026-09-12T20:39:27.6453775Z     ],
2026-09-12T20:39:27.6453995Z     "SplitZero.Reconstruction.Relations.descend": [
2026-09-12T20:39:27.6454294Z       "Classical.choice",
2026-09-12T20:39:27.6454505Z       "Quot.sound",
2026-09-12T20:39:27.6454687Z       "propext"
2026-09-12T20:39:27.6454864Z     ],
2026-09-12T20:39:27.6455116Z     "SplitZero.Reconstruction.Relations.quotientDiagram": [
2026-09-12T20:39:27.6455437Z       "Classical.choice",
2026-09-12T20:39:27.6455643Z       "Quot.sound",
2026-09-12T20:39:27.6455826Z       "propext"
2026-09-12T20:39:27.6456001Z     ],
2026-09-12T20:39:27.6456357Z     "SplitZero.Reconstruction.Relations.quotientMap": [
2026-09-12T20:39:27.6456672Z       "Classical.choice",
2026-09-12T20:39:27.6456879Z       "Quot.sound",
2026-09-12T20:39:27.6457064Z       "propext"
2026-09-12T20:39:27.6457248Z     ],
2026-09-12T20:39:27.6457526Z     "SplitZero.Reconstruction.Relations.quotient_same_label_iff": [
2026-09-12T20:39:27.6457871Z       "Classical.choice",
2026-09-12T20:39:27.6458076Z       "Quot.sound",
2026-09-12T20:39:27.6458262Z       "propext"
2026-09-12T20:39:27.6458443Z     ],
2026-09-12T20:39:27.6458700Z     "SplitZero.Reconstruction.Relations.quotient_surjective": [
2026-09-12T20:39:27.6459032Z       "Classical.choice",
2026-09-12T20:39:27.6459237Z       "Quot.sound",
2026-09-12T20:39:27.6459422Z       "propext"
2026-09-12T20:39:27.6459598Z     ],
2026-09-12T20:39:27.6459870Z     "SplitZero.Reconstruction.Relations.quotient_universal": [
2026-09-12T20:39:27.6460407Z       "Classical.choice",
2026-09-12T20:39:27.6460611Z       "Quot.sound",
2026-09-12T20:39:27.6460798Z       "propext"
2026-09-12T20:39:27.6460986Z     ],
2026-09-12T20:39:27.6461268Z     "SplitZero.Reconstruction.Relations.relation_maps_to_fibre_zero": [
2026-09-12T20:39:27.6461625Z       "Classical.choice",
2026-09-12T20:39:27.6461829Z       "Quot.sound",
2026-09-12T20:39:27.6462023Z       "propext"
2026-09-12T20:39:27.6462201Z     ],
2026-09-12T20:39:27.6462401Z     "SplitZero.Recovery.intrinsic": [
2026-09-12T20:39:27.6462659Z       "Quot.sound",
2026-09-12T20:39:27.6462845Z       "propext"
2026-09-12T20:39:27.6463022Z     ],
2026-09-12T20:39:27.6463223Z     "SplitZero.Recovery.recoverEquiv": [
2026-09-12T20:39:27.6463483Z       "Quot.sound",
2026-09-12T20:39:27.6463672Z       "propext"
2026-09-12T20:39:27.6463867Z     ],
2026-09-12T20:39:27.6464074Z     "SplitZero.Recovery.recover_apply": [
2026-09-12T20:39:27.6464363Z       "Quot.sound",
2026-09-12T20:39:27.6464570Z       "propext"
2026-09-12T20:39:27.6464758Z     ],
2026-09-12T20:39:27.6464970Z     "SplitZero.Recovery.recover_inverse": [
2026-09-12T20:39:27.6465247Z       "Quot.sound",
2026-09-12T20:39:27.6465447Z       "propext"
2026-09-12T20:39:27.6465630Z     ]
2026-09-12T20:39:27.6465802Z   },
2026-09-12T20:39:27.6465979Z   "modules": 7,
2026-09-12T20:39:27.6466175Z   "selected_targets": 73,
2026-09-12T20:39:27.6466404Z   "source_sha256": {
2026-09-12T20:39:27.6466816Z     "SplitZeroComplex.lean": "9af3246852b5e07d95014c6598b2acaef74a033fa38b4493ebdbaa082da9e780",
2026-09-12T20:39:27.6467454Z     "SplitZeroFiniteJets.lean": "182e689502ee9a140c42921f60a7c13e54e939d438e3516cdb9a64722acfbaa0",
2026-09-12T20:39:27.6468085Z     "SplitZeroHomology.lean": "9fba701a1eb9bab1d5055f90ed63840e4a9ce1b3280edb34383b35d015923281",
2026-09-12T20:39:27.6468742Z     "SplitZeroHomologyExample.lean": "503cb942e6913e3184816bb3e37c41bec4a3687eb03959f1acbc9c7490778063",
2026-09-12T20:39:27.6469430Z     "SplitZeroInternalQuotient.lean": "a021f0a99057a0b9c004e8f8e459780ce2e81f51040fc99518f2833a040ef43e",
2026-09-12T20:39:27.6470272Z     "SplitZeroReconstruction.lean": "a957bc38c2da459004c4886421e1b686a9f7606cf2debbdfcc0002de9832ea12",
2026-09-12T20:39:27.6470908Z     "SplitZeroRecovery.lean": "b23e64d58717200c70098a3b25292009aa6b9dc3fcb780e9e78129074611966f"
2026-09-12T20:39:27.6471324Z   }
2026-09-12T20:39:27.6471641Z }
2026-09-12T20:39:33.0802715Z PASS: 28 selected declarations; only standard axioms
2026-09-12T20:39:33.0955926Z Post job cleanup.
2026-09-12T20:39:33.2693982Z [command]/usr/bin/git version
2026-09-12T20:39:33.2756176Z git version 2.55.0
2026-09-12T20:39:33.2795244Z Temporarily overriding HOME='/home/runner/work/_temp/984f7b4c-731f-4c40-b4b8-1b3d701c6438' before making global git config changes
2026-09-12T20:39:33.2796539Z Adding repository directory to the temporary git global config as a safe directory
2026-09-12T20:39:33.2801408Z [command]/usr/bin/git config --global --add safe.directory /home/runner/work/zeta-function-research-reader/zeta-function-research-reader
2026-09-12T20:39:33.2836947Z Removing SSH command configuration
2026-09-12T20:39:33.2843701Z [command]/usr/bin/git config --local --name-only --get-regexp core\.sshCommand
2026-09-12T20:39:33.2892682Z [command]/usr/bin/git submodule foreach --recursive sh -c "git config --local --name-only --get-regexp 'core\.sshCommand' && git config --local --unset-all 'core.sshCommand' || :"
2026-09-12T20:39:33.3159289Z Removing HTTP extra header
2026-09-12T20:39:33.3165740Z [command]/usr/bin/git config --local --name-only --get-regexp http\.https\:\/\/github\.com\/\.extraheader
2026-09-12T20:39:33.3206632Z [command]/usr/bin/git submodule foreach --recursive sh -c "git config --local --name-only --get-regexp 'http\.https\:\/\/github\.com\/\.extraheader' && git config --local --unset-all 'http.https://github.com/.extraheader' || :"
2026-09-12T20:39:33.3551913Z Removing includeIf entries pointing to credentials config files
2026-09-12T20:39:33.3552929Z [command]/usr/bin/git config --local --name-only --get-regexp ^includeIf\.gitdir:
2026-09-12T20:39:33.3629672Z [command]/usr/bin/git submodule foreach --recursive git config --local --show-origin --name-only --get-regexp remote.origin.url
2026-09-12T20:39:33.4025756Z Cleaning up orphan processes
