source_filename,source_sha256,line,column,observed_name,role_candidate
00_CONTINUE_HERE.md,f744aab6e9891994e9a34024b3faeca26a9a2ed4fb0904ed7be3516a680d6f29,3,131,Deligne,unresolved person or eponym; contextual source use not established
00_CONTINUE_HERE.md,f744aab6e9891994e9a34024b3faeca26a9a2ed4fb0904ed7be3516a680d6f29,11,690,Gram,unresolved person or eponym; contextual source use not established
00_CONTINUE_HERE.md,f744aab6e9891994e9a34024b3faeca26a9a2ed4fb0904ed7be3516a680d6f29,98,16,Deligne,unresolved person or eponym; contextual source use not established
02_FULL_GAMMA_PROOFS.tex,c226f7110ed7929b62c17b43bc6759d089a72e766fca387ebffcde80723a3c08,113,13,Hilbert,unresolved person or eponym; contextual source use not established
02_FULL_GAMMA_PROOFS.tex,c226f7110ed7929b62c17b43bc6759d089a72e766fca387ebffcde80723a3c08,126,15,Hilbert,unresolved person or eponym; contextual source use not established
02_FULL_GAMMA_PROOFS.tex,c226f7110ed7929b62c17b43bc6759d089a72e766fca387ebffcde80723a3c08,164,46,Taylor,unresolved person or eponym; contextual source use not established
02_FULL_GAMMA_PROOFS.tex,c226f7110ed7929b62c17b43bc6759d089a72e766fca387ebffcde80723a3c08,230,25,Euler,unresolved person or eponym; contextual source use not established
02_FULL_GAMMA_PROOFS.tex,c226f7110ed7929b62c17b43bc6759d089a72e766fca387ebffcde80723a3c08,430,52,Euler,unresolved person or eponym; contextual source use not established
02_FULL_GAMMA_PROOFS.tex,c226f7110ed7929b62c17b43bc6759d089a72e766fca387ebffcde80723a3c08,438,28,Euler,unresolved person or eponym; contextual source use not established
02_FULL_GAMMA_PROOFS.tex,c226f7110ed7929b62c17b43bc6759d089a72e766fca387ebffcde80723a3c08,495,25,Hilbert,unresolved person or eponym; contextual source use not established
02_FULL_GAMMA_PROOFS.tex,c226f7110ed7929b62c17b43bc6759d089a72e766fca387ebffcde80723a3c08,557,12,Gram,unresolved person or eponym; contextual source use not established
02_FULL_GAMMA_PROOFS.tex,c226f7110ed7929b62c17b43bc6759d089a72e766fca387ebffcde80723a3c08,611,53,Euler,unresolved person or eponym; contextual source use not established
02_FULL_GAMMA_PROOFS.tex,c226f7110ed7929b62c17b43bc6759d089a72e766fca387ebffcde80723a3c08,618,27,Euler,unresolved person or eponym; contextual source use not established
02_FULL_GAMMA_PROOFS.tex,c226f7110ed7929b62c17b43bc6759d089a72e766fca387ebffcde80723a3c08,624,50,Euler,unresolved person or eponym; contextual source use not established
02_FULL_GAMMA_PROOFS.tex,c226f7110ed7929b62c17b43bc6759d089a72e766fca387ebffcde80723a3c08,632,15,Gram,unresolved person or eponym; contextual source use not established
02_FULL_GAMMA_PROOFS.tex,c226f7110ed7929b62c17b43bc6759d089a72e766fca387ebffcde80723a3c08,667,38,Hankel,unresolved person or eponym; contextual source use not established
02_FULL_GAMMA_PROOFS.tex,c226f7110ed7929b62c17b43bc6759d089a72e766fca387ebffcde80723a3c08,685,20,Gram,unresolved person or eponym; contextual source use not established
02_FULL_GAMMA_PROOFS.tex,c226f7110ed7929b62c17b43bc6759d089a72e766fca387ebffcde80723a3c08,759,59,Christoffel,unresolved person or eponym; contextual source use not established
02_FULL_GAMMA_PROOFS.tex,c226f7110ed7929b62c17b43bc6759d089a72e766fca387ebffcde80723a3c08,769,44,Borel,unresolved person or eponym; contextual source use not established
02_FULL_GAMMA_PROOFS.tex,c226f7110ed7929b62c17b43bc6759d089a72e766fca387ebffcde80723a3c08,786,4,Euler,unresolved person or eponym; contextual source use not established
02_FULL_GAMMA_PROOFS.tex,c226f7110ed7929b62c17b43bc6759d089a72e766fca387ebffcde80723a3c08,804,10,Fourier,unresolved person or eponym; contextual source use not established
02_FULL_GAMMA_PROOFS.tex,c226f7110ed7929b62c17b43bc6759d089a72e766fca387ebffcde80723a3c08,805,55,Euler,unresolved person or eponym; contextual source use not established
02_FULL_GAMMA_PROOFS.tex,c226f7110ed7929b62c17b43bc6759d089a72e766fca387ebffcde80723a3c08,808,29,Fourier,unresolved person or eponym; contextual source use not established
02_FULL_GAMMA_PROOFS.tex,c226f7110ed7929b62c17b43bc6759d089a72e766fca387ebffcde80723a3c08,863,1,Gram,unresolved person or eponym; contextual source use not established
02_FULL_GAMMA_PROOFS.tex,c226f7110ed7929b62c17b43bc6759d089a72e766fca387ebffcde80723a3c08,892,11,Christoffel,unresolved person or eponym; contextual source use not established
02_FULL_GAMMA_PROOFS.tex,c226f7110ed7929b62c17b43bc6759d089a72e766fca387ebffcde80723a3c08,1026,35,Jacobi,unresolved person or eponym; contextual source use not established
02_FULL_GAMMA_PROOFS.tex,c226f7110ed7929b62c17b43bc6759d089a72e766fca387ebffcde80723a3c08,1037,1,Schur,unresolved person or eponym; contextual source use not established
02_FULL_GAMMA_PROOFS.tex,c226f7110ed7929b62c17b43bc6759d089a72e766fca387ebffcde80723a3c08,1233,45,Gram,unresolved person or eponym; contextual source use not established
02_FULL_GAMMA_PROOFS.tex,c226f7110ed7929b62c17b43bc6759d089a72e766fca387ebffcde80723a3c08,1474,58,Christoffel,unresolved person or eponym; contextual source use not established
02_FULL_GAMMA_PROOFS.tex,c226f7110ed7929b62c17b43bc6759d089a72e766fca387ebffcde80723a3c08,1551,17,Euler,unresolved person or eponym; contextual source use not established
02_FULL_GAMMA_PROOFS.tex,c226f7110ed7929b62c17b43bc6759d089a72e766fca387ebffcde80723a3c08,1582,25,Cauchy,unresolved person or eponym; contextual source use not established
02_FULL_GAMMA_PROOFS.tex,c226f7110ed7929b62c17b43bc6759d089a72e766fca387ebffcde80723a3c08,1582,33,Schwarz,unresolved person or eponym; contextual source use not established
02_FULL_GAMMA_PROOFS.tex,c226f7110ed7929b62c17b43bc6759d089a72e766fca387ebffcde80723a3c08,1631,1,Cauchy,unresolved person or eponym; contextual source use not established
02_FULL_GAMMA_PROOFS.tex,c226f7110ed7929b62c17b43bc6759d089a72e766fca387ebffcde80723a3c08,1631,9,Schwarz,unresolved person or eponym; contextual source use not established
02_FULL_GAMMA_PROOFS.tex,c226f7110ed7929b62c17b43bc6759d089a72e766fca387ebffcde80723a3c08,1771,64,Hankel,unresolved person or eponym; contextual source use not established
02_FULL_GAMMA_PROOFS.tex,c226f7110ed7929b62c17b43bc6759d089a72e766fca387ebffcde80723a3c08,2000,46,Cauchy,unresolved person or eponym; contextual source use not established
02_FULL_GAMMA_PROOFS.tex,c226f7110ed7929b62c17b43bc6759d089a72e766fca387ebffcde80723a3c08,2001,16,Stieltjes,unresolved person or eponym; contextual source use not established
02_FULL_GAMMA_PROOFS.tex,c226f7110ed7929b62c17b43bc6759d089a72e766fca387ebffcde80723a3c08,2006,44,Tonelli,unresolved person or eponym; contextual source use not established
02_FULL_GAMMA_PROOFS.tex,c226f7110ed7929b62c17b43bc6759d089a72e766fca387ebffcde80723a3c08,2086,12,Cauchy,unresolved person or eponym; contextual source use not established
02_FULL_GAMMA_PROOFS.tex,c226f7110ed7929b62c17b43bc6759d089a72e766fca387ebffcde80723a3c08,2107,17,Euler,unresolved person or eponym; contextual source use not established
02_FULL_GAMMA_PROOFS.tex,c226f7110ed7929b62c17b43bc6759d089a72e766fca387ebffcde80723a3c08,2162,61,Gaussian,unresolved person or eponym; contextual source use not established
02_FULL_GAMMA_PROOFS.tex,c226f7110ed7929b62c17b43bc6759d089a72e766fca387ebffcde80723a3c08,2163,1,Fourier,unresolved person or eponym; contextual source use not established
02_FULL_GAMMA_PROOFS.tex,c226f7110ed7929b62c17b43bc6759d089a72e766fca387ebffcde80723a3c08,2170,12,Gaussian,unresolved person or eponym; contextual source use not established
02_FULL_GAMMA_PROOFS.tex,c226f7110ed7929b62c17b43bc6759d089a72e766fca387ebffcde80723a3c08,2170,21,Fourier,unresolved person or eponym; contextual source use not established
02_FULL_GAMMA_PROOFS.tex,c226f7110ed7929b62c17b43bc6759d089a72e766fca387ebffcde80723a3c08,2171,8,Gaussian,unresolved person or eponym; contextual source use not established
02_FULL_GAMMA_PROOFS.tex,c226f7110ed7929b62c17b43bc6759d089a72e766fca387ebffcde80723a3c08,2171,53,Fourier,unresolved person or eponym; contextual source use not established
02_FULL_GAMMA_PROOFS.tex,c226f7110ed7929b62c17b43bc6759d089a72e766fca387ebffcde80723a3c08,2175,26,Fourier,unresolved person or eponym; contextual source use not established
02_FULL_GAMMA_PROOFS.tex,c226f7110ed7929b62c17b43bc6759d089a72e766fca387ebffcde80723a3c08,2177,43,Gaussian,unresolved person or eponym; contextual source use not established
02_FULL_GAMMA_PROOFS.tex,c226f7110ed7929b62c17b43bc6759d089a72e766fca387ebffcde80723a3c08,2178,47,Fourier,unresolved person or eponym; contextual source use not established
02_FULL_GAMMA_PROOFS.tex,c226f7110ed7929b62c17b43bc6759d089a72e766fca387ebffcde80723a3c08,2234,32,Fourier,unresolved person or eponym; contextual source use not established
02_FULL_GAMMA_PROOFS.tex,c226f7110ed7929b62c17b43bc6759d089a72e766fca387ebffcde80723a3c08,2345,10,Euler,unresolved person or eponym; contextual source use not established
02_FULL_GAMMA_PROOFS.tex,c226f7110ed7929b62c17b43bc6759d089a72e766fca387ebffcde80723a3c08,2373,38,Vandermonde,unresolved person or eponym; contextual source use not established
02_FULL_GAMMA_PROOFS.tex,c226f7110ed7929b62c17b43bc6759d089a72e766fca387ebffcde80723a3c08,2380,45,Gram,unresolved person or eponym; contextual source use not established
02_FULL_GAMMA_PROOFS.tex,c226f7110ed7929b62c17b43bc6759d089a72e766fca387ebffcde80723a3c08,2406,36,Euler,unresolved person or eponym; contextual source use not established
02_FULL_GAMMA_PROOFS.tex,c226f7110ed7929b62c17b43bc6759d089a72e766fca387ebffcde80723a3c08,2575,36,Jensen,unresolved person or eponym; contextual source use not established
02_FULL_GAMMA_PROOFS.tex,c226f7110ed7929b62c17b43bc6759d089a72e766fca387ebffcde80723a3c08,2689,1,Riemann,unresolved person or eponym; contextual source use not established
02_FULL_GAMMA_PROOFS.tex,c226f7110ed7929b62c17b43bc6759d089a72e766fca387ebffcde80723a3c08,2697,16,Riemann,unresolved person or eponym; contextual source use not established
02_FULL_GAMMA_PROOFS.tex,c226f7110ed7929b62c17b43bc6759d089a72e766fca387ebffcde80723a3c08,2804,10,Gram,unresolved person or eponym; contextual source use not established
02_FULL_GAMMA_PROOFS.tex,c226f7110ed7929b62c17b43bc6759d089a72e766fca387ebffcde80723a3c08,2820,34,Gram,unresolved person or eponym; contextual source use not established
02_FULL_GAMMA_PROOFS.tex,c226f7110ed7929b62c17b43bc6759d089a72e766fca387ebffcde80723a3c08,3035,48,Gram,unresolved person or eponym; contextual source use not established
02_FULL_GAMMA_PROOFS.tex,c226f7110ed7929b62c17b43bc6759d089a72e766fca387ebffcde80723a3c08,3042,1,Gram,unresolved person or eponym; contextual source use not established
02_FULL_GAMMA_PROOFS.tex,c226f7110ed7929b62c17b43bc6759d089a72e766fca387ebffcde80723a3c08,3071,5,Schur,unresolved person or eponym; contextual source use not established
02_FULL_GAMMA_PROOFS.tex,c226f7110ed7929b62c17b43bc6759d089a72e766fca387ebffcde80723a3c08,3072,1,Gram,unresolved person or eponym; contextual source use not established
02_FULL_GAMMA_PROOFS.tex,c226f7110ed7929b62c17b43bc6759d089a72e766fca387ebffcde80723a3c08,3074,57,Gram,unresolved person or eponym; contextual source use not established
02_FULL_GAMMA_PROOFS.tex,c226f7110ed7929b62c17b43bc6759d089a72e766fca387ebffcde80723a3c08,3423,15,Gram,unresolved person or eponym; contextual source use not established
02_FULL_GAMMA_PROOFS.tex,c226f7110ed7929b62c17b43bc6759d089a72e766fca387ebffcde80723a3c08,3424,15,Gram,unresolved person or eponym; contextual source use not established
02_FULL_GAMMA_PROOFS.tex,c226f7110ed7929b62c17b43bc6759d089a72e766fca387ebffcde80723a3c08,3426,27,Gram,unresolved person or eponym; contextual source use not established
02_FULL_GAMMA_PROOFS.tex,c226f7110ed7929b62c17b43bc6759d089a72e766fca387ebffcde80723a3c08,3439,28,Schur,unresolved person or eponym; contextual source use not established
02_FULL_GAMMA_PROOFS.tex,c226f7110ed7929b62c17b43bc6759d089a72e766fca387ebffcde80723a3c08,3488,25,Gram,unresolved person or eponym; contextual source use not established
02_FULL_GAMMA_PROOFS.tex,c226f7110ed7929b62c17b43bc6759d089a72e766fca387ebffcde80723a3c08,3508,32,Taylor,unresolved person or eponym; contextual source use not established
02_FULL_GAMMA_PROOFS.tex,c226f7110ed7929b62c17b43bc6759d089a72e766fca387ebffcde80723a3c08,3509,28,Christoffel,unresolved person or eponym; contextual source use not established
02_FULL_GAMMA_PROOFS.tex,c226f7110ed7929b62c17b43bc6759d089a72e766fca387ebffcde80723a3c08,3519,58,Taylor,unresolved person or eponym; contextual source use not established
02_FULL_GAMMA_PROOFS.tex,c226f7110ed7929b62c17b43bc6759d089a72e766fca387ebffcde80723a3c08,3534,43,Hilbert,unresolved person or eponym; contextual source use not established
02_FULL_GAMMA_PROOFS.tex,c226f7110ed7929b62c17b43bc6759d089a72e766fca387ebffcde80723a3c08,3545,17,Gram,unresolved person or eponym; contextual source use not established
02_FULL_GAMMA_PROOFS.tex,c226f7110ed7929b62c17b43bc6759d089a72e766fca387ebffcde80723a3c08,3570,44,Gram,unresolved person or eponym; contextual source use not established
02_FULL_GAMMA_PROOFS.tex,c226f7110ed7929b62c17b43bc6759d089a72e766fca387ebffcde80723a3c08,3582,23,Gram,unresolved person or eponym; contextual source use not established
02_FULL_GAMMA_PROOFS.tex,c226f7110ed7929b62c17b43bc6759d089a72e766fca387ebffcde80723a3c08,3585,1,Jacobi,unresolved person or eponym; contextual source use not established
02_FULL_GAMMA_PROOFS.tex,c226f7110ed7929b62c17b43bc6759d089a72e766fca387ebffcde80723a3c08,3665,18,Taylor,unresolved person or eponym; contextual source use not established
02_FULL_GAMMA_PROOFS.tex,c226f7110ed7929b62c17b43bc6759d089a72e766fca387ebffcde80723a3c08,3698,36,Gram,unresolved person or eponym; contextual source use not established
02_FULL_GAMMA_PROOFS.tex,c226f7110ed7929b62c17b43bc6759d089a72e766fca387ebffcde80723a3c08,3701,23,Gram,unresolved person or eponym; contextual source use not established
02_FULL_GAMMA_PROOFS.tex,c226f7110ed7929b62c17b43bc6759d089a72e766fca387ebffcde80723a3c08,3702,1,Gram,unresolved person or eponym; contextual source use not established
02_FULL_GAMMA_PROOFS.tex,c226f7110ed7929b62c17b43bc6759d089a72e766fca387ebffcde80723a3c08,3702,13,Schur,unresolved person or eponym; contextual source use not established
02_FULL_GAMMA_PROOFS.tex,c226f7110ed7929b62c17b43bc6759d089a72e766fca387ebffcde80723a3c08,3719,43,Taylor,unresolved person or eponym; contextual source use not established
02_FULL_GAMMA_PROOFS.tex,c226f7110ed7929b62c17b43bc6759d089a72e766fca387ebffcde80723a3c08,4166,47,Christoffel,unresolved person or eponym; contextual source use not established
02_FULL_GAMMA_PROOFS.tex,c226f7110ed7929b62c17b43bc6759d089a72e766fca387ebffcde80723a3c08,4251,57,Taylor,unresolved person or eponym; contextual source use not established
02_FULL_GAMMA_PROOFS.tex,c226f7110ed7929b62c17b43bc6759d089a72e766fca387ebffcde80723a3c08,4280,7,Heine,unresolved person or eponym; contextual source use not established
02_FULL_GAMMA_PROOFS.tex,c226f7110ed7929b62c17b43bc6759d089a72e766fca387ebffcde80723a3c08,4311,14,Euler,unresolved person or eponym; contextual source use not established
02_FULL_GAMMA_PROOFS.tex,c226f7110ed7929b62c17b43bc6759d089a72e766fca387ebffcde80723a3c08,4342,44,Heine,unresolved person or eponym; contextual source use not established
02_FULL_GAMMA_PROOFS.tex,c226f7110ed7929b62c17b43bc6759d089a72e766fca387ebffcde80723a3c08,4404,45,Lebesgue,unresolved person or eponym; contextual source use not established
02_FULL_GAMMA_PROOFS.tex,c226f7110ed7929b62c17b43bc6759d089a72e766fca387ebffcde80723a3c08,4455,61,Gaussian,unresolved person or eponym; contextual source use not established
02_FULL_GAMMA_PROOFS.tex,c226f7110ed7929b62c17b43bc6759d089a72e766fca387ebffcde80723a3c08,4456,1,Fourier,unresolved person or eponym; contextual source use not established
02_FULL_GAMMA_PROOFS.tex,c226f7110ed7929b62c17b43bc6759d089a72e766fca387ebffcde80723a3c08,4468,29,Fourier,unresolved person or eponym; contextual source use not established
02_FULL_GAMMA_PROOFS.tex,c226f7110ed7929b62c17b43bc6759d089a72e766fca387ebffcde80723a3c08,4472,56,Gaussian,unresolved person or eponym; contextual source use not established
02_FULL_GAMMA_PROOFS.tex,c226f7110ed7929b62c17b43bc6759d089a72e766fca387ebffcde80723a3c08,4502,40,Tonelli,unresolved person or eponym; contextual source use not established
02_FULL_GAMMA_PROOFS.tex,c226f7110ed7929b62c17b43bc6759d089a72e766fca387ebffcde80723a3c08,4600,54,Heine,unresolved person or eponym; contextual source use not established
02_FULL_GAMMA_PROOFS.tex,c226f7110ed7929b62c17b43bc6759d089a72e766fca387ebffcde80723a3c08,4615,58,Jensen,unresolved person or eponym; contextual source use not established
02_FULL_GAMMA_PROOFS.tex,c226f7110ed7929b62c17b43bc6759d089a72e766fca387ebffcde80723a3c08,4681,46,Heine,unresolved person or eponym; contextual source use not established
02_FULL_GAMMA_PROOFS.tex,c226f7110ed7929b62c17b43bc6759d089a72e766fca387ebffcde80723a3c08,4691,1,Heine,unresolved person or eponym; contextual source use not established
02_FULL_GAMMA_PROOFS.tex,c226f7110ed7929b62c17b43bc6759d089a72e766fca387ebffcde80723a3c08,4704,29,Hankel,unresolved person or eponym; contextual source use not established
02_FULL_GAMMA_PROOFS.tex,c226f7110ed7929b62c17b43bc6759d089a72e766fca387ebffcde80723a3c08,4718,1,Hankel,unresolved person or eponym; contextual source use not established
02_FULL_GAMMA_PROOFS.tex,c226f7110ed7929b62c17b43bc6759d089a72e766fca387ebffcde80723a3c08,4743,5,Vandermonde,unresolved person or eponym; contextual source use not established
02_FULL_GAMMA_PROOFS.tex,c226f7110ed7929b62c17b43bc6759d089a72e766fca387ebffcde80723a3c08,4795,12,Vandermonde,unresolved person or eponym; contextual source use not established
02_FULL_GAMMA_PROOFS.tex,c226f7110ed7929b62c17b43bc6759d089a72e766fca387ebffcde80723a3c08,4836,51,Lebesgue,unresolved person or eponym; contextual source use not established
02_FULL_GAMMA_PROOFS.tex,c226f7110ed7929b62c17b43bc6759d089a72e766fca387ebffcde80723a3c08,4848,54,Heine,unresolved person or eponym; contextual source use not established
02_FULL_GAMMA_PROOFS.tex,c226f7110ed7929b62c17b43bc6759d089a72e766fca387ebffcde80723a3c08,4906,42,Vandermonde,unresolved person or eponym; contextual source use not established
02_FULL_GAMMA_PROOFS.tex,c226f7110ed7929b62c17b43bc6759d089a72e766fca387ebffcde80723a3c08,5424,32,Fourier,unresolved person or eponym; contextual source use not established
02_FULL_GAMMA_PROOFS.tex,c226f7110ed7929b62c17b43bc6759d089a72e766fca387ebffcde80723a3c08,5428,1,Fourier,unresolved person or eponym; contextual source use not established
02_FULL_GAMMA_PROOFS.tex,c226f7110ed7929b62c17b43bc6759d089a72e766fca387ebffcde80723a3c08,5440,20,Euler,unresolved person or eponym; contextual source use not established
02_FULL_GAMMA_PROOFS.tex,c226f7110ed7929b62c17b43bc6759d089a72e766fca387ebffcde80723a3c08,5470,46,Fourier,unresolved person or eponym; contextual source use not established
02_FULL_GAMMA_PROOFS.tex,c226f7110ed7929b62c17b43bc6759d089a72e766fca387ebffcde80723a3c08,5515,30,Hilbert,unresolved person or eponym; contextual source use not established
02_FULL_GAMMA_PROOFS.tex,c226f7110ed7929b62c17b43bc6759d089a72e766fca387ebffcde80723a3c08,5526,45,Gram,unresolved person or eponym; contextual source use not established
02_FULL_GAMMA_PROOFS.tex,c226f7110ed7929b62c17b43bc6759d089a72e766fca387ebffcde80723a3c08,5529,45,Laplace,unresolved person or eponym; contextual source use not established
02_FULL_GAMMA_PROOFS.tex,c226f7110ed7929b62c17b43bc6759d089a72e766fca387ebffcde80723a3c08,5542,21,Gram,unresolved person or eponym; contextual source use not established
02_FULL_GAMMA_PROOFS.tex,c226f7110ed7929b62c17b43bc6759d089a72e766fca387ebffcde80723a3c08,5603,10,Vandermonde,unresolved person or eponym; contextual source use not established
02_FULL_GAMMA_PROOFS.tex,c226f7110ed7929b62c17b43bc6759d089a72e766fca387ebffcde80723a3c08,5609,42,Gram,unresolved person or eponym; contextual source use not established
02_FULL_GAMMA_PROOFS.tex,c226f7110ed7929b62c17b43bc6759d089a72e766fca387ebffcde80723a3c08,5623,28,Fourier,unresolved person or eponym; contextual source use not established
02_FULL_GAMMA_PROOFS.tex,c226f7110ed7929b62c17b43bc6759d089a72e766fca387ebffcde80723a3c08,5679,1,Fourier,unresolved person or eponym; contextual source use not established
02_FULL_GAMMA_PROOFS.tex,c226f7110ed7929b62c17b43bc6759d089a72e766fca387ebffcde80723a3c08,5680,49,Fourier,unresolved person or eponym; contextual source use not established
02_FULL_GAMMA_PROOFS.tex,c226f7110ed7929b62c17b43bc6759d089a72e766fca387ebffcde80723a3c08,5681,33,Gaussian,unresolved person or eponym; contextual source use not established
02_FULL_GAMMA_PROOFS.tex,c226f7110ed7929b62c17b43bc6759d089a72e766fca387ebffcde80723a3c08,5681,46,Fourier,unresolved person or eponym; contextual source use not established
02_FULL_GAMMA_PROOFS.tex,c226f7110ed7929b62c17b43bc6759d089a72e766fca387ebffcde80723a3c08,5682,5,Fubini,unresolved person or eponym; contextual source use not established
02_FULL_GAMMA_PROOFS.tex,c226f7110ed7929b62c17b43bc6759d089a72e766fca387ebffcde80723a3c08,5682,25,Gaussian,unresolved person or eponym; contextual source use not established
02_FULL_GAMMA_PROOFS.tex,c226f7110ed7929b62c17b43bc6759d089a72e766fca387ebffcde80723a3c08,5768,5,Vandermonde,unresolved person or eponym; contextual source use not established
02_FULL_GAMMA_PROOFS.tex,c226f7110ed7929b62c17b43bc6759d089a72e766fca387ebffcde80723a3c08,5821,52,Cauchy,unresolved person or eponym; contextual source use not established
02_FULL_GAMMA_PROOFS.tex,c226f7110ed7929b62c17b43bc6759d089a72e766fca387ebffcde80723a3c08,5821,60,Schwarz,unresolved person or eponym; contextual source use not established
02_FULL_GAMMA_PROOFS.tex,c226f7110ed7929b62c17b43bc6759d089a72e766fca387ebffcde80723a3c08,5827,1,Fubini,unresolved person or eponym; contextual source use not established
02_FULL_GAMMA_PROOFS.tex,c226f7110ed7929b62c17b43bc6759d089a72e766fca387ebffcde80723a3c08,5848,43,Hilbert,unresolved person or eponym; contextual source use not established
02_FULL_GAMMA_PROOFS.tex,c226f7110ed7929b62c17b43bc6759d089a72e766fca387ebffcde80723a3c08,5870,37,Hilbert,unresolved person or eponym; contextual source use not established
02_FULL_GAMMA_PROOFS.tex,c226f7110ed7929b62c17b43bc6759d089a72e766fca387ebffcde80723a3c08,5978,29,Euler,unresolved person or eponym; contextual source use not established
02_FULL_GAMMA_PROOFS.tex,c226f7110ed7929b62c17b43bc6759d089a72e766fca387ebffcde80723a3c08,5986,31,Fourier,unresolved person or eponym; contextual source use not established
02_FULL_GAMMA_PROOFS.tex,c226f7110ed7929b62c17b43bc6759d089a72e766fca387ebffcde80723a3c08,5989,10,Fourier,unresolved person or eponym; contextual source use not established
02_FULL_GAMMA_PROOFS.tex,c226f7110ed7929b62c17b43bc6759d089a72e766fca387ebffcde80723a3c08,5992,36,Euler,unresolved person or eponym; contextual source use not established
02_FULL_GAMMA_PROOFS.tex,c226f7110ed7929b62c17b43bc6759d089a72e766fca387ebffcde80723a3c08,6102,32,Gram,unresolved person or eponym; contextual source use not established
02_FULL_GAMMA_PROOFS.tex,c226f7110ed7929b62c17b43bc6759d089a72e766fca387ebffcde80723a3c08,6162,10,Gram,unresolved person or eponym; contextual source use not established
02_FULL_GAMMA_PROOFS.tex,c226f7110ed7929b62c17b43bc6759d089a72e766fca387ebffcde80723a3c08,6174,29,Gram,unresolved person or eponym; contextual source use not established
02_FULL_GAMMA_PROOFS.tex,c226f7110ed7929b62c17b43bc6759d089a72e766fca387ebffcde80723a3c08,6267,16,Vandermonde,unresolved person or eponym; contextual source use not established
02_FULL_GAMMA_PROOFS.tex,c226f7110ed7929b62c17b43bc6759d089a72e766fca387ebffcde80723a3c08,6319,45,Cauchy,unresolved person or eponym; contextual source use not established
02_FULL_GAMMA_PROOFS.tex,c226f7110ed7929b62c17b43bc6759d089a72e766fca387ebffcde80723a3c08,6319,53,Schwarz,unresolved person or eponym; contextual source use not established
02_FULL_GAMMA_PROOFS.tex,c226f7110ed7929b62c17b43bc6759d089a72e766fca387ebffcde80723a3c08,6320,11,Fubini,unresolved person or eponym; contextual source use not established
02_FULL_GAMMA_PROOFS.tex,c226f7110ed7929b62c17b43bc6759d089a72e766fca387ebffcde80723a3c08,6323,35,Fubini,unresolved person or eponym; contextual source use not established
02_FULL_GAMMA_PROOFS.tex,c226f7110ed7929b62c17b43bc6759d089a72e766fca387ebffcde80723a3c08,6346,54,Laplace,unresolved person or eponym; contextual source use not established
02_FULL_GAMMA_PROOFS.tex,c226f7110ed7929b62c17b43bc6759d089a72e766fca387ebffcde80723a3c08,6359,5,Laplace,unresolved person or eponym; contextual source use not established
02_FULL_GAMMA_PROOFS.tex,c226f7110ed7929b62c17b43bc6759d089a72e766fca387ebffcde80723a3c08,6642,19,Gram,unresolved person or eponym; contextual source use not established
02_FULL_GAMMA_PROOFS.tex,c226f7110ed7929b62c17b43bc6759d089a72e766fca387ebffcde80723a3c08,6724,30,Taylor,unresolved person or eponym; contextual source use not established
02_FULL_GAMMA_PROOFS.tex,c226f7110ed7929b62c17b43bc6759d089a72e766fca387ebffcde80723a3c08,6919,56,Taylor,unresolved person or eponym; contextual source use not established
02_FULL_GAMMA_PROOFS.tex,c226f7110ed7929b62c17b43bc6759d089a72e766fca387ebffcde80723a3c08,6920,53,Taylor,unresolved person or eponym; contextual source use not established
02_FULL_GAMMA_PROOFS.tex,c226f7110ed7929b62c17b43bc6759d089a72e766fca387ebffcde80723a3c08,6947,62,Euler,unresolved person or eponym; contextual source use not established
02_FULL_GAMMA_PROOFS.tex,c226f7110ed7929b62c17b43bc6759d089a72e766fca387ebffcde80723a3c08,6955,32,Fourier,unresolved person or eponym; contextual source use not established
02_FULL_GAMMA_PROOFS.tex,c226f7110ed7929b62c17b43bc6759d089a72e766fca387ebffcde80723a3c08,6988,17,Taylor,unresolved person or eponym; contextual source use not established
02_FULL_GAMMA_PROOFS.tex,c226f7110ed7929b62c17b43bc6759d089a72e766fca387ebffcde80723a3c08,6992,1,Taylor,unresolved person or eponym; contextual source use not established
02_FULL_GAMMA_PROOFS.tex,c226f7110ed7929b62c17b43bc6759d089a72e766fca387ebffcde80723a3c08,7021,20,Gram,unresolved person or eponym; contextual source use not established
02_FULL_GAMMA_PROOFS.tex,c226f7110ed7929b62c17b43bc6759d089a72e766fca387ebffcde80723a3c08,7028,39,Hermite,unresolved person or eponym; contextual source use not established
02_FULL_GAMMA_PROOFS.tex,c226f7110ed7929b62c17b43bc6759d089a72e766fca387ebffcde80723a3c08,7029,54,Gram,unresolved person or eponym; contextual source use not established
02_FULL_GAMMA_PROOFS.tex,c226f7110ed7929b62c17b43bc6759d089a72e766fca387ebffcde80723a3c08,7030,62,Schur,unresolved person or eponym; contextual source use not established
02_FULL_GAMMA_PROOFS.tex,c226f7110ed7929b62c17b43bc6759d089a72e766fca387ebffcde80723a3c08,7091,40,Gram,unresolved person or eponym; contextual source use not established
02_FULL_GAMMA_PROOFS.tex,c226f7110ed7929b62c17b43bc6759d089a72e766fca387ebffcde80723a3c08,7093,38,Gram,unresolved person or eponym; contextual source use not established
02_FULL_GAMMA_PROOFS.tex,c226f7110ed7929b62c17b43bc6759d089a72e766fca387ebffcde80723a3c08,7112,29,Gram,unresolved person or eponym; contextual source use not established
02_FULL_GAMMA_PROOFS.tex,c226f7110ed7929b62c17b43bc6759d089a72e766fca387ebffcde80723a3c08,7113,30,Gram,unresolved person or eponym; contextual source use not established
02_FULL_GAMMA_PROOFS.tex,c226f7110ed7929b62c17b43bc6759d089a72e766fca387ebffcde80723a3c08,7129,55,Legendre,unresolved person or eponym; contextual source use not established
02_FULL_GAMMA_PROOFS.tex,c226f7110ed7929b62c17b43bc6759d089a72e766fca387ebffcde80723a3c08,7570,19,Tonelli,unresolved person or eponym; contextual source use not established
02_FULL_GAMMA_PROOFS.tex,c226f7110ed7929b62c17b43bc6759d089a72e766fca387ebffcde80723a3c08,7707,1,Gaussian,unresolved person or eponym; contextual source use not established
02_FULL_GAMMA_PROOFS.tex,c226f7110ed7929b62c17b43bc6759d089a72e766fca387ebffcde80723a3c08,7707,10,Fourier,unresolved person or eponym; contextual source use not established
02_FULL_GAMMA_PROOFS.tex,c226f7110ed7929b62c17b43bc6759d089a72e766fca387ebffcde80723a3c08,7708,20,Fourier,unresolved person or eponym; contextual source use not established
02_FULL_GAMMA_PROOFS.tex,c226f7110ed7929b62c17b43bc6759d089a72e766fca387ebffcde80723a3c08,7710,51,Fourier,unresolved person or eponym; contextual source use not established
02_FULL_GAMMA_PROOFS.tex,c226f7110ed7929b62c17b43bc6759d089a72e766fca387ebffcde80723a3c08,7711,46,Gaussian,unresolved person or eponym; contextual source use not established
02_FULL_GAMMA_PROOFS.tex,c226f7110ed7929b62c17b43bc6759d089a72e766fca387ebffcde80723a3c08,7712,19,Gaussian,unresolved person or eponym; contextual source use not established
02_FULL_GAMMA_PROOFS.tex,c226f7110ed7929b62c17b43bc6759d089a72e766fca387ebffcde80723a3c08,7853,66,Euler,unresolved person or eponym; contextual source use not established
02_FULL_GAMMA_PROOFS.tex,c226f7110ed7929b62c17b43bc6759d089a72e766fca387ebffcde80723a3c08,7858,32,Stieltjes,unresolved person or eponym; contextual source use not established
02_FULL_GAMMA_PROOFS.tex,c226f7110ed7929b62c17b43bc6759d089a72e766fca387ebffcde80723a3c08,7881,8,Euler,unresolved person or eponym; contextual source use not established
02_FULL_GAMMA_PROOFS.tex,c226f7110ed7929b62c17b43bc6759d089a72e766fca387ebffcde80723a3c08,7890,47,Stieltjes,unresolved person or eponym; contextual source use not established
02_FULL_GAMMA_PROOFS.tex,c226f7110ed7929b62c17b43bc6759d089a72e766fca387ebffcde80723a3c08,7907,1,Stieltjes,unresolved person or eponym; contextual source use not established
02_FULL_GAMMA_PROOFS.tex,c226f7110ed7929b62c17b43bc6759d089a72e766fca387ebffcde80723a3c08,8005,27,Euler,unresolved person or eponym; contextual source use not established
02_FULL_GAMMA_PROOFS.tex,c226f7110ed7929b62c17b43bc6759d089a72e766fca387ebffcde80723a3c08,8005,50,Fourier,unresolved person or eponym; contextual source use not established
02_FULL_GAMMA_PROOFS.tex,c226f7110ed7929b62c17b43bc6759d089a72e766fca387ebffcde80723a3c08,8012,49,Fourier,unresolved person or eponym; contextual source use not established
02_FULL_GAMMA_PROOFS.tex,c226f7110ed7929b62c17b43bc6759d089a72e766fca387ebffcde80723a3c08,8015,1,Fourier,unresolved person or eponym; contextual source use not established
02_FULL_GAMMA_PROOFS.tex,c226f7110ed7929b62c17b43bc6759d089a72e766fca387ebffcde80723a3c08,8016,24,Euler,unresolved person or eponym; contextual source use not established
02_FULL_GAMMA_PROOFS.tex,c226f7110ed7929b62c17b43bc6759d089a72e766fca387ebffcde80723a3c08,8144,57,Vandermonde,unresolved person or eponym; contextual source use not established
02_FULL_GAMMA_PROOFS.tex,c226f7110ed7929b62c17b43bc6759d089a72e766fca387ebffcde80723a3c08,8157,1,Vandermonde,unresolved person or eponym; contextual source use not established
02_FULL_GAMMA_PROOFS.tex,c226f7110ed7929b62c17b43bc6759d089a72e766fca387ebffcde80723a3c08,8274,19,Jensen,unresolved person or eponym; contextual source use not established
02_FULL_GAMMA_PROOFS.tex,c226f7110ed7929b62c17b43bc6759d089a72e766fca387ebffcde80723a3c08,8301,11,Jensen,unresolved person or eponym; contextual source use not established
02_FULL_GAMMA_PROOFS.tex,c226f7110ed7929b62c17b43bc6759d089a72e766fca387ebffcde80723a3c08,8508,10,Cauchy,unresolved person or eponym; contextual source use not established
02_FULL_GAMMA_PROOFS.tex,c226f7110ed7929b62c17b43bc6759d089a72e766fca387ebffcde80723a3c08,8556,1,Jensen,unresolved person or eponym; contextual source use not established
02_FULL_GAMMA_PROOFS.tex,c226f7110ed7929b62c17b43bc6759d089a72e766fca387ebffcde80723a3c08,8692,14,Gram,unresolved person or eponym; contextual source use not established
02_FULL_GAMMA_PROOFS.tex,c226f7110ed7929b62c17b43bc6759d089a72e766fca387ebffcde80723a3c08,8721,53,Taylor,unresolved person or eponym; contextual source use not established
02_FULL_GAMMA_PROOFS.tex,c226f7110ed7929b62c17b43bc6759d089a72e766fca387ebffcde80723a3c08,9014,38,Gram,unresolved person or eponym; contextual source use not established
02_FULL_GAMMA_PROOFS.tex,c226f7110ed7929b62c17b43bc6759d089a72e766fca387ebffcde80723a3c08,9062,5,Schur,unresolved person or eponym; contextual source use not established
02_FULL_GAMMA_PROOFS.tex,c226f7110ed7929b62c17b43bc6759d089a72e766fca387ebffcde80723a3c08,9063,10,Gram,unresolved person or eponym; contextual source use not established
02_FULL_GAMMA_PROOFS.tex,c226f7110ed7929b62c17b43bc6759d089a72e766fca387ebffcde80723a3c08,9077,41,Schur,unresolved person or eponym; contextual source use not established
02_FULL_GAMMA_PROOFS.tex,c226f7110ed7929b62c17b43bc6759d089a72e766fca387ebffcde80723a3c08,9117,15,Schur,unresolved person or eponym; contextual source use not established
02_FULL_GAMMA_PROOFS.tex,c226f7110ed7929b62c17b43bc6759d089a72e766fca387ebffcde80723a3c08,9131,1,Taylor,unresolved person or eponym; contextual source use not established
02_FULL_GAMMA_PROOFS.tex,c226f7110ed7929b62c17b43bc6759d089a72e766fca387ebffcde80723a3c08,9132,30,Taylor,unresolved person or eponym; contextual source use not established
02_FULL_GAMMA_PROOFS.tex,c226f7110ed7929b62c17b43bc6759d089a72e766fca387ebffcde80723a3c08,9138,49,Vandermonde,unresolved person or eponym; contextual source use not established
02_FULL_GAMMA_PROOFS.tex,c226f7110ed7929b62c17b43bc6759d089a72e766fca387ebffcde80723a3c08,9151,40,Gram,unresolved person or eponym; contextual source use not established
02_FULL_GAMMA_PROOFS.tex,c226f7110ed7929b62c17b43bc6759d089a72e766fca387ebffcde80723a3c08,9166,59,Taylor,unresolved person or eponym; contextual source use not established
02_FULL_GAMMA_PROOFS.tex,c226f7110ed7929b62c17b43bc6759d089a72e766fca387ebffcde80723a3c08,9186,16,Gram,unresolved person or eponym; contextual source use not established
02_FULL_GAMMA_PROOFS.tex,c226f7110ed7929b62c17b43bc6759d089a72e766fca387ebffcde80723a3c08,9346,26,Taylor,unresolved person or eponym; contextual source use not established
02_FULL_GAMMA_PROOFS.tex,c226f7110ed7929b62c17b43bc6759d089a72e766fca387ebffcde80723a3c08,9414,30,Tonelli,unresolved person or eponym; contextual source use not established
02_FULL_GAMMA_PROOFS.tex,c226f7110ed7929b62c17b43bc6759d089a72e766fca387ebffcde80723a3c08,9506,7,Cauchy,unresolved person or eponym; contextual source use not established
02_FULL_GAMMA_PROOFS.tex,c226f7110ed7929b62c17b43bc6759d089a72e766fca387ebffcde80723a3c08,9506,15,Schwarz,unresolved person or eponym; contextual source use not established
02_FULL_GAMMA_PROOFS.tex,c226f7110ed7929b62c17b43bc6759d089a72e766fca387ebffcde80723a3c08,9537,1,Gram,unresolved person or eponym; contextual source use not established
02_FULL_GAMMA_PROOFS.tex,c226f7110ed7929b62c17b43bc6759d089a72e766fca387ebffcde80723a3c08,9537,52,Gram,unresolved person or eponym; contextual source use not established
02_FULL_GAMMA_PROOFS.tex,c226f7110ed7929b62c17b43bc6759d089a72e766fca387ebffcde80723a3c08,9728,46,Taylor,unresolved person or eponym; contextual source use not established
02_FULL_GAMMA_PROOFS.tex,c226f7110ed7929b62c17b43bc6759d089a72e766fca387ebffcde80723a3c08,9789,14,Binet,unresolved person or eponym; contextual source use not established
02_FULL_GAMMA_PROOFS.tex,c226f7110ed7929b62c17b43bc6759d089a72e766fca387ebffcde80723a3c08,9810,24,Binet,unresolved person or eponym; contextual source use not established
02_FULL_GAMMA_PROOFS.tex,c226f7110ed7929b62c17b43bc6759d089a72e766fca387ebffcde80723a3c08,9825,47,Stirling,unresolved person or eponym; contextual source use not established
02_FULL_GAMMA_PROOFS.tex,c226f7110ed7929b62c17b43bc6759d089a72e766fca387ebffcde80723a3c08,9895,16,Laplace,unresolved person or eponym; contextual source use not established
02_FULL_GAMMA_PROOFS.tex,c226f7110ed7929b62c17b43bc6759d089a72e766fca387ebffcde80723a3c08,9933,43,Binet,unresolved person or eponym; contextual source use not established
02_FULL_GAMMA_PROOFS.tex,c226f7110ed7929b62c17b43bc6759d089a72e766fca387ebffcde80723a3c08,9935,196,Stirling,unresolved person or eponym; contextual source use not established
02_FULL_GAMMA_PROOFS.tex,c226f7110ed7929b62c17b43bc6759d089a72e766fca387ebffcde80723a3c08,9935,241,Binet,unresolved person or eponym; contextual source use not established
02_FULL_GAMMA_PROOFS.tex,c226f7110ed7929b62c17b43bc6759d089a72e766fca387ebffcde80723a3c08,9939,50,Euler,unresolved person or eponym; contextual source use not established
02_FULL_GAMMA_PROOFS.tex,c226f7110ed7929b62c17b43bc6759d089a72e766fca387ebffcde80723a3c08,9980,183,Euler,unresolved person or eponym; contextual source use not established
02_FULL_GAMMA_PROOFS.tex,c226f7110ed7929b62c17b43bc6759d089a72e766fca387ebffcde80723a3c08,10024,161,Cauchy,unresolved person or eponym; contextual source use not established
02_FULL_GAMMA_PROOFS.tex,c226f7110ed7929b62c17b43bc6759d089a72e766fca387ebffcde80723a3c08,10034,55,Fubini,unresolved person or eponym; contextual source use not established
02_FULL_GAMMA_PROOFS.tex,c226f7110ed7929b62c17b43bc6759d089a72e766fca387ebffcde80723a3c08,10176,5,Fourier,unresolved person or eponym; contextual source use not established
02_FULL_GAMMA_PROOFS.tex,c226f7110ed7929b62c17b43bc6759d089a72e766fca387ebffcde80723a3c08,10197,29,Gram,unresolved person or eponym; contextual source use not established
02_FULL_GAMMA_PROOFS.tex,c226f7110ed7929b62c17b43bc6759d089a72e766fca387ebffcde80723a3c08,10208,32,Taylor,unresolved person or eponym; contextual source use not established
02_FULL_GAMMA_PROOFS.tex,c226f7110ed7929b62c17b43bc6759d089a72e766fca387ebffcde80723a3c08,10312,36,Cauchy,unresolved person or eponym; contextual source use not established
02_FULL_GAMMA_PROOFS.tex,c226f7110ed7929b62c17b43bc6759d089a72e766fca387ebffcde80723a3c08,10330,38,Dirichlet,unresolved person or eponym; contextual source use not established
02_FULL_GAMMA_PROOFS.tex,c226f7110ed7929b62c17b43bc6759d089a72e766fca387ebffcde80723a3c08,10469,46,Laplace,unresolved person or eponym; contextual source use not established
02_FULL_GAMMA_PROOFS.tex,c226f7110ed7929b62c17b43bc6759d089a72e766fca387ebffcde80723a3c08,10475,46,Fubini,unresolved person or eponym; contextual source use not established
02_FULL_GAMMA_PROOFS.tex,c226f7110ed7929b62c17b43bc6759d089a72e766fca387ebffcde80723a3c08,10496,54,Lebesgue,unresolved person or eponym; contextual source use not established
02_FULL_GAMMA_PROOFS.tex,c226f7110ed7929b62c17b43bc6759d089a72e766fca387ebffcde80723a3c08,10504,25,Rodrigues,unresolved person or eponym; contextual source use not established
02_FULL_GAMMA_PROOFS.tex,c226f7110ed7929b62c17b43bc6759d089a72e766fca387ebffcde80723a3c08,10504,54,Legendre,unresolved person or eponym; contextual source use not established
02_FULL_GAMMA_PROOFS.tex,c226f7110ed7929b62c17b43bc6759d089a72e766fca387ebffcde80723a3c08,10899,18,Gram,unresolved person or eponym; contextual source use not established
02_FULL_GAMMA_PROOFS.tex,c226f7110ed7929b62c17b43bc6759d089a72e766fca387ebffcde80723a3c08,10940,33,Gram,unresolved person or eponym; contextual source use not established
02_FULL_GAMMA_PROOFS.tex,c226f7110ed7929b62c17b43bc6759d089a72e766fca387ebffcde80723a3c08,11171,1,Taylor,unresolved person or eponym; contextual source use not established
02_FULL_GAMMA_PROOFS.tex,c226f7110ed7929b62c17b43bc6759d089a72e766fca387ebffcde80723a3c08,11188,27,Gram,unresolved person or eponym; contextual source use not established
02_FULL_GAMMA_PROOFS.tex,c226f7110ed7929b62c17b43bc6759d089a72e766fca387ebffcde80723a3c08,11195,57,Gram,unresolved person or eponym; contextual source use not established
02_FULL_GAMMA_PROOFS.tex,c226f7110ed7929b62c17b43bc6759d089a72e766fca387ebffcde80723a3c08,11196,8,Gram,unresolved person or eponym; contextual source use not established
02_FULL_GAMMA_PROOFS.tex,c226f7110ed7929b62c17b43bc6759d089a72e766fca387ebffcde80723a3c08,11197,62,Gram,unresolved person or eponym; contextual source use not established
02_FULL_GAMMA_PROOFS.tex,c226f7110ed7929b62c17b43bc6759d089a72e766fca387ebffcde80723a3c08,11199,1,Gram,unresolved person or eponym; contextual source use not established
02_FULL_GAMMA_PROOFS.tex,c226f7110ed7929b62c17b43bc6759d089a72e766fca387ebffcde80723a3c08,11200,50,Gram,unresolved person or eponym; contextual source use not established
02_FULL_GAMMA_PROOFS.tex,c226f7110ed7929b62c17b43bc6759d089a72e766fca387ebffcde80723a3c08,11212,37,Taylor,unresolved person or eponym; contextual source use not established
02_FULL_GAMMA_PROOFS.tex,c226f7110ed7929b62c17b43bc6759d089a72e766fca387ebffcde80723a3c08,11216,33,Vandermonde,unresolved person or eponym; contextual source use not established
02_FULL_GAMMA_PROOFS.tex,c226f7110ed7929b62c17b43bc6759d089a72e766fca387ebffcde80723a3c08,11279,5,Fourier,unresolved person or eponym; contextual source use not established
02_FULL_GAMMA_PROOFS.tex,c226f7110ed7929b62c17b43bc6759d089a72e766fca387ebffcde80723a3c08,11281,17,Fourier,unresolved person or eponym; contextual source use not established
02_FULL_GAMMA_PROOFS.tex,c226f7110ed7929b62c17b43bc6759d089a72e766fca387ebffcde80723a3c08,11281,46,Taylor,unresolved person or eponym; contextual source use not established
02_FULL_GAMMA_PROOFS.tex,c226f7110ed7929b62c17b43bc6759d089a72e766fca387ebffcde80723a3c08,11282,7,Cauchy,unresolved person or eponym; contextual source use not established
02_FULL_GAMMA_PROOFS.tex,c226f7110ed7929b62c17b43bc6759d089a72e766fca387ebffcde80723a3c08,11307,27,Taylor,unresolved person or eponym; contextual source use not established
02_FULL_GAMMA_PROOFS.tex,c226f7110ed7929b62c17b43bc6759d089a72e766fca387ebffcde80723a3c08,11357,26,Taylor,unresolved person or eponym; contextual source use not established
02_FULL_GAMMA_PROOFS.tex,c226f7110ed7929b62c17b43bc6759d089a72e766fca387ebffcde80723a3c08,11390,44,Gram,unresolved person or eponym; contextual source use not established
02_FULL_GAMMA_PROOFS.tex,c226f7110ed7929b62c17b43bc6759d089a72e766fca387ebffcde80723a3c08,11391,18,Riemann,unresolved person or eponym; contextual source use not established
02_FULL_GAMMA_PROOFS.tex,c226f7110ed7929b62c17b43bc6759d089a72e766fca387ebffcde80723a3c08,11403,1,Riemann,unresolved person or eponym; contextual source use not established
02_FULL_GAMMA_PROOFS.tex,c226f7110ed7929b62c17b43bc6759d089a72e766fca387ebffcde80723a3c08,11409,1,Gram,unresolved person or eponym; contextual source use not established
02_FULL_GAMMA_PROOFS.tex,c226f7110ed7929b62c17b43bc6759d089a72e766fca387ebffcde80723a3c08,11420,34,Gram,unresolved person or eponym; contextual source use not established
02_FULL_GAMMA_PROOFS.tex,c226f7110ed7929b62c17b43bc6759d089a72e766fca387ebffcde80723a3c08,11421,35,Riemann,unresolved person or eponym; contextual source use not established
02_FULL_GAMMA_PROOFS.tex,c226f7110ed7929b62c17b43bc6759d089a72e766fca387ebffcde80723a3c08,11424,1,Riemann,unresolved person or eponym; contextual source use not established
02_FULL_GAMMA_PROOFS.tex,c226f7110ed7929b62c17b43bc6759d089a72e766fca387ebffcde80723a3c08,11464,8,Gram,unresolved person or eponym; contextual source use not established
02_FULL_GAMMA_PROOFS.tex,c226f7110ed7929b62c17b43bc6759d089a72e766fca387ebffcde80723a3c08,11491,18,Cauchy,unresolved person or eponym; contextual source use not established
02_FULL_GAMMA_PROOFS.tex,c226f7110ed7929b62c17b43bc6759d089a72e766fca387ebffcde80723a3c08,11491,26,Schwarz,unresolved person or eponym; contextual source use not established
02_FULL_GAMMA_PROOFS.tex,c226f7110ed7929b62c17b43bc6759d089a72e766fca387ebffcde80723a3c08,11565,43,Taylor,unresolved person or eponym; contextual source use not established
02_FULL_GAMMA_PROOFS.tex,c226f7110ed7929b62c17b43bc6759d089a72e766fca387ebffcde80723a3c08,11569,31,Gram,unresolved person or eponym; contextual source use not established
02_FULL_GAMMA_PROOFS.tex,c226f7110ed7929b62c17b43bc6759d089a72e766fca387ebffcde80723a3c08,11615,10,Gram,unresolved person or eponym; contextual source use not established
02_FULL_GAMMA_PROOFS.tex,c226f7110ed7929b62c17b43bc6759d089a72e766fca387ebffcde80723a3c08,11627,18,Cauchy,unresolved person or eponym; contextual source use not established
02_FULL_GAMMA_PROOFS.tex,c226f7110ed7929b62c17b43bc6759d089a72e766fca387ebffcde80723a3c08,11662,46,Fourier,unresolved person or eponym; contextual source use not established
02_FULL_GAMMA_PROOFS.tex,c226f7110ed7929b62c17b43bc6759d089a72e766fca387ebffcde80723a3c08,11665,46,Fourier,unresolved person or eponym; contextual source use not established
02_FULL_GAMMA_PROOFS.tex,c226f7110ed7929b62c17b43bc6759d089a72e766fca387ebffcde80723a3c08,11666,14,Fourier,unresolved person or eponym; contextual source use not established
02_FULL_GAMMA_PROOFS.tex,c226f7110ed7929b62c17b43bc6759d089a72e766fca387ebffcde80723a3c08,11668,1,Fubini,unresolved person or eponym; contextual source use not established
02_FULL_GAMMA_PROOFS.tex,c226f7110ed7929b62c17b43bc6759d089a72e766fca387ebffcde80723a3c08,11668,21,Gaussian,unresolved person or eponym; contextual source use not established
02_FULL_GAMMA_PROOFS.tex,c226f7110ed7929b62c17b43bc6759d089a72e766fca387ebffcde80723a3c08,11724,38,Taylor,unresolved person or eponym; contextual source use not established
02_FULL_GAMMA_PROOFS.tex,c226f7110ed7929b62c17b43bc6759d089a72e766fca387ebffcde80723a3c08,11783,52,Taylor,unresolved person or eponym; contextual source use not established
02_FULL_GAMMA_PROOFS.tex,c226f7110ed7929b62c17b43bc6759d089a72e766fca387ebffcde80723a3c08,11847,1,Gram,unresolved person or eponym; contextual source use not established
02_FULL_GAMMA_PROOFS.tex,c226f7110ed7929b62c17b43bc6759d089a72e766fca387ebffcde80723a3c08,11904,19,Schur,unresolved person or eponym; contextual source use not established
02_FULL_GAMMA_PROOFS.tex,c226f7110ed7929b62c17b43bc6759d089a72e766fca387ebffcde80723a3c08,11931,1,Hilbert,unresolved person or eponym; contextual source use not established
02_FULL_GAMMA_PROOFS.tex,c226f7110ed7929b62c17b43bc6759d089a72e766fca387ebffcde80723a3c08,11933,9,Hilbert,unresolved person or eponym; contextual source use not established
02_FULL_GAMMA_PROOFS.tex,c226f7110ed7929b62c17b43bc6759d089a72e766fca387ebffcde80723a3c08,11981,1,Hilbert,unresolved person or eponym; contextual source use not established
02_FULL_GAMMA_PROOFS.tex,c226f7110ed7929b62c17b43bc6759d089a72e766fca387ebffcde80723a3c08,12057,1,Schwartz,unresolved person or eponym; contextual source use not established
02_FULL_GAMMA_PROOFS.tex,c226f7110ed7929b62c17b43bc6759d089a72e766fca387ebffcde80723a3c08,12073,1,Schwartz,unresolved person or eponym; contextual source use not established
02_FULL_GAMMA_PROOFS.tex,c226f7110ed7929b62c17b43bc6759d089a72e766fca387ebffcde80723a3c08,12073,18,Poisson,unresolved person or eponym; contextual source use not established
02_FULL_GAMMA_PROOFS.tex,c226f7110ed7929b62c17b43bc6759d089a72e766fca387ebffcde80723a3c08,12074,16,Fourier,unresolved person or eponym; contextual source use not established
02_FULL_GAMMA_PROOFS.tex,c226f7110ed7929b62c17b43bc6759d089a72e766fca387ebffcde80723a3c08,12078,41,Mellin,unresolved person or eponym; contextual source use not established
02_FULL_GAMMA_PROOFS.tex,c226f7110ed7929b62c17b43bc6759d089a72e766fca387ebffcde80723a3c08,12093,1,Gaussian,unresolved person or eponym; contextual source use not established
02_FULL_GAMMA_PROOFS.tex,c226f7110ed7929b62c17b43bc6759d089a72e766fca387ebffcde80723a3c08,12095,38,Gaussian,unresolved person or eponym; contextual source use not established
02_FULL_GAMMA_PROOFS.tex,c226f7110ed7929b62c17b43bc6759d089a72e766fca387ebffcde80723a3c08,12095,47,Fourier,unresolved person or eponym; contextual source use not established
02_FULL_GAMMA_PROOFS.tex,c226f7110ed7929b62c17b43bc6759d089a72e766fca387ebffcde80723a3c08,12099,26,Gaussian,unresolved person or eponym; contextual source use not established
02_FULL_GAMMA_PROOFS.tex,c226f7110ed7929b62c17b43bc6759d089a72e766fca387ebffcde80723a3c08,12100,1,Fourier,unresolved person or eponym; contextual source use not established
02_FULL_GAMMA_PROOFS.tex,c226f7110ed7929b62c17b43bc6759d089a72e766fca387ebffcde80723a3c08,12115,54,Mellin,unresolved person or eponym; contextual source use not established
02_FULL_GAMMA_PROOFS.tex,c226f7110ed7929b62c17b43bc6759d089a72e766fca387ebffcde80723a3c08,12127,1,Mellin,unresolved person or eponym; contextual source use not established
02_FULL_GAMMA_PROOFS.tex,c226f7110ed7929b62c17b43bc6759d089a72e766fca387ebffcde80723a3c08,12142,41,Mellin,unresolved person or eponym; contextual source use not established
02_FULL_GAMMA_PROOFS.tex,c226f7110ed7929b62c17b43bc6759d089a72e766fca387ebffcde80723a3c08,12164,51,Fourier,unresolved person or eponym; contextual source use not established
02_FULL_GAMMA_PROOFS.tex,c226f7110ed7929b62c17b43bc6759d089a72e766fca387ebffcde80723a3c08,12166,35,Mellin,unresolved person or eponym; contextual source use not established
02_FULL_GAMMA_PROOFS.tex,c226f7110ed7929b62c17b43bc6759d089a72e766fca387ebffcde80723a3c08,12170,38,Laplace,unresolved person or eponym; contextual source use not established
02_FULL_GAMMA_PROOFS.tex,c226f7110ed7929b62c17b43bc6759d089a72e766fca387ebffcde80723a3c08,12201,22,Fourier,unresolved person or eponym; contextual source use not established
02_FULL_GAMMA_PROOFS.tex,c226f7110ed7929b62c17b43bc6759d089a72e766fca387ebffcde80723a3c08,12203,16,Fourier,unresolved person or eponym; contextual source use not established
02_FULL_GAMMA_PROOFS.tex,c226f7110ed7929b62c17b43bc6759d089a72e766fca387ebffcde80723a3c08,12205,12,Gaussian,unresolved person or eponym; contextual source use not established
02_FULL_GAMMA_PROOFS.tex,c226f7110ed7929b62c17b43bc6759d089a72e766fca387ebffcde80723a3c08,12220,1,Fourier,unresolved person or eponym; contextual source use not established
02_FULL_GAMMA_PROOFS.tex,c226f7110ed7929b62c17b43bc6759d089a72e766fca387ebffcde80723a3c08,12258,18,Fourier,unresolved person or eponym; contextual source use not established
02_FULL_GAMMA_PROOFS.tex,c226f7110ed7929b62c17b43bc6759d089a72e766fca387ebffcde80723a3c08,12258,37,Mellin,unresolved person or eponym; contextual source use not established
02_FULL_GAMMA_PROOFS.tex,c226f7110ed7929b62c17b43bc6759d089a72e766fca387ebffcde80723a3c08,12265,45,Schwartz,unresolved person or eponym; contextual source use not established
02_FULL_GAMMA_PROOFS.tex,c226f7110ed7929b62c17b43bc6759d089a72e766fca387ebffcde80723a3c08,12268,54,Schwartz,unresolved person or eponym; contextual source use not established
02_FULL_GAMMA_PROOFS.tex,c226f7110ed7929b62c17b43bc6759d089a72e766fca387ebffcde80723a3c08,12297,1,Schwartz,unresolved person or eponym; contextual source use not established
02_FULL_GAMMA_PROOFS.tex,c226f7110ed7929b62c17b43bc6759d089a72e766fca387ebffcde80723a3c08,12299,1,Poisson,unresolved person or eponym; contextual source use not established
02_FULL_GAMMA_PROOFS.tex,c226f7110ed7929b62c17b43bc6759d089a72e766fca387ebffcde80723a3c08,12300,1,Fourier,unresolved person or eponym; contextual source use not established
02_FULL_GAMMA_PROOFS.tex,c226f7110ed7929b62c17b43bc6759d089a72e766fca387ebffcde80723a3c08,12301,57,Schwartz,unresolved person or eponym; contextual source use not established
02_FULL_GAMMA_PROOFS.tex,c226f7110ed7929b62c17b43bc6759d089a72e766fca387ebffcde80723a3c08,12320,24,Gaussian,unresolved person or eponym; contextual source use not established
02_FULL_GAMMA_PROOFS.tex,c226f7110ed7929b62c17b43bc6759d089a72e766fca387ebffcde80723a3c08,12350,39,Euler,unresolved person or eponym; contextual source use not established
02_FULL_GAMMA_PROOFS.tex,c226f7110ed7929b62c17b43bc6759d089a72e766fca387ebffcde80723a3c08,12373,21,Mellin,unresolved person or eponym; contextual source use not established
02_FULL_GAMMA_PROOFS.tex,c226f7110ed7929b62c17b43bc6759d089a72e766fca387ebffcde80723a3c08,12383,33,Mellin,unresolved person or eponym; contextual source use not established
02_FULL_GAMMA_PROOFS.tex,c226f7110ed7929b62c17b43bc6759d089a72e766fca387ebffcde80723a3c08,12393,22,Schwartz,unresolved person or eponym; contextual source use not established
02_FULL_GAMMA_PROOFS.tex,c226f7110ed7929b62c17b43bc6759d089a72e766fca387ebffcde80723a3c08,12408,31,Taylor,unresolved person or eponym; contextual source use not established
02_FULL_GAMMA_PROOFS.tex,c226f7110ed7929b62c17b43bc6759d089a72e766fca387ebffcde80723a3c08,12414,7,Gram,unresolved person or eponym; contextual source use not established
02_FULL_GAMMA_PROOFS.tex,c226f7110ed7929b62c17b43bc6759d089a72e766fca387ebffcde80723a3c08,12471,58,Mellin,unresolved person or eponym; contextual source use not established
02_FULL_GAMMA_PROOFS.tex,c226f7110ed7929b62c17b43bc6759d089a72e766fca387ebffcde80723a3c08,12514,52,Taylor,unresolved person or eponym; contextual source use not established
02_FULL_GAMMA_PROOFS.tex,c226f7110ed7929b62c17b43bc6759d089a72e766fca387ebffcde80723a3c08,12520,49,Taylor,unresolved person or eponym; contextual source use not established
02_FULL_GAMMA_PROOFS.tex,c226f7110ed7929b62c17b43bc6759d089a72e766fca387ebffcde80723a3c08,12802,41,Gram,unresolved person or eponym; contextual source use not established
02_FULL_GAMMA_PROOFS.tex,c226f7110ed7929b62c17b43bc6759d089a72e766fca387ebffcde80723a3c08,12874,53,Gram,unresolved person or eponym; contextual source use not established
02_FULL_GAMMA_PROOFS.tex,c226f7110ed7929b62c17b43bc6759d089a72e766fca387ebffcde80723a3c08,12911,12,Euler,unresolved person or eponym; contextual source use not established
02_FULL_GAMMA_PROOFS.tex,c226f7110ed7929b62c17b43bc6759d089a72e766fca387ebffcde80723a3c08,12920,22,Cauchy,unresolved person or eponym; contextual source use not established
02_FULL_GAMMA_PROOFS.tex,c226f7110ed7929b62c17b43bc6759d089a72e766fca387ebffcde80723a3c08,12931,12,Euler,unresolved person or eponym; contextual source use not established
02_FULL_GAMMA_PROOFS.tex,c226f7110ed7929b62c17b43bc6759d089a72e766fca387ebffcde80723a3c08,12948,15,Euler,unresolved person or eponym; contextual source use not established
02_FULL_GAMMA_PROOFS.tex,c226f7110ed7929b62c17b43bc6759d089a72e766fca387ebffcde80723a3c08,12960,37,Legendre,unresolved person or eponym; contextual source use not established
02_FULL_GAMMA_PROOFS.tex,c226f7110ed7929b62c17b43bc6759d089a72e766fca387ebffcde80723a3c08,12991,33,Rodrigues,unresolved person or eponym; contextual source use not established
02_FULL_GAMMA_PROOFS.tex,c226f7110ed7929b62c17b43bc6759d089a72e766fca387ebffcde80723a3c08,12994,48,Cauchy,unresolved person or eponym; contextual source use not established
02_FULL_GAMMA_PROOFS.tex,c226f7110ed7929b62c17b43bc6759d089a72e766fca387ebffcde80723a3c08,12994,56,Schwarz,unresolved person or eponym; contextual source use not established
02_FULL_GAMMA_PROOFS.tex,c226f7110ed7929b62c17b43bc6759d089a72e766fca387ebffcde80723a3c08,13224,54,Gram,unresolved person or eponym; contextual source use not established
02_FULL_GAMMA_PROOFS.tex,c226f7110ed7929b62c17b43bc6759d089a72e766fca387ebffcde80723a3c08,13229,58,Gram,unresolved person or eponym; contextual source use not established
02_FULL_GAMMA_PROOFS.tex,c226f7110ed7929b62c17b43bc6759d089a72e766fca387ebffcde80723a3c08,13236,23,Borel,unresolved person or eponym; contextual source use not established
02_FULL_GAMMA_PROOFS.tex,c226f7110ed7929b62c17b43bc6759d089a72e766fca387ebffcde80723a3c08,13237,56,Gram,unresolved person or eponym; contextual source use not established
02_FULL_GAMMA_PROOFS.tex,c226f7110ed7929b62c17b43bc6759d089a72e766fca387ebffcde80723a3c08,13345,7,Gram,unresolved person or eponym; contextual source use not established
02_FULL_GAMMA_PROOFS.tex,c226f7110ed7929b62c17b43bc6759d089a72e766fca387ebffcde80723a3c08,13359,63,Gram,unresolved person or eponym; contextual source use not established
02_FULL_GAMMA_PROOFS.tex,c226f7110ed7929b62c17b43bc6759d089a72e766fca387ebffcde80723a3c08,13360,34,Schur,unresolved person or eponym; contextual source use not established
02_FULL_GAMMA_PROOFS.tex,c226f7110ed7929b62c17b43bc6759d089a72e766fca387ebffcde80723a3c08,13413,25,Gram,unresolved person or eponym; contextual source use not established
02_FULL_GAMMA_PROOFS.tex,c226f7110ed7929b62c17b43bc6759d089a72e766fca387ebffcde80723a3c08,13418,51,Gram,unresolved person or eponym; contextual source use not established
02_FULL_GAMMA_PROOFS.tex,c226f7110ed7929b62c17b43bc6759d089a72e766fca387ebffcde80723a3c08,13448,1,Jacobi,unresolved person or eponym; contextual source use not established
02_FULL_GAMMA_PROOFS.tex,c226f7110ed7929b62c17b43bc6759d089a72e766fca387ebffcde80723a3c08,13459,19,Jacobi,unresolved person or eponym; contextual source use not established
02_FULL_GAMMA_PROOFS.tex,c226f7110ed7929b62c17b43bc6759d089a72e766fca387ebffcde80723a3c08,13519,43,Gram,unresolved person or eponym; contextual source use not established
02_FULL_GAMMA_PROOFS.tex,c226f7110ed7929b62c17b43bc6759d089a72e766fca387ebffcde80723a3c08,13549,5,Taylor,unresolved person or eponym; contextual source use not established
02_FULL_GAMMA_PROOFS.tex,c226f7110ed7929b62c17b43bc6759d089a72e766fca387ebffcde80723a3c08,13608,26,Gram,unresolved person or eponym; contextual source use not established
02_FULL_GAMMA_PROOFS.tex,c226f7110ed7929b62c17b43bc6759d089a72e766fca387ebffcde80723a3c08,13611,45,Hilbert,unresolved person or eponym; contextual source use not established
02_FULL_GAMMA_PROOFS.tex,c226f7110ed7929b62c17b43bc6759d089a72e766fca387ebffcde80723a3c08,13625,40,Hilbert,unresolved person or eponym; contextual source use not established
02_FULL_GAMMA_PROOFS.tex,c226f7110ed7929b62c17b43bc6759d089a72e766fca387ebffcde80723a3c08,13625,48,Gram,unresolved person or eponym; contextual source use not established
02_FULL_GAMMA_PROOFS.tex,c226f7110ed7929b62c17b43bc6759d089a72e766fca387ebffcde80723a3c08,13642,19,Gram,unresolved person or eponym; contextual source use not established
02_FULL_GAMMA_PROOFS.tex,c226f7110ed7929b62c17b43bc6759d089a72e766fca387ebffcde80723a3c08,13673,54,Gram,unresolved person or eponym; contextual source use not established
02_FULL_GAMMA_PROOFS.tex,c226f7110ed7929b62c17b43bc6759d089a72e766fca387ebffcde80723a3c08,13700,28,Gram,unresolved person or eponym; contextual source use not established
02_FULL_GAMMA_PROOFS.tex,c226f7110ed7929b62c17b43bc6759d089a72e766fca387ebffcde80723a3c08,13702,28,Gram,unresolved person or eponym; contextual source use not established
02_FULL_GAMMA_PROOFS.tex,c226f7110ed7929b62c17b43bc6759d089a72e766fca387ebffcde80723a3c08,13723,1,Hankel,unresolved person or eponym; contextual source use not established
02_FULL_GAMMA_PROOFS.tex,c226f7110ed7929b62c17b43bc6759d089a72e766fca387ebffcde80723a3c08,13751,48,Legendre,unresolved person or eponym; contextual source use not established
02_FULL_GAMMA_PROOFS.tex,c226f7110ed7929b62c17b43bc6759d089a72e766fca387ebffcde80723a3c08,13758,37,Euler,unresolved person or eponym; contextual source use not established
02_FULL_GAMMA_PROOFS.tex,c226f7110ed7929b62c17b43bc6759d089a72e766fca387ebffcde80723a3c08,13769,5,Rodrigues,unresolved person or eponym; contextual source use not established
02_FULL_GAMMA_PROOFS.tex,c226f7110ed7929b62c17b43bc6759d089a72e766fca387ebffcde80723a3c08,13776,28,Legendre,unresolved person or eponym; contextual source use not established
02_FULL_GAMMA_PROOFS.tex,c226f7110ed7929b62c17b43bc6759d089a72e766fca387ebffcde80723a3c08,13912,67,Euler,unresolved person or eponym; contextual source use not established
02_FULL_GAMMA_PROOFS.tex,c226f7110ed7929b62c17b43bc6759d089a72e766fca387ebffcde80723a3c08,13918,1,Fourier,unresolved person or eponym; contextual source use not established
02_FULL_GAMMA_PROOFS.tex,c226f7110ed7929b62c17b43bc6759d089a72e766fca387ebffcde80723a3c08,13921,23,Fourier,unresolved person or eponym; contextual source use not established
02_FULL_GAMMA_PROOFS.tex,c226f7110ed7929b62c17b43bc6759d089a72e766fca387ebffcde80723a3c08,13921,57,Gaussian,unresolved person or eponym; contextual source use not established
02_FULL_GAMMA_PROOFS.tex,c226f7110ed7929b62c17b43bc6759d089a72e766fca387ebffcde80723a3c08,13969,54,Hankel,unresolved person or eponym; contextual source use not established
02_FULL_GAMMA_PROOFS.tex,c226f7110ed7929b62c17b43bc6759d089a72e766fca387ebffcde80723a3c08,13990,27,Hankel,unresolved person or eponym; contextual source use not established
02_FULL_GAMMA_PROOFS.tex,c226f7110ed7929b62c17b43bc6759d089a72e766fca387ebffcde80723a3c08,14004,52,Gram,unresolved person or eponym; contextual source use not established
02_FULL_GAMMA_PROOFS.tex,c226f7110ed7929b62c17b43bc6759d089a72e766fca387ebffcde80723a3c08,14032,41,Borel,unresolved person or eponym; contextual source use not established
02_FULL_GAMMA_PROOFS.tex,c226f7110ed7929b62c17b43bc6759d089a72e766fca387ebffcde80723a3c08,14072,1,Euler,unresolved person or eponym; contextual source use not established
02_FULL_GAMMA_PROOFS.tex,c226f7110ed7929b62c17b43bc6759d089a72e766fca387ebffcde80723a3c08,14087,6,Euler,unresolved person or eponym; contextual source use not established
02_FULL_GAMMA_PROOFS.tex,c226f7110ed7929b62c17b43bc6759d089a72e766fca387ebffcde80723a3c08,14098,15,Euler,unresolved person or eponym; contextual source use not established
02_FULL_GAMMA_PROOFS.tex,c226f7110ed7929b62c17b43bc6759d089a72e766fca387ebffcde80723a3c08,14196,15,Rodrigues,unresolved person or eponym; contextual source use not established
02_FULL_GAMMA_PROOFS.tex,c226f7110ed7929b62c17b43bc6759d089a72e766fca387ebffcde80723a3c08,14197,11,Rodrigues,unresolved person or eponym; contextual source use not established
02_FULL_GAMMA_PROOFS.tex,c226f7110ed7929b62c17b43bc6759d089a72e766fca387ebffcde80723a3c08,14199,1,Cauchy,unresolved person or eponym; contextual source use not established
02_FULL_GAMMA_PROOFS.tex,c226f7110ed7929b62c17b43bc6759d089a72e766fca387ebffcde80723a3c08,14199,9,Schwarz,unresolved person or eponym; contextual source use not established
02_FULL_GAMMA_PROOFS.tex,c226f7110ed7929b62c17b43bc6759d089a72e766fca387ebffcde80723a3c08,14387,1,Lebesgue,unresolved person or eponym; contextual source use not established
02_FULL_GAMMA_PROOFS.tex,c226f7110ed7929b62c17b43bc6759d089a72e766fca387ebffcde80723a3c08,14402,44,Gram,unresolved person or eponym; contextual source use not established
02_FULL_GAMMA_PROOFS.tex,c226f7110ed7929b62c17b43bc6759d089a72e766fca387ebffcde80723a3c08,14451,58,Euler,unresolved person or eponym; contextual source use not established
02_FULL_GAMMA_PROOFS.tex,c226f7110ed7929b62c17b43bc6759d089a72e766fca387ebffcde80723a3c08,14454,5,Gram,unresolved person or eponym; contextual source use not established
02_FULL_GAMMA_PROOFS.tex,c226f7110ed7929b62c17b43bc6759d089a72e766fca387ebffcde80723a3c08,14488,32,Taylor,unresolved person or eponym; contextual source use not established
02_FULL_GAMMA_PROOFS.tex,c226f7110ed7929b62c17b43bc6759d089a72e766fca387ebffcde80723a3c08,14515,5,Gram,unresolved person or eponym; contextual source use not established
02_FULL_GAMMA_PROOFS.tex,c226f7110ed7929b62c17b43bc6759d089a72e766fca387ebffcde80723a3c08,14519,1,Lebesgue,unresolved person or eponym; contextual source use not established
02_FULL_GAMMA_PROOFS.tex,c226f7110ed7929b62c17b43bc6759d089a72e766fca387ebffcde80723a3c08,14525,15,Gram,unresolved person or eponym; contextual source use not established
02_FULL_GAMMA_PROOFS.tex,c226f7110ed7929b62c17b43bc6759d089a72e766fca387ebffcde80723a3c08,14526,5,Gram,unresolved person or eponym; contextual source use not established
02_FULL_GAMMA_PROOFS.tex,c226f7110ed7929b62c17b43bc6759d089a72e766fca387ebffcde80723a3c08,14529,23,Gram,unresolved person or eponym; contextual source use not established
02_FULL_GAMMA_PROOFS.tex,c226f7110ed7929b62c17b43bc6759d089a72e766fca387ebffcde80723a3c08,14555,33,Gram,unresolved person or eponym; contextual source use not established
02_FULL_GAMMA_PROOFS.tex,c226f7110ed7929b62c17b43bc6759d089a72e766fca387ebffcde80723a3c08,14579,21,Gram,unresolved person or eponym; contextual source use not established
02_FULL_GAMMA_PROOFS.tex,c226f7110ed7929b62c17b43bc6759d089a72e766fca387ebffcde80723a3c08,14604,27,Gram,unresolved person or eponym; contextual source use not established
02_FULL_GAMMA_PROOFS.tex,c226f7110ed7929b62c17b43bc6759d089a72e766fca387ebffcde80723a3c08,14604,64,Gram,unresolved person or eponym; contextual source use not established
02_FULL_GAMMA_PROOFS.tex,c226f7110ed7929b62c17b43bc6759d089a72e766fca387ebffcde80723a3c08,14660,20,Gram,unresolved person or eponym; contextual source use not established
02_FULL_GAMMA_PROOFS.tex,c226f7110ed7929b62c17b43bc6759d089a72e766fca387ebffcde80723a3c08,14707,1,Gram,unresolved person or eponym; contextual source use not established
02_FULL_GAMMA_PROOFS.tex,c226f7110ed7929b62c17b43bc6759d089a72e766fca387ebffcde80723a3c08,14754,25,Cauchy,unresolved person or eponym; contextual source use not established
02_FULL_GAMMA_PROOFS.tex,c226f7110ed7929b62c17b43bc6759d089a72e766fca387ebffcde80723a3c08,14754,33,Schwarz,unresolved person or eponym; contextual source use not established
02_FULL_GAMMA_PROOFS.tex,c226f7110ed7929b62c17b43bc6759d089a72e766fca387ebffcde80723a3c08,14811,50,Taylor,unresolved person or eponym; contextual source use not established
02_FULL_GAMMA_PROOFS.tex,c226f7110ed7929b62c17b43bc6759d089a72e766fca387ebffcde80723a3c08,14847,53,Gram,unresolved person or eponym; contextual source use not established
02_FULL_GAMMA_PROOFS.tex,c226f7110ed7929b62c17b43bc6759d089a72e766fca387ebffcde80723a3c08,14897,24,Gram,unresolved person or eponym; contextual source use not established
02_FULL_GAMMA_PROOFS.tex,c226f7110ed7929b62c17b43bc6759d089a72e766fca387ebffcde80723a3c08,14899,39,Gram,unresolved person or eponym; contextual source use not established
02_FULL_GAMMA_PROOFS.tex,c226f7110ed7929b62c17b43bc6759d089a72e766fca387ebffcde80723a3c08,14900,60,Gram,unresolved person or eponym; contextual source use not established
02_FULL_GAMMA_PROOFS.tex,c226f7110ed7929b62c17b43bc6759d089a72e766fca387ebffcde80723a3c08,14914,5,Gram,unresolved person or eponym; contextual source use not established
02_FULL_GAMMA_PROOFS.tex,c226f7110ed7929b62c17b43bc6759d089a72e766fca387ebffcde80723a3c08,14957,37,Gram,unresolved person or eponym; contextual source use not established
02_FULL_GAMMA_PROOFS.tex,c226f7110ed7929b62c17b43bc6759d089a72e766fca387ebffcde80723a3c08,14962,31,Taylor,unresolved person or eponym; contextual source use not established
02_FULL_GAMMA_PROOFS.tex,c226f7110ed7929b62c17b43bc6759d089a72e766fca387ebffcde80723a3c08,14975,40,Vandermonde,unresolved person or eponym; contextual source use not established
02_FULL_GAMMA_PROOFS.tex,c226f7110ed7929b62c17b43bc6759d089a72e766fca387ebffcde80723a3c08,14976,42,Vandermonde,unresolved person or eponym; contextual source use not established
02_FULL_GAMMA_PROOFS.tex,c226f7110ed7929b62c17b43bc6759d089a72e766fca387ebffcde80723a3c08,14977,39,Taylor,unresolved person or eponym; contextual source use not established
02_FULL_GAMMA_PROOFS.tex,c226f7110ed7929b62c17b43bc6759d089a72e766fca387ebffcde80723a3c08,14983,1,Gram,unresolved person or eponym; contextual source use not established
02_FULL_GAMMA_PROOFS.tex,c226f7110ed7929b62c17b43bc6759d089a72e766fca387ebffcde80723a3c08,15001,53,Gram,unresolved person or eponym; contextual source use not established
02_FULL_GAMMA_PROOFS.tex,c226f7110ed7929b62c17b43bc6759d089a72e766fca387ebffcde80723a3c08,15002,37,Gram,unresolved person or eponym; contextual source use not established
02_FULL_GAMMA_PROOFS.tex,c226f7110ed7929b62c17b43bc6759d089a72e766fca387ebffcde80723a3c08,15008,18,Schur,unresolved person or eponym; contextual source use not established
02_FULL_GAMMA_PROOFS.tex,c226f7110ed7929b62c17b43bc6759d089a72e766fca387ebffcde80723a3c08,15008,35,Gram,unresolved person or eponym; contextual source use not established
02_FULL_GAMMA_PROOFS.tex,c226f7110ed7929b62c17b43bc6759d089a72e766fca387ebffcde80723a3c08,15010,37,Gram,unresolved person or eponym; contextual source use not established
02_FULL_GAMMA_PROOFS.tex,c226f7110ed7929b62c17b43bc6759d089a72e766fca387ebffcde80723a3c08,15028,8,Taylor,unresolved person or eponym; contextual source use not established
02_FULL_GAMMA_PROOFS.tex,c226f7110ed7929b62c17b43bc6759d089a72e766fca387ebffcde80723a3c08,15053,1,Cauchy,unresolved person or eponym; contextual source use not established
02_FULL_GAMMA_PROOFS.tex,c226f7110ed7929b62c17b43bc6759d089a72e766fca387ebffcde80723a3c08,15059,7,Cauchy,unresolved person or eponym; contextual source use not established
02_FULL_GAMMA_PROOFS.tex,c226f7110ed7929b62c17b43bc6759d089a72e766fca387ebffcde80723a3c08,15076,8,Gram,unresolved person or eponym; contextual source use not established
02_FULL_GAMMA_PROOFS.tex,c226f7110ed7929b62c17b43bc6759d089a72e766fca387ebffcde80723a3c08,15187,17,Gram,unresolved person or eponym; contextual source use not established
02_FULL_GAMMA_PROOFS.tex,c226f7110ed7929b62c17b43bc6759d089a72e766fca387ebffcde80723a3c08,15191,14,Taylor,unresolved person or eponym; contextual source use not established
02_FULL_GAMMA_PROOFS.tex,c226f7110ed7929b62c17b43bc6759d089a72e766fca387ebffcde80723a3c08,15223,26,Schur,unresolved person or eponym; contextual source use not established
02_FULL_GAMMA_PROOFS.tex,c226f7110ed7929b62c17b43bc6759d089a72e766fca387ebffcde80723a3c08,15351,26,Gram,unresolved person or eponym; contextual source use not established
02_FULL_GAMMA_PROOFS.tex,c226f7110ed7929b62c17b43bc6759d089a72e766fca387ebffcde80723a3c08,15384,45,Schur,unresolved person or eponym; contextual source use not established
02_FULL_GAMMA_PROOFS.tex,c226f7110ed7929b62c17b43bc6759d089a72e766fca387ebffcde80723a3c08,15430,62,Gram,unresolved person or eponym; contextual source use not established
02_FULL_GAMMA_PROOFS.tex,c226f7110ed7929b62c17b43bc6759d089a72e766fca387ebffcde80723a3c08,15660,33,Taylor,unresolved person or eponym; contextual source use not established
02_FULL_GAMMA_PROOFS.tex,c226f7110ed7929b62c17b43bc6759d089a72e766fca387ebffcde80723a3c08,15724,1,Tonelli,unresolved person or eponym; contextual source use not established
02_FULL_GAMMA_PROOFS.tex,c226f7110ed7929b62c17b43bc6759d089a72e766fca387ebffcde80723a3c08,15727,1,Lebesgue,unresolved person or eponym; contextual source use not established
02_FULL_GAMMA_PROOFS.tex,c226f7110ed7929b62c17b43bc6759d089a72e766fca387ebffcde80723a3c08,15883,36,Gram,unresolved person or eponym; contextual source use not established
02_FULL_GAMMA_PROOFS.tex,c226f7110ed7929b62c17b43bc6759d089a72e766fca387ebffcde80723a3c08,16041,24,Fubini,unresolved person or eponym; contextual source use not established
02_FULL_GAMMA_PROOFS.tex,c226f7110ed7929b62c17b43bc6759d089a72e766fca387ebffcde80723a3c08,16232,5,Gram,unresolved person or eponym; contextual source use not established
02_FULL_GAMMA_PROOFS.tex,c226f7110ed7929b62c17b43bc6759d089a72e766fca387ebffcde80723a3c08,16260,14,Schur,unresolved person or eponym; contextual source use not established
02_FULL_GAMMA_PROOFS.tex,c226f7110ed7929b62c17b43bc6759d089a72e766fca387ebffcde80723a3c08,16288,51,Schur,unresolved person or eponym; contextual source use not established
02_FULL_GAMMA_PROOFS.tex,c226f7110ed7929b62c17b43bc6759d089a72e766fca387ebffcde80723a3c08,16294,49,Gram,unresolved person or eponym; contextual source use not established
02_FULL_GAMMA_PROOFS.tex,c226f7110ed7929b62c17b43bc6759d089a72e766fca387ebffcde80723a3c08,16309,1,Gram,unresolved person or eponym; contextual source use not established
02_FULL_GAMMA_PROOFS.tex,c226f7110ed7929b62c17b43bc6759d089a72e766fca387ebffcde80723a3c08,16501,21,Christoffel,unresolved person or eponym; contextual source use not established
02_FULL_GAMMA_PROOFS.tex,c226f7110ed7929b62c17b43bc6759d089a72e766fca387ebffcde80723a3c08,16531,19,Taylor,unresolved person or eponym; contextual source use not established
02_FULL_GAMMA_PROOFS.tex,c226f7110ed7929b62c17b43bc6759d089a72e766fca387ebffcde80723a3c08,16574,57,Gram,unresolved person or eponym; contextual source use not established
02_FULL_GAMMA_PROOFS.tex,c226f7110ed7929b62c17b43bc6759d089a72e766fca387ebffcde80723a3c08,16602,45,Taylor,unresolved person or eponym; contextual source use not established
02_FULL_GAMMA_PROOFS.tex,c226f7110ed7929b62c17b43bc6759d089a72e766fca387ebffcde80723a3c08,16643,10,Taylor,unresolved person or eponym; contextual source use not established
02_FULL_GAMMA_PROOFS.tex,c226f7110ed7929b62c17b43bc6759d089a72e766fca387ebffcde80723a3c08,16672,55,Gram,unresolved person or eponym; contextual source use not established
02_FULL_GAMMA_PROOFS.tex,c226f7110ed7929b62c17b43bc6759d089a72e766fca387ebffcde80723a3c08,16713,15,Gram,unresolved person or eponym; contextual source use not established
02_FULL_GAMMA_PROOFS.tex,c226f7110ed7929b62c17b43bc6759d089a72e766fca387ebffcde80723a3c08,16721,40,Gram,unresolved person or eponym; contextual source use not established
02_FULL_GAMMA_PROOFS.tex,c226f7110ed7929b62c17b43bc6759d089a72e766fca387ebffcde80723a3c08,16751,45,Christoffel,unresolved person or eponym; contextual source use not established
02_FULL_GAMMA_PROOFS.tex,c226f7110ed7929b62c17b43bc6759d089a72e766fca387ebffcde80723a3c08,16782,32,Gram,unresolved person or eponym; contextual source use not established
02_FULL_GAMMA_PROOFS.tex,c226f7110ed7929b62c17b43bc6759d089a72e766fca387ebffcde80723a3c08,16794,35,Vandermonde,unresolved person or eponym; contextual source use not established
02_FULL_GAMMA_PROOFS.tex,c226f7110ed7929b62c17b43bc6759d089a72e766fca387ebffcde80723a3c08,16798,41,Vandermonde,unresolved person or eponym; contextual source use not established
02_FULL_GAMMA_PROOFS.tex,c226f7110ed7929b62c17b43bc6759d089a72e766fca387ebffcde80723a3c08,16799,1,Taylor,unresolved person or eponym; contextual source use not established
02_FULL_GAMMA_PROOFS.tex,c226f7110ed7929b62c17b43bc6759d089a72e766fca387ebffcde80723a3c08,16866,1,Schur,unresolved person or eponym; contextual source use not established
02_FULL_GAMMA_PROOFS.tex,c226f7110ed7929b62c17b43bc6759d089a72e766fca387ebffcde80723a3c08,16934,46,Jacobi,unresolved person or eponym; contextual source use not established
02_FULL_GAMMA_PROOFS.tex,c226f7110ed7929b62c17b43bc6759d089a72e766fca387ebffcde80723a3c08,16995,11,Schur,unresolved person or eponym; contextual source use not established
02_FULL_GAMMA_PROOFS.tex,c226f7110ed7929b62c17b43bc6759d089a72e766fca387ebffcde80723a3c08,17004,28,Schur,unresolved person or eponym; contextual source use not established
02_FULL_GAMMA_PROOFS.tex,c226f7110ed7929b62c17b43bc6759d089a72e766fca387ebffcde80723a3c08,17157,22,Gram,unresolved person or eponym; contextual source use not established
02_FULL_GAMMA_PROOFS.tex,c226f7110ed7929b62c17b43bc6759d089a72e766fca387ebffcde80723a3c08,17185,22,Taylor,unresolved person or eponym; contextual source use not established
02_FULL_GAMMA_PROOFS.tex,c226f7110ed7929b62c17b43bc6759d089a72e766fca387ebffcde80723a3c08,17199,1,Gram,unresolved person or eponym; contextual source use not established
02_FULL_GAMMA_PROOFS.tex,c226f7110ed7929b62c17b43bc6759d089a72e766fca387ebffcde80723a3c08,17228,44,Taylor,unresolved person or eponym; contextual source use not established
02_FULL_GAMMA_PROOFS.tex,c226f7110ed7929b62c17b43bc6759d089a72e766fca387ebffcde80723a3c08,17258,26,Gram,unresolved person or eponym; contextual source use not established
02_FULL_GAMMA_PROOFS.tex,c226f7110ed7929b62c17b43bc6759d089a72e766fca387ebffcde80723a3c08,17260,26,Gram,unresolved person or eponym; contextual source use not established
02_FULL_GAMMA_PROOFS.tex,c226f7110ed7929b62c17b43bc6759d089a72e766fca387ebffcde80723a3c08,17317,22,Jacobi,unresolved person or eponym; contextual source use not established
02_FULL_GAMMA_PROOFS.tex,c226f7110ed7929b62c17b43bc6759d089a72e766fca387ebffcde80723a3c08,17405,35,Cauchy,unresolved person or eponym; contextual source use not established
02_FULL_GAMMA_PROOFS.tex,c226f7110ed7929b62c17b43bc6759d089a72e766fca387ebffcde80723a3c08,17405,43,Binet,unresolved person or eponym; contextual source use not established
02_FULL_GAMMA_PROOFS.tex,c226f7110ed7929b62c17b43bc6759d089a72e766fca387ebffcde80723a3c08,17414,4,Cauchy,unresolved person or eponym; contextual source use not established
02_FULL_GAMMA_PROOFS.tex,c226f7110ed7929b62c17b43bc6759d089a72e766fca387ebffcde80723a3c08,17414,12,Binet,unresolved person or eponym; contextual source use not established
02_FULL_GAMMA_PROOFS.tex,c226f7110ed7929b62c17b43bc6759d089a72e766fca387ebffcde80723a3c08,17449,45,Vandermonde,unresolved person or eponym; contextual source use not established
02_FULL_GAMMA_PROOFS.tex,c226f7110ed7929b62c17b43bc6759d089a72e766fca387ebffcde80723a3c08,17457,22,Gram,unresolved person or eponym; contextual source use not established
02_FULL_GAMMA_PROOFS.tex,c226f7110ed7929b62c17b43bc6759d089a72e766fca387ebffcde80723a3c08,17461,27,Vandermonde,unresolved person or eponym; contextual source use not established
02_FULL_GAMMA_PROOFS.tex,c226f7110ed7929b62c17b43bc6759d089a72e766fca387ebffcde80723a3c08,17593,38,Jacobi,unresolved person or eponym; contextual source use not established
02_FULL_GAMMA_PROOFS.tex,c226f7110ed7929b62c17b43bc6759d089a72e766fca387ebffcde80723a3c08,17598,25,Jacobi,unresolved person or eponym; contextual source use not established
02_FULL_GAMMA_PROOFS.tex,c226f7110ed7929b62c17b43bc6759d089a72e766fca387ebffcde80723a3c08,17739,22,Jacobi,unresolved person or eponym; contextual source use not established
02_FULL_GAMMA_PROOFS.tex,c226f7110ed7929b62c17b43bc6759d089a72e766fca387ebffcde80723a3c08,17740,19,Jacobi,unresolved person or eponym; contextual source use not established
02_FULL_GAMMA_PROOFS.tex,c226f7110ed7929b62c17b43bc6759d089a72e766fca387ebffcde80723a3c08,17815,49,Riemann,unresolved person or eponym; contextual source use not established
02_FULL_GAMMA_PROOFS.tex,c226f7110ed7929b62c17b43bc6759d089a72e766fca387ebffcde80723a3c08,17862,5,Bernstein,unresolved person or eponym; contextual source use not established
02_FULL_GAMMA_PROOFS.tex,c226f7110ed7929b62c17b43bc6759d089a72e766fca387ebffcde80723a3c08,17870,42,Cauchy,unresolved person or eponym; contextual source use not established
02_FULL_GAMMA_PROOFS.tex,c226f7110ed7929b62c17b43bc6759d089a72e766fca387ebffcde80723a3c08,17870,50,Schwarz,unresolved person or eponym; contextual source use not established
02_FULL_GAMMA_PROOFS.tex,c226f7110ed7929b62c17b43bc6759d089a72e766fca387ebffcde80723a3c08,17889,16,Bernstein,unresolved person or eponym; contextual source use not established
02_FULL_GAMMA_PROOFS.tex,c226f7110ed7929b62c17b43bc6759d089a72e766fca387ebffcde80723a3c08,18361,23,Gram,unresolved person or eponym; contextual source use not established
02_FULL_GAMMA_PROOFS.tex,c226f7110ed7929b62c17b43bc6759d089a72e766fca387ebffcde80723a3c08,18698,28,Euler,unresolved person or eponym; contextual source use not established
02_FULL_GAMMA_PROOFS.tex,c226f7110ed7929b62c17b43bc6759d089a72e766fca387ebffcde80723a3c08,18713,48,Cauchy,unresolved person or eponym; contextual source use not established
02_FULL_GAMMA_PROOFS.tex,c226f7110ed7929b62c17b43bc6759d089a72e766fca387ebffcde80723a3c08,18746,27,Fourier,unresolved person or eponym; contextual source use not established
02_FULL_GAMMA_PROOFS.tex,c226f7110ed7929b62c17b43bc6759d089a72e766fca387ebffcde80723a3c08,18803,35,Fubini,unresolved person or eponym; contextual source use not established
02_FULL_GAMMA_PROOFS.tex,c226f7110ed7929b62c17b43bc6759d089a72e766fca387ebffcde80723a3c08,18868,44,Euler,unresolved person or eponym; contextual source use not established
02_FULL_GAMMA_PROOFS.tex,c226f7110ed7929b62c17b43bc6759d089a72e766fca387ebffcde80723a3c08,18914,45,Cauchy,unresolved person or eponym; contextual source use not established
02_FULL_GAMMA_PROOFS.tex,c226f7110ed7929b62c17b43bc6759d089a72e766fca387ebffcde80723a3c08,18933,1,Fourier,unresolved person or eponym; contextual source use not established
02_FULL_GAMMA_PROOFS.tex,c226f7110ed7929b62c17b43bc6759d089a72e766fca387ebffcde80723a3c08,18957,20,Euler,unresolved person or eponym; contextual source use not established
03_FULL_OBSERVATION_PROOFS.tex,38b8abc6c2b9e7f2032e4ab29383594ff542a3a70957f6e160eaa8e218d24b12,170,15,Taylor,unresolved person or eponym; contextual source use not established
03_FULL_OBSERVATION_PROOFS.tex,38b8abc6c2b9e7f2032e4ab29383594ff542a3a70957f6e160eaa8e218d24b12,221,5,Taylor,unresolved person or eponym; contextual source use not established
03_FULL_OBSERVATION_PROOFS.tex,38b8abc6c2b9e7f2032e4ab29383594ff542a3a70957f6e160eaa8e218d24b12,236,27,Taylor,unresolved person or eponym; contextual source use not established
03_FULL_OBSERVATION_PROOFS.tex,38b8abc6c2b9e7f2032e4ab29383594ff542a3a70957f6e160eaa8e218d24b12,249,57,Taylor,unresolved person or eponym; contextual source use not established
03_FULL_OBSERVATION_PROOFS.tex,38b8abc6c2b9e7f2032e4ab29383594ff542a3a70957f6e160eaa8e218d24b12,256,52,Taylor,unresolved person or eponym; contextual source use not established
03_FULL_OBSERVATION_PROOFS.tex,38b8abc6c2b9e7f2032e4ab29383594ff542a3a70957f6e160eaa8e218d24b12,287,19,Taylor,unresolved person or eponym; contextual source use not established
03_FULL_OBSERVATION_PROOFS.tex,38b8abc6c2b9e7f2032e4ab29383594ff542a3a70957f6e160eaa8e218d24b12,300,45,Taylor,unresolved person or eponym; contextual source use not established
03_FULL_OBSERVATION_PROOFS.tex,38b8abc6c2b9e7f2032e4ab29383594ff542a3a70957f6e160eaa8e218d24b12,567,26,Gram,unresolved person or eponym; contextual source use not established
03_FULL_OBSERVATION_PROOFS.tex,38b8abc6c2b9e7f2032e4ab29383594ff542a3a70957f6e160eaa8e218d24b12,689,32,Fourier,unresolved person or eponym; contextual source use not established
03_FULL_OBSERVATION_PROOFS.tex,38b8abc6c2b9e7f2032e4ab29383594ff542a3a70957f6e160eaa8e218d24b12,693,1,Fourier,unresolved person or eponym; contextual source use not established
03_FULL_OBSERVATION_PROOFS.tex,38b8abc6c2b9e7f2032e4ab29383594ff542a3a70957f6e160eaa8e218d24b12,705,20,Euler,unresolved person or eponym; contextual source use not established
03_FULL_OBSERVATION_PROOFS.tex,38b8abc6c2b9e7f2032e4ab29383594ff542a3a70957f6e160eaa8e218d24b12,732,22,Laplace,unresolved person or eponym; contextual source use not established
03_FULL_OBSERVATION_PROOFS.tex,38b8abc6c2b9e7f2032e4ab29383594ff542a3a70957f6e160eaa8e218d24b12,749,14,Laplace,unresolved person or eponym; contextual source use not established
03_FULL_OBSERVATION_PROOFS.tex,38b8abc6c2b9e7f2032e4ab29383594ff542a3a70957f6e160eaa8e218d24b12,842,19,Gram,unresolved person or eponym; contextual source use not established
03_FULL_OBSERVATION_PROOFS.tex,38b8abc6c2b9e7f2032e4ab29383594ff542a3a70957f6e160eaa8e218d24b12,924,30,Taylor,unresolved person or eponym; contextual source use not established
03_FULL_OBSERVATION_PROOFS.tex,38b8abc6c2b9e7f2032e4ab29383594ff542a3a70957f6e160eaa8e218d24b12,1128,57,Frobenius,unresolved person or eponym; contextual source use not established
03_FULL_OBSERVATION_PROOFS.tex,38b8abc6c2b9e7f2032e4ab29383594ff542a3a70957f6e160eaa8e218d24b12,1133,39,Gaussian,unresolved person or eponym; contextual source use not established
03_FULL_OBSERVATION_PROOFS.tex,38b8abc6c2b9e7f2032e4ab29383594ff542a3a70957f6e160eaa8e218d24b12,1157,33,Mellin,unresolved person or eponym; contextual source use not established
03_FULL_OBSERVATION_PROOFS.tex,38b8abc6c2b9e7f2032e4ab29383594ff542a3a70957f6e160eaa8e218d24b12,1178,21,Gaussian,unresolved person or eponym; contextual source use not established
03_FULL_OBSERVATION_PROOFS.tex,38b8abc6c2b9e7f2032e4ab29383594ff542a3a70957f6e160eaa8e218d24b12,1181,48,Poisson,unresolved person or eponym; contextual source use not established
03_FULL_OBSERVATION_PROOFS.tex,38b8abc6c2b9e7f2032e4ab29383594ff542a3a70957f6e160eaa8e218d24b12,1187,9,Gaussian,unresolved person or eponym; contextual source use not established
03_FULL_OBSERVATION_PROOFS.tex,38b8abc6c2b9e7f2032e4ab29383594ff542a3a70957f6e160eaa8e218d24b12,1222,32,Cauchy,unresolved person or eponym; contextual source use not established
03_FULL_OBSERVATION_PROOFS.tex,38b8abc6c2b9e7f2032e4ab29383594ff542a3a70957f6e160eaa8e218d24b12,1276,21,Tonelli,unresolved person or eponym; contextual source use not established
03_FULL_OBSERVATION_PROOFS.tex,38b8abc6c2b9e7f2032e4ab29383594ff542a3a70957f6e160eaa8e218d24b12,1344,14,Fourier,unresolved person or eponym; contextual source use not established
03_FULL_OBSERVATION_PROOFS.tex,38b8abc6c2b9e7f2032e4ab29383594ff542a3a70957f6e160eaa8e218d24b12,1347,25,Fourier,unresolved person or eponym; contextual source use not established
03_FULL_OBSERVATION_PROOFS.tex,38b8abc6c2b9e7f2032e4ab29383594ff542a3a70957f6e160eaa8e218d24b12,1347,33,Vandermonde,unresolved person or eponym; contextual source use not established
03_FULL_OBSERVATION_PROOFS.tex,38b8abc6c2b9e7f2032e4ab29383594ff542a3a70957f6e160eaa8e218d24b12,1363,55,Taylor,unresolved person or eponym; contextual source use not established
03_FULL_OBSERVATION_PROOFS.tex,38b8abc6c2b9e7f2032e4ab29383594ff542a3a70957f6e160eaa8e218d24b12,1490,37,Vandermonde,unresolved person or eponym; contextual source use not established
03_FULL_OBSERVATION_PROOFS.tex,38b8abc6c2b9e7f2032e4ab29383594ff542a3a70957f6e160eaa8e218d24b12,1522,39,Gaussian,unresolved person or eponym; contextual source use not established
04_CYCLIC_SECTORS.tex,dcf6ca747dde4166b942e34a11bc03c236c31425c163a5794ffb0ea3b2cb2fbd,45,35,Fourier,unresolved person or eponym; contextual source use not established
04_CYCLIC_SECTORS.tex,dcf6ca747dde4166b942e34a11bc03c236c31425c163a5794ffb0ea3b2cb2fbd,116,24,Gram,unresolved person or eponym; contextual source use not established
04_CYCLIC_SECTORS.tex,dcf6ca747dde4166b942e34a11bc03c236c31425c163a5794ffb0ea3b2cb2fbd,181,43,Gram,unresolved person or eponym; contextual source use not established
04_CYCLIC_SECTORS.tex,dcf6ca747dde4166b942e34a11bc03c236c31425c163a5794ffb0ea3b2cb2fbd,196,16,Gram,unresolved person or eponym; contextual source use not established
04_CYCLIC_SECTORS.tex,dcf6ca747dde4166b942e34a11bc03c236c31425c163a5794ffb0ea3b2cb2fbd,198,10,Fourier,unresolved person or eponym; contextual source use not established
04_CYCLIC_SECTORS.tex,dcf6ca747dde4166b942e34a11bc03c236c31425c163a5794ffb0ea3b2cb2fbd,214,43,Taylor,unresolved person or eponym; contextual source use not established
04_CYCLIC_SECTORS.tex,dcf6ca747dde4166b942e34a11bc03c236c31425c163a5794ffb0ea3b2cb2fbd,218,25,Fourier,unresolved person or eponym; contextual source use not established
04_CYCLIC_SECTORS.tex,dcf6ca747dde4166b942e34a11bc03c236c31425c163a5794ffb0ea3b2cb2fbd,238,14,Taylor,unresolved person or eponym; contextual source use not established
04_CYCLIC_SECTORS.tex,dcf6ca747dde4166b942e34a11bc03c236c31425c163a5794ffb0ea3b2cb2fbd,291,1,Taylor,unresolved person or eponym; contextual source use not established
04_CYCLIC_SECTORS.tex,dcf6ca747dde4166b942e34a11bc03c236c31425c163a5794ffb0ea3b2cb2fbd,347,48,Gram,unresolved person or eponym; contextual source use not established
04_CYCLIC_SECTORS.tex,dcf6ca747dde4166b942e34a11bc03c236c31425c163a5794ffb0ea3b2cb2fbd,359,50,Gaussian,unresolved person or eponym; contextual source use not established
04_CYCLIC_SECTORS.tex,dcf6ca747dde4166b942e34a11bc03c236c31425c163a5794ffb0ea3b2cb2fbd,380,1,Taylor,unresolved person or eponym; contextual source use not established
04_CYCLIC_SECTORS.tex,dcf6ca747dde4166b942e34a11bc03c236c31425c163a5794ffb0ea3b2cb2fbd,456,44,Fourier,unresolved person or eponym; contextual source use not established
04_CYCLIC_SECTORS.tex,dcf6ca747dde4166b942e34a11bc03c236c31425c163a5794ffb0ea3b2cb2fbd,499,1,Fourier,unresolved person or eponym; contextual source use not established
04_CYCLIC_SECTORS.tex,dcf6ca747dde4166b942e34a11bc03c236c31425c163a5794ffb0ea3b2cb2fbd,532,11,Vandermonde,unresolved person or eponym; contextual source use not established
04_CYCLIC_SECTORS.tex,dcf6ca747dde4166b942e34a11bc03c236c31425c163a5794ffb0ea3b2cb2fbd,559,16,Fourier,unresolved person or eponym; contextual source use not established
05_ORBIT_CONDUCTOR.tex,01790e0e8f73ead0d7f68fb6b14a86696796890979699a5aa6b8ef739372e38f,84,14,Gauss,unresolved person or eponym; contextual source use not established
05_ORBIT_CONDUCTOR.tex,01790e0e8f73ead0d7f68fb6b14a86696796890979699a5aa6b8ef739372e38f,99,9,Vandermonde,unresolved person or eponym; contextual source use not established
05_ORBIT_CONDUCTOR.tex,01790e0e8f73ead0d7f68fb6b14a86696796890979699a5aa6b8ef739372e38f,115,13,Fourier,unresolved person or eponym; contextual source use not established
05_ORBIT_CONDUCTOR.tex,01790e0e8f73ead0d7f68fb6b14a86696796890979699a5aa6b8ef739372e38f,336,1,Leibniz,unresolved person or eponym; contextual source use not established
05_ORBIT_CONDUCTOR.tex,01790e0e8f73ead0d7f68fb6b14a86696796890979699a5aa6b8ef739372e38f,381,38,Fourier,unresolved person or eponym; contextual source use not established
06_ACTUAL_PERIOD_QUADRIC.tex,9b733610f1968f0e25eaf67a02ad49a67a24eed58b41e6848e81db6bdc91f2bd,120,1,Fourier,unresolved person or eponym; contextual source use not established
06_ACTUAL_PERIOD_QUADRIC.tex,9b733610f1968f0e25eaf67a02ad49a67a24eed58b41e6848e81db6bdc91f2bd,141,52,Cauchy,unresolved person or eponym; contextual source use not established
06_ACTUAL_PERIOD_QUADRIC.tex,9b733610f1968f0e25eaf67a02ad49a67a24eed58b41e6848e81db6bdc91f2bd,165,48,Fourier,unresolved person or eponym; contextual source use not established
06_ACTUAL_PERIOD_QUADRIC.tex,9b733610f1968f0e25eaf67a02ad49a67a24eed58b41e6848e81db6bdc91f2bd,176,1,Fourier,unresolved person or eponym; contextual source use not established
06_ACTUAL_PERIOD_QUADRIC.tex,9b733610f1968f0e25eaf67a02ad49a67a24eed58b41e6848e81db6bdc91f2bd,208,21,Fourier,unresolved person or eponym; contextual source use not established
06_ACTUAL_PERIOD_QUADRIC.tex,9b733610f1968f0e25eaf67a02ad49a67a24eed58b41e6848e81db6bdc91f2bd,208,29,Vandermonde,unresolved person or eponym; contextual source use not established
06_ACTUAL_PERIOD_QUADRIC.tex,9b733610f1968f0e25eaf67a02ad49a67a24eed58b41e6848e81db6bdc91f2bd,210,26,Fourier,unresolved person or eponym; contextual source use not established
06_ACTUAL_PERIOD_QUADRIC.tex,9b733610f1968f0e25eaf67a02ad49a67a24eed58b41e6848e81db6bdc91f2bd,222,8,Fourier,unresolved person or eponym; contextual source use not established
06_ACTUAL_PERIOD_QUADRIC.tex,9b733610f1968f0e25eaf67a02ad49a67a24eed58b41e6848e81db6bdc91f2bd,538,58,Fourier,unresolved person or eponym; contextual source use not established
06_ACTUAL_PERIOD_QUADRIC.tex,9b733610f1968f0e25eaf67a02ad49a67a24eed58b41e6848e81db6bdc91f2bd,552,1,Cauchy,unresolved person or eponym; contextual source use not established
06_ACTUAL_PERIOD_QUADRIC.tex,9b733610f1968f0e25eaf67a02ad49a67a24eed58b41e6848e81db6bdc91f2bd,605,47,Newton,unresolved person or eponym; contextual source use not established
06_ACTUAL_PERIOD_QUADRIC.tex,9b733610f1968f0e25eaf67a02ad49a67a24eed58b41e6848e81db6bdc91f2bd,744,8,Fourier,unresolved person or eponym; contextual source use not established
06_ACTUAL_PERIOD_QUADRIC.tex,9b733610f1968f0e25eaf67a02ad49a67a24eed58b41e6848e81db6bdc91f2bd,777,1,Frobenius,unresolved person or eponym; contextual source use not established
07_ORIGINAL_KERNEL_VOLUME_BOUND.tex,ec749e2128fb034578192d312d52f3cc3f593028ee66029bf18dca180c54867e,295,23,Cauchy,unresolved person or eponym; contextual source use not established
07_ORIGINAL_KERNEL_VOLUME_BOUND.tex,ec749e2128fb034578192d312d52f3cc3f593028ee66029bf18dca180c54867e,295,31,Schwarz,unresolved person or eponym; contextual source use not established
07_ORIGINAL_KERNEL_VOLUME_BOUND.tex,ec749e2128fb034578192d312d52f3cc3f593028ee66029bf18dca180c54867e,346,10,Gram,unresolved person or eponym; contextual source use not established
09_UPDATED_JOINT_NOTE.tex,c27f97a673b82798ada8432ce582cb34a45b1eeff53bbb8beac546e2270ff4ce,43,52,Christoffel,unresolved person or eponym; contextual source use not established
09_UPDATED_JOINT_NOTE.tex,c27f97a673b82798ada8432ce582cb34a45b1eeff53bbb8beac546e2270ff4ce,43,159,Schur,unresolved person or eponym; contextual source use not established
09_UPDATED_JOINT_NOTE.tex,c27f97a673b82798ada8432ce582cb34a45b1eeff53bbb8beac546e2270ff4ce,76,46,Hankel,unresolved person or eponym; contextual source use not established
09_UPDATED_JOINT_NOTE.tex,c27f97a673b82798ada8432ce582cb34a45b1eeff53bbb8beac546e2270ff4ce,81,19,Hankel,unresolved person or eponym; contextual source use not established
09_UPDATED_JOINT_NOTE.tex,c27f97a673b82798ada8432ce582cb34a45b1eeff53bbb8beac546e2270ff4ce,151,225,Leibniz,unresolved person or eponym; contextual source use not established
09_UPDATED_JOINT_NOTE.tex,c27f97a673b82798ada8432ce582cb34a45b1eeff53bbb8beac546e2270ff4ce,160,21,Euler,unresolved person or eponym; contextual source use not established
09_UPDATED_JOINT_NOTE.tex,c27f97a673b82798ada8432ce582cb34a45b1eeff53bbb8beac546e2270ff4ce,232,67,Hermite,unresolved person or eponym; contextual source use not established
09_UPDATED_JOINT_NOTE.tex,c27f97a673b82798ada8432ce582cb34a45b1eeff53bbb8beac546e2270ff4ce,240,40,Schur,unresolved person or eponym; contextual source use not established
09_UPDATED_JOINT_NOTE.tex,c27f97a673b82798ada8432ce582cb34a45b1eeff53bbb8beac546e2270ff4ce,242,41,Gram,unresolved person or eponym; contextual source use not established
09_UPDATED_JOINT_NOTE.tex,c27f97a673b82798ada8432ce582cb34a45b1eeff53bbb8beac546e2270ff4ce,254,141,Schur,unresolved person or eponym; contextual source use not established
09_UPDATED_JOINT_NOTE.tex,c27f97a673b82798ada8432ce582cb34a45b1eeff53bbb8beac546e2270ff4ce,276,446,Schur,unresolved person or eponym; contextual source use not established
09_UPDATED_JOINT_NOTE.tex,c27f97a673b82798ada8432ce582cb34a45b1eeff53bbb8beac546e2270ff4ce,297,86,Schur,unresolved person or eponym; contextual source use not established
09_UPDATED_JOINT_NOTE.tex,c27f97a673b82798ada8432ce582cb34a45b1eeff53bbb8beac546e2270ff4ce,383,36,Gram,unresolved person or eponym; contextual source use not established
09_UPDATED_JOINT_NOTE.tex,c27f97a673b82798ada8432ce582cb34a45b1eeff53bbb8beac546e2270ff4ce,437,181,Gram,unresolved person or eponym; contextual source use not established
09_UPDATED_JOINT_NOTE.tex,c27f97a673b82798ada8432ce582cb34a45b1eeff53bbb8beac546e2270ff4ce,509,164,Schur,unresolved person or eponym; contextual source use not established
09_UPDATED_JOINT_NOTE.tex,c27f97a673b82798ada8432ce582cb34a45b1eeff53bbb8beac546e2270ff4ce,517,156,Schur,unresolved person or eponym; contextual source use not established
09_UPDATED_JOINT_NOTE.tex,c27f97a673b82798ada8432ce582cb34a45b1eeff53bbb8beac546e2270ff4ce,541,29,Hankel,unresolved person or eponym; contextual source use not established
09_UPDATED_JOINT_NOTE.tex,c27f97a673b82798ada8432ce582cb34a45b1eeff53bbb8beac546e2270ff4ce,557,45,Hankel,unresolved person or eponym; contextual source use not established
09_UPDATED_JOINT_NOTE.tex,c27f97a673b82798ada8432ce582cb34a45b1eeff53bbb8beac546e2270ff4ce,598,13,Gram,unresolved person or eponym; contextual source use not established
09_UPDATED_JOINT_NOTE.tex,c27f97a673b82798ada8432ce582cb34a45b1eeff53bbb8beac546e2270ff4ce,659,23,Hankel,unresolved person or eponym; contextual source use not established
09_UPDATED_JOINT_NOTE.tex,c27f97a673b82798ada8432ce582cb34a45b1eeff53bbb8beac546e2270ff4ce,880,27,Gram,unresolved person or eponym; contextual source use not established
09_UPDATED_JOINT_NOTE.tex,c27f97a673b82798ada8432ce582cb34a45b1eeff53bbb8beac546e2270ff4ce,888,51,Gram,unresolved person or eponym; contextual source use not established
09_UPDATED_JOINT_NOTE.tex,c27f97a673b82798ada8432ce582cb34a45b1eeff53bbb8beac546e2270ff4ce,1088,29,Newton,unresolved person or eponym; contextual source use not established
09_UPDATED_JOINT_NOTE.tex,c27f97a673b82798ada8432ce582cb34a45b1eeff53bbb8beac546e2270ff4ce,1319,28,Taylor,unresolved person or eponym; contextual source use not established
09_UPDATED_JOINT_NOTE.tex,c27f97a673b82798ada8432ce582cb34a45b1eeff53bbb8beac546e2270ff4ce,1548,40,Gram,unresolved person or eponym; contextual source use not established
09_UPDATED_JOINT_NOTE.tex,c27f97a673b82798ada8432ce582cb34a45b1eeff53bbb8beac546e2270ff4ce,1563,32,Gram,unresolved person or eponym; contextual source use not established
09_UPDATED_JOINT_NOTE.tex,c27f97a673b82798ada8432ce582cb34a45b1eeff53bbb8beac546e2270ff4ce,1576,22,Gram,unresolved person or eponym; contextual source use not established
09_UPDATED_JOINT_NOTE.tex,c27f97a673b82798ada8432ce582cb34a45b1eeff53bbb8beac546e2270ff4ce,1576,43,Gram,unresolved person or eponym; contextual source use not established
09_UPDATED_JOINT_NOTE.tex,c27f97a673b82798ada8432ce582cb34a45b1eeff53bbb8beac546e2270ff4ce,1594,10,Gram,unresolved person or eponym; contextual source use not established
09_UPDATED_JOINT_NOTE.tex,c27f97a673b82798ada8432ce582cb34a45b1eeff53bbb8beac546e2270ff4ce,1594,49,Taylor,unresolved person or eponym; contextual source use not established
09_UPDATED_JOINT_NOTE.tex,c27f97a673b82798ada8432ce582cb34a45b1eeff53bbb8beac546e2270ff4ce,1849,23,Taylor,unresolved person or eponym; contextual source use not established
09_UPDATED_JOINT_NOTE.tex,c27f97a673b82798ada8432ce582cb34a45b1eeff53bbb8beac546e2270ff4ce,1952,1,Fourier,unresolved person or eponym; contextual source use not established
09_UPDATED_JOINT_NOTE.tex,c27f97a673b82798ada8432ce582cb34a45b1eeff53bbb8beac546e2270ff4ce,1985,47,Taylor,unresolved person or eponym; contextual source use not established
09_UPDATED_JOINT_NOTE.tex,c27f97a673b82798ada8432ce582cb34a45b1eeff53bbb8beac546e2270ff4ce,2031,53,Taylor,unresolved person or eponym; contextual source use not established
09_UPDATED_JOINT_NOTE.tex,c27f97a673b82798ada8432ce582cb34a45b1eeff53bbb8beac546e2270ff4ce,2036,31,Taylor,unresolved person or eponym; contextual source use not established
09_UPDATED_JOINT_NOTE.tex,c27f97a673b82798ada8432ce582cb34a45b1eeff53bbb8beac546e2270ff4ce,2088,19,Gram,unresolved person or eponym; contextual source use not established
09_UPDATED_JOINT_NOTE.tex,c27f97a673b82798ada8432ce582cb34a45b1eeff53bbb8beac546e2270ff4ce,2090,14,Gram,unresolved person or eponym; contextual source use not established
09_UPDATED_JOINT_NOTE.tex,c27f97a673b82798ada8432ce582cb34a45b1eeff53bbb8beac546e2270ff4ce,2169,5,Leibniz,unresolved person or eponym; contextual source use not established
09_UPDATED_JOINT_NOTE.tex,c27f97a673b82798ada8432ce582cb34a45b1eeff53bbb8beac546e2270ff4ce,2224,50,Gram,unresolved person or eponym; contextual source use not established
09_UPDATED_JOINT_NOTE.tex,c27f97a673b82798ada8432ce582cb34a45b1eeff53bbb8beac546e2270ff4ce,2226,38,Gram,unresolved person or eponym; contextual source use not established
09_UPDATED_JOINT_NOTE.tex,c27f97a673b82798ada8432ce582cb34a45b1eeff53bbb8beac546e2270ff4ce,2232,31,Cauchy,unresolved person or eponym; contextual source use not established
09_UPDATED_JOINT_NOTE.tex,c27f97a673b82798ada8432ce582cb34a45b1eeff53bbb8beac546e2270ff4ce,2232,39,Schwarz,unresolved person or eponym; contextual source use not established
09_UPDATED_JOINT_NOTE.tex,c27f97a673b82798ada8432ce582cb34a45b1eeff53bbb8beac546e2270ff4ce,2259,55,Taylor,unresolved person or eponym; contextual source use not established
09_UPDATED_JOINT_NOTE.tex,c27f97a673b82798ada8432ce582cb34a45b1eeff53bbb8beac546e2270ff4ce,2280,25,Schur,unresolved person or eponym; contextual source use not established
09_UPDATED_JOINT_NOTE.tex,c27f97a673b82798ada8432ce582cb34a45b1eeff53bbb8beac546e2270ff4ce,2467,14,Newton,unresolved person or eponym; contextual source use not established
09_UPDATED_JOINT_NOTE.tex,c27f97a673b82798ada8432ce582cb34a45b1eeff53bbb8beac546e2270ff4ce,2507,54,Gram,unresolved person or eponym; contextual source use not established
09_UPDATED_JOINT_NOTE.tex,c27f97a673b82798ada8432ce582cb34a45b1eeff53bbb8beac546e2270ff4ce,2777,56,Gram,unresolved person or eponym; contextual source use not established
09_UPDATED_JOINT_NOTE.tex,c27f97a673b82798ada8432ce582cb34a45b1eeff53bbb8beac546e2270ff4ce,2791,32,Gram,unresolved person or eponym; contextual source use not established
09_UPDATED_JOINT_NOTE.tex,c27f97a673b82798ada8432ce582cb34a45b1eeff53bbb8beac546e2270ff4ce,2792,58,Vandermonde,unresolved person or eponym; contextual source use not established
09_UPDATED_JOINT_NOTE.tex,c27f97a673b82798ada8432ce582cb34a45b1eeff53bbb8beac546e2270ff4ce,2793,1,Gram,unresolved person or eponym; contextual source use not established
09_UPDATED_JOINT_NOTE.tex,c27f97a673b82798ada8432ce582cb34a45b1eeff53bbb8beac546e2270ff4ce,2821,21,Gram,unresolved person or eponym; contextual source use not established
09_UPDATED_JOINT_NOTE.tex,c27f97a673b82798ada8432ce582cb34a45b1eeff53bbb8beac546e2270ff4ce,3168,17,Taylor,unresolved person or eponym; contextual source use not established
09_UPDATED_JOINT_NOTE.tex,c27f97a673b82798ada8432ce582cb34a45b1eeff53bbb8beac546e2270ff4ce,3187,19,Gram,unresolved person or eponym; contextual source use not established
09_UPDATED_JOINT_NOTE.tex,c27f97a673b82798ada8432ce582cb34a45b1eeff53bbb8beac546e2270ff4ce,3236,51,Gram,unresolved person or eponym; contextual source use not established
09_UPDATED_JOINT_NOTE.tex,c27f97a673b82798ada8432ce582cb34a45b1eeff53bbb8beac546e2270ff4ce,3267,49,Hilbert,unresolved person or eponym; contextual source use not established
09_UPDATED_JOINT_NOTE.tex,c27f97a673b82798ada8432ce582cb34a45b1eeff53bbb8beac546e2270ff4ce,3270,24,Lebesgue,unresolved person or eponym; contextual source use not established
09_UPDATED_JOINT_NOTE.tex,c27f97a673b82798ada8432ce582cb34a45b1eeff53bbb8beac546e2270ff4ce,3280,41,Cauchy,unresolved person or eponym; contextual source use not established
09_UPDATED_JOINT_NOTE.tex,c27f97a673b82798ada8432ce582cb34a45b1eeff53bbb8beac546e2270ff4ce,3280,49,Schwarz,unresolved person or eponym; contextual source use not established
09_UPDATED_JOINT_NOTE.tex,c27f97a673b82798ada8432ce582cb34a45b1eeff53bbb8beac546e2270ff4ce,3284,43,Hilbert,unresolved person or eponym; contextual source use not established
09_UPDATED_JOINT_NOTE.tex,c27f97a673b82798ada8432ce582cb34a45b1eeff53bbb8beac546e2270ff4ce,3367,23,Hankel,unresolved person or eponym; contextual source use not established
09_UPDATED_JOINT_NOTE.tex,c27f97a673b82798ada8432ce582cb34a45b1eeff53bbb8beac546e2270ff4ce,3488,120,Gram,unresolved person or eponym; contextual source use not established
09_UPDATED_JOINT_NOTE.tex,c27f97a673b82798ada8432ce582cb34a45b1eeff53bbb8beac546e2270ff4ce,3489,135,Gram,unresolved person or eponym; contextual source use not established
09_UPDATED_JOINT_NOTE.tex,c27f97a673b82798ada8432ce582cb34a45b1eeff53bbb8beac546e2270ff4ce,3515,244,Gram,unresolved person or eponym; contextual source use not established
09_UPDATED_JOINT_NOTE.tex,c27f97a673b82798ada8432ce582cb34a45b1eeff53bbb8beac546e2270ff4ce,3585,63,Schur,unresolved person or eponym; contextual source use not established
09_UPDATED_JOINT_NOTE.tex,c27f97a673b82798ada8432ce582cb34a45b1eeff53bbb8beac546e2270ff4ce,3587,323,Fourier,unresolved person or eponym; contextual source use not established
09_UPDATED_JOINT_NOTE.tex,c27f97a673b82798ada8432ce582cb34a45b1eeff53bbb8beac546e2270ff4ce,3590,201,Schur,unresolved person or eponym; contextual source use not established
09_UPDATED_JOINT_NOTE.tex,c27f97a673b82798ada8432ce582cb34a45b1eeff53bbb8beac546e2270ff4ce,3602,58,Hankel,unresolved person or eponym; contextual source use not established
09_UPDATED_JOINT_NOTE.tex,c27f97a673b82798ada8432ce582cb34a45b1eeff53bbb8beac546e2270ff4ce,3607,11,Schur,unresolved person or eponym; contextual source use not established
09_UPDATED_JOINT_NOTE.tex,c27f97a673b82798ada8432ce582cb34a45b1eeff53bbb8beac546e2270ff4ce,3863,58,Christoffel,unresolved person or eponym; contextual source use not established
09_UPDATED_JOINT_NOTE.tex,c27f97a673b82798ada8432ce582cb34a45b1eeff53bbb8beac546e2270ff4ce,3938,17,Euler,unresolved person or eponym; contextual source use not established
09_UPDATED_JOINT_NOTE.tex,c27f97a673b82798ada8432ce582cb34a45b1eeff53bbb8beac546e2270ff4ce,3969,25,Cauchy,unresolved person or eponym; contextual source use not established
09_UPDATED_JOINT_NOTE.tex,c27f97a673b82798ada8432ce582cb34a45b1eeff53bbb8beac546e2270ff4ce,3969,33,Schwarz,unresolved person or eponym; contextual source use not established
09_UPDATED_JOINT_NOTE.tex,c27f97a673b82798ada8432ce582cb34a45b1eeff53bbb8beac546e2270ff4ce,4018,1,Cauchy,unresolved person or eponym; contextual source use not established
09_UPDATED_JOINT_NOTE.tex,c27f97a673b82798ada8432ce582cb34a45b1eeff53bbb8beac546e2270ff4ce,4018,9,Schwarz,unresolved person or eponym; contextual source use not established
09_UPDATED_JOINT_NOTE.tex,c27f97a673b82798ada8432ce582cb34a45b1eeff53bbb8beac546e2270ff4ce,4158,64,Hankel,unresolved person or eponym; contextual source use not established
09_UPDATED_JOINT_NOTE.tex,c27f97a673b82798ada8432ce582cb34a45b1eeff53bbb8beac546e2270ff4ce,4390,46,Cauchy,unresolved person or eponym; contextual source use not established
09_UPDATED_JOINT_NOTE.tex,c27f97a673b82798ada8432ce582cb34a45b1eeff53bbb8beac546e2270ff4ce,4391,16,Stieltjes,unresolved person or eponym; contextual source use not established
09_UPDATED_JOINT_NOTE.tex,c27f97a673b82798ada8432ce582cb34a45b1eeff53bbb8beac546e2270ff4ce,4396,44,Tonelli,unresolved person or eponym; contextual source use not established
09_UPDATED_JOINT_NOTE.tex,c27f97a673b82798ada8432ce582cb34a45b1eeff53bbb8beac546e2270ff4ce,4475,12,Cauchy,unresolved person or eponym; contextual source use not established
09_UPDATED_JOINT_NOTE.tex,c27f97a673b82798ada8432ce582cb34a45b1eeff53bbb8beac546e2270ff4ce,4496,17,Euler,unresolved person or eponym; contextual source use not established
09_UPDATED_JOINT_NOTE.tex,c27f97a673b82798ada8432ce582cb34a45b1eeff53bbb8beac546e2270ff4ce,4551,61,Gaussian,unresolved person or eponym; contextual source use not established
09_UPDATED_JOINT_NOTE.tex,c27f97a673b82798ada8432ce582cb34a45b1eeff53bbb8beac546e2270ff4ce,4552,1,Fourier,unresolved person or eponym; contextual source use not established
09_UPDATED_JOINT_NOTE.tex,c27f97a673b82798ada8432ce582cb34a45b1eeff53bbb8beac546e2270ff4ce,4559,12,Gaussian,unresolved person or eponym; contextual source use not established
09_UPDATED_JOINT_NOTE.tex,c27f97a673b82798ada8432ce582cb34a45b1eeff53bbb8beac546e2270ff4ce,4559,21,Fourier,unresolved person or eponym; contextual source use not established
09_UPDATED_JOINT_NOTE.tex,c27f97a673b82798ada8432ce582cb34a45b1eeff53bbb8beac546e2270ff4ce,4560,8,Gaussian,unresolved person or eponym; contextual source use not established
09_UPDATED_JOINT_NOTE.tex,c27f97a673b82798ada8432ce582cb34a45b1eeff53bbb8beac546e2270ff4ce,4560,53,Fourier,unresolved person or eponym; contextual source use not established
09_UPDATED_JOINT_NOTE.tex,c27f97a673b82798ada8432ce582cb34a45b1eeff53bbb8beac546e2270ff4ce,4564,26,Fourier,unresolved person or eponym; contextual source use not established
09_UPDATED_JOINT_NOTE.tex,c27f97a673b82798ada8432ce582cb34a45b1eeff53bbb8beac546e2270ff4ce,4566,43,Gaussian,unresolved person or eponym; contextual source use not established
09_UPDATED_JOINT_NOTE.tex,c27f97a673b82798ada8432ce582cb34a45b1eeff53bbb8beac546e2270ff4ce,4567,47,Fourier,unresolved person or eponym; contextual source use not established
09_UPDATED_JOINT_NOTE.tex,c27f97a673b82798ada8432ce582cb34a45b1eeff53bbb8beac546e2270ff4ce,4623,32,Fourier,unresolved person or eponym; contextual source use not established
09_UPDATED_JOINT_NOTE.tex,c27f97a673b82798ada8432ce582cb34a45b1eeff53bbb8beac546e2270ff4ce,4734,10,Euler,unresolved person or eponym; contextual source use not established
09_UPDATED_JOINT_NOTE.tex,c27f97a673b82798ada8432ce582cb34a45b1eeff53bbb8beac546e2270ff4ce,4761,38,Vandermonde,unresolved person or eponym; contextual source use not established
09_UPDATED_JOINT_NOTE.tex,c27f97a673b82798ada8432ce582cb34a45b1eeff53bbb8beac546e2270ff4ce,4768,45,Gram,unresolved person or eponym; contextual source use not established
09_UPDATED_JOINT_NOTE.tex,c27f97a673b82798ada8432ce582cb34a45b1eeff53bbb8beac546e2270ff4ce,4794,36,Euler,unresolved person or eponym; contextual source use not established
09_UPDATED_JOINT_NOTE.tex,c27f97a673b82798ada8432ce582cb34a45b1eeff53bbb8beac546e2270ff4ce,4963,36,Jensen,unresolved person or eponym; contextual source use not established
09_UPDATED_JOINT_NOTE.tex,c27f97a673b82798ada8432ce582cb34a45b1eeff53bbb8beac546e2270ff4ce,5077,1,Riemann,unresolved person or eponym; contextual source use not established
09_UPDATED_JOINT_NOTE.tex,c27f97a673b82798ada8432ce582cb34a45b1eeff53bbb8beac546e2270ff4ce,5085,16,Riemann,unresolved person or eponym; contextual source use not established
09_UPDATED_JOINT_NOTE.tex,c27f97a673b82798ada8432ce582cb34a45b1eeff53bbb8beac546e2270ff4ce,5191,10,Gram,unresolved person or eponym; contextual source use not established
09_UPDATED_JOINT_NOTE.tex,c27f97a673b82798ada8432ce582cb34a45b1eeff53bbb8beac546e2270ff4ce,5207,34,Gram,unresolved person or eponym; contextual source use not established
09_UPDATED_JOINT_NOTE.tex,c27f97a673b82798ada8432ce582cb34a45b1eeff53bbb8beac546e2270ff4ce,5430,48,Gram,unresolved person or eponym; contextual source use not established
09_UPDATED_JOINT_NOTE.tex,c27f97a673b82798ada8432ce582cb34a45b1eeff53bbb8beac546e2270ff4ce,5437,1,Gram,unresolved person or eponym; contextual source use not established
09_UPDATED_JOINT_NOTE.tex,c27f97a673b82798ada8432ce582cb34a45b1eeff53bbb8beac546e2270ff4ce,5466,5,Schur,unresolved person or eponym; contextual source use not established
09_UPDATED_JOINT_NOTE.tex,c27f97a673b82798ada8432ce582cb34a45b1eeff53bbb8beac546e2270ff4ce,5467,1,Gram,unresolved person or eponym; contextual source use not established
09_UPDATED_JOINT_NOTE.tex,c27f97a673b82798ada8432ce582cb34a45b1eeff53bbb8beac546e2270ff4ce,5469,57,Gram,unresolved person or eponym; contextual source use not established
09_UPDATED_JOINT_NOTE.tex,c27f97a673b82798ada8432ce582cb34a45b1eeff53bbb8beac546e2270ff4ce,5817,15,Gram,unresolved person or eponym; contextual source use not established
09_UPDATED_JOINT_NOTE.tex,c27f97a673b82798ada8432ce582cb34a45b1eeff53bbb8beac546e2270ff4ce,5818,15,Gram,unresolved person or eponym; contextual source use not established
09_UPDATED_JOINT_NOTE.tex,c27f97a673b82798ada8432ce582cb34a45b1eeff53bbb8beac546e2270ff4ce,5820,27,Gram,unresolved person or eponym; contextual source use not established
09_UPDATED_JOINT_NOTE.tex,c27f97a673b82798ada8432ce582cb34a45b1eeff53bbb8beac546e2270ff4ce,5833,28,Schur,unresolved person or eponym; contextual source use not established
09_UPDATED_JOINT_NOTE.tex,c27f97a673b82798ada8432ce582cb34a45b1eeff53bbb8beac546e2270ff4ce,5882,25,Gram,unresolved person or eponym; contextual source use not established
09_UPDATED_JOINT_NOTE.tex,c27f97a673b82798ada8432ce582cb34a45b1eeff53bbb8beac546e2270ff4ce,5902,32,Taylor,unresolved person or eponym; contextual source use not established
09_UPDATED_JOINT_NOTE.tex,c27f97a673b82798ada8432ce582cb34a45b1eeff53bbb8beac546e2270ff4ce,5903,28,Christoffel,unresolved person or eponym; contextual source use not established
09_UPDATED_JOINT_NOTE.tex,c27f97a673b82798ada8432ce582cb34a45b1eeff53bbb8beac546e2270ff4ce,5913,58,Taylor,unresolved person or eponym; contextual source use not established
09_UPDATED_JOINT_NOTE.tex,c27f97a673b82798ada8432ce582cb34a45b1eeff53bbb8beac546e2270ff4ce,5928,43,Hilbert,unresolved person or eponym; contextual source use not established
09_UPDATED_JOINT_NOTE.tex,c27f97a673b82798ada8432ce582cb34a45b1eeff53bbb8beac546e2270ff4ce,5939,17,Gram,unresolved person or eponym; contextual source use not established
09_UPDATED_JOINT_NOTE.tex,c27f97a673b82798ada8432ce582cb34a45b1eeff53bbb8beac546e2270ff4ce,5964,44,Gram,unresolved person or eponym; contextual source use not established
09_UPDATED_JOINT_NOTE.tex,c27f97a673b82798ada8432ce582cb34a45b1eeff53bbb8beac546e2270ff4ce,5976,23,Gram,unresolved person or eponym; contextual source use not established
09_UPDATED_JOINT_NOTE.tex,c27f97a673b82798ada8432ce582cb34a45b1eeff53bbb8beac546e2270ff4ce,5979,1,Jacobi,unresolved person or eponym; contextual source use not established
09_UPDATED_JOINT_NOTE.tex,c27f97a673b82798ada8432ce582cb34a45b1eeff53bbb8beac546e2270ff4ce,6059,18,Taylor,unresolved person or eponym; contextual source use not established
09_UPDATED_JOINT_NOTE.tex,c27f97a673b82798ada8432ce582cb34a45b1eeff53bbb8beac546e2270ff4ce,6092,36,Gram,unresolved person or eponym; contextual source use not established
09_UPDATED_JOINT_NOTE.tex,c27f97a673b82798ada8432ce582cb34a45b1eeff53bbb8beac546e2270ff4ce,6095,23,Gram,unresolved person or eponym; contextual source use not established
09_UPDATED_JOINT_NOTE.tex,c27f97a673b82798ada8432ce582cb34a45b1eeff53bbb8beac546e2270ff4ce,6096,1,Gram,unresolved person or eponym; contextual source use not established
09_UPDATED_JOINT_NOTE.tex,c27f97a673b82798ada8432ce582cb34a45b1eeff53bbb8beac546e2270ff4ce,6096,13,Schur,unresolved person or eponym; contextual source use not established
09_UPDATED_JOINT_NOTE.tex,c27f97a673b82798ada8432ce582cb34a45b1eeff53bbb8beac546e2270ff4ce,6113,43,Taylor,unresolved person or eponym; contextual source use not established
09_UPDATED_JOINT_NOTE.tex,c27f97a673b82798ada8432ce582cb34a45b1eeff53bbb8beac546e2270ff4ce,6558,47,Christoffel,unresolved person or eponym; contextual source use not established
09_UPDATED_JOINT_NOTE.tex,c27f97a673b82798ada8432ce582cb34a45b1eeff53bbb8beac546e2270ff4ce,6643,57,Taylor,unresolved person or eponym; contextual source use not established
09_UPDATED_JOINT_NOTE.tex,c27f97a673b82798ada8432ce582cb34a45b1eeff53bbb8beac546e2270ff4ce,6671,7,Heine,unresolved person or eponym; contextual source use not established
09_UPDATED_JOINT_NOTE.tex,c27f97a673b82798ada8432ce582cb34a45b1eeff53bbb8beac546e2270ff4ce,6702,14,Euler,unresolved person or eponym; contextual source use not established
09_UPDATED_JOINT_NOTE.tex,c27f97a673b82798ada8432ce582cb34a45b1eeff53bbb8beac546e2270ff4ce,6733,44,Heine,unresolved person or eponym; contextual source use not established
09_UPDATED_JOINT_NOTE.tex,c27f97a673b82798ada8432ce582cb34a45b1eeff53bbb8beac546e2270ff4ce,6795,45,Lebesgue,unresolved person or eponym; contextual source use not established
09_UPDATED_JOINT_NOTE.tex,c27f97a673b82798ada8432ce582cb34a45b1eeff53bbb8beac546e2270ff4ce,6846,61,Gaussian,unresolved person or eponym; contextual source use not established
09_UPDATED_JOINT_NOTE.tex,c27f97a673b82798ada8432ce582cb34a45b1eeff53bbb8beac546e2270ff4ce,6847,1,Fourier,unresolved person or eponym; contextual source use not established
09_UPDATED_JOINT_NOTE.tex,c27f97a673b82798ada8432ce582cb34a45b1eeff53bbb8beac546e2270ff4ce,6859,29,Fourier,unresolved person or eponym; contextual source use not established
09_UPDATED_JOINT_NOTE.tex,c27f97a673b82798ada8432ce582cb34a45b1eeff53bbb8beac546e2270ff4ce,6863,56,Gaussian,unresolved person or eponym; contextual source use not established
09_UPDATED_JOINT_NOTE.tex,c27f97a673b82798ada8432ce582cb34a45b1eeff53bbb8beac546e2270ff4ce,6893,40,Tonelli,unresolved person or eponym; contextual source use not established
09_UPDATED_JOINT_NOTE.tex,c27f97a673b82798ada8432ce582cb34a45b1eeff53bbb8beac546e2270ff4ce,6991,54,Heine,unresolved person or eponym; contextual source use not established
09_UPDATED_JOINT_NOTE.tex,c27f97a673b82798ada8432ce582cb34a45b1eeff53bbb8beac546e2270ff4ce,7006,58,Jensen,unresolved person or eponym; contextual source use not established
09_UPDATED_JOINT_NOTE.tex,c27f97a673b82798ada8432ce582cb34a45b1eeff53bbb8beac546e2270ff4ce,7072,46,Heine,unresolved person or eponym; contextual source use not established
09_UPDATED_JOINT_NOTE.tex,c27f97a673b82798ada8432ce582cb34a45b1eeff53bbb8beac546e2270ff4ce,7082,1,Heine,unresolved person or eponym; contextual source use not established
09_UPDATED_JOINT_NOTE.tex,c27f97a673b82798ada8432ce582cb34a45b1eeff53bbb8beac546e2270ff4ce,7094,29,Hankel,unresolved person or eponym; contextual source use not established
09_UPDATED_JOINT_NOTE.tex,c27f97a673b82798ada8432ce582cb34a45b1eeff53bbb8beac546e2270ff4ce,7108,1,Hankel,unresolved person or eponym; contextual source use not established
09_UPDATED_JOINT_NOTE.tex,c27f97a673b82798ada8432ce582cb34a45b1eeff53bbb8beac546e2270ff4ce,7133,5,Vandermonde,unresolved person or eponym; contextual source use not established
09_UPDATED_JOINT_NOTE.tex,c27f97a673b82798ada8432ce582cb34a45b1eeff53bbb8beac546e2270ff4ce,7185,12,Vandermonde,unresolved person or eponym; contextual source use not established
09_UPDATED_JOINT_NOTE.tex,c27f97a673b82798ada8432ce582cb34a45b1eeff53bbb8beac546e2270ff4ce,7226,51,Lebesgue,unresolved person or eponym; contextual source use not established
09_UPDATED_JOINT_NOTE.tex,c27f97a673b82798ada8432ce582cb34a45b1eeff53bbb8beac546e2270ff4ce,7238,54,Heine,unresolved person or eponym; contextual source use not established
09_UPDATED_JOINT_NOTE.tex,c27f97a673b82798ada8432ce582cb34a45b1eeff53bbb8beac546e2270ff4ce,7296,42,Vandermonde,unresolved person or eponym; contextual source use not established
09_UPDATED_JOINT_NOTE.tex,c27f97a673b82798ada8432ce582cb34a45b1eeff53bbb8beac546e2270ff4ce,7801,32,Fourier,unresolved person or eponym; contextual source use not established
09_UPDATED_JOINT_NOTE.tex,c27f97a673b82798ada8432ce582cb34a45b1eeff53bbb8beac546e2270ff4ce,7805,1,Fourier,unresolved person or eponym; contextual source use not established
09_UPDATED_JOINT_NOTE.tex,c27f97a673b82798ada8432ce582cb34a45b1eeff53bbb8beac546e2270ff4ce,7817,20,Euler,unresolved person or eponym; contextual source use not established
09_UPDATED_JOINT_NOTE.tex,c27f97a673b82798ada8432ce582cb34a45b1eeff53bbb8beac546e2270ff4ce,7847,46,Fourier,unresolved person or eponym; contextual source use not established
09_UPDATED_JOINT_NOTE.tex,c27f97a673b82798ada8432ce582cb34a45b1eeff53bbb8beac546e2270ff4ce,7889,30,Hilbert,unresolved person or eponym; contextual source use not established
09_UPDATED_JOINT_NOTE.tex,c27f97a673b82798ada8432ce582cb34a45b1eeff53bbb8beac546e2270ff4ce,7900,45,Gram,unresolved person or eponym; contextual source use not established
09_UPDATED_JOINT_NOTE.tex,c27f97a673b82798ada8432ce582cb34a45b1eeff53bbb8beac546e2270ff4ce,7903,45,Laplace,unresolved person or eponym; contextual source use not established
09_UPDATED_JOINT_NOTE.tex,c27f97a673b82798ada8432ce582cb34a45b1eeff53bbb8beac546e2270ff4ce,7914,21,Gram,unresolved person or eponym; contextual source use not established
09_UPDATED_JOINT_NOTE.tex,c27f97a673b82798ada8432ce582cb34a45b1eeff53bbb8beac546e2270ff4ce,7973,10,Vandermonde,unresolved person or eponym; contextual source use not established
09_UPDATED_JOINT_NOTE.tex,c27f97a673b82798ada8432ce582cb34a45b1eeff53bbb8beac546e2270ff4ce,7979,42,Gram,unresolved person or eponym; contextual source use not established
09_UPDATED_JOINT_NOTE.tex,c27f97a673b82798ada8432ce582cb34a45b1eeff53bbb8beac546e2270ff4ce,7993,28,Fourier,unresolved person or eponym; contextual source use not established
09_UPDATED_JOINT_NOTE.tex,c27f97a673b82798ada8432ce582cb34a45b1eeff53bbb8beac546e2270ff4ce,8049,1,Fourier,unresolved person or eponym; contextual source use not established
09_UPDATED_JOINT_NOTE.tex,c27f97a673b82798ada8432ce582cb34a45b1eeff53bbb8beac546e2270ff4ce,8050,49,Fourier,unresolved person or eponym; contextual source use not established
09_UPDATED_JOINT_NOTE.tex,c27f97a673b82798ada8432ce582cb34a45b1eeff53bbb8beac546e2270ff4ce,8051,33,Gaussian,unresolved person or eponym; contextual source use not established
09_UPDATED_JOINT_NOTE.tex,c27f97a673b82798ada8432ce582cb34a45b1eeff53bbb8beac546e2270ff4ce,8051,46,Fourier,unresolved person or eponym; contextual source use not established
09_UPDATED_JOINT_NOTE.tex,c27f97a673b82798ada8432ce582cb34a45b1eeff53bbb8beac546e2270ff4ce,8052,5,Fubini,unresolved person or eponym; contextual source use not established
09_UPDATED_JOINT_NOTE.tex,c27f97a673b82798ada8432ce582cb34a45b1eeff53bbb8beac546e2270ff4ce,8052,25,Gaussian,unresolved person or eponym; contextual source use not established
09_UPDATED_JOINT_NOTE.tex,c27f97a673b82798ada8432ce582cb34a45b1eeff53bbb8beac546e2270ff4ce,8138,5,Vandermonde,unresolved person or eponym; contextual source use not established
09_UPDATED_JOINT_NOTE.tex,c27f97a673b82798ada8432ce582cb34a45b1eeff53bbb8beac546e2270ff4ce,8191,52,Cauchy,unresolved person or eponym; contextual source use not established
09_UPDATED_JOINT_NOTE.tex,c27f97a673b82798ada8432ce582cb34a45b1eeff53bbb8beac546e2270ff4ce,8191,60,Schwarz,unresolved person or eponym; contextual source use not established
09_UPDATED_JOINT_NOTE.tex,c27f97a673b82798ada8432ce582cb34a45b1eeff53bbb8beac546e2270ff4ce,8197,1,Fubini,unresolved person or eponym; contextual source use not established
09_UPDATED_JOINT_NOTE.tex,c27f97a673b82798ada8432ce582cb34a45b1eeff53bbb8beac546e2270ff4ce,8218,43,Hilbert,unresolved person or eponym; contextual source use not established
09_UPDATED_JOINT_NOTE.tex,c27f97a673b82798ada8432ce582cb34a45b1eeff53bbb8beac546e2270ff4ce,8240,37,Hilbert,unresolved person or eponym; contextual source use not established
09_UPDATED_JOINT_NOTE.tex,c27f97a673b82798ada8432ce582cb34a45b1eeff53bbb8beac546e2270ff4ce,8347,29,Euler,unresolved person or eponym; contextual source use not established
09_UPDATED_JOINT_NOTE.tex,c27f97a673b82798ada8432ce582cb34a45b1eeff53bbb8beac546e2270ff4ce,8355,31,Fourier,unresolved person or eponym; contextual source use not established
09_UPDATED_JOINT_NOTE.tex,c27f97a673b82798ada8432ce582cb34a45b1eeff53bbb8beac546e2270ff4ce,8358,10,Fourier,unresolved person or eponym; contextual source use not established
09_UPDATED_JOINT_NOTE.tex,c27f97a673b82798ada8432ce582cb34a45b1eeff53bbb8beac546e2270ff4ce,8361,36,Euler,unresolved person or eponym; contextual source use not established
09_UPDATED_JOINT_NOTE.tex,c27f97a673b82798ada8432ce582cb34a45b1eeff53bbb8beac546e2270ff4ce,8471,32,Gram,unresolved person or eponym; contextual source use not established
09_UPDATED_JOINT_NOTE.tex,c27f97a673b82798ada8432ce582cb34a45b1eeff53bbb8beac546e2270ff4ce,8531,10,Gram,unresolved person or eponym; contextual source use not established
09_UPDATED_JOINT_NOTE.tex,c27f97a673b82798ada8432ce582cb34a45b1eeff53bbb8beac546e2270ff4ce,8543,29,Gram,unresolved person or eponym; contextual source use not established
09_UPDATED_JOINT_NOTE.tex,c27f97a673b82798ada8432ce582cb34a45b1eeff53bbb8beac546e2270ff4ce,8636,16,Vandermonde,unresolved person or eponym; contextual source use not established
09_UPDATED_JOINT_NOTE.tex,c27f97a673b82798ada8432ce582cb34a45b1eeff53bbb8beac546e2270ff4ce,8688,45,Cauchy,unresolved person or eponym; contextual source use not established
09_UPDATED_JOINT_NOTE.tex,c27f97a673b82798ada8432ce582cb34a45b1eeff53bbb8beac546e2270ff4ce,8688,53,Schwarz,unresolved person or eponym; contextual source use not established
09_UPDATED_JOINT_NOTE.tex,c27f97a673b82798ada8432ce582cb34a45b1eeff53bbb8beac546e2270ff4ce,8689,11,Fubini,unresolved person or eponym; contextual source use not established
09_UPDATED_JOINT_NOTE.tex,c27f97a673b82798ada8432ce582cb34a45b1eeff53bbb8beac546e2270ff4ce,8692,35,Fubini,unresolved person or eponym; contextual source use not established
09_UPDATED_JOINT_NOTE.tex,c27f97a673b82798ada8432ce582cb34a45b1eeff53bbb8beac546e2270ff4ce,8715,54,Laplace,unresolved person or eponym; contextual source use not established
09_UPDATED_JOINT_NOTE.tex,c27f97a673b82798ada8432ce582cb34a45b1eeff53bbb8beac546e2270ff4ce,8728,5,Laplace,unresolved person or eponym; contextual source use not established
09_UPDATED_JOINT_NOTE.tex,c27f97a673b82798ada8432ce582cb34a45b1eeff53bbb8beac546e2270ff4ce,9010,19,Gram,unresolved person or eponym; contextual source use not established
09_UPDATED_JOINT_NOTE.tex,c27f97a673b82798ada8432ce582cb34a45b1eeff53bbb8beac546e2270ff4ce,9092,30,Taylor,unresolved person or eponym; contextual source use not established
09_UPDATED_JOINT_NOTE.tex,c27f97a673b82798ada8432ce582cb34a45b1eeff53bbb8beac546e2270ff4ce,9385,15,Taylor,unresolved person or eponym; contextual source use not established
09_UPDATED_JOINT_NOTE.tex,c27f97a673b82798ada8432ce582cb34a45b1eeff53bbb8beac546e2270ff4ce,9436,5,Taylor,unresolved person or eponym; contextual source use not established
09_UPDATED_JOINT_NOTE.tex,c27f97a673b82798ada8432ce582cb34a45b1eeff53bbb8beac546e2270ff4ce,9451,27,Taylor,unresolved person or eponym; contextual source use not established
09_UPDATED_JOINT_NOTE.tex,c27f97a673b82798ada8432ce582cb34a45b1eeff53bbb8beac546e2270ff4ce,9464,57,Taylor,unresolved person or eponym; contextual source use not established
09_UPDATED_JOINT_NOTE.tex,c27f97a673b82798ada8432ce582cb34a45b1eeff53bbb8beac546e2270ff4ce,9471,52,Taylor,unresolved person or eponym; contextual source use not established
09_UPDATED_JOINT_NOTE.tex,c27f97a673b82798ada8432ce582cb34a45b1eeff53bbb8beac546e2270ff4ce,9502,19,Taylor,unresolved person or eponym; contextual source use not established
09_UPDATED_JOINT_NOTE.tex,c27f97a673b82798ada8432ce582cb34a45b1eeff53bbb8beac546e2270ff4ce,9515,45,Taylor,unresolved person or eponym; contextual source use not established
09_UPDATED_JOINT_NOTE.tex,c27f97a673b82798ada8432ce582cb34a45b1eeff53bbb8beac546e2270ff4ce,9781,26,Gram,unresolved person or eponym; contextual source use not established
09_UPDATED_JOINT_NOTE.tex,c27f97a673b82798ada8432ce582cb34a45b1eeff53bbb8beac546e2270ff4ce,9847,22,Laplace,unresolved person or eponym; contextual source use not established
09_UPDATED_JOINT_NOTE.tex,c27f97a673b82798ada8432ce582cb34a45b1eeff53bbb8beac546e2270ff4ce,9864,14,Laplace,unresolved person or eponym; contextual source use not established
09_UPDATED_JOINT_NOTE.tex,c27f97a673b82798ada8432ce582cb34a45b1eeff53bbb8beac546e2270ff4ce,9963,57,Frobenius,unresolved person or eponym; contextual source use not established
09_UPDATED_JOINT_NOTE.tex,c27f97a673b82798ada8432ce582cb34a45b1eeff53bbb8beac546e2270ff4ce,9968,39,Gaussian,unresolved person or eponym; contextual source use not established
09_UPDATED_JOINT_NOTE.tex,c27f97a673b82798ada8432ce582cb34a45b1eeff53bbb8beac546e2270ff4ce,9991,33,Mellin,unresolved person or eponym; contextual source use not established
09_UPDATED_JOINT_NOTE.tex,c27f97a673b82798ada8432ce582cb34a45b1eeff53bbb8beac546e2270ff4ce,10012,21,Gaussian,unresolved person or eponym; contextual source use not established
09_UPDATED_JOINT_NOTE.tex,c27f97a673b82798ada8432ce582cb34a45b1eeff53bbb8beac546e2270ff4ce,10015,48,Poisson,unresolved person or eponym; contextual source use not established
09_UPDATED_JOINT_NOTE.tex,c27f97a673b82798ada8432ce582cb34a45b1eeff53bbb8beac546e2270ff4ce,10021,9,Gaussian,unresolved person or eponym; contextual source use not established
09_UPDATED_JOINT_NOTE.tex,c27f97a673b82798ada8432ce582cb34a45b1eeff53bbb8beac546e2270ff4ce,10056,32,Cauchy,unresolved person or eponym; contextual source use not established
09_UPDATED_JOINT_NOTE.tex,c27f97a673b82798ada8432ce582cb34a45b1eeff53bbb8beac546e2270ff4ce,10109,21,Tonelli,unresolved person or eponym; contextual source use not established
09_UPDATED_JOINT_NOTE.tex,c27f97a673b82798ada8432ce582cb34a45b1eeff53bbb8beac546e2270ff4ce,10177,14,Fourier,unresolved person or eponym; contextual source use not established
09_UPDATED_JOINT_NOTE.tex,c27f97a673b82798ada8432ce582cb34a45b1eeff53bbb8beac546e2270ff4ce,10180,25,Fourier,unresolved person or eponym; contextual source use not established
09_UPDATED_JOINT_NOTE.tex,c27f97a673b82798ada8432ce582cb34a45b1eeff53bbb8beac546e2270ff4ce,10180,33,Vandermonde,unresolved person or eponym; contextual source use not established
09_UPDATED_JOINT_NOTE.tex,c27f97a673b82798ada8432ce582cb34a45b1eeff53bbb8beac546e2270ff4ce,10196,55,Taylor,unresolved person or eponym; contextual source use not established
09_UPDATED_JOINT_NOTE.tex,c27f97a673b82798ada8432ce582cb34a45b1eeff53bbb8beac546e2270ff4ce,10323,37,Vandermonde,unresolved person or eponym; contextual source use not established
09_UPDATED_JOINT_NOTE.tex,c27f97a673b82798ada8432ce582cb34a45b1eeff53bbb8beac546e2270ff4ce,10355,39,Gaussian,unresolved person or eponym; contextual source use not established
09_UPDATED_JOINT_NOTE.tex,c27f97a673b82798ada8432ce582cb34a45b1eeff53bbb8beac546e2270ff4ce,10415,35,Fourier,unresolved person or eponym; contextual source use not established
09_UPDATED_JOINT_NOTE.tex,c27f97a673b82798ada8432ce582cb34a45b1eeff53bbb8beac546e2270ff4ce,10486,24,Gram,unresolved person or eponym; contextual source use not established
09_UPDATED_JOINT_NOTE.tex,c27f97a673b82798ada8432ce582cb34a45b1eeff53bbb8beac546e2270ff4ce,10551,43,Gram,unresolved person or eponym; contextual source use not established
09_UPDATED_JOINT_NOTE.tex,c27f97a673b82798ada8432ce582cb34a45b1eeff53bbb8beac546e2270ff4ce,10566,16,Gram,unresolved person or eponym; contextual source use not established
09_UPDATED_JOINT_NOTE.tex,c27f97a673b82798ada8432ce582cb34a45b1eeff53bbb8beac546e2270ff4ce,10568,10,Fourier,unresolved person or eponym; contextual source use not established
09_UPDATED_JOINT_NOTE.tex,c27f97a673b82798ada8432ce582cb34a45b1eeff53bbb8beac546e2270ff4ce,10584,43,Taylor,unresolved person or eponym; contextual source use not established
09_UPDATED_JOINT_NOTE.tex,c27f97a673b82798ada8432ce582cb34a45b1eeff53bbb8beac546e2270ff4ce,10588,25,Fourier,unresolved person or eponym; contextual source use not established
09_UPDATED_JOINT_NOTE.tex,c27f97a673b82798ada8432ce582cb34a45b1eeff53bbb8beac546e2270ff4ce,10608,14,Taylor,unresolved person or eponym; contextual source use not established
09_UPDATED_JOINT_NOTE.tex,c27f97a673b82798ada8432ce582cb34a45b1eeff53bbb8beac546e2270ff4ce,10661,1,Taylor,unresolved person or eponym; contextual source use not established
09_UPDATED_JOINT_NOTE.tex,c27f97a673b82798ada8432ce582cb34a45b1eeff53bbb8beac546e2270ff4ce,10717,48,Gram,unresolved person or eponym; contextual source use not established
09_UPDATED_JOINT_NOTE.tex,c27f97a673b82798ada8432ce582cb34a45b1eeff53bbb8beac546e2270ff4ce,10729,50,Gaussian,unresolved person or eponym; contextual source use not established
09_UPDATED_JOINT_NOTE.tex,c27f97a673b82798ada8432ce582cb34a45b1eeff53bbb8beac546e2270ff4ce,10750,1,Taylor,unresolved person or eponym; contextual source use not established
09_UPDATED_JOINT_NOTE.tex,c27f97a673b82798ada8432ce582cb34a45b1eeff53bbb8beac546e2270ff4ce,10826,44,Fourier,unresolved person or eponym; contextual source use not established
09_UPDATED_JOINT_NOTE.tex,c27f97a673b82798ada8432ce582cb34a45b1eeff53bbb8beac546e2270ff4ce,10869,1,Fourier,unresolved person or eponym; contextual source use not established
09_UPDATED_JOINT_NOTE.tex,c27f97a673b82798ada8432ce582cb34a45b1eeff53bbb8beac546e2270ff4ce,10902,11,Vandermonde,unresolved person or eponym; contextual source use not established
09_UPDATED_JOINT_NOTE.tex,c27f97a673b82798ada8432ce582cb34a45b1eeff53bbb8beac546e2270ff4ce,10929,16,Fourier,unresolved person or eponym; contextual source use not established
09_UPDATED_JOINT_NOTE.tex,c27f97a673b82798ada8432ce582cb34a45b1eeff53bbb8beac546e2270ff4ce,11195,14,Gauss,unresolved person or eponym; contextual source use not established
09_UPDATED_JOINT_NOTE.tex,c27f97a673b82798ada8432ce582cb34a45b1eeff53bbb8beac546e2270ff4ce,11210,9,Vandermonde,unresolved person or eponym; contextual source use not established
09_UPDATED_JOINT_NOTE.tex,c27f97a673b82798ada8432ce582cb34a45b1eeff53bbb8beac546e2270ff4ce,11226,13,Fourier,unresolved person or eponym; contextual source use not established
09_UPDATED_JOINT_NOTE.tex,c27f97a673b82798ada8432ce582cb34a45b1eeff53bbb8beac546e2270ff4ce,11447,1,Leibniz,unresolved person or eponym; contextual source use not established
09_UPDATED_JOINT_NOTE.tex,c27f97a673b82798ada8432ce582cb34a45b1eeff53bbb8beac546e2270ff4ce,11495,38,Fourier,unresolved person or eponym; contextual source use not established
09_UPDATED_JOINT_NOTE.tex,c27f97a673b82798ada8432ce582cb34a45b1eeff53bbb8beac546e2270ff4ce,11749,1,Fourier,unresolved person or eponym; contextual source use not established
09_UPDATED_JOINT_NOTE.tex,c27f97a673b82798ada8432ce582cb34a45b1eeff53bbb8beac546e2270ff4ce,11770,52,Cauchy,unresolved person or eponym; contextual source use not established
09_UPDATED_JOINT_NOTE.tex,c27f97a673b82798ada8432ce582cb34a45b1eeff53bbb8beac546e2270ff4ce,11794,48,Fourier,unresolved person or eponym; contextual source use not established
09_UPDATED_JOINT_NOTE.tex,c27f97a673b82798ada8432ce582cb34a45b1eeff53bbb8beac546e2270ff4ce,11805,1,Fourier,unresolved person or eponym; contextual source use not established
09_UPDATED_JOINT_NOTE.tex,c27f97a673b82798ada8432ce582cb34a45b1eeff53bbb8beac546e2270ff4ce,11837,21,Fourier,unresolved person or eponym; contextual source use not established
09_UPDATED_JOINT_NOTE.tex,c27f97a673b82798ada8432ce582cb34a45b1eeff53bbb8beac546e2270ff4ce,11837,29,Vandermonde,unresolved person or eponym; contextual source use not established
09_UPDATED_JOINT_NOTE.tex,c27f97a673b82798ada8432ce582cb34a45b1eeff53bbb8beac546e2270ff4ce,11839,26,Fourier,unresolved person or eponym; contextual source use not established
09_UPDATED_JOINT_NOTE.tex,c27f97a673b82798ada8432ce582cb34a45b1eeff53bbb8beac546e2270ff4ce,11851,8,Fourier,unresolved person or eponym; contextual source use not established
09_UPDATED_JOINT_NOTE.tex,c27f97a673b82798ada8432ce582cb34a45b1eeff53bbb8beac546e2270ff4ce,12170,58,Fourier,unresolved person or eponym; contextual source use not established
09_UPDATED_JOINT_NOTE.tex,c27f97a673b82798ada8432ce582cb34a45b1eeff53bbb8beac546e2270ff4ce,12184,1,Cauchy,unresolved person or eponym; contextual source use not established
09_UPDATED_JOINT_NOTE.tex,c27f97a673b82798ada8432ce582cb34a45b1eeff53bbb8beac546e2270ff4ce,12237,47,Newton,unresolved person or eponym; contextual source use not established
09_UPDATED_JOINT_NOTE.tex,c27f97a673b82798ada8432ce582cb34a45b1eeff53bbb8beac546e2270ff4ce,12376,8,Fourier,unresolved person or eponym; contextual source use not established
09_UPDATED_JOINT_NOTE.tex,c27f97a673b82798ada8432ce582cb34a45b1eeff53bbb8beac546e2270ff4ce,12409,1,Frobenius,unresolved person or eponym; contextual source use not established
09_UPDATED_JOINT_NOTE.tex,c27f97a673b82798ada8432ce582cb34a45b1eeff53bbb8beac546e2270ff4ce,12790,23,Cauchy,unresolved person or eponym; contextual source use not established
09_UPDATED_JOINT_NOTE.tex,c27f97a673b82798ada8432ce582cb34a45b1eeff53bbb8beac546e2270ff4ce,12790,31,Schwarz,unresolved person or eponym; contextual source use not established
09_UPDATED_JOINT_NOTE.tex,c27f97a673b82798ada8432ce582cb34a45b1eeff53bbb8beac546e2270ff4ce,12841,10,Gram,unresolved person or eponym; contextual source use not established
09_UPDATED_JOINT_NOTE.tex,c27f97a673b82798ada8432ce582cb34a45b1eeff53bbb8beac546e2270ff4ce,13265,37,Taylor,unresolved person or eponym; contextual source use not established
09_UPDATED_JOINT_NOTE.tex,c27f97a673b82798ada8432ce582cb34a45b1eeff53bbb8beac546e2270ff4ce,13340,1,Cauchy,unresolved person or eponym; contextual source use not established
09_UPDATED_JOINT_NOTE.tex,c27f97a673b82798ada8432ce582cb34a45b1eeff53bbb8beac546e2270ff4ce,13340,9,Schwarz,unresolved person or eponym; contextual source use not established
09_UPDATED_JOINT_NOTE.tex,c27f97a673b82798ada8432ce582cb34a45b1eeff53bbb8beac546e2270ff4ce,13373,51,Gram,unresolved person or eponym; contextual source use not established
09_UPDATED_JOINT_NOTE.tex,c27f97a673b82798ada8432ce582cb34a45b1eeff53bbb8beac546e2270ff4ce,13446,1,Gram,unresolved person or eponym; contextual source use not established
09_UPDATED_JOINT_NOTE.tex,c27f97a673b82798ada8432ce582cb34a45b1eeff53bbb8beac546e2270ff4ce,13446,46,Gram,unresolved person or eponym; contextual source use not established
09_UPDATED_JOINT_NOTE.tex,c27f97a673b82798ada8432ce582cb34a45b1eeff53bbb8beac546e2270ff4ce,13462,5,Schur,unresolved person or eponym; contextual source use not established
09_UPDATED_JOINT_NOTE.tex,c27f97a673b82798ada8432ce582cb34a45b1eeff53bbb8beac546e2270ff4ce,13470,62,Schur,unresolved person or eponym; contextual source use not established
09_UPDATED_JOINT_NOTE.tex,c27f97a673b82798ada8432ce582cb34a45b1eeff53bbb8beac546e2270ff4ce,13621,22,Taylor,unresolved person or eponym; contextual source use not established
09_UPDATED_JOINT_NOTE.tex,c27f97a673b82798ada8432ce582cb34a45b1eeff53bbb8beac546e2270ff4ce,13637,21,Taylor,unresolved person or eponym; contextual source use not established
09_UPDATED_JOINT_NOTE.tex,c27f97a673b82798ada8432ce582cb34a45b1eeff53bbb8beac546e2270ff4ce,13684,45,Schur,unresolved person or eponym; contextual source use not established
09_UPDATED_JOINT_NOTE.tex,c27f97a673b82798ada8432ce582cb34a45b1eeff53bbb8beac546e2270ff4ce,13727,52,Gram,unresolved person or eponym; contextual source use not established
09_UPDATED_JOINT_NOTE.tex,c27f97a673b82798ada8432ce582cb34a45b1eeff53bbb8beac546e2270ff4ce,14086,38,Gram,unresolved person or eponym; contextual source use not established
09_UPDATED_JOINT_NOTE.tex,c27f97a673b82798ada8432ce582cb34a45b1eeff53bbb8beac546e2270ff4ce,14308,56,Hankel,unresolved person or eponym; contextual source use not established
09_UPDATED_JOINT_NOTE.tex,c27f97a673b82798ada8432ce582cb34a45b1eeff53bbb8beac546e2270ff4ce,14309,34,Hankel,unresolved person or eponym; contextual source use not established
09_UPDATED_JOINT_NOTE.tex,c27f97a673b82798ada8432ce582cb34a45b1eeff53bbb8beac546e2270ff4ce,14631,40,Cauchy,unresolved person or eponym; contextual source use not established
09_UPDATED_JOINT_NOTE.tex,c27f97a673b82798ada8432ce582cb34a45b1eeff53bbb8beac546e2270ff4ce,14631,48,Schwarz,unresolved person or eponym; contextual source use not established
09_UPDATED_JOINT_NOTE.tex,c27f97a673b82798ada8432ce582cb34a45b1eeff53bbb8beac546e2270ff4ce,14702,38,Gram,unresolved person or eponym; contextual source use not established
09_UPDATED_JOINT_NOTE.tex,c27f97a673b82798ada8432ce582cb34a45b1eeff53bbb8beac546e2270ff4ce,15215,8,Vandermonde,unresolved person or eponym; contextual source use not established
09_UPDATED_JOINT_NOTE.tex,c27f97a673b82798ada8432ce582cb34a45b1eeff53bbb8beac546e2270ff4ce,15350,1,Vandermonde,unresolved person or eponym; contextual source use not established
09_UPDATED_JOINT_NOTE.tex,c27f97a673b82798ada8432ce582cb34a45b1eeff53bbb8beac546e2270ff4ce,15385,17,Vandermonde,unresolved person or eponym; contextual source use not established
09_UPDATED_JOINT_NOTE.tex,c27f97a673b82798ada8432ce582cb34a45b1eeff53bbb8beac546e2270ff4ce,15465,56,Vandermonde,unresolved person or eponym; contextual source use not established
09_UPDATED_JOINT_NOTE.tex,c27f97a673b82798ada8432ce582cb34a45b1eeff53bbb8beac546e2270ff4ce,15487,13,Christoffel,unresolved person or eponym; contextual source use not established
09_UPDATED_JOINT_NOTE.tex,c27f97a673b82798ada8432ce582cb34a45b1eeff53bbb8beac546e2270ff4ce,15487,26,Darboux,unresolved person or eponym; contextual source use not established
09_UPDATED_JOINT_NOTE.tex,c27f97a673b82798ada8432ce582cb34a45b1eeff53bbb8beac546e2270ff4ce,15564,5,Gram,unresolved person or eponym; contextual source use not established
09_UPDATED_JOINT_NOTE.tex,c27f97a673b82798ada8432ce582cb34a45b1eeff53bbb8beac546e2270ff4ce,15876,50,Fourier,unresolved person or eponym; contextual source use not established
09_UPDATED_JOINT_NOTE.tex,c27f97a673b82798ada8432ce582cb34a45b1eeff53bbb8beac546e2270ff4ce,15890,51,Taylor,unresolved person or eponym; contextual source use not established
09_UPDATED_JOINT_NOTE.tex,c27f97a673b82798ada8432ce582cb34a45b1eeff53bbb8beac546e2270ff4ce,15902,5,Taylor,unresolved person or eponym; contextual source use not established
09_UPDATED_JOINT_NOTE.tex,c27f97a673b82798ada8432ce582cb34a45b1eeff53bbb8beac546e2270ff4ce,15921,22,Fourier,unresolved person or eponym; contextual source use not established
09_UPDATED_JOINT_NOTE.tex,c27f97a673b82798ada8432ce582cb34a45b1eeff53bbb8beac546e2270ff4ce,15932,54,Fourier,unresolved person or eponym; contextual source use not established
09_UPDATED_JOINT_NOTE.tex,c27f97a673b82798ada8432ce582cb34a45b1eeff53bbb8beac546e2270ff4ce,15936,47,Gram,unresolved person or eponym; contextual source use not established
09_UPDATED_JOINT_NOTE.tex,c27f97a673b82798ada8432ce582cb34a45b1eeff53bbb8beac546e2270ff4ce,15976,47,Gram,unresolved person or eponym; contextual source use not established
09_UPDATED_JOINT_NOTE.tex,c27f97a673b82798ada8432ce582cb34a45b1eeff53bbb8beac546e2270ff4ce,16127,15,Fourier,unresolved person or eponym; contextual source use not established
09_UPDATED_JOINT_NOTE.tex,c27f97a673b82798ada8432ce582cb34a45b1eeff53bbb8beac546e2270ff4ce,16156,13,Taylor,unresolved person or eponym; contextual source use not established
09_UPDATED_JOINT_NOTE.tex,c27f97a673b82798ada8432ce582cb34a45b1eeff53bbb8beac546e2270ff4ce,16380,59,Hilbert,unresolved person or eponym; contextual source use not established
09_UPDATED_JOINT_NOTE.tex,c27f97a673b82798ada8432ce582cb34a45b1eeff53bbb8beac546e2270ff4ce,16606,28,Gram,unresolved person or eponym; contextual source use not established
09_UPDATED_JOINT_NOTE.tex,c27f97a673b82798ada8432ce582cb34a45b1eeff53bbb8beac546e2270ff4ce,16633,1,Laplace,unresolved person or eponym; contextual source use not established
09_UPDATED_JOINT_NOTE.tex,c27f97a673b82798ada8432ce582cb34a45b1eeff53bbb8beac546e2270ff4ce,16723,57,Vandermonde,unresolved person or eponym; contextual source use not established
09_UPDATED_JOINT_NOTE.tex,c27f97a673b82798ada8432ce582cb34a45b1eeff53bbb8beac546e2270ff4ce,16734,5,Gram,unresolved person or eponym; contextual source use not established
09_UPDATED_JOINT_NOTE.tex,c27f97a673b82798ada8432ce582cb34a45b1eeff53bbb8beac546e2270ff4ce,16752,32,Vandermonde,unresolved person or eponym; contextual source use not established
09_UPDATED_JOINT_NOTE.tex,c27f97a673b82798ada8432ce582cb34a45b1eeff53bbb8beac546e2270ff4ce,16778,45,Gram,unresolved person or eponym; contextual source use not established
09_UPDATED_JOINT_NOTE.tex,c27f97a673b82798ada8432ce582cb34a45b1eeff53bbb8beac546e2270ff4ce,16791,49,Gram,unresolved person or eponym; contextual source use not established
09_UPDATED_JOINT_NOTE.tex,c27f97a673b82798ada8432ce582cb34a45b1eeff53bbb8beac546e2270ff4ce,16839,1,Fourier,unresolved person or eponym; contextual source use not established
09_UPDATED_JOINT_NOTE.tex,c27f97a673b82798ada8432ce582cb34a45b1eeff53bbb8beac546e2270ff4ce,16881,1,Parseval,unresolved person or eponym; contextual source use not established
09_UPDATED_JOINT_NOTE.tex,c27f97a673b82798ada8432ce582cb34a45b1eeff53bbb8beac546e2270ff4ce,16889,26,Gram,unresolved person or eponym; contextual source use not established
09_UPDATED_JOINT_NOTE.tex,c27f97a673b82798ada8432ce582cb34a45b1eeff53bbb8beac546e2270ff4ce,16891,13,Newton,unresolved person or eponym; contextual source use not established
09_UPDATED_JOINT_NOTE.tex,c27f97a673b82798ada8432ce582cb34a45b1eeff53bbb8beac546e2270ff4ce,16902,49,Hermite,unresolved person or eponym; contextual source use not established
09_UPDATED_JOINT_NOTE.tex,c27f97a673b82798ada8432ce582cb34a45b1eeff53bbb8beac546e2270ff4ce,16917,38,Newton,unresolved person or eponym; contextual source use not established
09_UPDATED_JOINT_NOTE.tex,c27f97a673b82798ada8432ce582cb34a45b1eeff53bbb8beac546e2270ff4ce,16919,51,Newton,unresolved person or eponym; contextual source use not established
09_UPDATED_JOINT_NOTE.tex,c27f97a673b82798ada8432ce582cb34a45b1eeff53bbb8beac546e2270ff4ce,16933,49,Newton,unresolved person or eponym; contextual source use not established
09_UPDATED_JOINT_NOTE.tex,c27f97a673b82798ada8432ce582cb34a45b1eeff53bbb8beac546e2270ff4ce,16954,13,Cauchy,unresolved person or eponym; contextual source use not established
09_UPDATED_JOINT_NOTE.tex,c27f97a673b82798ada8432ce582cb34a45b1eeff53bbb8beac546e2270ff4ce,16959,1,Cauchy,unresolved person or eponym; contextual source use not established
09_UPDATED_JOINT_NOTE.tex,c27f97a673b82798ada8432ce582cb34a45b1eeff53bbb8beac546e2270ff4ce,16969,1,Cauchy,unresolved person or eponym; contextual source use not established
09_UPDATED_JOINT_NOTE.tex,c27f97a673b82798ada8432ce582cb34a45b1eeff53bbb8beac546e2270ff4ce,17125,5,Newton,unresolved person or eponym; contextual source use not established
09_UPDATED_JOINT_NOTE.tex,c27f97a673b82798ada8432ce582cb34a45b1eeff53bbb8beac546e2270ff4ce,17232,19,Leibniz,unresolved person or eponym; contextual source use not established
09_UPDATED_JOINT_NOTE.tex,c27f97a673b82798ada8432ce582cb34a45b1eeff53bbb8beac546e2270ff4ce,17283,52,Schur,unresolved person or eponym; contextual source use not established
09_UPDATED_JOINT_NOTE.tex,c27f97a673b82798ada8432ce582cb34a45b1eeff53bbb8beac546e2270ff4ce,17418,1,Newton,unresolved person or eponym; contextual source use not established
09_UPDATED_JOINT_NOTE.tex,c27f97a673b82798ada8432ce582cb34a45b1eeff53bbb8beac546e2270ff4ce,17434,19,Frobenius,unresolved person or eponym; contextual source use not established
09_UPDATED_JOINT_NOTE.tex,c27f97a673b82798ada8432ce582cb34a45b1eeff53bbb8beac546e2270ff4ce,17504,13,Newton,unresolved person or eponym; contextual source use not established
09_UPDATED_JOINT_NOTE.tex,c27f97a673b82798ada8432ce582cb34a45b1eeff53bbb8beac546e2270ff4ce,17541,1,Newton,unresolved person or eponym; contextual source use not established
09_UPDATED_JOINT_NOTE.tex,c27f97a673b82798ada8432ce582cb34a45b1eeff53bbb8beac546e2270ff4ce,17558,30,Vandermonde,unresolved person or eponym; contextual source use not established
09_UPDATED_JOINT_NOTE.tex,c27f97a673b82798ada8432ce582cb34a45b1eeff53bbb8beac546e2270ff4ce,17561,50,Gram,unresolved person or eponym; contextual source use not established
09_UPDATED_JOINT_NOTE.tex,c27f97a673b82798ada8432ce582cb34a45b1eeff53bbb8beac546e2270ff4ce,17709,1,Gram,unresolved person or eponym; contextual source use not established
09_UPDATED_JOINT_NOTE.tex,c27f97a673b82798ada8432ce582cb34a45b1eeff53bbb8beac546e2270ff4ce,17730,47,Vandermonde,unresolved person or eponym; contextual source use not established
09_UPDATED_JOINT_NOTE.tex,c27f97a673b82798ada8432ce582cb34a45b1eeff53bbb8beac546e2270ff4ce,17740,9,Taylor,unresolved person or eponym; contextual source use not established
09_UPDATED_JOINT_NOTE.tex,c27f97a673b82798ada8432ce582cb34a45b1eeff53bbb8beac546e2270ff4ce,17876,51,Schur,unresolved person or eponym; contextual source use not established
09_UPDATED_JOINT_NOTE.tex,c27f97a673b82798ada8432ce582cb34a45b1eeff53bbb8beac546e2270ff4ce,17888,1,Cauchy,unresolved person or eponym; contextual source use not established
09_UPDATED_JOINT_NOTE.tex,c27f97a673b82798ada8432ce582cb34a45b1eeff53bbb8beac546e2270ff4ce,17888,9,Schwarz,unresolved person or eponym; contextual source use not established
09_UPDATED_JOINT_NOTE.tex,c27f97a673b82798ada8432ce582cb34a45b1eeff53bbb8beac546e2270ff4ce,17892,38,Taylor,unresolved person or eponym; contextual source use not established
09_UPDATED_JOINT_NOTE.tex,c27f97a673b82798ada8432ce582cb34a45b1eeff53bbb8beac546e2270ff4ce,18031,6,Gram,unresolved person or eponym; contextual source use not established
09_UPDATED_JOINT_NOTE.tex,c27f97a673b82798ada8432ce582cb34a45b1eeff53bbb8beac546e2270ff4ce,18031,57,Gram,unresolved person or eponym; contextual source use not established
09_UPDATED_JOINT_NOTE.tex,c27f97a673b82798ada8432ce582cb34a45b1eeff53bbb8beac546e2270ff4ce,18034,26,Gram,unresolved person or eponym; contextual source use not established
09_UPDATED_JOINT_NOTE.tex,c27f97a673b82798ada8432ce582cb34a45b1eeff53bbb8beac546e2270ff4ce,18056,15,Gram,unresolved person or eponym; contextual source use not established
09_UPDATED_JOINT_NOTE.tex,c27f97a673b82798ada8432ce582cb34a45b1eeff53bbb8beac546e2270ff4ce,18100,60,Vandermonde,unresolved person or eponym; contextual source use not established
09_UPDATED_JOINT_NOTE.tex,c27f97a673b82798ada8432ce582cb34a45b1eeff53bbb8beac546e2270ff4ce,18174,49,Cauchy,unresolved person or eponym; contextual source use not established
09_UPDATED_JOINT_NOTE.tex,c27f97a673b82798ada8432ce582cb34a45b1eeff53bbb8beac546e2270ff4ce,18216,33,Neumann,unresolved person or eponym; contextual source use not established
09_UPDATED_JOINT_NOTE.tex,c27f97a673b82798ada8432ce582cb34a45b1eeff53bbb8beac546e2270ff4ce,18230,43,Cauchy,unresolved person or eponym; contextual source use not established
09_UPDATED_JOINT_NOTE.tex,c27f97a673b82798ada8432ce582cb34a45b1eeff53bbb8beac546e2270ff4ce,18230,51,Schwarz,unresolved person or eponym; contextual source use not established
09_UPDATED_JOINT_NOTE.tex,c27f97a673b82798ada8432ce582cb34a45b1eeff53bbb8beac546e2270ff4ce,18314,7,Taylor,unresolved person or eponym; contextual source use not established
09_UPDATED_JOINT_NOTE.tex,c27f97a673b82798ada8432ce582cb34a45b1eeff53bbb8beac546e2270ff4ce,18315,7,Cauchy,unresolved person or eponym; contextual source use not established
09_UPDATED_JOINT_NOTE.tex,c27f97a673b82798ada8432ce582cb34a45b1eeff53bbb8beac546e2270ff4ce,18415,46,Hilbert,unresolved person or eponym; contextual source use not established
09_UPDATED_JOINT_NOTE.tex,c27f97a673b82798ada8432ce582cb34a45b1eeff53bbb8beac546e2270ff4ce,18458,6,Gram,unresolved person or eponym; contextual source use not established
09_UPDATED_JOINT_NOTE.tex,c27f97a673b82798ada8432ce582cb34a45b1eeff53bbb8beac546e2270ff4ce,18516,51,Vandermonde,unresolved person or eponym; contextual source use not established
09_UPDATED_JOINT_NOTE.tex,c27f97a673b82798ada8432ce582cb34a45b1eeff53bbb8beac546e2270ff4ce,18575,57,Hilbert,unresolved person or eponym; contextual source use not established
09_UPDATED_JOINT_NOTE.tex,c27f97a673b82798ada8432ce582cb34a45b1eeff53bbb8beac546e2270ff4ce,18607,15,Gram,unresolved person or eponym; contextual source use not established
09_UPDATED_JOINT_NOTE.tex,c27f97a673b82798ada8432ce582cb34a45b1eeff53bbb8beac546e2270ff4ce,18610,51,Gram,unresolved person or eponym; contextual source use not established
09_UPDATED_JOINT_NOTE.tex,c27f97a673b82798ada8432ce582cb34a45b1eeff53bbb8beac546e2270ff4ce,18640,1,Taylor,unresolved person or eponym; contextual source use not established
09_UPDATED_JOINT_NOTE.tex,c27f97a673b82798ada8432ce582cb34a45b1eeff53bbb8beac546e2270ff4ce,18689,25,Gram,unresolved person or eponym; contextual source use not established
09_UPDATED_JOINT_NOTE.tex,c27f97a673b82798ada8432ce582cb34a45b1eeff53bbb8beac546e2270ff4ce,18703,31,Hilbert,unresolved person or eponym; contextual source use not established
09_UPDATED_JOINT_NOTE.tex,c27f97a673b82798ada8432ce582cb34a45b1eeff53bbb8beac546e2270ff4ce,18704,48,Gram,unresolved person or eponym; contextual source use not established
09_UPDATED_JOINT_NOTE.tex,c27f97a673b82798ada8432ce582cb34a45b1eeff53bbb8beac546e2270ff4ce,18708,9,Gram,unresolved person or eponym; contextual source use not established
09_UPDATED_JOINT_NOTE.tex,c27f97a673b82798ada8432ce582cb34a45b1eeff53bbb8beac546e2270ff4ce,18813,9,Vandermonde,unresolved person or eponym; contextual source use not established
09_UPDATED_JOINT_NOTE.tex,c27f97a673b82798ada8432ce582cb34a45b1eeff53bbb8beac546e2270ff4ce,18838,1,Taylor,unresolved person or eponym; contextual source use not established
09_UPDATED_JOINT_NOTE.tex,c27f97a673b82798ada8432ce582cb34a45b1eeff53bbb8beac546e2270ff4ce,18879,7,Taylor,unresolved person or eponym; contextual source use not established
09_UPDATED_JOINT_NOTE.tex,c27f97a673b82798ada8432ce582cb34a45b1eeff53bbb8beac546e2270ff4ce,18883,1,Neumann,unresolved person or eponym; contextual source use not established
09_UPDATED_JOINT_NOTE.tex,c27f97a673b82798ada8432ce582cb34a45b1eeff53bbb8beac546e2270ff4ce,18939,26,Cauchy,unresolved person or eponym; contextual source use not established
09_UPDATED_JOINT_NOTE.tex,c27f97a673b82798ada8432ce582cb34a45b1eeff53bbb8beac546e2270ff4ce,19092,20,Vandermonde,unresolved person or eponym; contextual source use not established
09_UPDATED_JOINT_NOTE.tex,c27f97a673b82798ada8432ce582cb34a45b1eeff53bbb8beac546e2270ff4ce,19114,1,Gram,unresolved person or eponym; contextual source use not established
09_UPDATED_JOINT_NOTE.tex,c27f97a673b82798ada8432ce582cb34a45b1eeff53bbb8beac546e2270ff4ce,19141,7,Gaussian,unresolved person or eponym; contextual source use not established
09_UPDATED_JOINT_NOTE.tex,c27f97a673b82798ada8432ce582cb34a45b1eeff53bbb8beac546e2270ff4ce,19143,58,Schur,unresolved person or eponym; contextual source use not established
09_UPDATED_JOINT_NOTE.tex,c27f97a673b82798ada8432ce582cb34a45b1eeff53bbb8beac546e2270ff4ce,19159,5,Schur,unresolved person or eponym; contextual source use not established
09_UPDATED_JOINT_NOTE.tex,c27f97a673b82798ada8432ce582cb34a45b1eeff53bbb8beac546e2270ff4ce,19307,1,Hilbert,unresolved person or eponym; contextual source use not established
09_UPDATED_JOINT_NOTE.tex,c27f97a673b82798ada8432ce582cb34a45b1eeff53bbb8beac546e2270ff4ce,19322,51,Gram,unresolved person or eponym; contextual source use not established
09_UPDATED_JOINT_NOTE.tex,c27f97a673b82798ada8432ce582cb34a45b1eeff53bbb8beac546e2270ff4ce,19331,44,Gram,unresolved person or eponym; contextual source use not established
09_UPDATED_JOINT_NOTE.tex,c27f97a673b82798ada8432ce582cb34a45b1eeff53bbb8beac546e2270ff4ce,19341,14,Gram,unresolved person or eponym; contextual source use not established
09_UPDATED_JOINT_NOTE.tex,c27f97a673b82798ada8432ce582cb34a45b1eeff53bbb8beac546e2270ff4ce,19345,32,Gram,unresolved person or eponym; contextual source use not established
09_UPDATED_JOINT_NOTE.tex,c27f97a673b82798ada8432ce582cb34a45b1eeff53bbb8beac546e2270ff4ce,19362,52,Gram,unresolved person or eponym; contextual source use not established
09_UPDATED_JOINT_NOTE.tex,c27f97a673b82798ada8432ce582cb34a45b1eeff53bbb8beac546e2270ff4ce,19698,45,Gram,unresolved person or eponym; contextual source use not established
09_UPDATED_JOINT_NOTE.tex,c27f97a673b82798ada8432ce582cb34a45b1eeff53bbb8beac546e2270ff4ce,19699,50,Schur,unresolved person or eponym; contextual source use not established
09_UPDATED_JOINT_NOTE.tex,c27f97a673b82798ada8432ce582cb34a45b1eeff53bbb8beac546e2270ff4ce,19707,50,Vandermonde,unresolved person or eponym; contextual source use not established
09_UPDATED_JOINT_NOTE.tex,c27f97a673b82798ada8432ce582cb34a45b1eeff53bbb8beac546e2270ff4ce,19711,28,Gram,unresolved person or eponym; contextual source use not established
09_UPDATED_JOINT_NOTE.tex,c27f97a673b82798ada8432ce582cb34a45b1eeff53bbb8beac546e2270ff4ce,19726,5,Vandermonde,unresolved person or eponym; contextual source use not established
09_UPDATED_JOINT_NOTE.tex,c27f97a673b82798ada8432ce582cb34a45b1eeff53bbb8beac546e2270ff4ce,19760,48,Gram,unresolved person or eponym; contextual source use not established
09_UPDATED_JOINT_NOTE.tex,c27f97a673b82798ada8432ce582cb34a45b1eeff53bbb8beac546e2270ff4ce,19769,22,Schur,unresolved person or eponym; contextual source use not established
09_UPDATED_JOINT_NOTE.tex,c27f97a673b82798ada8432ce582cb34a45b1eeff53bbb8beac546e2270ff4ce,19777,7,Gram,unresolved person or eponym; contextual source use not established
09_UPDATED_JOINT_NOTE.tex,c27f97a673b82798ada8432ce582cb34a45b1eeff53bbb8beac546e2270ff4ce,19778,22,Gram,unresolved person or eponym; contextual source use not established
09_UPDATED_JOINT_NOTE.tex,c27f97a673b82798ada8432ce582cb34a45b1eeff53bbb8beac546e2270ff4ce,19786,24,Gram,unresolved person or eponym; contextual source use not established
09_UPDATED_JOINT_NOTE.tex,c27f97a673b82798ada8432ce582cb34a45b1eeff53bbb8beac546e2270ff4ce,19789,52,Schur,unresolved person or eponym; contextual source use not established
09_UPDATED_JOINT_NOTE.tex,c27f97a673b82798ada8432ce582cb34a45b1eeff53bbb8beac546e2270ff4ce,19822,17,Taylor,unresolved person or eponym; contextual source use not established
09_UPDATED_JOINT_NOTE.tex,c27f97a673b82798ada8432ce582cb34a45b1eeff53bbb8beac546e2270ff4ce,19946,31,Gram,unresolved person or eponym; contextual source use not established
09_UPDATED_JOINT_NOTE.tex,c27f97a673b82798ada8432ce582cb34a45b1eeff53bbb8beac546e2270ff4ce,19964,35,Gram,unresolved person or eponym; contextual source use not established
09_UPDATED_JOINT_NOTE.tex,c27f97a673b82798ada8432ce582cb34a45b1eeff53bbb8beac546e2270ff4ce,20152,23,Gram,unresolved person or eponym; contextual source use not established
09_UPDATED_JOINT_NOTE.tex,c27f97a673b82798ada8432ce582cb34a45b1eeff53bbb8beac546e2270ff4ce,20173,17,Vandermonde,unresolved person or eponym; contextual source use not established
09_UPDATED_JOINT_NOTE.tex,c27f97a673b82798ada8432ce582cb34a45b1eeff53bbb8beac546e2270ff4ce,20210,38,Gram,unresolved person or eponym; contextual source use not established
09_UPDATED_JOINT_NOTE.tex,c27f97a673b82798ada8432ce582cb34a45b1eeff53bbb8beac546e2270ff4ce,20210,51,Schur,unresolved person or eponym; contextual source use not established
09_UPDATED_JOINT_NOTE.tex,c27f97a673b82798ada8432ce582cb34a45b1eeff53bbb8beac546e2270ff4ce,20213,57,Schur,unresolved person or eponym; contextual source use not established
09_UPDATED_JOINT_NOTE.tex,c27f97a673b82798ada8432ce582cb34a45b1eeff53bbb8beac546e2270ff4ce,20236,8,Gram,unresolved person or eponym; contextual source use not established
09_UPDATED_JOINT_NOTE.tex,c27f97a673b82798ada8432ce582cb34a45b1eeff53bbb8beac546e2270ff4ce,20440,61,Gram,unresolved person or eponym; contextual source use not established
09_UPDATED_JOINT_NOTE.tex,c27f97a673b82798ada8432ce582cb34a45b1eeff53bbb8beac546e2270ff4ce,20452,28,Gram,unresolved person or eponym; contextual source use not established
09_UPDATED_JOINT_NOTE.tex,c27f97a673b82798ada8432ce582cb34a45b1eeff53bbb8beac546e2270ff4ce,20468,31,Gram,unresolved person or eponym; contextual source use not established
09_UPDATED_JOINT_NOTE.tex,c27f97a673b82798ada8432ce582cb34a45b1eeff53bbb8beac546e2270ff4ce,20553,61,Euler,unresolved person or eponym; contextual source use not established
09_UPDATED_JOINT_NOTE.tex,c27f97a673b82798ada8432ce582cb34a45b1eeff53bbb8beac546e2270ff4ce,20563,17,Euler,unresolved person or eponym; contextual source use not established
09_UPDATED_JOINT_NOTE.tex,c27f97a673b82798ada8432ce582cb34a45b1eeff53bbb8beac546e2270ff4ce,20570,27,Cauchy,unresolved person or eponym; contextual source use not established
09_UPDATED_JOINT_NOTE.tex,c27f97a673b82798ada8432ce582cb34a45b1eeff53bbb8beac546e2270ff4ce,20574,57,Fourier,unresolved person or eponym; contextual source use not established
09_UPDATED_JOINT_NOTE.tex,c27f97a673b82798ada8432ce582cb34a45b1eeff53bbb8beac546e2270ff4ce,20575,34,Fourier,unresolved person or eponym; contextual source use not established
09_UPDATED_JOINT_NOTE.tex,c27f97a673b82798ada8432ce582cb34a45b1eeff53bbb8beac546e2270ff4ce,20608,5,Euler,unresolved person or eponym; contextual source use not established
09_UPDATED_JOINT_NOTE.tex,c27f97a673b82798ada8432ce582cb34a45b1eeff53bbb8beac546e2270ff4ce,20621,15,Euler,unresolved person or eponym; contextual source use not established
09_UPDATED_JOINT_NOTE.tex,c27f97a673b82798ada8432ce582cb34a45b1eeff53bbb8beac546e2270ff4ce,20625,57,Euler,unresolved person or eponym; contextual source use not established
09_UPDATED_JOINT_NOTE.tex,c27f97a673b82798ada8432ce582cb34a45b1eeff53bbb8beac546e2270ff4ce,20671,22,Legendre,unresolved person or eponym; contextual source use not established
09_UPDATED_JOINT_NOTE.tex,c27f97a673b82798ada8432ce582cb34a45b1eeff53bbb8beac546e2270ff4ce,20685,10,Leibniz,unresolved person or eponym; contextual source use not established
09_UPDATED_JOINT_NOTE.tex,c27f97a673b82798ada8432ce582cb34a45b1eeff53bbb8beac546e2270ff4ce,20695,1,Cauchy,unresolved person or eponym; contextual source use not established
09_UPDATED_JOINT_NOTE.tex,c27f97a673b82798ada8432ce582cb34a45b1eeff53bbb8beac546e2270ff4ce,20695,9,Schwarz,unresolved person or eponym; contextual source use not established
09_UPDATED_JOINT_NOTE.tex,c27f97a673b82798ada8432ce582cb34a45b1eeff53bbb8beac546e2270ff4ce,20710,12,Hilbert,unresolved person or eponym; contextual source use not established
09_UPDATED_JOINT_NOTE.tex,c27f97a673b82798ada8432ce582cb34a45b1eeff53bbb8beac546e2270ff4ce,20882,57,Gram,unresolved person or eponym; contextual source use not established
09_UPDATED_JOINT_NOTE.tex,c27f97a673b82798ada8432ce582cb34a45b1eeff53bbb8beac546e2270ff4ce,20889,59,Gram,unresolved person or eponym; contextual source use not established
09_UPDATED_JOINT_NOTE.tex,c27f97a673b82798ada8432ce582cb34a45b1eeff53bbb8beac546e2270ff4ce,20890,51,Gram,unresolved person or eponym; contextual source use not established
09_UPDATED_JOINT_NOTE.tex,c27f97a673b82798ada8432ce582cb34a45b1eeff53bbb8beac546e2270ff4ce,20901,50,Gram,unresolved person or eponym; contextual source use not established
09_UPDATED_JOINT_NOTE.tex,c27f97a673b82798ada8432ce582cb34a45b1eeff53bbb8beac546e2270ff4ce,20905,9,Gram,unresolved person or eponym; contextual source use not established
09_UPDATED_JOINT_NOTE.tex,c27f97a673b82798ada8432ce582cb34a45b1eeff53bbb8beac546e2270ff4ce,20941,1,Gram,unresolved person or eponym; contextual source use not established
09_UPDATED_JOINT_NOTE.tex,c27f97a673b82798ada8432ce582cb34a45b1eeff53bbb8beac546e2270ff4ce,20943,10,Gram,unresolved person or eponym; contextual source use not established
09_UPDATED_JOINT_NOTE.tex,c27f97a673b82798ada8432ce582cb34a45b1eeff53bbb8beac546e2270ff4ce,20943,22,Schur,unresolved person or eponym; contextual source use not established
09_UPDATED_JOINT_NOTE.tex,c27f97a673b82798ada8432ce582cb34a45b1eeff53bbb8beac546e2270ff4ce,20944,13,Gram,unresolved person or eponym; contextual source use not established
09_UPDATED_JOINT_NOTE.tex,c27f97a673b82798ada8432ce582cb34a45b1eeff53bbb8beac546e2270ff4ce,21368,37,Euler,unresolved person or eponym; contextual source use not established
09_UPDATED_JOINT_NOTE.tex,c27f97a673b82798ada8432ce582cb34a45b1eeff53bbb8beac546e2270ff4ce,21460,26,Gram,unresolved person or eponym; contextual source use not established
09_UPDATED_JOINT_NOTE.tex,c27f97a673b82798ada8432ce582cb34a45b1eeff53bbb8beac546e2270ff4ce,21556,25,Gram,unresolved person or eponym; contextual source use not established
09_UPDATED_JOINT_NOTE.tex,c27f97a673b82798ada8432ce582cb34a45b1eeff53bbb8beac546e2270ff4ce,21557,52,Gram,unresolved person or eponym; contextual source use not established
09_UPDATED_JOINT_NOTE.tex,c27f97a673b82798ada8432ce582cb34a45b1eeff53bbb8beac546e2270ff4ce,21559,15,Gram,unresolved person or eponym; contextual source use not established
09_UPDATED_JOINT_NOTE.tex,c27f97a673b82798ada8432ce582cb34a45b1eeff53bbb8beac546e2270ff4ce,21560,5,Rodrigues,unresolved person or eponym; contextual source use not established
09_UPDATED_JOINT_NOTE.tex,c27f97a673b82798ada8432ce582cb34a45b1eeff53bbb8beac546e2270ff4ce,21574,22,Gram,unresolved person or eponym; contextual source use not established
09_UPDATED_JOINT_NOTE.tex,c27f97a673b82798ada8432ce582cb34a45b1eeff53bbb8beac546e2270ff4ce,21574,58,Gram,unresolved person or eponym; contextual source use not established
09_UPDATED_JOINT_NOTE.tex,c27f97a673b82798ada8432ce582cb34a45b1eeff53bbb8beac546e2270ff4ce,21622,42,Vandermonde,unresolved person or eponym; contextual source use not established
09_UPDATED_JOINT_NOTE.tex,c27f97a673b82798ada8432ce582cb34a45b1eeff53bbb8beac546e2270ff4ce,21624,1,Heine,unresolved person or eponym; contextual source use not established
09_UPDATED_JOINT_NOTE.tex,c27f97a673b82798ada8432ce582cb34a45b1eeff53bbb8beac546e2270ff4ce,21635,32,Vandermonde,unresolved person or eponym; contextual source use not established
09_UPDATED_JOINT_NOTE.tex,c27f97a673b82798ada8432ce582cb34a45b1eeff53bbb8beac546e2270ff4ce,21810,10,Gram,unresolved person or eponym; contextual source use not established
09_UPDATED_JOINT_NOTE.tex,c27f97a673b82798ada8432ce582cb34a45b1eeff53bbb8beac546e2270ff4ce,21811,1,Gram,unresolved person or eponym; contextual source use not established
09_UPDATED_JOINT_NOTE.tex,c27f97a673b82798ada8432ce582cb34a45b1eeff53bbb8beac546e2270ff4ce,22395,31,Gram,unresolved person or eponym; contextual source use not established
09_UPDATED_JOINT_NOTE.tex,c27f97a673b82798ada8432ce582cb34a45b1eeff53bbb8beac546e2270ff4ce,22412,43,Gram,unresolved person or eponym; contextual source use not established
09_UPDATED_JOINT_NOTE.tex,c27f97a673b82798ada8432ce582cb34a45b1eeff53bbb8beac546e2270ff4ce,22466,18,Gram,unresolved person or eponym; contextual source use not established
09_UPDATED_JOINT_NOTE.tex,c27f97a673b82798ada8432ce582cb34a45b1eeff53bbb8beac546e2270ff4ce,22485,52,Schur,unresolved person or eponym; contextual source use not established
09_UPDATED_JOINT_NOTE.tex,c27f97a673b82798ada8432ce582cb34a45b1eeff53bbb8beac546e2270ff4ce,22490,22,Gram,unresolved person or eponym; contextual source use not established
09_UPDATED_JOINT_NOTE.tex,c27f97a673b82798ada8432ce582cb34a45b1eeff53bbb8beac546e2270ff4ce,22527,1,Gram,unresolved person or eponym; contextual source use not established
09_UPDATED_JOINT_NOTE.tex,c27f97a673b82798ada8432ce582cb34a45b1eeff53bbb8beac546e2270ff4ce,22535,13,Gram,unresolved person or eponym; contextual source use not established
09_UPDATED_JOINT_NOTE.tex,c27f97a673b82798ada8432ce582cb34a45b1eeff53bbb8beac546e2270ff4ce,22557,50,Gram,unresolved person or eponym; contextual source use not established
09_UPDATED_JOINT_NOTE.tex,c27f97a673b82798ada8432ce582cb34a45b1eeff53bbb8beac546e2270ff4ce,22563,26,Vandermonde,unresolved person or eponym; contextual source use not established
09_UPDATED_JOINT_NOTE.tex,c27f97a673b82798ada8432ce582cb34a45b1eeff53bbb8beac546e2270ff4ce,22566,18,Gram,unresolved person or eponym; contextual source use not established
09_UPDATED_JOINT_NOTE.tex,c27f97a673b82798ada8432ce582cb34a45b1eeff53bbb8beac546e2270ff4ce,22580,32,Vandermonde,unresolved person or eponym; contextual source use not established
09_UPDATED_JOINT_NOTE.tex,c27f97a673b82798ada8432ce582cb34a45b1eeff53bbb8beac546e2270ff4ce,22580,44,Gram,unresolved person or eponym; contextual source use not established
09_UPDATED_JOINT_NOTE.tex,c27f97a673b82798ada8432ce582cb34a45b1eeff53bbb8beac546e2270ff4ce,22585,5,Schur,unresolved person or eponym; contextual source use not established
09_UPDATED_JOINT_NOTE.tex,c27f97a673b82798ada8432ce582cb34a45b1eeff53bbb8beac546e2270ff4ce,22601,1,Vandermonde,unresolved person or eponym; contextual source use not established
09_UPDATED_JOINT_NOTE.tex,c27f97a673b82798ada8432ce582cb34a45b1eeff53bbb8beac546e2270ff4ce,22803,19,Gram,unresolved person or eponym; contextual source use not established
09_UPDATED_JOINT_NOTE.tex,c27f97a673b82798ada8432ce582cb34a45b1eeff53bbb8beac546e2270ff4ce,22894,18,Gram,unresolved person or eponym; contextual source use not established
09_UPDATED_JOINT_NOTE.tex,c27f97a673b82798ada8432ce582cb34a45b1eeff53bbb8beac546e2270ff4ce,22944,51,Euler,unresolved person or eponym; contextual source use not established
09_UPDATED_JOINT_NOTE.tex,c27f97a673b82798ada8432ce582cb34a45b1eeff53bbb8beac546e2270ff4ce,23097,1,Cauchy,unresolved person or eponym; contextual source use not established
09_UPDATED_JOINT_NOTE.tex,c27f97a673b82798ada8432ce582cb34a45b1eeff53bbb8beac546e2270ff4ce,23130,45,Gram,unresolved person or eponym; contextual source use not established
09_UPDATED_JOINT_NOTE.tex,c27f97a673b82798ada8432ce582cb34a45b1eeff53bbb8beac546e2270ff4ce,23181,11,Cauchy,unresolved person or eponym; contextual source use not established
09_UPDATED_JOINT_NOTE.tex,c27f97a673b82798ada8432ce582cb34a45b1eeff53bbb8beac546e2270ff4ce,23181,19,Schwarz,unresolved person or eponym; contextual source use not established
09_UPDATED_JOINT_NOTE.tex,c27f97a673b82798ada8432ce582cb34a45b1eeff53bbb8beac546e2270ff4ce,23252,20,Gram,unresolved person or eponym; contextual source use not established
09_UPDATED_JOINT_NOTE.tex,c27f97a673b82798ada8432ce582cb34a45b1eeff53bbb8beac546e2270ff4ce,23270,8,Gram,unresolved person or eponym; contextual source use not established
09_UPDATED_JOINT_NOTE.tex,c27f97a673b82798ada8432ce582cb34a45b1eeff53bbb8beac546e2270ff4ce,23278,1,Legendre,unresolved person or eponym; contextual source use not established
09_UPDATED_JOINT_NOTE.tex,c27f97a673b82798ada8432ce582cb34a45b1eeff53bbb8beac546e2270ff4ce,23280,21,Rodrigues,unresolved person or eponym; contextual source use not established
09_UPDATED_JOINT_NOTE.tex,c27f97a673b82798ada8432ce582cb34a45b1eeff53bbb8beac546e2270ff4ce,23290,5,Legendre,unresolved person or eponym; contextual source use not established
09_UPDATED_JOINT_NOTE.tex,c27f97a673b82798ada8432ce582cb34a45b1eeff53bbb8beac546e2270ff4ce,23290,37,Rodrigues,unresolved person or eponym; contextual source use not established
09_UPDATED_JOINT_NOTE.tex,c27f97a673b82798ada8432ce582cb34a45b1eeff53bbb8beac546e2270ff4ce,23293,41,Gram,unresolved person or eponym; contextual source use not established
09_UPDATED_JOINT_NOTE.tex,c27f97a673b82798ada8432ce582cb34a45b1eeff53bbb8beac546e2270ff4ce,23645,31,Gram,unresolved person or eponym; contextual source use not established
09_UPDATED_JOINT_NOTE.tex,c27f97a673b82798ada8432ce582cb34a45b1eeff53bbb8beac546e2270ff4ce,23664,12,Vandermonde,unresolved person or eponym; contextual source use not established
09_UPDATED_JOINT_NOTE.tex,c27f97a673b82798ada8432ce582cb34a45b1eeff53bbb8beac546e2270ff4ce,23704,46,Vandermonde,unresolved person or eponym; contextual source use not established
09_UPDATED_JOINT_NOTE.tex,c27f97a673b82798ada8432ce582cb34a45b1eeff53bbb8beac546e2270ff4ce,23782,28,Hermite,unresolved person or eponym; contextual source use not established
09_UPDATED_JOINT_NOTE.tex,c27f97a673b82798ada8432ce582cb34a45b1eeff53bbb8beac546e2270ff4ce,23785,65,Gram,unresolved person or eponym; contextual source use not established
09_UPDATED_JOINT_NOTE.tex,c27f97a673b82798ada8432ce582cb34a45b1eeff53bbb8beac546e2270ff4ce,23810,31,Taylor,unresolved person or eponym; contextual source use not established
09_UPDATED_JOINT_NOTE.tex,c27f97a673b82798ada8432ce582cb34a45b1eeff53bbb8beac546e2270ff4ce,23864,5,Gram,unresolved person or eponym; contextual source use not established
09_UPDATED_JOINT_NOTE.tex,c27f97a673b82798ada8432ce582cb34a45b1eeff53bbb8beac546e2270ff4ce,23885,56,Gram,unresolved person or eponym; contextual source use not established
09_UPDATED_JOINT_NOTE.tex,c27f97a673b82798ada8432ce582cb34a45b1eeff53bbb8beac546e2270ff4ce,23901,5,Taylor,unresolved person or eponym; contextual source use not established
09_UPDATED_JOINT_NOTE.tex,c27f97a673b82798ada8432ce582cb34a45b1eeff53bbb8beac546e2270ff4ce,23963,45,Gram,unresolved person or eponym; contextual source use not established
09_UPDATED_JOINT_NOTE.tex,c27f97a673b82798ada8432ce582cb34a45b1eeff53bbb8beac546e2270ff4ce,23988,38,Gram,unresolved person or eponym; contextual source use not established
09_UPDATED_JOINT_NOTE.tex,c27f97a673b82798ada8432ce582cb34a45b1eeff53bbb8beac546e2270ff4ce,24031,37,Gram,unresolved person or eponym; contextual source use not established
09_UPDATED_JOINT_NOTE.tex,c27f97a673b82798ada8432ce582cb34a45b1eeff53bbb8beac546e2270ff4ce,24396,1,Gram,unresolved person or eponym; contextual source use not established
09_UPDATED_JOINT_NOTE.tex,c27f97a673b82798ada8432ce582cb34a45b1eeff53bbb8beac546e2270ff4ce,24481,42,Gram,unresolved person or eponym; contextual source use not established
09_UPDATED_JOINT_NOTE.tex,c27f97a673b82798ada8432ce582cb34a45b1eeff53bbb8beac546e2270ff4ce,24519,40,Taylor,unresolved person or eponym; contextual source use not established
09_UPDATED_JOINT_NOTE.tex,c27f97a673b82798ada8432ce582cb34a45b1eeff53bbb8beac546e2270ff4ce,24528,24,Tonelli,unresolved person or eponym; contextual source use not established
09_UPDATED_JOINT_NOTE.tex,c27f97a673b82798ada8432ce582cb34a45b1eeff53bbb8beac546e2270ff4ce,24589,10,Hermite,unresolved person or eponym; contextual source use not established
09_UPDATED_JOINT_NOTE.tex,c27f97a673b82798ada8432ce582cb34a45b1eeff53bbb8beac546e2270ff4ce,24593,62,Taylor,unresolved person or eponym; contextual source use not established
09_UPDATED_JOINT_NOTE.tex,c27f97a673b82798ada8432ce582cb34a45b1eeff53bbb8beac546e2270ff4ce,24629,16,Gram,unresolved person or eponym; contextual source use not established
09_UPDATED_JOINT_NOTE.tex,c27f97a673b82798ada8432ce582cb34a45b1eeff53bbb8beac546e2270ff4ce,24673,27,Gram,unresolved person or eponym; contextual source use not established
09_UPDATED_JOINT_NOTE.tex,c27f97a673b82798ada8432ce582cb34a45b1eeff53bbb8beac546e2270ff4ce,24993,49,Schur,unresolved person or eponym; contextual source use not established
09_UPDATED_JOINT_NOTE.tex,c27f97a673b82798ada8432ce582cb34a45b1eeff53bbb8beac546e2270ff4ce,25003,23,Vandermonde,unresolved person or eponym; contextual source use not established
09_UPDATED_JOINT_NOTE.tex,c27f97a673b82798ada8432ce582cb34a45b1eeff53bbb8beac546e2270ff4ce,25177,25,Gram,unresolved person or eponym; contextual source use not established
09_UPDATED_JOINT_NOTE.tex,c27f97a673b82798ada8432ce582cb34a45b1eeff53bbb8beac546e2270ff4ce,25203,54,Gram,unresolved person or eponym; contextual source use not established
09_UPDATED_JOINT_NOTE.tex,c27f97a673b82798ada8432ce582cb34a45b1eeff53bbb8beac546e2270ff4ce,25334,47,Gram,unresolved person or eponym; contextual source use not established
09_UPDATED_JOINT_NOTE.tex,c27f97a673b82798ada8432ce582cb34a45b1eeff53bbb8beac546e2270ff4ce,25339,13,Gram,unresolved person or eponym; contextual source use not established
09_UPDATED_JOINT_NOTE.tex,c27f97a673b82798ada8432ce582cb34a45b1eeff53bbb8beac546e2270ff4ce,25376,22,Taylor,unresolved person or eponym; contextual source use not established
09_UPDATED_JOINT_NOTE.tex,c27f97a673b82798ada8432ce582cb34a45b1eeff53bbb8beac546e2270ff4ce,25397,27,Taylor,unresolved person or eponym; contextual source use not established
09_UPDATED_JOINT_NOTE.tex,c27f97a673b82798ada8432ce582cb34a45b1eeff53bbb8beac546e2270ff4ce,25626,30,Fourier,unresolved person or eponym; contextual source use not established
09_UPDATED_JOINT_NOTE.tex,c27f97a673b82798ada8432ce582cb34a45b1eeff53bbb8beac546e2270ff4ce,25722,45,Vandermonde,unresolved person or eponym; contextual source use not established
09_UPDATED_JOINT_NOTE.tex,c27f97a673b82798ada8432ce582cb34a45b1eeff53bbb8beac546e2270ff4ce,25725,44,Fourier,unresolved person or eponym; contextual source use not established
09_UPDATED_JOINT_NOTE.tex,c27f97a673b82798ada8432ce582cb34a45b1eeff53bbb8beac546e2270ff4ce,25845,54,Laurent,unresolved person or eponym; contextual source use not established
09_UPDATED_JOINT_NOTE.tex,c27f97a673b82798ada8432ce582cb34a45b1eeff53bbb8beac546e2270ff4ce,26059,21,Taylor,unresolved person or eponym; contextual source use not established
09_UPDATED_JOINT_NOTE.tex,c27f97a673b82798ada8432ce582cb34a45b1eeff53bbb8beac546e2270ff4ce,26171,27,Cauchy,unresolved person or eponym; contextual source use not established
09_UPDATED_JOINT_NOTE.tex,c27f97a673b82798ada8432ce582cb34a45b1eeff53bbb8beac546e2270ff4ce,26177,1,Cauchy,unresolved person or eponym; contextual source use not established
09_UPDATED_JOINT_NOTE.tex,c27f97a673b82798ada8432ce582cb34a45b1eeff53bbb8beac546e2270ff4ce,26177,9,Schwarz,unresolved person or eponym; contextual source use not established
09_UPDATED_JOINT_NOTE.tex,c27f97a673b82798ada8432ce582cb34a45b1eeff53bbb8beac546e2270ff4ce,26231,15,Cauchy,unresolved person or eponym; contextual source use not established
09_UPDATED_JOINT_NOTE.tex,c27f97a673b82798ada8432ce582cb34a45b1eeff53bbb8beac546e2270ff4ce,26231,23,Schwarz,unresolved person or eponym; contextual source use not established
09_UPDATED_JOINT_NOTE.tex,c27f97a673b82798ada8432ce582cb34a45b1eeff53bbb8beac546e2270ff4ce,26246,20,Cauchy,unresolved person or eponym; contextual source use not established
09_UPDATED_JOINT_NOTE.tex,c27f97a673b82798ada8432ce582cb34a45b1eeff53bbb8beac546e2270ff4ce,26246,28,Schwarz,unresolved person or eponym; contextual source use not established
09_UPDATED_JOINT_NOTE.tex,c27f97a673b82798ada8432ce582cb34a45b1eeff53bbb8beac546e2270ff4ce,26272,5,Gram,unresolved person or eponym; contextual source use not established
09_UPDATED_JOINT_NOTE.tex,c27f97a673b82798ada8432ce582cb34a45b1eeff53bbb8beac546e2270ff4ce,26281,5,Gram,unresolved person or eponym; contextual source use not established
09_UPDATED_JOINT_NOTE.tex,c27f97a673b82798ada8432ce582cb34a45b1eeff53bbb8beac546e2270ff4ce,26367,21,Gram,unresolved person or eponym; contextual source use not established
09_UPDATED_JOINT_NOTE.tex,c27f97a673b82798ada8432ce582cb34a45b1eeff53bbb8beac546e2270ff4ce,26400,13,Gram,unresolved person or eponym; contextual source use not established
09_UPDATED_JOINT_NOTE.tex,c27f97a673b82798ada8432ce582cb34a45b1eeff53bbb8beac546e2270ff4ce,26412,33,Gram,unresolved person or eponym; contextual source use not established
09_UPDATED_JOINT_NOTE.tex,c27f97a673b82798ada8432ce582cb34a45b1eeff53bbb8beac546e2270ff4ce,26491,5,Taylor,unresolved person or eponym; contextual source use not established
09_UPDATED_JOINT_NOTE.tex,c27f97a673b82798ada8432ce582cb34a45b1eeff53bbb8beac546e2270ff4ce,26543,37,Leibniz,unresolved person or eponym; contextual source use not established
09_UPDATED_JOINT_NOTE.tex,c27f97a673b82798ada8432ce582cb34a45b1eeff53bbb8beac546e2270ff4ce,26558,1,Vandermonde,unresolved person or eponym; contextual source use not established
09_UPDATED_JOINT_NOTE.tex,c27f97a673b82798ada8432ce582cb34a45b1eeff53bbb8beac546e2270ff4ce,26561,16,Vandermonde,unresolved person or eponym; contextual source use not established
09_UPDATED_JOINT_NOTE.tex,c27f97a673b82798ada8432ce582cb34a45b1eeff53bbb8beac546e2270ff4ce,26593,32,Taylor,unresolved person or eponym; contextual source use not established
09_UPDATED_JOINT_NOTE.tex,c27f97a673b82798ada8432ce582cb34a45b1eeff53bbb8beac546e2270ff4ce,26601,34,Vandermonde,unresolved person or eponym; contextual source use not established
09_UPDATED_JOINT_NOTE.tex,c27f97a673b82798ada8432ce582cb34a45b1eeff53bbb8beac546e2270ff4ce,26630,23,Taylor,unresolved person or eponym; contextual source use not established
09_UPDATED_JOINT_NOTE.tex,c27f97a673b82798ada8432ce582cb34a45b1eeff53bbb8beac546e2270ff4ce,26640,1,Laurent,unresolved person or eponym; contextual source use not established
09_UPDATED_JOINT_NOTE.tex,c27f97a673b82798ada8432ce582cb34a45b1eeff53bbb8beac546e2270ff4ce,26649,1,Laurent,unresolved person or eponym; contextual source use not established
09_UPDATED_JOINT_NOTE.tex,c27f97a673b82798ada8432ce582cb34a45b1eeff53bbb8beac546e2270ff4ce,26654,18,Laurent,unresolved person or eponym; contextual source use not established
09_UPDATED_JOINT_NOTE.tex,c27f97a673b82798ada8432ce582cb34a45b1eeff53bbb8beac546e2270ff4ce,26677,11,Taylor,unresolved person or eponym; contextual source use not established
09_UPDATED_JOINT_NOTE.tex,c27f97a673b82798ada8432ce582cb34a45b1eeff53bbb8beac546e2270ff4ce,26687,52,Cauchy,unresolved person or eponym; contextual source use not established
09_UPDATED_JOINT_NOTE.tex,c27f97a673b82798ada8432ce582cb34a45b1eeff53bbb8beac546e2270ff4ce,26723,14,Cauchy,unresolved person or eponym; contextual source use not established
09_UPDATED_JOINT_NOTE.tex,c27f97a673b82798ada8432ce582cb34a45b1eeff53bbb8beac546e2270ff4ce,26806,1,Vandermonde,unresolved person or eponym; contextual source use not established
09_UPDATED_JOINT_NOTE.tex,c27f97a673b82798ada8432ce582cb34a45b1eeff53bbb8beac546e2270ff4ce,26838,1,Hilbert,unresolved person or eponym; contextual source use not established
09_UPDATED_JOINT_NOTE.tex,c27f97a673b82798ada8432ce582cb34a45b1eeff53bbb8beac546e2270ff4ce,26840,26,Hilbert,unresolved person or eponym; contextual source use not established
09_UPDATED_JOINT_NOTE.tex,c27f97a673b82798ada8432ce582cb34a45b1eeff53bbb8beac546e2270ff4ce,26841,65,Gram,unresolved person or eponym; contextual source use not established
09_UPDATED_JOINT_NOTE.tex,c27f97a673b82798ada8432ce582cb34a45b1eeff53bbb8beac546e2270ff4ce,26851,62,Gram,unresolved person or eponym; contextual source use not established
09_UPDATED_JOINT_NOTE.tex,c27f97a673b82798ada8432ce582cb34a45b1eeff53bbb8beac546e2270ff4ce,26856,38,Schur,unresolved person or eponym; contextual source use not established
09_UPDATED_JOINT_NOTE.tex,c27f97a673b82798ada8432ce582cb34a45b1eeff53bbb8beac546e2270ff4ce,26863,8,Hilbert,unresolved person or eponym; contextual source use not established
09_UPDATED_JOINT_NOTE.tex,c27f97a673b82798ada8432ce582cb34a45b1eeff53bbb8beac546e2270ff4ce,26876,34,Gram,unresolved person or eponym; contextual source use not established
09_UPDATED_JOINT_NOTE.tex,c27f97a673b82798ada8432ce582cb34a45b1eeff53bbb8beac546e2270ff4ce,26905,20,Schur,unresolved person or eponym; contextual source use not established
09_UPDATED_JOINT_NOTE.tex,c27f97a673b82798ada8432ce582cb34a45b1eeff53bbb8beac546e2270ff4ce,26914,14,Cauchy,unresolved person or eponym; contextual source use not established
09_UPDATED_JOINT_NOTE.tex,c27f97a673b82798ada8432ce582cb34a45b1eeff53bbb8beac546e2270ff4ce,26914,22,Schwarz,unresolved person or eponym; contextual source use not established
09_UPDATED_JOINT_NOTE.tex,c27f97a673b82798ada8432ce582cb34a45b1eeff53bbb8beac546e2270ff4ce,26921,66,Taylor,unresolved person or eponym; contextual source use not established
09_UPDATED_JOINT_NOTE.tex,c27f97a673b82798ada8432ce582cb34a45b1eeff53bbb8beac546e2270ff4ce,26979,40,Gram,unresolved person or eponym; contextual source use not established
09_UPDATED_JOINT_NOTE.tex,c27f97a673b82798ada8432ce582cb34a45b1eeff53bbb8beac546e2270ff4ce,26988,11,Taylor,unresolved person or eponym; contextual source use not established
09_UPDATED_JOINT_NOTE.tex,c27f97a673b82798ada8432ce582cb34a45b1eeff53bbb8beac546e2270ff4ce,27065,1,Gram,unresolved person or eponym; contextual source use not established
09_UPDATED_JOINT_NOTE.tex,c27f97a673b82798ada8432ce582cb34a45b1eeff53bbb8beac546e2270ff4ce,27068,58,Gram,unresolved person or eponym; contextual source use not established
09_UPDATED_JOINT_NOTE.tex,c27f97a673b82798ada8432ce582cb34a45b1eeff53bbb8beac546e2270ff4ce,27151,30,Gram,unresolved person or eponym; contextual source use not established
09_UPDATED_JOINT_NOTE.tex,c27f97a673b82798ada8432ce582cb34a45b1eeff53bbb8beac546e2270ff4ce,27172,68,Gram,unresolved person or eponym; contextual source use not established
09_UPDATED_JOINT_NOTE.tex,c27f97a673b82798ada8432ce582cb34a45b1eeff53bbb8beac546e2270ff4ce,27181,20,Gram,unresolved person or eponym; contextual source use not established
09_UPDATED_JOINT_NOTE.tex,c27f97a673b82798ada8432ce582cb34a45b1eeff53bbb8beac546e2270ff4ce,27190,15,Gram,unresolved person or eponym; contextual source use not established
09_UPDATED_JOINT_NOTE.tex,c27f97a673b82798ada8432ce582cb34a45b1eeff53bbb8beac546e2270ff4ce,27196,52,Schur,unresolved person or eponym; contextual source use not established
09_UPDATED_JOINT_NOTE.tex,c27f97a673b82798ada8432ce582cb34a45b1eeff53bbb8beac546e2270ff4ce,27208,61,Newton,unresolved person or eponym; contextual source use not established
09_UPDATED_JOINT_NOTE.tex,c27f97a673b82798ada8432ce582cb34a45b1eeff53bbb8beac546e2270ff4ce,27445,1,Euler,unresolved person or eponym; contextual source use not established
09_UPDATED_JOINT_NOTE.tex,c27f97a673b82798ada8432ce582cb34a45b1eeff53bbb8beac546e2270ff4ce,27477,37,Fourier,unresolved person or eponym; contextual source use not established
09_UPDATED_JOINT_NOTE.tex,c27f97a673b82798ada8432ce582cb34a45b1eeff53bbb8beac546e2270ff4ce,27483,38,Taylor,unresolved person or eponym; contextual source use not established
09_UPDATED_JOINT_NOTE.tex,c27f97a673b82798ada8432ce582cb34a45b1eeff53bbb8beac546e2270ff4ce,27492,34,Frobenius,unresolved person or eponym; contextual source use not established
09_UPDATED_JOINT_NOTE.tex,c27f97a673b82798ada8432ce582cb34a45b1eeff53bbb8beac546e2270ff4ce,27506,61,Gram,unresolved person or eponym; contextual source use not established
09_UPDATED_JOINT_NOTE.tex,c27f97a673b82798ada8432ce582cb34a45b1eeff53bbb8beac546e2270ff4ce,27511,43,Gram,unresolved person or eponym; contextual source use not established
09_UPDATED_JOINT_NOTE.tex,c27f97a673b82798ada8432ce582cb34a45b1eeff53bbb8beac546e2270ff4ce,27645,35,Euler,unresolved person or eponym; contextual source use not established
09_UPDATED_JOINT_NOTE.tex,c27f97a673b82798ada8432ce582cb34a45b1eeff53bbb8beac546e2270ff4ce,27648,46,Schur,unresolved person or eponym; contextual source use not established
09_UPDATED_JOINT_NOTE.tex,c27f97a673b82798ada8432ce582cb34a45b1eeff53bbb8beac546e2270ff4ce,27681,58,Gram,unresolved person or eponym; contextual source use not established
09_UPDATED_JOINT_NOTE.tex,c27f97a673b82798ada8432ce582cb34a45b1eeff53bbb8beac546e2270ff4ce,27697,14,Gram,unresolved person or eponym; contextual source use not established
09_UPDATED_JOINT_NOTE.tex,c27f97a673b82798ada8432ce582cb34a45b1eeff53bbb8beac546e2270ff4ce,27713,59,Schur,unresolved person or eponym; contextual source use not established
09_UPDATED_JOINT_NOTE.tex,c27f97a673b82798ada8432ce582cb34a45b1eeff53bbb8beac546e2270ff4ce,27722,1,Schur,unresolved person or eponym; contextual source use not established
09_UPDATED_JOINT_NOTE.tex,c27f97a673b82798ada8432ce582cb34a45b1eeff53bbb8beac546e2270ff4ce,27733,32,Gram,unresolved person or eponym; contextual source use not established
09_UPDATED_JOINT_NOTE.tex,c27f97a673b82798ada8432ce582cb34a45b1eeff53bbb8beac546e2270ff4ce,27735,13,Gram,unresolved person or eponym; contextual source use not established
09_UPDATED_JOINT_NOTE.tex,c27f97a673b82798ada8432ce582cb34a45b1eeff53bbb8beac546e2270ff4ce,27786,28,Euler,unresolved person or eponym; contextual source use not established
09_UPDATED_JOINT_NOTE.tex,c27f97a673b82798ada8432ce582cb34a45b1eeff53bbb8beac546e2270ff4ce,27801,48,Cauchy,unresolved person or eponym; contextual source use not established
09_UPDATED_JOINT_NOTE.tex,c27f97a673b82798ada8432ce582cb34a45b1eeff53bbb8beac546e2270ff4ce,27834,27,Fourier,unresolved person or eponym; contextual source use not established
09_UPDATED_JOINT_NOTE.tex,c27f97a673b82798ada8432ce582cb34a45b1eeff53bbb8beac546e2270ff4ce,27891,35,Fubini,unresolved person or eponym; contextual source use not established
09_UPDATED_JOINT_NOTE.tex,c27f97a673b82798ada8432ce582cb34a45b1eeff53bbb8beac546e2270ff4ce,27956,44,Euler,unresolved person or eponym; contextual source use not established
09_UPDATED_JOINT_NOTE.tex,c27f97a673b82798ada8432ce582cb34a45b1eeff53bbb8beac546e2270ff4ce,28002,45,Cauchy,unresolved person or eponym; contextual source use not established
09_UPDATED_JOINT_NOTE.tex,c27f97a673b82798ada8432ce582cb34a45b1eeff53bbb8beac546e2270ff4ce,28021,1,Fourier,unresolved person or eponym; contextual source use not established
09_UPDATED_JOINT_NOTE.tex,c27f97a673b82798ada8432ce582cb34a45b1eeff53bbb8beac546e2270ff4ce,28045,20,Euler,unresolved person or eponym; contextual source use not established
09_UPDATED_JOINT_NOTE.tex,c27f97a673b82798ada8432ce582cb34a45b1eeff53bbb8beac546e2270ff4ce,28525,26,Hilbert,unresolved person or eponym; contextual source use not established
09_UPDATED_JOINT_NOTE.tex,c27f97a673b82798ada8432ce582cb34a45b1eeff53bbb8beac546e2270ff4ce,28531,14,Cauchy,unresolved person or eponym; contextual source use not established
09_UPDATED_JOINT_NOTE.tex,c27f97a673b82798ada8432ce582cb34a45b1eeff53bbb8beac546e2270ff4ce,28531,22,Binet,unresolved person or eponym; contextual source use not established
09_UPDATED_JOINT_NOTE.tex,c27f97a673b82798ada8432ce582cb34a45b1eeff53bbb8beac546e2270ff4ce,28572,1,Gram,unresolved person or eponym; contextual source use not established
09_UPDATED_JOINT_NOTE.tex,c27f97a673b82798ada8432ce582cb34a45b1eeff53bbb8beac546e2270ff4ce,28761,36,Vandermonde,unresolved person or eponym; contextual source use not established
09_UPDATED_JOINT_NOTE.tex,c27f97a673b82798ada8432ce582cb34a45b1eeff53bbb8beac546e2270ff4ce,28800,30,Gram,unresolved person or eponym; contextual source use not established
09_UPDATED_JOINT_NOTE.tex,c27f97a673b82798ada8432ce582cb34a45b1eeff53bbb8beac546e2270ff4ce,28875,43,Gram,unresolved person or eponym; contextual source use not established
09_UPDATED_JOINT_NOTE.tex,c27f97a673b82798ada8432ce582cb34a45b1eeff53bbb8beac546e2270ff4ce,28893,1,Schur,unresolved person or eponym; contextual source use not established
09_UPDATED_JOINT_NOTE.tex,c27f97a673b82798ada8432ce582cb34a45b1eeff53bbb8beac546e2270ff4ce,28921,17,Gram,unresolved person or eponym; contextual source use not established
09_UPDATED_JOINT_NOTE.tex,c27f97a673b82798ada8432ce582cb34a45b1eeff53bbb8beac546e2270ff4ce,28928,14,Schur,unresolved person or eponym; contextual source use not established
09_UPDATED_JOINT_NOTE.tex,c27f97a673b82798ada8432ce582cb34a45b1eeff53bbb8beac546e2270ff4ce,29028,11,Taylor,unresolved person or eponym; contextual source use not established
09_UPDATED_JOINT_NOTE.tex,c27f97a673b82798ada8432ce582cb34a45b1eeff53bbb8beac546e2270ff4ce,29030,21,Leibniz,unresolved person or eponym; contextual source use not established
09_UPDATED_JOINT_NOTE.tex,c27f97a673b82798ada8432ce582cb34a45b1eeff53bbb8beac546e2270ff4ce,29033,26,Vandermonde,unresolved person or eponym; contextual source use not established
09_UPDATED_JOINT_NOTE.tex,c27f97a673b82798ada8432ce582cb34a45b1eeff53bbb8beac546e2270ff4ce,29040,22,Schur,unresolved person or eponym; contextual source use not established
09_UPDATED_JOINT_NOTE.tex,c27f97a673b82798ada8432ce582cb34a45b1eeff53bbb8beac546e2270ff4ce,29569,15,Hilbert,unresolved person or eponym; contextual source use not established
09_UPDATED_JOINT_NOTE.tex,c27f97a673b82798ada8432ce582cb34a45b1eeff53bbb8beac546e2270ff4ce,29593,53,Gram,unresolved person or eponym; contextual source use not established
09_UPDATED_JOINT_NOTE.tex,c27f97a673b82798ada8432ce582cb34a45b1eeff53bbb8beac546e2270ff4ce,29594,31,Schur,unresolved person or eponym; contextual source use not established
09_UPDATED_JOINT_NOTE.tex,c27f97a673b82798ada8432ce582cb34a45b1eeff53bbb8beac546e2270ff4ce,29595,19,Gram,unresolved person or eponym; contextual source use not established
09_UPDATED_JOINT_NOTE.tex,c27f97a673b82798ada8432ce582cb34a45b1eeff53bbb8beac546e2270ff4ce,29596,20,Gaussian,unresolved person or eponym; contextual source use not established
09_UPDATED_JOINT_NOTE.tex,c27f97a673b82798ada8432ce582cb34a45b1eeff53bbb8beac546e2270ff4ce,29675,1,Gram,unresolved person or eponym; contextual source use not established
09_UPDATED_JOINT_NOTE.tex,c27f97a673b82798ada8432ce582cb34a45b1eeff53bbb8beac546e2270ff4ce,29681,55,Gram,unresolved person or eponym; contextual source use not established
09_UPDATED_JOINT_NOTE.tex,c27f97a673b82798ada8432ce582cb34a45b1eeff53bbb8beac546e2270ff4ce,29746,24,Gram,unresolved person or eponym; contextual source use not established
09_UPDATED_JOINT_NOTE.tex,c27f97a673b82798ada8432ce582cb34a45b1eeff53bbb8beac546e2270ff4ce,29778,17,Cauchy,unresolved person or eponym; contextual source use not established
09_UPDATED_JOINT_NOTE.tex,c27f97a673b82798ada8432ce582cb34a45b1eeff53bbb8beac546e2270ff4ce,29782,46,Cauchy,unresolved person or eponym; contextual source use not established
09_UPDATED_JOINT_NOTE.tex,c27f97a673b82798ada8432ce582cb34a45b1eeff53bbb8beac546e2270ff4ce,29958,10,Gram,unresolved person or eponym; contextual source use not established
09_UPDATED_JOINT_NOTE.tex,c27f97a673b82798ada8432ce582cb34a45b1eeff53bbb8beac546e2270ff4ce,30060,35,Vandermonde,unresolved person or eponym; contextual source use not established
09_UPDATED_JOINT_NOTE.tex,c27f97a673b82798ada8432ce582cb34a45b1eeff53bbb8beac546e2270ff4ce,30072,5,Vandermonde,unresolved person or eponym; contextual source use not established
09_UPDATED_JOINT_NOTE.tex,c27f97a673b82798ada8432ce582cb34a45b1eeff53bbb8beac546e2270ff4ce,30123,10,Gram,unresolved person or eponym; contextual source use not established
09_UPDATED_JOINT_NOTE.tex,c27f97a673b82798ada8432ce582cb34a45b1eeff53bbb8beac546e2270ff4ce,30129,5,Gram,unresolved person or eponym; contextual source use not established
09_UPDATED_JOINT_NOTE.tex,c27f97a673b82798ada8432ce582cb34a45b1eeff53bbb8beac546e2270ff4ce,30165,5,Hilbert,unresolved person or eponym; contextual source use not established
09_UPDATED_JOINT_NOTE.tex,c27f97a673b82798ada8432ce582cb34a45b1eeff53bbb8beac546e2270ff4ce,30167,36,Hilbert,unresolved person or eponym; contextual source use not established
09_UPDATED_JOINT_NOTE.tex,c27f97a673b82798ada8432ce582cb34a45b1eeff53bbb8beac546e2270ff4ce,30180,33,Vandermonde,unresolved person or eponym; contextual source use not established
09_UPDATED_JOINT_NOTE.tex,c27f97a673b82798ada8432ce582cb34a45b1eeff53bbb8beac546e2270ff4ce,30202,48,Vandermonde,unresolved person or eponym; contextual source use not established
09_UPDATED_JOINT_NOTE.tex,c27f97a673b82798ada8432ce582cb34a45b1eeff53bbb8beac546e2270ff4ce,30217,16,Gram,unresolved person or eponym; contextual source use not established
09_UPDATED_JOINT_NOTE.tex,c27f97a673b82798ada8432ce582cb34a45b1eeff53bbb8beac546e2270ff4ce,30221,12,Riesz,unresolved person or eponym; contextual source use not established
09_UPDATED_JOINT_NOTE.tex,c27f97a673b82798ada8432ce582cb34a45b1eeff53bbb8beac546e2270ff4ce,30242,1,Schur,unresolved person or eponym; contextual source use not established
09_UPDATED_JOINT_NOTE.tex,c27f97a673b82798ada8432ce582cb34a45b1eeff53bbb8beac546e2270ff4ce,30254,57,Gram,unresolved person or eponym; contextual source use not established
09_UPDATED_JOINT_NOTE.tex,c27f97a673b82798ada8432ce582cb34a45b1eeff53bbb8beac546e2270ff4ce,30299,1,Cauchy,unresolved person or eponym; contextual source use not established
09_UPDATED_JOINT_NOTE.tex,c27f97a673b82798ada8432ce582cb34a45b1eeff53bbb8beac546e2270ff4ce,30321,48,Gram,unresolved person or eponym; contextual source use not established
09_UPDATED_JOINT_NOTE.tex,c27f97a673b82798ada8432ce582cb34a45b1eeff53bbb8beac546e2270ff4ce,30376,28,Vandermonde,unresolved person or eponym; contextual source use not established
09_UPDATED_JOINT_NOTE.tex,c27f97a673b82798ada8432ce582cb34a45b1eeff53bbb8beac546e2270ff4ce,30442,1,Taylor,unresolved person or eponym; contextual source use not established
09_UPDATED_JOINT_NOTE.tex,c27f97a673b82798ada8432ce582cb34a45b1eeff53bbb8beac546e2270ff4ce,30518,1,Cauchy,unresolved person or eponym; contextual source use not established
09_UPDATED_JOINT_NOTE.tex,c27f97a673b82798ada8432ce582cb34a45b1eeff53bbb8beac546e2270ff4ce,30816,61,Gram,unresolved person or eponym; contextual source use not established
09_UPDATED_JOINT_NOTE.tex,c27f97a673b82798ada8432ce582cb34a45b1eeff53bbb8beac546e2270ff4ce,30817,1,Schur,unresolved person or eponym; contextual source use not established
09_UPDATED_JOINT_NOTE.tex,c27f97a673b82798ada8432ce582cb34a45b1eeff53bbb8beac546e2270ff4ce,30931,37,Gram,unresolved person or eponym; contextual source use not established
09_UPDATED_JOINT_NOTE.tex,c27f97a673b82798ada8432ce582cb34a45b1eeff53bbb8beac546e2270ff4ce,31082,25,Vandermonde,unresolved person or eponym; contextual source use not established
09_UPDATED_JOINT_NOTE.tex,c27f97a673b82798ada8432ce582cb34a45b1eeff53bbb8beac546e2270ff4ce,31124,12,Gaussian,unresolved person or eponym; contextual source use not established
09_UPDATED_JOINT_NOTE.tex,c27f97a673b82798ada8432ce582cb34a45b1eeff53bbb8beac546e2270ff4ce,31787,49,Taylor,unresolved person or eponym; contextual source use not established
09_UPDATED_JOINT_NOTE.tex,c27f97a673b82798ada8432ce582cb34a45b1eeff53bbb8beac546e2270ff4ce,31827,1,Taylor,unresolved person or eponym; contextual source use not established
09_UPDATED_JOINT_NOTE.tex,c27f97a673b82798ada8432ce582cb34a45b1eeff53bbb8beac546e2270ff4ce,31901,11,Taylor,unresolved person or eponym; contextual source use not established
09_UPDATED_JOINT_NOTE.tex,c27f97a673b82798ada8432ce582cb34a45b1eeff53bbb8beac546e2270ff4ce,31981,36,Gram,unresolved person or eponym; contextual source use not established
09_UPDATED_JOINT_NOTE.tex,c27f97a673b82798ada8432ce582cb34a45b1eeff53bbb8beac546e2270ff4ce,32075,40,Taylor,unresolved person or eponym; contextual source use not established
09_UPDATED_JOINT_NOTE.tex,c27f97a673b82798ada8432ce582cb34a45b1eeff53bbb8beac546e2270ff4ce,32077,44,Cauchy,unresolved person or eponym; contextual source use not established
09_UPDATED_JOINT_NOTE.tex,c27f97a673b82798ada8432ce582cb34a45b1eeff53bbb8beac546e2270ff4ce,32193,45,Gram,unresolved person or eponym; contextual source use not established
09_UPDATED_JOINT_NOTE.tex,c27f97a673b82798ada8432ce582cb34a45b1eeff53bbb8beac546e2270ff4ce,32194,39,Schur,unresolved person or eponym; contextual source use not established
09_UPDATED_JOINT_NOTE.tex,c27f97a673b82798ada8432ce582cb34a45b1eeff53bbb8beac546e2270ff4ce,32253,1,Schur,unresolved person or eponym; contextual source use not established
09_UPDATED_JOINT_NOTE.tex,c27f97a673b82798ada8432ce582cb34a45b1eeff53bbb8beac546e2270ff4ce,32309,13,Schur,unresolved person or eponym; contextual source use not established
09_UPDATED_JOINT_NOTE.tex,c27f97a673b82798ada8432ce582cb34a45b1eeff53bbb8beac546e2270ff4ce,32447,10,Vandermonde,unresolved person or eponym; contextual source use not established
09_UPDATED_JOINT_NOTE.tex,c27f97a673b82798ada8432ce582cb34a45b1eeff53bbb8beac546e2270ff4ce,32556,30,Vandermonde,unresolved person or eponym; contextual source use not established
09_UPDATED_JOINT_NOTE.tex,c27f97a673b82798ada8432ce582cb34a45b1eeff53bbb8beac546e2270ff4ce,32569,20,Jacobi,unresolved person or eponym; contextual source use not established
09_UPDATED_JOINT_NOTE.tex,c27f97a673b82798ada8432ce582cb34a45b1eeff53bbb8beac546e2270ff4ce,32579,8,Jacobi,unresolved person or eponym; contextual source use not established
09_UPDATED_JOINT_NOTE.tex,c27f97a673b82798ada8432ce582cb34a45b1eeff53bbb8beac546e2270ff4ce,32599,1,Leibniz,unresolved person or eponym; contextual source use not established
09_UPDATED_JOINT_NOTE.tex,c27f97a673b82798ada8432ce582cb34a45b1eeff53bbb8beac546e2270ff4ce,32607,25,Vandermonde,unresolved person or eponym; contextual source use not established
09_UPDATED_JOINT_NOTE.tex,c27f97a673b82798ada8432ce582cb34a45b1eeff53bbb8beac546e2270ff4ce,32625,38,Taylor,unresolved person or eponym; contextual source use not established
09_UPDATED_JOINT_NOTE.tex,c27f97a673b82798ada8432ce582cb34a45b1eeff53bbb8beac546e2270ff4ce,32648,44,Vandermonde,unresolved person or eponym; contextual source use not established
09_UPDATED_JOINT_NOTE.tex,c27f97a673b82798ada8432ce582cb34a45b1eeff53bbb8beac546e2270ff4ce,32737,49,Gaussian,unresolved person or eponym; contextual source use not established
09_UPDATED_JOINT_NOTE.tex,c27f97a673b82798ada8432ce582cb34a45b1eeff53bbb8beac546e2270ff4ce,32740,8,Schur,unresolved person or eponym; contextual source use not established
09_UPDATED_JOINT_NOTE.tex,c27f97a673b82798ada8432ce582cb34a45b1eeff53bbb8beac546e2270ff4ce,32741,16,Schur,unresolved person or eponym; contextual source use not established
09_UPDATED_JOINT_NOTE.tex,c27f97a673b82798ada8432ce582cb34a45b1eeff53bbb8beac546e2270ff4ce,32749,51,Gram,unresolved person or eponym; contextual source use not established
09_UPDATED_JOINT_NOTE.tex,c27f97a673b82798ada8432ce582cb34a45b1eeff53bbb8beac546e2270ff4ce,32750,26,Schur,unresolved person or eponym; contextual source use not established
09_UPDATED_JOINT_NOTE.tex,c27f97a673b82798ada8432ce582cb34a45b1eeff53bbb8beac546e2270ff4ce,32761,47,Vandermonde,unresolved person or eponym; contextual source use not established
09_UPDATED_JOINT_NOTE.tex,c27f97a673b82798ada8432ce582cb34a45b1eeff53bbb8beac546e2270ff4ce,32763,41,Gram,unresolved person or eponym; contextual source use not established
09_UPDATED_JOINT_NOTE.tex,c27f97a673b82798ada8432ce582cb34a45b1eeff53bbb8beac546e2270ff4ce,32786,1,Gram,unresolved person or eponym; contextual source use not established
09_UPDATED_JOINT_NOTE.tex,c27f97a673b82798ada8432ce582cb34a45b1eeff53bbb8beac546e2270ff4ce,32788,19,Schur,unresolved person or eponym; contextual source use not established
09_UPDATED_JOINT_NOTE.tex,c27f97a673b82798ada8432ce582cb34a45b1eeff53bbb8beac546e2270ff4ce,32793,57,Gram,unresolved person or eponym; contextual source use not established
09_UPDATED_JOINT_NOTE.tex,c27f97a673b82798ada8432ce582cb34a45b1eeff53bbb8beac546e2270ff4ce,32834,37,Taylor,unresolved person or eponym; contextual source use not established
09_UPDATED_JOINT_NOTE.tex,c27f97a673b82798ada8432ce582cb34a45b1eeff53bbb8beac546e2270ff4ce,32839,24,Taylor,unresolved person or eponym; contextual source use not established
09_UPDATED_JOINT_NOTE.tex,c27f97a673b82798ada8432ce582cb34a45b1eeff53bbb8beac546e2270ff4ce,32842,41,Jacobi,unresolved person or eponym; contextual source use not established
09_UPDATED_JOINT_NOTE.tex,c27f97a673b82798ada8432ce582cb34a45b1eeff53bbb8beac546e2270ff4ce,32848,41,Hilbert,unresolved person or eponym; contextual source use not established
09_UPDATED_JOINT_NOTE.tex,c27f97a673b82798ada8432ce582cb34a45b1eeff53bbb8beac546e2270ff4ce,32911,50,Vandermonde,unresolved person or eponym; contextual source use not established
09_UPDATED_JOINT_NOTE.tex,c27f97a673b82798ada8432ce582cb34a45b1eeff53bbb8beac546e2270ff4ce,32912,50,Vandermonde,unresolved person or eponym; contextual source use not established
09_UPDATED_JOINT_NOTE.tex,c27f97a673b82798ada8432ce582cb34a45b1eeff53bbb8beac546e2270ff4ce,32925,14,Vandermonde,unresolved person or eponym; contextual source use not established
09_UPDATED_JOINT_NOTE.tex,c27f97a673b82798ada8432ce582cb34a45b1eeff53bbb8beac546e2270ff4ce,32949,43,Gram,unresolved person or eponym; contextual source use not established
09_UPDATED_JOINT_NOTE.tex,c27f97a673b82798ada8432ce582cb34a45b1eeff53bbb8beac546e2270ff4ce,32951,14,Gram,unresolved person or eponym; contextual source use not established
09_UPDATED_JOINT_NOTE.tex,c27f97a673b82798ada8432ce582cb34a45b1eeff53bbb8beac546e2270ff4ce,32980,57,Jacobi,unresolved person or eponym; contextual source use not established
09_UPDATED_JOINT_NOTE.tex,c27f97a673b82798ada8432ce582cb34a45b1eeff53bbb8beac546e2270ff4ce,32983,1,Hadamard,unresolved person or eponym; contextual source use not established
09_UPDATED_JOINT_NOTE.tex,c27f97a673b82798ada8432ce582cb34a45b1eeff53bbb8beac546e2270ff4ce,32983,12,Gram,unresolved person or eponym; contextual source use not established
09_UPDATED_JOINT_NOTE.tex,c27f97a673b82798ada8432ce582cb34a45b1eeff53bbb8beac546e2270ff4ce,32996,38,Euler,unresolved person or eponym; contextual source use not established
09_UPDATED_JOINT_NOTE.tex,c27f97a673b82798ada8432ce582cb34a45b1eeff53bbb8beac546e2270ff4ce,33017,23,Gram,unresolved person or eponym; contextual source use not established
09_UPDATED_JOINT_NOTE.tex,c27f97a673b82798ada8432ce582cb34a45b1eeff53bbb8beac546e2270ff4ce,33018,22,Gram,unresolved person or eponym; contextual source use not established
09_UPDATED_JOINT_NOTE.tex,c27f97a673b82798ada8432ce582cb34a45b1eeff53bbb8beac546e2270ff4ce,33022,19,Rodrigues,unresolved person or eponym; contextual source use not established
09_UPDATED_JOINT_NOTE.tex,c27f97a673b82798ada8432ce582cb34a45b1eeff53bbb8beac546e2270ff4ce,33032,45,Gram,unresolved person or eponym; contextual source use not established
09_UPDATED_JOINT_NOTE.tex,c27f97a673b82798ada8432ce582cb34a45b1eeff53bbb8beac546e2270ff4ce,33064,1,Cauchy,unresolved person or eponym; contextual source use not established
09_UPDATED_JOINT_NOTE.tex,c27f97a673b82798ada8432ce582cb34a45b1eeff53bbb8beac546e2270ff4ce,33064,9,Binet,unresolved person or eponym; contextual source use not established
09_UPDATED_JOINT_NOTE.tex,c27f97a673b82798ada8432ce582cb34a45b1eeff53bbb8beac546e2270ff4ce,33073,24,Hadamard,unresolved person or eponym; contextual source use not established
09_UPDATED_JOINT_NOTE.tex,c27f97a673b82798ada8432ce582cb34a45b1eeff53bbb8beac546e2270ff4ce,33076,19,Cauchy,unresolved person or eponym; contextual source use not established
09_UPDATED_JOINT_NOTE.tex,c27f97a673b82798ada8432ce582cb34a45b1eeff53bbb8beac546e2270ff4ce,33076,27,Binet,unresolved person or eponym; contextual source use not established
09_UPDATED_JOINT_NOTE.tex,c27f97a673b82798ada8432ce582cb34a45b1eeff53bbb8beac546e2270ff4ce,33076,44,Vandermonde,unresolved person or eponym; contextual source use not established
09_UPDATED_JOINT_NOTE.tex,c27f97a673b82798ada8432ce582cb34a45b1eeff53bbb8beac546e2270ff4ce,33137,6,Gram,unresolved person or eponym; contextual source use not established
09_UPDATED_JOINT_NOTE.tex,c27f97a673b82798ada8432ce582cb34a45b1eeff53bbb8beac546e2270ff4ce,33139,44,Schur,unresolved person or eponym; contextual source use not established
09_UPDATED_JOINT_NOTE.tex,c27f97a673b82798ada8432ce582cb34a45b1eeff53bbb8beac546e2270ff4ce,33212,51,Vandermonde,unresolved person or eponym; contextual source use not established
09_UPDATED_JOINT_NOTE.tex,c27f97a673b82798ada8432ce582cb34a45b1eeff53bbb8beac546e2270ff4ce,33214,49,Leibniz,unresolved person or eponym; contextual source use not established
09_UPDATED_JOINT_NOTE.tex,c27f97a673b82798ada8432ce582cb34a45b1eeff53bbb8beac546e2270ff4ce,33279,39,Gram,unresolved person or eponym; contextual source use not established
09_UPDATED_JOINT_NOTE.tex,c27f97a673b82798ada8432ce582cb34a45b1eeff53bbb8beac546e2270ff4ce,33283,1,Schur,unresolved person or eponym; contextual source use not established
09_UPDATED_JOINT_NOTE.tex,c27f97a673b82798ada8432ce582cb34a45b1eeff53bbb8beac546e2270ff4ce,33296,30,Gram,unresolved person or eponym; contextual source use not established
09_UPDATED_JOINT_NOTE.tex,c27f97a673b82798ada8432ce582cb34a45b1eeff53bbb8beac546e2270ff4ce,33411,8,Taylor,unresolved person or eponym; contextual source use not established
09_UPDATED_JOINT_NOTE.tex,c27f97a673b82798ada8432ce582cb34a45b1eeff53bbb8beac546e2270ff4ce,33432,1,Vandermonde,unresolved person or eponym; contextual source use not established
09_UPDATED_JOINT_NOTE.tex,c27f97a673b82798ada8432ce582cb34a45b1eeff53bbb8beac546e2270ff4ce,33469,18,Gram,unresolved person or eponym; contextual source use not established
09_UPDATED_JOINT_NOTE.tex,c27f97a673b82798ada8432ce582cb34a45b1eeff53bbb8beac546e2270ff4ce,33605,52,Gram,unresolved person or eponym; contextual source use not established
09_UPDATED_JOINT_NOTE.tex,c27f97a673b82798ada8432ce582cb34a45b1eeff53bbb8beac546e2270ff4ce,33608,22,Gram,unresolved person or eponym; contextual source use not established
09_UPDATED_JOINT_NOTE.tex,c27f97a673b82798ada8432ce582cb34a45b1eeff53bbb8beac546e2270ff4ce,33648,22,Gram,unresolved person or eponym; contextual source use not established
09_UPDATED_JOINT_NOTE.tex,c27f97a673b82798ada8432ce582cb34a45b1eeff53bbb8beac546e2270ff4ce,33768,20,Schur,unresolved person or eponym; contextual source use not established
09_UPDATED_JOINT_NOTE.tex,c27f97a673b82798ada8432ce582cb34a45b1eeff53bbb8beac546e2270ff4ce,33813,15,Vandermonde,unresolved person or eponym; contextual source use not established
09_UPDATED_JOINT_NOTE.tex,c27f97a673b82798ada8432ce582cb34a45b1eeff53bbb8beac546e2270ff4ce,33875,35,Gram,unresolved person or eponym; contextual source use not established
09_UPDATED_JOINT_NOTE.tex,c27f97a673b82798ada8432ce582cb34a45b1eeff53bbb8beac546e2270ff4ce,33921,57,Gram,unresolved person or eponym; contextual source use not established
09_UPDATED_JOINT_NOTE.tex,c27f97a673b82798ada8432ce582cb34a45b1eeff53bbb8beac546e2270ff4ce,34050,11,Gram,unresolved person or eponym; contextual source use not established
09_UPDATED_JOINT_NOTE.tex,c27f97a673b82798ada8432ce582cb34a45b1eeff53bbb8beac546e2270ff4ce,34052,28,Gram,unresolved person or eponym; contextual source use not established
09_UPDATED_JOINT_NOTE.tex,c27f97a673b82798ada8432ce582cb34a45b1eeff53bbb8beac546e2270ff4ce,34279,42,Schur,unresolved person or eponym; contextual source use not established
09_UPDATED_JOINT_NOTE.tex,c27f97a673b82798ada8432ce582cb34a45b1eeff53bbb8beac546e2270ff4ce,34460,39,Cauchy,unresolved person or eponym; contextual source use not established
09_UPDATED_JOINT_NOTE.tex,c27f97a673b82798ada8432ce582cb34a45b1eeff53bbb8beac546e2270ff4ce,34460,47,Schwarz,unresolved person or eponym; contextual source use not established
09_UPDATED_JOINT_NOTE.tex,c27f97a673b82798ada8432ce582cb34a45b1eeff53bbb8beac546e2270ff4ce,34497,40,Schur,unresolved person or eponym; contextual source use not established
09_UPDATED_JOINT_NOTE.tex,c27f97a673b82798ada8432ce582cb34a45b1eeff53bbb8beac546e2270ff4ce,34613,1,Rodrigues,unresolved person or eponym; contextual source use not established
09_UPDATED_JOINT_NOTE.tex,c27f97a673b82798ada8432ce582cb34a45b1eeff53bbb8beac546e2270ff4ce,34768,32,Euler,unresolved person or eponym; contextual source use not established
09_UPDATED_JOINT_NOTE.tex,c27f97a673b82798ada8432ce582cb34a45b1eeff53bbb8beac546e2270ff4ce,34894,1,Schur,unresolved person or eponym; contextual source use not established
09_UPDATED_JOINT_NOTE.tex,c27f97a673b82798ada8432ce582cb34a45b1eeff53bbb8beac546e2270ff4ce,34990,1,Rodrigues,unresolved person or eponym; contextual source use not established
09_UPDATED_JOINT_NOTE.tex,c27f97a673b82798ada8432ce582cb34a45b1eeff53bbb8beac546e2270ff4ce,35007,1,Rodrigues,unresolved person or eponym; contextual source use not established
09_UPDATED_JOINT_NOTE.tex,c27f97a673b82798ada8432ce582cb34a45b1eeff53bbb8beac546e2270ff4ce,35031,31,Rodrigues,unresolved person or eponym; contextual source use not established
09_UPDATED_JOINT_NOTE.tex,c27f97a673b82798ada8432ce582cb34a45b1eeff53bbb8beac546e2270ff4ce,35117,7,Gram,unresolved person or eponym; contextual source use not established
09_UPDATED_JOINT_NOTE.tex,c27f97a673b82798ada8432ce582cb34a45b1eeff53bbb8beac546e2270ff4ce,35117,40,Gaussian,unresolved person or eponym; contextual source use not established
09_UPDATED_JOINT_NOTE.tex,c27f97a673b82798ada8432ce582cb34a45b1eeff53bbb8beac546e2270ff4ce,35118,38,Gram,unresolved person or eponym; contextual source use not established
09_UPDATED_JOINT_NOTE.tex,c27f97a673b82798ada8432ce582cb34a45b1eeff53bbb8beac546e2270ff4ce,35129,21,Gram,unresolved person or eponym; contextual source use not established
09_UPDATED_JOINT_NOTE.tex,c27f97a673b82798ada8432ce582cb34a45b1eeff53bbb8beac546e2270ff4ce,35131,1,Schur,unresolved person or eponym; contextual source use not established
09_UPDATED_JOINT_NOTE.tex,c27f97a673b82798ada8432ce582cb34a45b1eeff53bbb8beac546e2270ff4ce,35132,36,Gram,unresolved person or eponym; contextual source use not established
09_UPDATED_JOINT_NOTE.tex,c27f97a673b82798ada8432ce582cb34a45b1eeff53bbb8beac546e2270ff4ce,35161,1,Cauchy,unresolved person or eponym; contextual source use not established
09_UPDATED_JOINT_NOTE.tex,c27f97a673b82798ada8432ce582cb34a45b1eeff53bbb8beac546e2270ff4ce,35161,9,Binet,unresolved person or eponym; contextual source use not established
09_UPDATED_JOINT_NOTE.tex,c27f97a673b82798ada8432ce582cb34a45b1eeff53bbb8beac546e2270ff4ce,35309,62,Gram,unresolved person or eponym; contextual source use not established
09_UPDATED_JOINT_NOTE.tex,c27f97a673b82798ada8432ce582cb34a45b1eeff53bbb8beac546e2270ff4ce,35326,5,Gram,unresolved person or eponym; contextual source use not established
09_UPDATED_JOINT_NOTE.tex,c27f97a673b82798ada8432ce582cb34a45b1eeff53bbb8beac546e2270ff4ce,35358,31,Cauchy,unresolved person or eponym; contextual source use not established
09_UPDATED_JOINT_NOTE.tex,c27f97a673b82798ada8432ce582cb34a45b1eeff53bbb8beac546e2270ff4ce,35358,39,Schwarz,unresolved person or eponym; contextual source use not established
09_UPDATED_JOINT_NOTE.tex,c27f97a673b82798ada8432ce582cb34a45b1eeff53bbb8beac546e2270ff4ce,35374,16,Cauchy,unresolved person or eponym; contextual source use not established
09_UPDATED_JOINT_NOTE.tex,c27f97a673b82798ada8432ce582cb34a45b1eeff53bbb8beac546e2270ff4ce,35374,24,Binet,unresolved person or eponym; contextual source use not established
09_UPDATED_JOINT_NOTE.tex,c27f97a673b82798ada8432ce582cb34a45b1eeff53bbb8beac546e2270ff4ce,35377,17,Gram,unresolved person or eponym; contextual source use not established
09_UPDATED_JOINT_NOTE.tex,c27f97a673b82798ada8432ce582cb34a45b1eeff53bbb8beac546e2270ff4ce,35382,36,Schur,unresolved person or eponym; contextual source use not established
09_UPDATED_JOINT_NOTE.tex,c27f97a673b82798ada8432ce582cb34a45b1eeff53bbb8beac546e2270ff4ce,35445,18,Gram,unresolved person or eponym; contextual source use not established
09_UPDATED_JOINT_NOTE.tex,c27f97a673b82798ada8432ce582cb34a45b1eeff53bbb8beac546e2270ff4ce,35695,58,Gram,unresolved person or eponym; contextual source use not established
09_UPDATED_JOINT_NOTE.tex,c27f97a673b82798ada8432ce582cb34a45b1eeff53bbb8beac546e2270ff4ce,36027,35,Gram,unresolved person or eponym; contextual source use not established
09_UPDATED_JOINT_NOTE.tex,c27f97a673b82798ada8432ce582cb34a45b1eeff53bbb8beac546e2270ff4ce,36057,34,Gram,unresolved person or eponym; contextual source use not established
09_UPDATED_JOINT_NOTE.tex,c27f97a673b82798ada8432ce582cb34a45b1eeff53bbb8beac546e2270ff4ce,36144,19,Gram,unresolved person or eponym; contextual source use not established
09_UPDATED_JOINT_NOTE.tex,c27f97a673b82798ada8432ce582cb34a45b1eeff53bbb8beac546e2270ff4ce,36160,45,Gram,unresolved person or eponym; contextual source use not established
09_UPDATED_JOINT_NOTE.tex,c27f97a673b82798ada8432ce582cb34a45b1eeff53bbb8beac546e2270ff4ce,36420,59,Gram,unresolved person or eponym; contextual source use not established
09_UPDATED_JOINT_NOTE.tex,c27f97a673b82798ada8432ce582cb34a45b1eeff53bbb8beac546e2270ff4ce,36422,43,Schur,unresolved person or eponym; contextual source use not established
09_UPDATED_JOINT_NOTE.tex,c27f97a673b82798ada8432ce582cb34a45b1eeff53bbb8beac546e2270ff4ce,36446,43,Gram,unresolved person or eponym; contextual source use not established
09_UPDATED_JOINT_NOTE.tex,c27f97a673b82798ada8432ce582cb34a45b1eeff53bbb8beac546e2270ff4ce,36453,1,Cauchy,unresolved person or eponym; contextual source use not established
09_UPDATED_JOINT_NOTE.tex,c27f97a673b82798ada8432ce582cb34a45b1eeff53bbb8beac546e2270ff4ce,36453,9,Schwarz,unresolved person or eponym; contextual source use not established
09_UPDATED_JOINT_NOTE.tex,c27f97a673b82798ada8432ce582cb34a45b1eeff53bbb8beac546e2270ff4ce,36455,49,Cauchy,unresolved person or eponym; contextual source use not established
09_UPDATED_JOINT_NOTE.tex,c27f97a673b82798ada8432ce582cb34a45b1eeff53bbb8beac546e2270ff4ce,36455,57,Binet,unresolved person or eponym; contextual source use not established
09_UPDATED_JOINT_NOTE.tex,c27f97a673b82798ada8432ce582cb34a45b1eeff53bbb8beac546e2270ff4ce,36986,31,Gaussian,unresolved person or eponym; contextual source use not established
09_UPDATED_JOINT_NOTE.tex,c27f97a673b82798ada8432ce582cb34a45b1eeff53bbb8beac546e2270ff4ce,37003,52,Schur,unresolved person or eponym; contextual source use not established
09_UPDATED_JOINT_NOTE.tex,c27f97a673b82798ada8432ce582cb34a45b1eeff53bbb8beac546e2270ff4ce,37105,10,Leibniz,unresolved person or eponym; contextual source use not established
09_UPDATED_JOINT_NOTE.tex,c27f97a673b82798ada8432ce582cb34a45b1eeff53bbb8beac546e2270ff4ce,37374,29,Vandermonde,unresolved person or eponym; contextual source use not established
09_UPDATED_JOINT_NOTE.tex,c27f97a673b82798ada8432ce582cb34a45b1eeff53bbb8beac546e2270ff4ce,37396,30,Vandermonde,unresolved person or eponym; contextual source use not established
09_UPDATED_JOINT_NOTE.tex,c27f97a673b82798ada8432ce582cb34a45b1eeff53bbb8beac546e2270ff4ce,37443,12,Vandermonde,unresolved person or eponym; contextual source use not established
09_UPDATED_JOINT_NOTE.tex,c27f97a673b82798ada8432ce582cb34a45b1eeff53bbb8beac546e2270ff4ce,37554,23,Schur,unresolved person or eponym; contextual source use not established
09_UPDATED_JOINT_NOTE.tex,c27f97a673b82798ada8432ce582cb34a45b1eeff53bbb8beac546e2270ff4ce,37614,5,Gram,unresolved person or eponym; contextual source use not established
09_UPDATED_JOINT_NOTE.tex,c27f97a673b82798ada8432ce582cb34a45b1eeff53bbb8beac546e2270ff4ce,37615,30,Schur,unresolved person or eponym; contextual source use not established
09_UPDATED_JOINT_NOTE.tex,c27f97a673b82798ada8432ce582cb34a45b1eeff53bbb8beac546e2270ff4ce,37702,1,Leibniz,unresolved person or eponym; contextual source use not established
09_UPDATED_JOINT_NOTE.tex,c27f97a673b82798ada8432ce582cb34a45b1eeff53bbb8beac546e2270ff4ce,37729,18,Taylor,unresolved person or eponym; contextual source use not established
09_UPDATED_JOINT_NOTE.tex,c27f97a673b82798ada8432ce582cb34a45b1eeff53bbb8beac546e2270ff4ce,37839,10,Vandermonde,unresolved person or eponym; contextual source use not established
09_UPDATED_JOINT_NOTE.tex,c27f97a673b82798ada8432ce582cb34a45b1eeff53bbb8beac546e2270ff4ce,37886,1,Gram,unresolved person or eponym; contextual source use not established
09_UPDATED_JOINT_NOTE.tex,c27f97a673b82798ada8432ce582cb34a45b1eeff53bbb8beac546e2270ff4ce,37896,8,Hilbert,unresolved person or eponym; contextual source use not established
09_UPDATED_JOINT_NOTE.tex,c27f97a673b82798ada8432ce582cb34a45b1eeff53bbb8beac546e2270ff4ce,37896,31,Cauchy,unresolved person or eponym; contextual source use not established
09_UPDATED_JOINT_NOTE.tex,c27f97a673b82798ada8432ce582cb34a45b1eeff53bbb8beac546e2270ff4ce,37896,39,Schwarz,unresolved person or eponym; contextual source use not established
09_UPDATED_JOINT_NOTE.tex,c27f97a673b82798ada8432ce582cb34a45b1eeff53bbb8beac546e2270ff4ce,37923,45,Gram,unresolved person or eponym; contextual source use not established
09_UPDATED_JOINT_NOTE.tex,c27f97a673b82798ada8432ce582cb34a45b1eeff53bbb8beac546e2270ff4ce,37924,17,Hilbert,unresolved person or eponym; contextual source use not established
09_UPDATED_JOINT_NOTE.tex,c27f97a673b82798ada8432ce582cb34a45b1eeff53bbb8beac546e2270ff4ce,38030,62,Schur,unresolved person or eponym; contextual source use not established
09_UPDATED_JOINT_NOTE.tex,c27f97a673b82798ada8432ce582cb34a45b1eeff53bbb8beac546e2270ff4ce,38073,48,Gram,unresolved person or eponym; contextual source use not established
09_UPDATED_JOINT_NOTE.tex,c27f97a673b82798ada8432ce582cb34a45b1eeff53bbb8beac546e2270ff4ce,38074,45,Gram,unresolved person or eponym; contextual source use not established
09_UPDATED_JOINT_NOTE.tex,c27f97a673b82798ada8432ce582cb34a45b1eeff53bbb8beac546e2270ff4ce,38115,19,Vandermonde,unresolved person or eponym; contextual source use not established
09_UPDATED_JOINT_NOTE.tex,c27f97a673b82798ada8432ce582cb34a45b1eeff53bbb8beac546e2270ff4ce,38116,48,Leibniz,unresolved person or eponym; contextual source use not established
09_UPDATED_JOINT_NOTE.tex,c27f97a673b82798ada8432ce582cb34a45b1eeff53bbb8beac546e2270ff4ce,38125,42,Vandermonde,unresolved person or eponym; contextual source use not established
09_UPDATED_JOINT_NOTE.tex,c27f97a673b82798ada8432ce582cb34a45b1eeff53bbb8beac546e2270ff4ce,38169,11,Gram,unresolved person or eponym; contextual source use not established
09_UPDATED_JOINT_NOTE.tex,c27f97a673b82798ada8432ce582cb34a45b1eeff53bbb8beac546e2270ff4ce,38199,8,Taylor,unresolved person or eponym; contextual source use not established
09_UPDATED_JOINT_NOTE.tex,c27f97a673b82798ada8432ce582cb34a45b1eeff53bbb8beac546e2270ff4ce,38204,34,Cauchy,unresolved person or eponym; contextual source use not established
09_UPDATED_JOINT_NOTE.tex,c27f97a673b82798ada8432ce582cb34a45b1eeff53bbb8beac546e2270ff4ce,38204,42,Schwarz,unresolved person or eponym; contextual source use not established
09_UPDATED_JOINT_NOTE.tex,c27f97a673b82798ada8432ce582cb34a45b1eeff53bbb8beac546e2270ff4ce,38234,1,Gram,unresolved person or eponym; contextual source use not established
09_UPDATED_JOINT_NOTE.tex,c27f97a673b82798ada8432ce582cb34a45b1eeff53bbb8beac546e2270ff4ce,38238,28,Gram,unresolved person or eponym; contextual source use not established
09_UPDATED_JOINT_NOTE.tex,c27f97a673b82798ada8432ce582cb34a45b1eeff53bbb8beac546e2270ff4ce,38239,45,Schur,unresolved person or eponym; contextual source use not established
09_UPDATED_JOINT_NOTE.tex,c27f97a673b82798ada8432ce582cb34a45b1eeff53bbb8beac546e2270ff4ce,38274,30,Gram,unresolved person or eponym; contextual source use not established
09_UPDATED_JOINT_NOTE.tex,c27f97a673b82798ada8432ce582cb34a45b1eeff53bbb8beac546e2270ff4ce,38454,42,Schur,unresolved person or eponym; contextual source use not established
09_UPDATED_JOINT_NOTE.tex,c27f97a673b82798ada8432ce582cb34a45b1eeff53bbb8beac546e2270ff4ce,38603,17,Vandermonde,unresolved person or eponym; contextual source use not established
09_UPDATED_JOINT_NOTE.tex,c27f97a673b82798ada8432ce582cb34a45b1eeff53bbb8beac546e2270ff4ce,38634,1,Schur,unresolved person or eponym; contextual source use not established
09_UPDATED_JOINT_NOTE.tex,c27f97a673b82798ada8432ce582cb34a45b1eeff53bbb8beac546e2270ff4ce,38716,46,Taylor,unresolved person or eponym; contextual source use not established
09_UPDATED_JOINT_NOTE.tex,c27f97a673b82798ada8432ce582cb34a45b1eeff53bbb8beac546e2270ff4ce,38759,34,Vandermonde,unresolved person or eponym; contextual source use not established
09_UPDATED_JOINT_NOTE.tex,c27f97a673b82798ada8432ce582cb34a45b1eeff53bbb8beac546e2270ff4ce,38795,65,Schur,unresolved person or eponym; contextual source use not established
09_UPDATED_JOINT_NOTE.tex,c27f97a673b82798ada8432ce582cb34a45b1eeff53bbb8beac546e2270ff4ce,38810,63,Cauchy,unresolved person or eponym; contextual source use not established
09_UPDATED_JOINT_NOTE.tex,c27f97a673b82798ada8432ce582cb34a45b1eeff53bbb8beac546e2270ff4ce,38883,22,Gram,unresolved person or eponym; contextual source use not established
09_UPDATED_JOINT_NOTE.tex,c27f97a673b82798ada8432ce582cb34a45b1eeff53bbb8beac546e2270ff4ce,38888,9,Legendre,unresolved person or eponym; contextual source use not established
09_UPDATED_JOINT_NOTE.tex,c27f97a673b82798ada8432ce582cb34a45b1eeff53bbb8beac546e2270ff4ce,38926,1,Cauchy,unresolved person or eponym; contextual source use not established
09_UPDATED_JOINT_NOTE.tex,c27f97a673b82798ada8432ce582cb34a45b1eeff53bbb8beac546e2270ff4ce,39044,49,Vandermonde,unresolved person or eponym; contextual source use not established
09_UPDATED_JOINT_NOTE.tex,c27f97a673b82798ada8432ce582cb34a45b1eeff53bbb8beac546e2270ff4ce,39063,19,Gaussian,unresolved person or eponym; contextual source use not established
09_UPDATED_JOINT_NOTE.tex,c27f97a673b82798ada8432ce582cb34a45b1eeff53bbb8beac546e2270ff4ce,39086,41,Vandermonde,unresolved person or eponym; contextual source use not established
09_UPDATED_JOINT_NOTE.tex,c27f97a673b82798ada8432ce582cb34a45b1eeff53bbb8beac546e2270ff4ce,39152,59,Gram,unresolved person or eponym; contextual source use not established
09_UPDATED_JOINT_NOTE.tex,c27f97a673b82798ada8432ce582cb34a45b1eeff53bbb8beac546e2270ff4ce,39305,39,Laurent,unresolved person or eponym; contextual source use not established
09_UPDATED_JOINT_NOTE.tex,c27f97a673b82798ada8432ce582cb34a45b1eeff53bbb8beac546e2270ff4ce,39317,15,Laurent,unresolved person or eponym; contextual source use not established
09_UPDATED_JOINT_NOTE.tex,c27f97a673b82798ada8432ce582cb34a45b1eeff53bbb8beac546e2270ff4ce,39321,9,Laurent,unresolved person or eponym; contextual source use not established
09_UPDATED_JOINT_NOTE.tex,c27f97a673b82798ada8432ce582cb34a45b1eeff53bbb8beac546e2270ff4ce,39676,1,Neumann,unresolved person or eponym; contextual source use not established
09_UPDATED_JOINT_NOTE.tex,c27f97a673b82798ada8432ce582cb34a45b1eeff53bbb8beac546e2270ff4ce,39728,52,Vandermonde,unresolved person or eponym; contextual source use not established
09_UPDATED_JOINT_NOTE.tex,c27f97a673b82798ada8432ce582cb34a45b1eeff53bbb8beac546e2270ff4ce,39790,1,Rouche,unresolved person or eponym; contextual source use not established
09_UPDATED_JOINT_NOTE.tex,c27f97a673b82798ada8432ce582cb34a45b1eeff53bbb8beac546e2270ff4ce,39842,7,Taylor,unresolved person or eponym; contextual source use not established
09_UPDATED_JOINT_NOTE.tex,c27f97a673b82798ada8432ce582cb34a45b1eeff53bbb8beac546e2270ff4ce,39881,54,Sylvester,unresolved person or eponym; contextual source use not established
09_UPDATED_JOINT_NOTE.tex,c27f97a673b82798ada8432ce582cb34a45b1eeff53bbb8beac546e2270ff4ce,39914,15,Gram,unresolved person or eponym; contextual source use not established
09_UPDATED_JOINT_NOTE.tex,c27f97a673b82798ada8432ce582cb34a45b1eeff53bbb8beac546e2270ff4ce,39915,66,Gram,unresolved person or eponym; contextual source use not established
09_UPDATED_JOINT_NOTE.tex,c27f97a673b82798ada8432ce582cb34a45b1eeff53bbb8beac546e2270ff4ce,39926,63,Gram,unresolved person or eponym; contextual source use not established
09_UPDATED_JOINT_NOTE.tex,c27f97a673b82798ada8432ce582cb34a45b1eeff53bbb8beac546e2270ff4ce,39940,28,Schur,unresolved person or eponym; contextual source use not established
09_UPDATED_JOINT_NOTE.tex,c27f97a673b82798ada8432ce582cb34a45b1eeff53bbb8beac546e2270ff4ce,39947,45,Gram,unresolved person or eponym; contextual source use not established
09_UPDATED_JOINT_NOTE.tex,c27f97a673b82798ada8432ce582cb34a45b1eeff53bbb8beac546e2270ff4ce,39956,23,Schur,unresolved person or eponym; contextual source use not established
09_UPDATED_JOINT_NOTE.tex,c27f97a673b82798ada8432ce582cb34a45b1eeff53bbb8beac546e2270ff4ce,40012,46,Schur,unresolved person or eponym; contextual source use not established
09_UPDATED_JOINT_NOTE.tex,c27f97a673b82798ada8432ce582cb34a45b1eeff53bbb8beac546e2270ff4ce,40015,1,Gram,unresolved person or eponym; contextual source use not established
09_UPDATED_JOINT_NOTE.tex,c27f97a673b82798ada8432ce582cb34a45b1eeff53bbb8beac546e2270ff4ce,40059,35,Gram,unresolved person or eponym; contextual source use not established
09_UPDATED_JOINT_NOTE.tex,c27f97a673b82798ada8432ce582cb34a45b1eeff53bbb8beac546e2270ff4ce,40192,5,Leibniz,unresolved person or eponym; contextual source use not established
09_UPDATED_JOINT_NOTE.tex,c27f97a673b82798ada8432ce582cb34a45b1eeff53bbb8beac546e2270ff4ce,40920,42,Vandermonde,unresolved person or eponym; contextual source use not established
09_UPDATED_JOINT_NOTE.tex,c27f97a673b82798ada8432ce582cb34a45b1eeff53bbb8beac546e2270ff4ce,41048,1,Leibniz,unresolved person or eponym; contextual source use not established
09_UPDATED_JOINT_NOTE.tex,c27f97a673b82798ada8432ce582cb34a45b1eeff53bbb8beac546e2270ff4ce,41167,45,Vandermonde,unresolved person or eponym; contextual source use not established
09_UPDATED_JOINT_NOTE.tex,c27f97a673b82798ada8432ce582cb34a45b1eeff53bbb8beac546e2270ff4ce,41281,26,Cauchy,unresolved person or eponym; contextual source use not established
09_UPDATED_JOINT_NOTE.tex,c27f97a673b82798ada8432ce582cb34a45b1eeff53bbb8beac546e2270ff4ce,41281,34,Schwarz,unresolved person or eponym; contextual source use not established
09_UPDATED_JOINT_NOTE.tex,c27f97a673b82798ada8432ce582cb34a45b1eeff53bbb8beac546e2270ff4ce,41326,31,Leibniz,unresolved person or eponym; contextual source use not established
09_UPDATED_JOINT_NOTE.tex,c27f97a673b82798ada8432ce582cb34a45b1eeff53bbb8beac546e2270ff4ce,41418,44,Hilbert,unresolved person or eponym; contextual source use not established
09_UPDATED_JOINT_NOTE.tex,c27f97a673b82798ada8432ce582cb34a45b1eeff53bbb8beac546e2270ff4ce,41419,39,Cauchy,unresolved person or eponym; contextual source use not established
09_UPDATED_JOINT_NOTE.tex,c27f97a673b82798ada8432ce582cb34a45b1eeff53bbb8beac546e2270ff4ce,41419,47,Schwarz,unresolved person or eponym; contextual source use not established
09_UPDATED_JOINT_NOTE.tex,c27f97a673b82798ada8432ce582cb34a45b1eeff53bbb8beac546e2270ff4ce,41469,34,Gram,unresolved person or eponym; contextual source use not established
09_UPDATED_JOINT_NOTE.tex,c27f97a673b82798ada8432ce582cb34a45b1eeff53bbb8beac546e2270ff4ce,41470,42,Vandermonde,unresolved person or eponym; contextual source use not established
09_UPDATED_JOINT_NOTE.tex,c27f97a673b82798ada8432ce582cb34a45b1eeff53bbb8beac546e2270ff4ce,41499,33,Vandermonde,unresolved person or eponym; contextual source use not established
09_UPDATED_JOINT_NOTE.tex,c27f97a673b82798ada8432ce582cb34a45b1eeff53bbb8beac546e2270ff4ce,41575,47,Hilbert,unresolved person or eponym; contextual source use not established
09_UPDATED_JOINT_NOTE.tex,c27f97a673b82798ada8432ce582cb34a45b1eeff53bbb8beac546e2270ff4ce,41656,31,Vandermonde,unresolved person or eponym; contextual source use not established
09_UPDATED_JOINT_NOTE.tex,c27f97a673b82798ada8432ce582cb34a45b1eeff53bbb8beac546e2270ff4ce,41661,52,Gram,unresolved person or eponym; contextual source use not established
09_UPDATED_JOINT_NOTE.tex,c27f97a673b82798ada8432ce582cb34a45b1eeff53bbb8beac546e2270ff4ce,41860,37,Taylor,unresolved person or eponym; contextual source use not established
09_UPDATED_JOINT_NOTE.tex,c27f97a673b82798ada8432ce582cb34a45b1eeff53bbb8beac546e2270ff4ce,41915,35,Cauchy,unresolved person or eponym; contextual source use not established
09_UPDATED_JOINT_NOTE.tex,c27f97a673b82798ada8432ce582cb34a45b1eeff53bbb8beac546e2270ff4ce,41915,43,Schwarz,unresolved person or eponym; contextual source use not established
09_UPDATED_JOINT_NOTE.tex,c27f97a673b82798ada8432ce582cb34a45b1eeff53bbb8beac546e2270ff4ce,41961,35,Vandermonde,unresolved person or eponym; contextual source use not established
09_UPDATED_JOINT_NOTE.tex,c27f97a673b82798ada8432ce582cb34a45b1eeff53bbb8beac546e2270ff4ce,41997,10,Gram,unresolved person or eponym; contextual source use not established
09_UPDATED_JOINT_NOTE.tex,c27f97a673b82798ada8432ce582cb34a45b1eeff53bbb8beac546e2270ff4ce,42072,38,Schur,unresolved person or eponym; contextual source use not established
09_UPDATED_JOINT_NOTE.tex,c27f97a673b82798ada8432ce582cb34a45b1eeff53bbb8beac546e2270ff4ce,42141,5,Gram,unresolved person or eponym; contextual source use not established
09_UPDATED_JOINT_NOTE.tex,c27f97a673b82798ada8432ce582cb34a45b1eeff53bbb8beac546e2270ff4ce,42197,51,Gram,unresolved person or eponym; contextual source use not established
09_UPDATED_JOINT_NOTE.tex,c27f97a673b82798ada8432ce582cb34a45b1eeff53bbb8beac546e2270ff4ce,42207,34,Gram,unresolved person or eponym; contextual source use not established
09_UPDATED_JOINT_NOTE.tex,c27f97a673b82798ada8432ce582cb34a45b1eeff53bbb8beac546e2270ff4ce,42224,18,Gram,unresolved person or eponym; contextual source use not established
09_UPDATED_JOINT_NOTE.tex,c27f97a673b82798ada8432ce582cb34a45b1eeff53bbb8beac546e2270ff4ce,42289,22,Vandermonde,unresolved person or eponym; contextual source use not established
09_UPDATED_JOINT_NOTE.tex,c27f97a673b82798ada8432ce582cb34a45b1eeff53bbb8beac546e2270ff4ce,42304,27,Hilbert,unresolved person or eponym; contextual source use not established
09_UPDATED_JOINT_NOTE.tex,c27f97a673b82798ada8432ce582cb34a45b1eeff53bbb8beac546e2270ff4ce,42309,33,Vandermonde,unresolved person or eponym; contextual source use not established
09_UPDATED_JOINT_NOTE.tex,c27f97a673b82798ada8432ce582cb34a45b1eeff53bbb8beac546e2270ff4ce,42333,1,Gram,unresolved person or eponym; contextual source use not established
09_UPDATED_JOINT_NOTE.tex,c27f97a673b82798ada8432ce582cb34a45b1eeff53bbb8beac546e2270ff4ce,42336,41,Gram,unresolved person or eponym; contextual source use not established
09_UPDATED_JOINT_NOTE.tex,c27f97a673b82798ada8432ce582cb34a45b1eeff53bbb8beac546e2270ff4ce,42377,58,Gram,unresolved person or eponym; contextual source use not established
09_UPDATED_JOINT_NOTE.tex,c27f97a673b82798ada8432ce582cb34a45b1eeff53bbb8beac546e2270ff4ce,42384,33,Gram,unresolved person or eponym; contextual source use not established
09_UPDATED_JOINT_NOTE.tex,c27f97a673b82798ada8432ce582cb34a45b1eeff53bbb8beac546e2270ff4ce,42481,12,Vandermonde,unresolved person or eponym; contextual source use not established
09_UPDATED_JOINT_NOTE.tex,c27f97a673b82798ada8432ce582cb34a45b1eeff53bbb8beac546e2270ff4ce,42515,29,Gram,unresolved person or eponym; contextual source use not established
09_UPDATED_JOINT_NOTE.tex,c27f97a673b82798ada8432ce582cb34a45b1eeff53bbb8beac546e2270ff4ce,42534,33,Vandermonde,unresolved person or eponym; contextual source use not established
09_UPDATED_JOINT_NOTE.tex,c27f97a673b82798ada8432ce582cb34a45b1eeff53bbb8beac546e2270ff4ce,42538,50,Vandermonde,unresolved person or eponym; contextual source use not established
09_UPDATED_JOINT_NOTE.tex,c27f97a673b82798ada8432ce582cb34a45b1eeff53bbb8beac546e2270ff4ce,42544,39,Gram,unresolved person or eponym; contextual source use not established
09_UPDATED_JOINT_NOTE.tex,c27f97a673b82798ada8432ce582cb34a45b1eeff53bbb8beac546e2270ff4ce,42558,1,Gram,unresolved person or eponym; contextual source use not established
09_UPDATED_JOINT_NOTE.tex,c27f97a673b82798ada8432ce582cb34a45b1eeff53bbb8beac546e2270ff4ce,42559,1,Schur,unresolved person or eponym; contextual source use not established
09_UPDATED_JOINT_NOTE.tex,c27f97a673b82798ada8432ce582cb34a45b1eeff53bbb8beac546e2270ff4ce,42561,1,Gram,unresolved person or eponym; contextual source use not established
09_UPDATED_JOINT_NOTE.tex,c27f97a673b82798ada8432ce582cb34a45b1eeff53bbb8beac546e2270ff4ce,42565,5,Schur,unresolved person or eponym; contextual source use not established
09_UPDATED_JOINT_NOTE.tex,c27f97a673b82798ada8432ce582cb34a45b1eeff53bbb8beac546e2270ff4ce,42747,22,Gram,unresolved person or eponym; contextual source use not established
09_UPDATED_JOINT_NOTE.tex,c27f97a673b82798ada8432ce582cb34a45b1eeff53bbb8beac546e2270ff4ce,42747,46,Gram,unresolved person or eponym; contextual source use not established
09_UPDATED_JOINT_NOTE.tex,c27f97a673b82798ada8432ce582cb34a45b1eeff53bbb8beac546e2270ff4ce,42752,33,Gram,unresolved person or eponym; contextual source use not established
09_UPDATED_JOINT_NOTE.tex,c27f97a673b82798ada8432ce582cb34a45b1eeff53bbb8beac546e2270ff4ce,43003,23,Gram,unresolved person or eponym; contextual source use not established
09_UPDATED_JOINT_NOTE.tex,c27f97a673b82798ada8432ce582cb34a45b1eeff53bbb8beac546e2270ff4ce,43019,1,Schur,unresolved person or eponym; contextual source use not established
09_UPDATED_JOINT_NOTE.tex,c27f97a673b82798ada8432ce582cb34a45b1eeff53bbb8beac546e2270ff4ce,43030,50,Gram,unresolved person or eponym; contextual source use not established
09_UPDATED_JOINT_NOTE.tex,c27f97a673b82798ada8432ce582cb34a45b1eeff53bbb8beac546e2270ff4ce,43079,16,Vandermonde,unresolved person or eponym; contextual source use not established
09_UPDATED_JOINT_NOTE.tex,c27f97a673b82798ada8432ce582cb34a45b1eeff53bbb8beac546e2270ff4ce,43108,15,Vandermonde,unresolved person or eponym; contextual source use not established
09_UPDATED_JOINT_NOTE.tex,c27f97a673b82798ada8432ce582cb34a45b1eeff53bbb8beac546e2270ff4ce,43116,31,Hilbert,unresolved person or eponym; contextual source use not established
09_UPDATED_JOINT_NOTE.tex,c27f97a673b82798ada8432ce582cb34a45b1eeff53bbb8beac546e2270ff4ce,43267,25,Schur,unresolved person or eponym; contextual source use not established
09_UPDATED_JOINT_NOTE.tex,c27f97a673b82798ada8432ce582cb34a45b1eeff53bbb8beac546e2270ff4ce,43351,174,Legendre,unresolved person or eponym; contextual source use not established
09_UPDATED_JOINT_NOTE.tex,c27f97a673b82798ada8432ce582cb34a45b1eeff53bbb8beac546e2270ff4ce,43351,183,Gram,unresolved person or eponym; contextual source use not established
09_UPDATED_JOINT_NOTE.tex,c27f97a673b82798ada8432ce582cb34a45b1eeff53bbb8beac546e2270ff4ce,43398,151,Heine,unresolved person or eponym; contextual source use not established
09_UPDATED_JOINT_NOTE.tex,c27f97a673b82798ada8432ce582cb34a45b1eeff53bbb8beac546e2270ff4ce,43495,213,Vandermonde,unresolved person or eponym; contextual source use not established
09_UPDATED_JOINT_NOTE.tex,c27f97a673b82798ada8432ce582cb34a45b1eeff53bbb8beac546e2270ff4ce,43495,454,Gram,unresolved person or eponym; contextual source use not established
09_UPDATED_JOINT_NOTE.tex,c27f97a673b82798ada8432ce582cb34a45b1eeff53bbb8beac546e2270ff4ce,43538,142,Gram,unresolved person or eponym; contextual source use not established
09_UPDATED_JOINT_NOTE.tex,c27f97a673b82798ada8432ce582cb34a45b1eeff53bbb8beac546e2270ff4ce,43549,246,Gram,unresolved person or eponym; contextual source use not established
09_UPDATED_JOINT_NOTE.tex,c27f97a673b82798ada8432ce582cb34a45b1eeff53bbb8beac546e2270ff4ce,43549,529,Vandermonde,unresolved person or eponym; contextual source use not established
09_UPDATED_JOINT_NOTE.tex,c27f97a673b82798ada8432ce582cb34a45b1eeff53bbb8beac546e2270ff4ce,43578,160,Schur,unresolved person or eponym; contextual source use not established
09_UPDATED_JOINT_NOTE.tex,c27f97a673b82798ada8432ce582cb34a45b1eeff53bbb8beac546e2270ff4ce,43646,216,Schur,unresolved person or eponym; contextual source use not established
09_UPDATED_JOINT_NOTE.tex,c27f97a673b82798ada8432ce582cb34a45b1eeff53bbb8beac546e2270ff4ce,43680,509,Vandermonde,unresolved person or eponym; contextual source use not established
09_UPDATED_JOINT_NOTE.tex,c27f97a673b82798ada8432ce582cb34a45b1eeff53bbb8beac546e2270ff4ce,43682,366,Schur,unresolved person or eponym; contextual source use not established
09_UPDATED_JOINT_NOTE.tex,c27f97a673b82798ada8432ce582cb34a45b1eeff53bbb8beac546e2270ff4ce,43682,461,Schur,unresolved person or eponym; contextual source use not established
09_UPDATED_JOINT_NOTE.tex,c27f97a673b82798ada8432ce582cb34a45b1eeff53bbb8beac546e2270ff4ce,43786,46,Vandermonde,unresolved person or eponym; contextual source use not established
09_UPDATED_JOINT_NOTE.tex,c27f97a673b82798ada8432ce582cb34a45b1eeff53bbb8beac546e2270ff4ce,43863,39,Gram,unresolved person or eponym; contextual source use not established
09_UPDATED_JOINT_NOTE.tex,c27f97a673b82798ada8432ce582cb34a45b1eeff53bbb8beac546e2270ff4ce,43863,56,Schur,unresolved person or eponym; contextual source use not established
09_UPDATED_JOINT_NOTE.tex,c27f97a673b82798ada8432ce582cb34a45b1eeff53bbb8beac546e2270ff4ce,43880,1,Gram,unresolved person or eponym; contextual source use not established
09_UPDATED_JOINT_NOTE.tex,c27f97a673b82798ada8432ce582cb34a45b1eeff53bbb8beac546e2270ff4ce,43884,1,Gram,unresolved person or eponym; contextual source use not established
09_UPDATED_JOINT_NOTE.tex,c27f97a673b82798ada8432ce582cb34a45b1eeff53bbb8beac546e2270ff4ce,43925,1,Schur,unresolved person or eponym; contextual source use not established
09_UPDATED_JOINT_NOTE.tex,c27f97a673b82798ada8432ce582cb34a45b1eeff53bbb8beac546e2270ff4ce,43944,15,Schur,unresolved person or eponym; contextual source use not established
09_UPDATED_JOINT_NOTE.tex,c27f97a673b82798ada8432ce582cb34a45b1eeff53bbb8beac546e2270ff4ce,43948,59,Gram,unresolved person or eponym; contextual source use not established
09_UPDATED_JOINT_NOTE.tex,c27f97a673b82798ada8432ce582cb34a45b1eeff53bbb8beac546e2270ff4ce,44263,38,Vandermonde,unresolved person or eponym; contextual source use not established
09_UPDATED_JOINT_NOTE.tex,c27f97a673b82798ada8432ce582cb34a45b1eeff53bbb8beac546e2270ff4ce,44276,16,Schur,unresolved person or eponym; contextual source use not established
09_UPDATED_JOINT_NOTE.tex,c27f97a673b82798ada8432ce582cb34a45b1eeff53bbb8beac546e2270ff4ce,44447,15,Schur,unresolved person or eponym; contextual source use not established
09_UPDATED_JOINT_NOTE.tex,c27f97a673b82798ada8432ce582cb34a45b1eeff53bbb8beac546e2270ff4ce,44579,35,Schur,unresolved person or eponym; contextual source use not established
09_UPDATED_JOINT_NOTE.tex,c27f97a673b82798ada8432ce582cb34a45b1eeff53bbb8beac546e2270ff4ce,44744,48,Gram,unresolved person or eponym; contextual source use not established
09_UPDATED_JOINT_NOTE.tex,c27f97a673b82798ada8432ce582cb34a45b1eeff53bbb8beac546e2270ff4ce,44771,1,Vandermonde,unresolved person or eponym; contextual source use not established
09_UPDATED_JOINT_NOTE.tex,c27f97a673b82798ada8432ce582cb34a45b1eeff53bbb8beac546e2270ff4ce,44810,1,Leibniz,unresolved person or eponym; contextual source use not established
09_UPDATED_JOINT_NOTE.tex,c27f97a673b82798ada8432ce582cb34a45b1eeff53bbb8beac546e2270ff4ce,44949,32,Vandermonde,unresolved person or eponym; contextual source use not established
09_UPDATED_JOINT_NOTE.tex,c27f97a673b82798ada8432ce582cb34a45b1eeff53bbb8beac546e2270ff4ce,44996,1,Schur,unresolved person or eponym; contextual source use not established
09_UPDATED_JOINT_NOTE.tex,c27f97a673b82798ada8432ce582cb34a45b1eeff53bbb8beac546e2270ff4ce,45055,56,Schur,unresolved person or eponym; contextual source use not established
09_UPDATED_JOINT_NOTE.tex,c27f97a673b82798ada8432ce582cb34a45b1eeff53bbb8beac546e2270ff4ce,45071,10,Gram,unresolved person or eponym; contextual source use not established
09_UPDATED_JOINT_NOTE.tex,c27f97a673b82798ada8432ce582cb34a45b1eeff53bbb8beac546e2270ff4ce,45372,12,Tonelli,unresolved person or eponym; contextual source use not established
09_UPDATED_JOINT_NOTE.tex,c27f97a673b82798ada8432ce582cb34a45b1eeff53bbb8beac546e2270ff4ce,45457,27,Riemann,unresolved person or eponym; contextual source use not established
09_UPDATED_JOINT_NOTE.tex,c27f97a673b82798ada8432ce582cb34a45b1eeff53bbb8beac546e2270ff4ce,45900,46,Gram,unresolved person or eponym; contextual source use not established
09_UPDATED_JOINT_NOTE.tex,c27f97a673b82798ada8432ce582cb34a45b1eeff53bbb8beac546e2270ff4ce,46001,1,Gram,unresolved person or eponym; contextual source use not established
09_UPDATED_JOINT_NOTE.tex,c27f97a673b82798ada8432ce582cb34a45b1eeff53bbb8beac546e2270ff4ce,46151,9,Laurent,unresolved person or eponym; contextual source use not established
09_UPDATED_JOINT_NOTE.tex,c27f97a673b82798ada8432ce582cb34a45b1eeff53bbb8beac546e2270ff4ce,46309,1,Gauss,unresolved person or eponym; contextual source use not established
09_UPDATED_JOINT_NOTE.tex,c27f97a673b82798ada8432ce582cb34a45b1eeff53bbb8beac546e2270ff4ce,46324,25,Gauss,unresolved person or eponym; contextual source use not established
09_UPDATED_JOINT_NOTE.tex,c27f97a673b82798ada8432ce582cb34a45b1eeff53bbb8beac546e2270ff4ce,46524,1,Vandermonde,unresolved person or eponym; contextual source use not established
09_UPDATED_JOINT_NOTE.tex,c27f97a673b82798ada8432ce582cb34a45b1eeff53bbb8beac546e2270ff4ce,46556,17,Vandermonde,unresolved person or eponym; contextual source use not established
09_UPDATED_JOINT_NOTE.tex,c27f97a673b82798ada8432ce582cb34a45b1eeff53bbb8beac546e2270ff4ce,46563,12,Gram,unresolved person or eponym; contextual source use not established
09_UPDATED_JOINT_NOTE.tex,c27f97a673b82798ada8432ce582cb34a45b1eeff53bbb8beac546e2270ff4ce,46583,15,Taylor,unresolved person or eponym; contextual source use not established
09_UPDATED_JOINT_NOTE.tex,c27f97a673b82798ada8432ce582cb34a45b1eeff53bbb8beac546e2270ff4ce,46595,11,Leibniz,unresolved person or eponym; contextual source use not established
09_UPDATED_JOINT_NOTE.tex,c27f97a673b82798ada8432ce582cb34a45b1eeff53bbb8beac546e2270ff4ce,46623,20,Gram,unresolved person or eponym; contextual source use not established
09_UPDATED_JOINT_NOTE.tex,c27f97a673b82798ada8432ce582cb34a45b1eeff53bbb8beac546e2270ff4ce,46648,13,Vandermonde,unresolved person or eponym; contextual source use not established
09_UPDATED_JOINT_NOTE.tex,c27f97a673b82798ada8432ce582cb34a45b1eeff53bbb8beac546e2270ff4ce,46769,27,Vandermonde,unresolved person or eponym; contextual source use not established
09_UPDATED_JOINT_NOTE.tex,c27f97a673b82798ada8432ce582cb34a45b1eeff53bbb8beac546e2270ff4ce,46781,33,Euler,unresolved person or eponym; contextual source use not established
09_UPDATED_JOINT_NOTE.tex,c27f97a673b82798ada8432ce582cb34a45b1eeff53bbb8beac546e2270ff4ce,46782,35,Gram,unresolved person or eponym; contextual source use not established
09_UPDATED_JOINT_NOTE.tex,c27f97a673b82798ada8432ce582cb34a45b1eeff53bbb8beac546e2270ff4ce,46820,24,Gram,unresolved person or eponym; contextual source use not established
09_UPDATED_JOINT_NOTE.tex,c27f97a673b82798ada8432ce582cb34a45b1eeff53bbb8beac546e2270ff4ce,46831,1,Gram,unresolved person or eponym; contextual source use not established
09_UPDATED_JOINT_NOTE.tex,c27f97a673b82798ada8432ce582cb34a45b1eeff53bbb8beac546e2270ff4ce,46835,44,Vandermonde,unresolved person or eponym; contextual source use not established
09_UPDATED_JOINT_NOTE.tex,c27f97a673b82798ada8432ce582cb34a45b1eeff53bbb8beac546e2270ff4ce,46848,17,Gram,unresolved person or eponym; contextual source use not established
09_UPDATED_JOINT_NOTE.tex,c27f97a673b82798ada8432ce582cb34a45b1eeff53bbb8beac546e2270ff4ce,46851,5,Gram,unresolved person or eponym; contextual source use not established
09_UPDATED_JOINT_NOTE.tex,c27f97a673b82798ada8432ce582cb34a45b1eeff53bbb8beac546e2270ff4ce,46852,45,Schur,unresolved person or eponym; contextual source use not established
09_UPDATED_JOINT_NOTE.tex,c27f97a673b82798ada8432ce582cb34a45b1eeff53bbb8beac546e2270ff4ce,46855,1,Gram,unresolved person or eponym; contextual source use not established
09_UPDATED_JOINT_NOTE.tex,c27f97a673b82798ada8432ce582cb34a45b1eeff53bbb8beac546e2270ff4ce,46860,14,Vandermonde,unresolved person or eponym; contextual source use not established
09_UPDATED_JOINT_NOTE.tex,c27f97a673b82798ada8432ce582cb34a45b1eeff53bbb8beac546e2270ff4ce,47023,38,Taylor,unresolved person or eponym; contextual source use not established
09_UPDATED_JOINT_NOTE.tex,c27f97a673b82798ada8432ce582cb34a45b1eeff53bbb8beac546e2270ff4ce,47046,35,Taylor,unresolved person or eponym; contextual source use not established
09_UPDATED_JOINT_NOTE.tex,c27f97a673b82798ada8432ce582cb34a45b1eeff53bbb8beac546e2270ff4ce,47131,13,Gram,unresolved person or eponym; contextual source use not established
09_UPDATED_JOINT_NOTE.tex,c27f97a673b82798ada8432ce582cb34a45b1eeff53bbb8beac546e2270ff4ce,47170,10,Gram,unresolved person or eponym; contextual source use not established
09_UPDATED_JOINT_NOTE.tex,c27f97a673b82798ada8432ce582cb34a45b1eeff53bbb8beac546e2270ff4ce,47170,45,Schur,unresolved person or eponym; contextual source use not established
09_UPDATED_JOINT_NOTE.tex,c27f97a673b82798ada8432ce582cb34a45b1eeff53bbb8beac546e2270ff4ce,47171,34,Gram,unresolved person or eponym; contextual source use not established
09_UPDATED_JOINT_NOTE.tex,c27f97a673b82798ada8432ce582cb34a45b1eeff53bbb8beac546e2270ff4ce,47172,14,Gram,unresolved person or eponym; contextual source use not established
09_UPDATED_JOINT_NOTE.tex,c27f97a673b82798ada8432ce582cb34a45b1eeff53bbb8beac546e2270ff4ce,47174,26,Gram,unresolved person or eponym; contextual source use not established
09_UPDATED_JOINT_NOTE.tex,c27f97a673b82798ada8432ce582cb34a45b1eeff53bbb8beac546e2270ff4ce,47175,10,Gram,unresolved person or eponym; contextual source use not established
09_UPDATED_JOINT_NOTE.tex,c27f97a673b82798ada8432ce582cb34a45b1eeff53bbb8beac546e2270ff4ce,47200,27,Gram,unresolved person or eponym; contextual source use not established
09_UPDATED_JOINT_NOTE.tex,c27f97a673b82798ada8432ce582cb34a45b1eeff53bbb8beac546e2270ff4ce,47213,35,Gram,unresolved person or eponym; contextual source use not established
09_UPDATED_JOINT_NOTE.tex,c27f97a673b82798ada8432ce582cb34a45b1eeff53bbb8beac546e2270ff4ce,47240,49,Gram,unresolved person or eponym; contextual source use not established
09_UPDATED_JOINT_NOTE.tex,c27f97a673b82798ada8432ce582cb34a45b1eeff53bbb8beac546e2270ff4ce,47316,21,Gram,unresolved person or eponym; contextual source use not established
09_UPDATED_JOINT_NOTE.tex,c27f97a673b82798ada8432ce582cb34a45b1eeff53bbb8beac546e2270ff4ce,47317,28,Gram,unresolved person or eponym; contextual source use not established
09_UPDATED_JOINT_NOTE.tex,c27f97a673b82798ada8432ce582cb34a45b1eeff53bbb8beac546e2270ff4ce,47329,9,Euler,unresolved person or eponym; contextual source use not established
09_UPDATED_JOINT_NOTE.tex,c27f97a673b82798ada8432ce582cb34a45b1eeff53bbb8beac546e2270ff4ce,47338,22,Euler,unresolved person or eponym; contextual source use not established
09_UPDATED_JOINT_NOTE.tex,c27f97a673b82798ada8432ce582cb34a45b1eeff53bbb8beac546e2270ff4ce,47352,48,Schur,unresolved person or eponym; contextual source use not established
09_UPDATED_JOINT_NOTE.tex,c27f97a673b82798ada8432ce582cb34a45b1eeff53bbb8beac546e2270ff4ce,47406,11,Schur,unresolved person or eponym; contextual source use not established
09_UPDATED_JOINT_NOTE.tex,c27f97a673b82798ada8432ce582cb34a45b1eeff53bbb8beac546e2270ff4ce,47499,28,Euler,unresolved person or eponym; contextual source use not established
09_UPDATED_JOINT_NOTE.tex,c27f97a673b82798ada8432ce582cb34a45b1eeff53bbb8beac546e2270ff4ce,47619,18,Gram,unresolved person or eponym; contextual source use not established
09_UPDATED_JOINT_NOTE.tex,c27f97a673b82798ada8432ce582cb34a45b1eeff53bbb8beac546e2270ff4ce,47750,46,Taylor,unresolved person or eponym; contextual source use not established
09_UPDATED_JOINT_NOTE.tex,c27f97a673b82798ada8432ce582cb34a45b1eeff53bbb8beac546e2270ff4ce,47768,21,Vandermonde,unresolved person or eponym; contextual source use not established
09_UPDATED_JOINT_NOTE.tex,c27f97a673b82798ada8432ce582cb34a45b1eeff53bbb8beac546e2270ff4ce,47832,12,Vandermonde,unresolved person or eponym; contextual source use not established
09_UPDATED_JOINT_NOTE.tex,c27f97a673b82798ada8432ce582cb34a45b1eeff53bbb8beac546e2270ff4ce,47961,32,Vandermonde,unresolved person or eponym; contextual source use not established
09_UPDATED_JOINT_NOTE.tex,c27f97a673b82798ada8432ce582cb34a45b1eeff53bbb8beac546e2270ff4ce,47971,6,Vandermonde,unresolved person or eponym; contextual source use not established
09_UPDATED_JOINT_NOTE.tex,c27f97a673b82798ada8432ce582cb34a45b1eeff53bbb8beac546e2270ff4ce,48027,5,Euler,unresolved person or eponym; contextual source use not established
09_UPDATED_JOINT_NOTE.tex,c27f97a673b82798ada8432ce582cb34a45b1eeff53bbb8beac546e2270ff4ce,48104,12,Gram,unresolved person or eponym; contextual source use not established
09_UPDATED_JOINT_NOTE.tex,c27f97a673b82798ada8432ce582cb34a45b1eeff53bbb8beac546e2270ff4ce,48108,10,Schur,unresolved person or eponym; contextual source use not established
09_UPDATED_JOINT_NOTE.tex,c27f97a673b82798ada8432ce582cb34a45b1eeff53bbb8beac546e2270ff4ce,48157,12,Gram,unresolved person or eponym; contextual source use not established
09_UPDATED_JOINT_NOTE.tex,c27f97a673b82798ada8432ce582cb34a45b1eeff53bbb8beac546e2270ff4ce,48250,1,Cauchy,unresolved person or eponym; contextual source use not established
09_UPDATED_JOINT_NOTE.tex,c27f97a673b82798ada8432ce582cb34a45b1eeff53bbb8beac546e2270ff4ce,48250,9,Schwarz,unresolved person or eponym; contextual source use not established
09_UPDATED_JOINT_NOTE.tex,c27f97a673b82798ada8432ce582cb34a45b1eeff53bbb8beac546e2270ff4ce,48319,16,Vandermonde,unresolved person or eponym; contextual source use not established
09_UPDATED_JOINT_NOTE.tex,c27f97a673b82798ada8432ce582cb34a45b1eeff53bbb8beac546e2270ff4ce,48322,42,Euler,unresolved person or eponym; contextual source use not established
09_UPDATED_JOINT_NOTE.tex,c27f97a673b82798ada8432ce582cb34a45b1eeff53bbb8beac546e2270ff4ce,48424,24,Vandermonde,unresolved person or eponym; contextual source use not established
09_UPDATED_JOINT_NOTE.tex,c27f97a673b82798ada8432ce582cb34a45b1eeff53bbb8beac546e2270ff4ce,48595,28,Vandermonde,unresolved person or eponym; contextual source use not established
09_UPDATED_JOINT_NOTE.tex,c27f97a673b82798ada8432ce582cb34a45b1eeff53bbb8beac546e2270ff4ce,48613,36,Leibniz,unresolved person or eponym; contextual source use not established
09_UPDATED_JOINT_NOTE.tex,c27f97a673b82798ada8432ce582cb34a45b1eeff53bbb8beac546e2270ff4ce,48694,51,Gauss,unresolved person or eponym; contextual source use not established
09_UPDATED_JOINT_NOTE.tex,c27f97a673b82798ada8432ce582cb34a45b1eeff53bbb8beac546e2270ff4ce,48702,17,Laurent,unresolved person or eponym; contextual source use not established
09_UPDATED_JOINT_NOTE.tex,c27f97a673b82798ada8432ce582cb34a45b1eeff53bbb8beac546e2270ff4ce,48755,1,Vandermonde,unresolved person or eponym; contextual source use not established
09_UPDATED_JOINT_NOTE.tex,c27f97a673b82798ada8432ce582cb34a45b1eeff53bbb8beac546e2270ff4ce,48789,20,Taylor,unresolved person or eponym; contextual source use not established
09_UPDATED_JOINT_NOTE.tex,c27f97a673b82798ada8432ce582cb34a45b1eeff53bbb8beac546e2270ff4ce,48798,16,Gram,unresolved person or eponym; contextual source use not established
09_UPDATED_JOINT_NOTE.tex,c27f97a673b82798ada8432ce582cb34a45b1eeff53bbb8beac546e2270ff4ce,48808,39,Gram,unresolved person or eponym; contextual source use not established
09_UPDATED_JOINT_NOTE.tex,c27f97a673b82798ada8432ce582cb34a45b1eeff53bbb8beac546e2270ff4ce,48917,44,Euler,unresolved person or eponym; contextual source use not established
09_UPDATED_JOINT_NOTE.tex,c27f97a673b82798ada8432ce582cb34a45b1eeff53bbb8beac546e2270ff4ce,48993,23,Taylor,unresolved person or eponym; contextual source use not established
09_UPDATED_JOINT_NOTE.tex,c27f97a673b82798ada8432ce582cb34a45b1eeff53bbb8beac546e2270ff4ce,48997,11,Taylor,unresolved person or eponym; contextual source use not established
09_UPDATED_JOINT_NOTE.tex,c27f97a673b82798ada8432ce582cb34a45b1eeff53bbb8beac546e2270ff4ce,49005,12,Taylor,unresolved person or eponym; contextual source use not established
09_UPDATED_JOINT_NOTE.tex,c27f97a673b82798ada8432ce582cb34a45b1eeff53bbb8beac546e2270ff4ce,49016,19,Gram,unresolved person or eponym; contextual source use not established
09_UPDATED_JOINT_NOTE.tex,c27f97a673b82798ada8432ce582cb34a45b1eeff53bbb8beac546e2270ff4ce,49093,1,Vandermonde,unresolved person or eponym; contextual source use not established
09_UPDATED_JOINT_NOTE.tex,c27f97a673b82798ada8432ce582cb34a45b1eeff53bbb8beac546e2270ff4ce,49098,20,Taylor,unresolved person or eponym; contextual source use not established
09_UPDATED_JOINT_NOTE.tex,c27f97a673b82798ada8432ce582cb34a45b1eeff53bbb8beac546e2270ff4ce,49143,15,Leibniz,unresolved person or eponym; contextual source use not established
09_UPDATED_JOINT_NOTE.tex,c27f97a673b82798ada8432ce582cb34a45b1eeff53bbb8beac546e2270ff4ce,49254,36,Taylor,unresolved person or eponym; contextual source use not established
09_UPDATED_JOINT_NOTE.tex,c27f97a673b82798ada8432ce582cb34a45b1eeff53bbb8beac546e2270ff4ce,49290,1,Hilbert,unresolved person or eponym; contextual source use not established
09_UPDATED_JOINT_NOTE.tex,c27f97a673b82798ada8432ce582cb34a45b1eeff53bbb8beac546e2270ff4ce,49348,25,Vandermonde,unresolved person or eponym; contextual source use not established
09_UPDATED_JOINT_NOTE.tex,c27f97a673b82798ada8432ce582cb34a45b1eeff53bbb8beac546e2270ff4ce,49366,10,Vandermonde,unresolved person or eponym; contextual source use not established
09_UPDATED_JOINT_NOTE.tex,c27f97a673b82798ada8432ce582cb34a45b1eeff53bbb8beac546e2270ff4ce,49397,43,Vandermonde,unresolved person or eponym; contextual source use not established
09_UPDATED_JOINT_NOTE.tex,c27f97a673b82798ada8432ce582cb34a45b1eeff53bbb8beac546e2270ff4ce,49470,1,Vandermonde,unresolved person or eponym; contextual source use not established
09_UPDATED_JOINT_NOTE.tex,c27f97a673b82798ada8432ce582cb34a45b1eeff53bbb8beac546e2270ff4ce,49525,22,Vandermonde,unresolved person or eponym; contextual source use not established
09_UPDATED_JOINT_NOTE.tex,c27f97a673b82798ada8432ce582cb34a45b1eeff53bbb8beac546e2270ff4ce,49589,5,Euler,unresolved person or eponym; contextual source use not established
09_UPDATED_JOINT_NOTE.tex,c27f97a673b82798ada8432ce582cb34a45b1eeff53bbb8beac546e2270ff4ce,49737,31,Gram,unresolved person or eponym; contextual source use not established
09_UPDATED_JOINT_NOTE.tex,c27f97a673b82798ada8432ce582cb34a45b1eeff53bbb8beac546e2270ff4ce,49753,28,Schur,unresolved person or eponym; contextual source use not established
09_UPDATED_JOINT_NOTE.tex,c27f97a673b82798ada8432ce582cb34a45b1eeff53bbb8beac546e2270ff4ce,49755,12,Gram,unresolved person or eponym; contextual source use not established
09_UPDATED_JOINT_NOTE.tex,c27f97a673b82798ada8432ce582cb34a45b1eeff53bbb8beac546e2270ff4ce,49770,16,Gram,unresolved person or eponym; contextual source use not established
09_UPDATED_JOINT_NOTE.tex,c27f97a673b82798ada8432ce582cb34a45b1eeff53bbb8beac546e2270ff4ce,49783,28,Gram,unresolved person or eponym; contextual source use not established
09_UPDATED_JOINT_NOTE.tex,c27f97a673b82798ada8432ce582cb34a45b1eeff53bbb8beac546e2270ff4ce,49786,13,Gram,unresolved person or eponym; contextual source use not established
09_UPDATED_JOINT_NOTE.tex,c27f97a673b82798ada8432ce582cb34a45b1eeff53bbb8beac546e2270ff4ce,49791,1,Gram,unresolved person or eponym; contextual source use not established
09_UPDATED_JOINT_NOTE.tex,c27f97a673b82798ada8432ce582cb34a45b1eeff53bbb8beac546e2270ff4ce,49791,31,Gram,unresolved person or eponym; contextual source use not established
09_UPDATED_JOINT_NOTE.tex,c27f97a673b82798ada8432ce582cb34a45b1eeff53bbb8beac546e2270ff4ce,49795,23,Taylor,unresolved person or eponym; contextual source use not established
09_UPDATED_JOINT_NOTE.tex,c27f97a673b82798ada8432ce582cb34a45b1eeff53bbb8beac546e2270ff4ce,49800,1,Taylor,unresolved person or eponym; contextual source use not established
09_UPDATED_JOINT_NOTE.tex,c27f97a673b82798ada8432ce582cb34a45b1eeff53bbb8beac546e2270ff4ce,49861,44,Gram,unresolved person or eponym; contextual source use not established
09_UPDATED_JOINT_NOTE.tex,c27f97a673b82798ada8432ce582cb34a45b1eeff53bbb8beac546e2270ff4ce,50101,28,Gram,unresolved person or eponym; contextual source use not established
09_UPDATED_JOINT_NOTE.tex,c27f97a673b82798ada8432ce582cb34a45b1eeff53bbb8beac546e2270ff4ce,50103,23,Schur,unresolved person or eponym; contextual source use not established
09_UPDATED_JOINT_NOTE.tex,c27f97a673b82798ada8432ce582cb34a45b1eeff53bbb8beac546e2270ff4ce,50130,14,Taylor,unresolved person or eponym; contextual source use not established
09_UPDATED_JOINT_NOTE.tex,c27f97a673b82798ada8432ce582cb34a45b1eeff53bbb8beac546e2270ff4ce,50134,10,Vandermonde,unresolved person or eponym; contextual source use not established
09_UPDATED_JOINT_NOTE.tex,c27f97a673b82798ada8432ce582cb34a45b1eeff53bbb8beac546e2270ff4ce,50248,19,Gram,unresolved person or eponym; contextual source use not established
09_UPDATED_JOINT_NOTE.tex,c27f97a673b82798ada8432ce582cb34a45b1eeff53bbb8beac546e2270ff4ce,50261,1,Gram,unresolved person or eponym; contextual source use not established
09_UPDATED_JOINT_NOTE.tex,c27f97a673b82798ada8432ce582cb34a45b1eeff53bbb8beac546e2270ff4ce,50271,1,Gram,unresolved person or eponym; contextual source use not established
09_UPDATED_JOINT_NOTE.tex,c27f97a673b82798ada8432ce582cb34a45b1eeff53bbb8beac546e2270ff4ce,50287,18,Gram,unresolved person or eponym; contextual source use not established
09_UPDATED_JOINT_NOTE.tex,c27f97a673b82798ada8432ce582cb34a45b1eeff53bbb8beac546e2270ff4ce,50319,14,Vandermonde,unresolved person or eponym; contextual source use not established
09_UPDATED_JOINT_NOTE.tex,c27f97a673b82798ada8432ce582cb34a45b1eeff53bbb8beac546e2270ff4ce,50530,9,Gram,unresolved person or eponym; contextual source use not established
09_UPDATED_JOINT_NOTE.tex,c27f97a673b82798ada8432ce582cb34a45b1eeff53bbb8beac546e2270ff4ce,50530,22,Schur,unresolved person or eponym; contextual source use not established
09_UPDATED_JOINT_NOTE.tex,c27f97a673b82798ada8432ce582cb34a45b1eeff53bbb8beac546e2270ff4ce,50558,64,Gram,unresolved person or eponym; contextual source use not established
09_UPDATED_JOINT_NOTE.tex,c27f97a673b82798ada8432ce582cb34a45b1eeff53bbb8beac546e2270ff4ce,50591,21,Vandermonde,unresolved person or eponym; contextual source use not established
09_UPDATED_JOINT_NOTE.tex,c27f97a673b82798ada8432ce582cb34a45b1eeff53bbb8beac546e2270ff4ce,50645,30,Gram,unresolved person or eponym; contextual source use not established
09_UPDATED_JOINT_NOTE.tex,c27f97a673b82798ada8432ce582cb34a45b1eeff53bbb8beac546e2270ff4ce,50668,1,Vandermonde,unresolved person or eponym; contextual source use not established
09_UPDATED_JOINT_NOTE.tex,c27f97a673b82798ada8432ce582cb34a45b1eeff53bbb8beac546e2270ff4ce,50687,1,Schur,unresolved person or eponym; contextual source use not established
09_UPDATED_JOINT_NOTE.tex,c27f97a673b82798ada8432ce582cb34a45b1eeff53bbb8beac546e2270ff4ce,50718,34,Gram,unresolved person or eponym; contextual source use not established
09_UPDATED_JOINT_NOTE.tex,c27f97a673b82798ada8432ce582cb34a45b1eeff53bbb8beac546e2270ff4ce,50839,17,Gram,unresolved person or eponym; contextual source use not established
09_UPDATED_JOINT_NOTE.tex,c27f97a673b82798ada8432ce582cb34a45b1eeff53bbb8beac546e2270ff4ce,50852,11,Gram,unresolved person or eponym; contextual source use not established
09_UPDATED_JOINT_NOTE.tex,c27f97a673b82798ada8432ce582cb34a45b1eeff53bbb8beac546e2270ff4ce,50872,11,Hilbert,unresolved person or eponym; contextual source use not established
09_UPDATED_JOINT_NOTE.tex,c27f97a673b82798ada8432ce582cb34a45b1eeff53bbb8beac546e2270ff4ce,50886,39,Schur,unresolved person or eponym; contextual source use not established
09_UPDATED_JOINT_NOTE.tex,c27f97a673b82798ada8432ce582cb34a45b1eeff53bbb8beac546e2270ff4ce,50973,48,Gram,unresolved person or eponym; contextual source use not established
09_UPDATED_JOINT_NOTE.tex,c27f97a673b82798ada8432ce582cb34a45b1eeff53bbb8beac546e2270ff4ce,50977,55,Gram,unresolved person or eponym; contextual source use not established
09_UPDATED_JOINT_NOTE.tex,c27f97a673b82798ada8432ce582cb34a45b1eeff53bbb8beac546e2270ff4ce,51033,57,Gram,unresolved person or eponym; contextual source use not established
09_UPDATED_JOINT_NOTE.tex,c27f97a673b82798ada8432ce582cb34a45b1eeff53bbb8beac546e2270ff4ce,51112,42,Gram,unresolved person or eponym; contextual source use not established
09_UPDATED_JOINT_NOTE.tex,c27f97a673b82798ada8432ce582cb34a45b1eeff53bbb8beac546e2270ff4ce,51265,8,Gram,unresolved person or eponym; contextual source use not established
09_UPDATED_JOINT_NOTE.tex,c27f97a673b82798ada8432ce582cb34a45b1eeff53bbb8beac546e2270ff4ce,51451,32,Gram,unresolved person or eponym; contextual source use not established
09_UPDATED_JOINT_NOTE.tex,c27f97a673b82798ada8432ce582cb34a45b1eeff53bbb8beac546e2270ff4ce,51452,43,Gram,unresolved person or eponym; contextual source use not established
09_UPDATED_JOINT_NOTE.tex,c27f97a673b82798ada8432ce582cb34a45b1eeff53bbb8beac546e2270ff4ce,51465,51,Gram,unresolved person or eponym; contextual source use not established
09_UPDATED_JOINT_NOTE.tex,c27f97a673b82798ada8432ce582cb34a45b1eeff53bbb8beac546e2270ff4ce,51479,1,Vandermonde,unresolved person or eponym; contextual source use not established
09_UPDATED_JOINT_NOTE.tex,c27f97a673b82798ada8432ce582cb34a45b1eeff53bbb8beac546e2270ff4ce,51480,31,Vandermonde,unresolved person or eponym; contextual source use not established
09_UPDATED_JOINT_NOTE.tex,c27f97a673b82798ada8432ce582cb34a45b1eeff53bbb8beac546e2270ff4ce,51489,13,Schur,unresolved person or eponym; contextual source use not established
09_UPDATED_JOINT_NOTE.tex,c27f97a673b82798ada8432ce582cb34a45b1eeff53bbb8beac546e2270ff4ce,51490,7,Gram,unresolved person or eponym; contextual source use not established
09_UPDATED_JOINT_NOTE.tex,c27f97a673b82798ada8432ce582cb34a45b1eeff53bbb8beac546e2270ff4ce,51570,9,Gram,unresolved person or eponym; contextual source use not established
09_UPDATED_JOINT_NOTE.tex,c27f97a673b82798ada8432ce582cb34a45b1eeff53bbb8beac546e2270ff4ce,51572,26,Gram,unresolved person or eponym; contextual source use not established
09_UPDATED_JOINT_NOTE.tex,c27f97a673b82798ada8432ce582cb34a45b1eeff53bbb8beac546e2270ff4ce,51676,32,Gram,unresolved person or eponym; contextual source use not established
09_UPDATED_JOINT_NOTE.tex,c27f97a673b82798ada8432ce582cb34a45b1eeff53bbb8beac546e2270ff4ce,51760,40,Gram,unresolved person or eponym; contextual source use not established
09_UPDATED_JOINT_NOTE.tex,c27f97a673b82798ada8432ce582cb34a45b1eeff53bbb8beac546e2270ff4ce,51782,56,Gram,unresolved person or eponym; contextual source use not established
09_UPDATED_JOINT_NOTE.tex,c27f97a673b82798ada8432ce582cb34a45b1eeff53bbb8beac546e2270ff4ce,51865,207,Gram,unresolved person or eponym; contextual source use not established
09_UPDATED_JOINT_NOTE.tex,c27f97a673b82798ada8432ce582cb34a45b1eeff53bbb8beac546e2270ff4ce,52151,75,Hilbert,unresolved person or eponym; contextual source use not established
09_UPDATED_JOINT_NOTE.tex,c27f97a673b82798ada8432ce582cb34a45b1eeff53bbb8beac546e2270ff4ce,52523,27,Gram,unresolved person or eponym; contextual source use not established
09_UPDATED_JOINT_NOTE.tex,c27f97a673b82798ada8432ce582cb34a45b1eeff53bbb8beac546e2270ff4ce,52573,33,Euler,unresolved person or eponym; contextual source use not established
09_UPDATED_JOINT_NOTE.tex,c27f97a673b82798ada8432ce582cb34a45b1eeff53bbb8beac546e2270ff4ce,52576,56,Gram,unresolved person or eponym; contextual source use not established
09_UPDATED_JOINT_NOTE.tex,c27f97a673b82798ada8432ce582cb34a45b1eeff53bbb8beac546e2270ff4ce,52585,54,Gram,unresolved person or eponym; contextual source use not established
09_UPDATED_JOINT_NOTE.tex,c27f97a673b82798ada8432ce582cb34a45b1eeff53bbb8beac546e2270ff4ce,52622,10,Euler,unresolved person or eponym; contextual source use not established
09_UPDATED_JOINT_NOTE.tex,c27f97a673b82798ada8432ce582cb34a45b1eeff53bbb8beac546e2270ff4ce,52643,23,Schur,unresolved person or eponym; contextual source use not established
09_UPDATED_JOINT_NOTE.tex,c27f97a673b82798ada8432ce582cb34a45b1eeff53bbb8beac546e2270ff4ce,52664,54,Euler,unresolved person or eponym; contextual source use not established
09_UPDATED_JOINT_NOTE.tex,c27f97a673b82798ada8432ce582cb34a45b1eeff53bbb8beac546e2270ff4ce,52667,15,Vandermonde,unresolved person or eponym; contextual source use not established
09_UPDATED_JOINT_NOTE.tex,c27f97a673b82798ada8432ce582cb34a45b1eeff53bbb8beac546e2270ff4ce,52692,39,Euler,unresolved person or eponym; contextual source use not established
09_UPDATED_JOINT_NOTE.tex,c27f97a673b82798ada8432ce582cb34a45b1eeff53bbb8beac546e2270ff4ce,52697,11,Schur,unresolved person or eponym; contextual source use not established
09_UPDATED_JOINT_NOTE.tex,c27f97a673b82798ada8432ce582cb34a45b1eeff53bbb8beac546e2270ff4ce,52708,57,Euler,unresolved person or eponym; contextual source use not established
09_UPDATED_JOINT_NOTE.tex,c27f97a673b82798ada8432ce582cb34a45b1eeff53bbb8beac546e2270ff4ce,52749,10,Schur,unresolved person or eponym; contextual source use not established
09_UPDATED_JOINT_NOTE.tex,c27f97a673b82798ada8432ce582cb34a45b1eeff53bbb8beac546e2270ff4ce,52815,44,Gram,unresolved person or eponym; contextual source use not established
09_UPDATED_JOINT_NOTE.tex,c27f97a673b82798ada8432ce582cb34a45b1eeff53bbb8beac546e2270ff4ce,52845,16,Gram,unresolved person or eponym; contextual source use not established
09_UPDATED_JOINT_NOTE.tex,c27f97a673b82798ada8432ce582cb34a45b1eeff53bbb8beac546e2270ff4ce,52854,38,Gram,unresolved person or eponym; contextual source use not established
09_UPDATED_JOINT_NOTE.tex,c27f97a673b82798ada8432ce582cb34a45b1eeff53bbb8beac546e2270ff4ce,52854,57,Gram,unresolved person or eponym; contextual source use not established
09_UPDATED_JOINT_NOTE.tex,c27f97a673b82798ada8432ce582cb34a45b1eeff53bbb8beac546e2270ff4ce,52856,45,Gram,unresolved person or eponym; contextual source use not established
09_UPDATED_JOINT_NOTE.tex,c27f97a673b82798ada8432ce582cb34a45b1eeff53bbb8beac546e2270ff4ce,52863,10,Taylor,unresolved person or eponym; contextual source use not established
09_UPDATED_JOINT_NOTE.tex,c27f97a673b82798ada8432ce582cb34a45b1eeff53bbb8beac546e2270ff4ce,52908,33,Taylor,unresolved person or eponym; contextual source use not established
09_UPDATED_JOINT_NOTE.tex,c27f97a673b82798ada8432ce582cb34a45b1eeff53bbb8beac546e2270ff4ce,52984,1,Schur,unresolved person or eponym; contextual source use not established
09_UPDATED_JOINT_NOTE.tex,c27f97a673b82798ada8432ce582cb34a45b1eeff53bbb8beac546e2270ff4ce,53036,36,Gram,unresolved person or eponym; contextual source use not established
09_UPDATED_JOINT_NOTE.tex,c27f97a673b82798ada8432ce582cb34a45b1eeff53bbb8beac546e2270ff4ce,53118,17,Gram,unresolved person or eponym; contextual source use not established
09_UPDATED_JOINT_NOTE.tex,c27f97a673b82798ada8432ce582cb34a45b1eeff53bbb8beac546e2270ff4ce,53149,26,Gram,unresolved person or eponym; contextual source use not established
09_UPDATED_JOINT_NOTE.tex,c27f97a673b82798ada8432ce582cb34a45b1eeff53bbb8beac546e2270ff4ce,53421,3,Vandermonde,unresolved person or eponym; contextual source use not established
09_UPDATED_JOINT_NOTE.tex,c27f97a673b82798ada8432ce582cb34a45b1eeff53bbb8beac546e2270ff4ce,53425,17,Vandermonde,unresolved person or eponym; contextual source use not established
09_UPDATED_JOINT_NOTE.tex,c27f97a673b82798ada8432ce582cb34a45b1eeff53bbb8beac546e2270ff4ce,53426,5,Leibniz,unresolved person or eponym; contextual source use not established
09_UPDATED_JOINT_NOTE.tex,c27f97a673b82798ada8432ce582cb34a45b1eeff53bbb8beac546e2270ff4ce,53504,40,Vandermonde,unresolved person or eponym; contextual source use not established
09_UPDATED_JOINT_NOTE.tex,c27f97a673b82798ada8432ce582cb34a45b1eeff53bbb8beac546e2270ff4ce,53568,40,Gram,unresolved person or eponym; contextual source use not established
09_UPDATED_JOINT_NOTE.tex,c27f97a673b82798ada8432ce582cb34a45b1eeff53bbb8beac546e2270ff4ce,53585,13,Schur,unresolved person or eponym; contextual source use not established
09_UPDATED_JOINT_NOTE.tex,c27f97a673b82798ada8432ce582cb34a45b1eeff53bbb8beac546e2270ff4ce,53634,53,Schur,unresolved person or eponym; contextual source use not established
09_UPDATED_JOINT_NOTE.tex,c27f97a673b82798ada8432ce582cb34a45b1eeff53bbb8beac546e2270ff4ce,53846,10,Gram,unresolved person or eponym; contextual source use not established
09_UPDATED_JOINT_NOTE.tex,c27f97a673b82798ada8432ce582cb34a45b1eeff53bbb8beac546e2270ff4ce,53909,46,Taylor,unresolved person or eponym; contextual source use not established
09_UPDATED_JOINT_NOTE.tex,c27f97a673b82798ada8432ce582cb34a45b1eeff53bbb8beac546e2270ff4ce,53928,43,Vandermonde,unresolved person or eponym; contextual source use not established
09_UPDATED_JOINT_NOTE.tex,c27f97a673b82798ada8432ce582cb34a45b1eeff53bbb8beac546e2270ff4ce,53975,10,Taylor,unresolved person or eponym; contextual source use not established
09_UPDATED_JOINT_NOTE.tex,c27f97a673b82798ada8432ce582cb34a45b1eeff53bbb8beac546e2270ff4ce,53979,35,Taylor,unresolved person or eponym; contextual source use not established
09_UPDATED_JOINT_NOTE.tex,c27f97a673b82798ada8432ce582cb34a45b1eeff53bbb8beac546e2270ff4ce,53993,38,Vandermonde,unresolved person or eponym; contextual source use not established
09_UPDATED_JOINT_NOTE.tex,c27f97a673b82798ada8432ce582cb34a45b1eeff53bbb8beac546e2270ff4ce,54056,33,Gram,unresolved person or eponym; contextual source use not established
09_UPDATED_JOINT_NOTE.tex,c27f97a673b82798ada8432ce582cb34a45b1eeff53bbb8beac546e2270ff4ce,54067,1,Schur,unresolved person or eponym; contextual source use not established
09_UPDATED_JOINT_NOTE.tex,c27f97a673b82798ada8432ce582cb34a45b1eeff53bbb8beac546e2270ff4ce,54090,1,Schur,unresolved person or eponym; contextual source use not established
09_UPDATED_JOINT_NOTE.tex,c27f97a673b82798ada8432ce582cb34a45b1eeff53bbb8beac546e2270ff4ce,54210,30,Taylor,unresolved person or eponym; contextual source use not established
09_UPDATED_JOINT_NOTE.tex,c27f97a673b82798ada8432ce582cb34a45b1eeff53bbb8beac546e2270ff4ce,54275,59,Taylor,unresolved person or eponym; contextual source use not established
09_UPDATED_JOINT_NOTE.tex,c27f97a673b82798ada8432ce582cb34a45b1eeff53bbb8beac546e2270ff4ce,54278,15,Taylor,unresolved person or eponym; contextual source use not established
09_UPDATED_JOINT_NOTE.tex,c27f97a673b82798ada8432ce582cb34a45b1eeff53bbb8beac546e2270ff4ce,54313,26,Gram,unresolved person or eponym; contextual source use not established
09_UPDATED_JOINT_NOTE.tex,c27f97a673b82798ada8432ce582cb34a45b1eeff53bbb8beac546e2270ff4ce,54384,19,Gram,unresolved person or eponym; contextual source use not established
09_UPDATED_JOINT_NOTE.tex,c27f97a673b82798ada8432ce582cb34a45b1eeff53bbb8beac546e2270ff4ce,54422,36,Gram,unresolved person or eponym; contextual source use not established
09_UPDATED_JOINT_NOTE.tex,c27f97a673b82798ada8432ce582cb34a45b1eeff53bbb8beac546e2270ff4ce,54452,26,Gram,unresolved person or eponym; contextual source use not established
09_UPDATED_JOINT_NOTE.tex,c27f97a673b82798ada8432ce582cb34a45b1eeff53bbb8beac546e2270ff4ce,54454,26,Gram,unresolved person or eponym; contextual source use not established
09_UPDATED_JOINT_NOTE.tex,c27f97a673b82798ada8432ce582cb34a45b1eeff53bbb8beac546e2270ff4ce,54489,53,Gram,unresolved person or eponym; contextual source use not established
09_UPDATED_JOINT_NOTE.tex,c27f97a673b82798ada8432ce582cb34a45b1eeff53bbb8beac546e2270ff4ce,54585,28,Gram,unresolved person or eponym; contextual source use not established
09_UPDATED_JOINT_NOTE.tex,c27f97a673b82798ada8432ce582cb34a45b1eeff53bbb8beac546e2270ff4ce,54586,16,Gram,unresolved person or eponym; contextual source use not established
09_UPDATED_JOINT_NOTE.tex,c27f97a673b82798ada8432ce582cb34a45b1eeff53bbb8beac546e2270ff4ce,54594,23,Gram,unresolved person or eponym; contextual source use not established
09_UPDATED_JOINT_NOTE.tex,c27f97a673b82798ada8432ce582cb34a45b1eeff53bbb8beac546e2270ff4ce,54598,1,Gram,unresolved person or eponym; contextual source use not established
09_UPDATED_JOINT_NOTE.tex,c27f97a673b82798ada8432ce582cb34a45b1eeff53bbb8beac546e2270ff4ce,54601,12,Schur,unresolved person or eponym; contextual source use not established
09_UPDATED_JOINT_NOTE.tex,c27f97a673b82798ada8432ce582cb34a45b1eeff53bbb8beac546e2270ff4ce,54747,1,Gram,unresolved person or eponym; contextual source use not established
09_UPDATED_JOINT_NOTE.tex,c27f97a673b82798ada8432ce582cb34a45b1eeff53bbb8beac546e2270ff4ce,54907,55,Gram,unresolved person or eponym; contextual source use not established
09_UPDATED_JOINT_NOTE.tex,c27f97a673b82798ada8432ce582cb34a45b1eeff53bbb8beac546e2270ff4ce,54911,28,Gram,unresolved person or eponym; contextual source use not established
09_UPDATED_JOINT_NOTE.tex,c27f97a673b82798ada8432ce582cb34a45b1eeff53bbb8beac546e2270ff4ce,54936,41,Gram,unresolved person or eponym; contextual source use not established
09_UPDATED_JOINT_NOTE.tex,c27f97a673b82798ada8432ce582cb34a45b1eeff53bbb8beac546e2270ff4ce,54936,58,Schur,unresolved person or eponym; contextual source use not established
09_UPDATED_JOINT_NOTE.tex,c27f97a673b82798ada8432ce582cb34a45b1eeff53bbb8beac546e2270ff4ce,55085,16,Taylor,unresolved person or eponym; contextual source use not established
09_UPDATED_JOINT_NOTE.tex,c27f97a673b82798ada8432ce582cb34a45b1eeff53bbb8beac546e2270ff4ce,55087,19,Taylor,unresolved person or eponym; contextual source use not established
09_UPDATED_JOINT_NOTE.tex,c27f97a673b82798ada8432ce582cb34a45b1eeff53bbb8beac546e2270ff4ce,55173,60,Taylor,unresolved person or eponym; contextual source use not established
09_UPDATED_JOINT_NOTE.tex,c27f97a673b82798ada8432ce582cb34a45b1eeff53bbb8beac546e2270ff4ce,55263,7,Gram,unresolved person or eponym; contextual source use not established
09_UPDATED_JOINT_NOTE.tex,c27f97a673b82798ada8432ce582cb34a45b1eeff53bbb8beac546e2270ff4ce,55264,41,Schur,unresolved person or eponym; contextual source use not established
09_UPDATED_JOINT_NOTE.tex,c27f97a673b82798ada8432ce582cb34a45b1eeff53bbb8beac546e2270ff4ce,55287,23,Schur,unresolved person or eponym; contextual source use not established
09_UPDATED_JOINT_NOTE.tex,c27f97a673b82798ada8432ce582cb34a45b1eeff53bbb8beac546e2270ff4ce,55349,22,Gram,unresolved person or eponym; contextual source use not established
09_UPDATED_JOINT_NOTE.tex,c27f97a673b82798ada8432ce582cb34a45b1eeff53bbb8beac546e2270ff4ce,55351,24,Gram,unresolved person or eponym; contextual source use not established
09_UPDATED_JOINT_NOTE.tex,c27f97a673b82798ada8432ce582cb34a45b1eeff53bbb8beac546e2270ff4ce,55352,24,Gram,unresolved person or eponym; contextual source use not established
09_UPDATED_JOINT_NOTE.tex,c27f97a673b82798ada8432ce582cb34a45b1eeff53bbb8beac546e2270ff4ce,55353,24,Gram,unresolved person or eponym; contextual source use not established
09_UPDATED_JOINT_NOTE.tex,c27f97a673b82798ada8432ce582cb34a45b1eeff53bbb8beac546e2270ff4ce,55418,29,Gram,unresolved person or eponym; contextual source use not established
09_UPDATED_JOINT_NOTE.tex,c27f97a673b82798ada8432ce582cb34a45b1eeff53bbb8beac546e2270ff4ce,55432,58,Gram,unresolved person or eponym; contextual source use not established
09_UPDATED_JOINT_NOTE.tex,c27f97a673b82798ada8432ce582cb34a45b1eeff53bbb8beac546e2270ff4ce,55454,17,Euler,unresolved person or eponym; contextual source use not established
09_UPDATED_JOINT_NOTE.tex,c27f97a673b82798ada8432ce582cb34a45b1eeff53bbb8beac546e2270ff4ce,55518,1,Hadamard,unresolved person or eponym; contextual source use not established
09_UPDATED_JOINT_NOTE.tex,c27f97a673b82798ada8432ce582cb34a45b1eeff53bbb8beac546e2270ff4ce,55521,41,Gram,unresolved person or eponym; contextual source use not established
09_UPDATED_JOINT_NOTE.tex,c27f97a673b82798ada8432ce582cb34a45b1eeff53bbb8beac546e2270ff4ce,55538,1,Vandermonde,unresolved person or eponym; contextual source use not established
09_UPDATED_JOINT_NOTE.tex,c27f97a673b82798ada8432ce582cb34a45b1eeff53bbb8beac546e2270ff4ce,55538,30,Fubini,unresolved person or eponym; contextual source use not established
09_UPDATED_JOINT_NOTE.tex,c27f97a673b82798ada8432ce582cb34a45b1eeff53bbb8beac546e2270ff4ce,55546,1,Vandermonde,unresolved person or eponym; contextual source use not established
09_UPDATED_JOINT_NOTE.tex,c27f97a673b82798ada8432ce582cb34a45b1eeff53bbb8beac546e2270ff4ce,55585,29,Gram,unresolved person or eponym; contextual source use not established
09_UPDATED_JOINT_NOTE.tex,c27f97a673b82798ada8432ce582cb34a45b1eeff53bbb8beac546e2270ff4ce,55590,47,Gram,unresolved person or eponym; contextual source use not established
09_UPDATED_JOINT_NOTE.tex,c27f97a673b82798ada8432ce582cb34a45b1eeff53bbb8beac546e2270ff4ce,55626,1,Cauchy,unresolved person or eponym; contextual source use not established
09_UPDATED_JOINT_NOTE.tex,c27f97a673b82798ada8432ce582cb34a45b1eeff53bbb8beac546e2270ff4ce,55626,9,Schwarz,unresolved person or eponym; contextual source use not established
09_UPDATED_JOINT_NOTE.tex,c27f97a673b82798ada8432ce582cb34a45b1eeff53bbb8beac546e2270ff4ce,55637,1,Cauchy,unresolved person or eponym; contextual source use not established
09_UPDATED_JOINT_NOTE.tex,c27f97a673b82798ada8432ce582cb34a45b1eeff53bbb8beac546e2270ff4ce,55656,12,Gram,unresolved person or eponym; contextual source use not established
09_UPDATED_JOINT_NOTE.tex,c27f97a673b82798ada8432ce582cb34a45b1eeff53bbb8beac546e2270ff4ce,55657,14,Gram,unresolved person or eponym; contextual source use not established
09_UPDATED_JOINT_NOTE.tex,c27f97a673b82798ada8432ce582cb34a45b1eeff53bbb8beac546e2270ff4ce,55657,39,Gram,unresolved person or eponym; contextual source use not established
09_UPDATED_JOINT_NOTE.tex,c27f97a673b82798ada8432ce582cb34a45b1eeff53bbb8beac546e2270ff4ce,55661,27,Gram,unresolved person or eponym; contextual source use not established
09_UPDATED_JOINT_NOTE.tex,c27f97a673b82798ada8432ce582cb34a45b1eeff53bbb8beac546e2270ff4ce,55663,28,Gram,unresolved person or eponym; contextual source use not established
09_UPDATED_JOINT_NOTE.tex,c27f97a673b82798ada8432ce582cb34a45b1eeff53bbb8beac546e2270ff4ce,55757,52,Toeplitz,unresolved person or eponym; contextual source use not established
09_UPDATED_JOINT_NOTE.tex,c27f97a673b82798ada8432ce582cb34a45b1eeff53bbb8beac546e2270ff4ce,55807,5,Euler,unresolved person or eponym; contextual source use not established
09_UPDATED_JOINT_NOTE.tex,c27f97a673b82798ada8432ce582cb34a45b1eeff53bbb8beac546e2270ff4ce,55817,16,Fourier,unresolved person or eponym; contextual source use not established
09_UPDATED_JOINT_NOTE.tex,c27f97a673b82798ada8432ce582cb34a45b1eeff53bbb8beac546e2270ff4ce,55818,35,Fourier,unresolved person or eponym; contextual source use not established
09_UPDATED_JOINT_NOTE.tex,c27f97a673b82798ada8432ce582cb34a45b1eeff53bbb8beac546e2270ff4ce,55819,63,Gaussian,unresolved person or eponym; contextual source use not established
09_UPDATED_JOINT_NOTE.tex,c27f97a673b82798ada8432ce582cb34a45b1eeff53bbb8beac546e2270ff4ce,55830,59,Fourier,unresolved person or eponym; contextual source use not established
09_UPDATED_JOINT_NOTE.tex,c27f97a673b82798ada8432ce582cb34a45b1eeff53bbb8beac546e2270ff4ce,55851,42,Hilbert,unresolved person or eponym; contextual source use not established
09_UPDATED_JOINT_NOTE.tex,c27f97a673b82798ada8432ce582cb34a45b1eeff53bbb8beac546e2270ff4ce,55855,53,Toeplitz,unresolved person or eponym; contextual source use not established
09_UPDATED_JOINT_NOTE.tex,c27f97a673b82798ada8432ce582cb34a45b1eeff53bbb8beac546e2270ff4ce,55953,10,Taylor,unresolved person or eponym; contextual source use not established
09_UPDATED_JOINT_NOTE.tex,c27f97a673b82798ada8432ce582cb34a45b1eeff53bbb8beac546e2270ff4ce,55984,51,Toeplitz,unresolved person or eponym; contextual source use not established
09_UPDATED_JOINT_NOTE.tex,c27f97a673b82798ada8432ce582cb34a45b1eeff53bbb8beac546e2270ff4ce,55992,49,Laurent,unresolved person or eponym; contextual source use not established
09_UPDATED_JOINT_NOTE.tex,c27f97a673b82798ada8432ce582cb34a45b1eeff53bbb8beac546e2270ff4ce,56037,35,Taylor,unresolved person or eponym; contextual source use not established
09_UPDATED_JOINT_NOTE.tex,c27f97a673b82798ada8432ce582cb34a45b1eeff53bbb8beac546e2270ff4ce,56067,35,Taylor,unresolved person or eponym; contextual source use not established
09_UPDATED_JOINT_NOTE.tex,c27f97a673b82798ada8432ce582cb34a45b1eeff53bbb8beac546e2270ff4ce,56082,39,Toeplitz,unresolved person or eponym; contextual source use not established
09_UPDATED_JOINT_NOTE.tex,c27f97a673b82798ada8432ce582cb34a45b1eeff53bbb8beac546e2270ff4ce,56087,1,Cauchy,unresolved person or eponym; contextual source use not established
09_UPDATED_JOINT_NOTE.tex,c27f97a673b82798ada8432ce582cb34a45b1eeff53bbb8beac546e2270ff4ce,56208,16,Gram,unresolved person or eponym; contextual source use not established
09_UPDATED_JOINT_NOTE.tex,c27f97a673b82798ada8432ce582cb34a45b1eeff53bbb8beac546e2270ff4ce,56302,57,Gram,unresolved person or eponym; contextual source use not established
09_UPDATED_JOINT_NOTE.tex,c27f97a673b82798ada8432ce582cb34a45b1eeff53bbb8beac546e2270ff4ce,56305,57,Gram,unresolved person or eponym; contextual source use not established
09_UPDATED_JOINT_NOTE.tex,c27f97a673b82798ada8432ce582cb34a45b1eeff53bbb8beac546e2270ff4ce,56316,58,Gram,unresolved person or eponym; contextual source use not established
09_UPDATED_JOINT_NOTE.tex,c27f97a673b82798ada8432ce582cb34a45b1eeff53bbb8beac546e2270ff4ce,56326,15,Schur,unresolved person or eponym; contextual source use not established
09_UPDATED_JOINT_NOTE.tex,c27f97a673b82798ada8432ce582cb34a45b1eeff53bbb8beac546e2270ff4ce,56342,11,Schur,unresolved person or eponym; contextual source use not established
09_UPDATED_JOINT_NOTE.tex,c27f97a673b82798ada8432ce582cb34a45b1eeff53bbb8beac546e2270ff4ce,56356,53,Toeplitz,unresolved person or eponym; contextual source use not established
09_UPDATED_JOINT_NOTE.tex,c27f97a673b82798ada8432ce582cb34a45b1eeff53bbb8beac546e2270ff4ce,56492,19,Leibniz,unresolved person or eponym; contextual source use not established
09_UPDATED_JOINT_NOTE.tex,c27f97a673b82798ada8432ce582cb34a45b1eeff53bbb8beac546e2270ff4ce,56737,41,Vandermonde,unresolved person or eponym; contextual source use not established
09_UPDATED_JOINT_NOTE.tex,c27f97a673b82798ada8432ce582cb34a45b1eeff53bbb8beac546e2270ff4ce,56774,18,Gram,unresolved person or eponym; contextual source use not established
09_UPDATED_JOINT_NOTE.tex,c27f97a673b82798ada8432ce582cb34a45b1eeff53bbb8beac546e2270ff4ce,56776,41,Schur,unresolved person or eponym; contextual source use not established
09_UPDATED_JOINT_NOTE.tex,c27f97a673b82798ada8432ce582cb34a45b1eeff53bbb8beac546e2270ff4ce,56859,5,Gram,unresolved person or eponym; contextual source use not established
09_UPDATED_JOINT_NOTE.tex,c27f97a673b82798ada8432ce582cb34a45b1eeff53bbb8beac546e2270ff4ce,56896,55,Gram,unresolved person or eponym; contextual source use not established
09_UPDATED_JOINT_NOTE.tex,c27f97a673b82798ada8432ce582cb34a45b1eeff53bbb8beac546e2270ff4ce,56904,43,Schur,unresolved person or eponym; contextual source use not established
09_UPDATED_JOINT_NOTE.tex,c27f97a673b82798ada8432ce582cb34a45b1eeff53bbb8beac546e2270ff4ce,57117,32,Gram,unresolved person or eponym; contextual source use not established
09_UPDATED_JOINT_NOTE.tex,c27f97a673b82798ada8432ce582cb34a45b1eeff53bbb8beac546e2270ff4ce,57181,34,Gram,unresolved person or eponym; contextual source use not established
09_UPDATED_JOINT_NOTE.tex,c27f97a673b82798ada8432ce582cb34a45b1eeff53bbb8beac546e2270ff4ce,57196,42,Gram,unresolved person or eponym; contextual source use not established
09_UPDATED_JOINT_NOTE.tex,c27f97a673b82798ada8432ce582cb34a45b1eeff53bbb8beac546e2270ff4ce,57197,64,Gram,unresolved person or eponym; contextual source use not established
09_UPDATED_JOINT_NOTE.tex,c27f97a673b82798ada8432ce582cb34a45b1eeff53bbb8beac546e2270ff4ce,57263,34,Euler,unresolved person or eponym; contextual source use not established
09_UPDATED_JOINT_NOTE.tex,c27f97a673b82798ada8432ce582cb34a45b1eeff53bbb8beac546e2270ff4ce,57264,37,Fourier,unresolved person or eponym; contextual source use not established
09_UPDATED_JOINT_NOTE.tex,c27f97a673b82798ada8432ce582cb34a45b1eeff53bbb8beac546e2270ff4ce,57269,22,Fourier,unresolved person or eponym; contextual source use not established
09_UPDATED_JOINT_NOTE.tex,c27f97a673b82798ada8432ce582cb34a45b1eeff53bbb8beac546e2270ff4ce,57269,55,Fourier,unresolved person or eponym; contextual source use not established
09_UPDATED_JOINT_NOTE.tex,c27f97a673b82798ada8432ce582cb34a45b1eeff53bbb8beac546e2270ff4ce,57312,63,Gram,unresolved person or eponym; contextual source use not established
09_UPDATED_JOINT_NOTE.tex,c27f97a673b82798ada8432ce582cb34a45b1eeff53bbb8beac546e2270ff4ce,57319,60,Gauss,unresolved person or eponym; contextual source use not established
09_UPDATED_JOINT_NOTE.tex,c27f97a673b82798ada8432ce582cb34a45b1eeff53bbb8beac546e2270ff4ce,57322,41,Laurent,unresolved person or eponym; contextual source use not established
09_UPDATED_JOINT_NOTE.tex,c27f97a673b82798ada8432ce582cb34a45b1eeff53bbb8beac546e2270ff4ce,57352,7,Vandermonde,unresolved person or eponym; contextual source use not established
09_UPDATED_JOINT_NOTE.tex,c27f97a673b82798ada8432ce582cb34a45b1eeff53bbb8beac546e2270ff4ce,57411,25,Gram,unresolved person or eponym; contextual source use not established
09_UPDATED_JOINT_NOTE.tex,c27f97a673b82798ada8432ce582cb34a45b1eeff53bbb8beac546e2270ff4ce,57413,5,Cauchy,unresolved person or eponym; contextual source use not established
09_UPDATED_JOINT_NOTE.tex,c27f97a673b82798ada8432ce582cb34a45b1eeff53bbb8beac546e2270ff4ce,57413,13,Binet,unresolved person or eponym; contextual source use not established
09_UPDATED_JOINT_NOTE.tex,c27f97a673b82798ada8432ce582cb34a45b1eeff53bbb8beac546e2270ff4ce,57459,9,Gram,unresolved person or eponym; contextual source use not established
09_UPDATED_JOINT_NOTE.tex,c27f97a673b82798ada8432ce582cb34a45b1eeff53bbb8beac546e2270ff4ce,57459,31,Gram,unresolved person or eponym; contextual source use not established
09_UPDATED_JOINT_NOTE.tex,c27f97a673b82798ada8432ce582cb34a45b1eeff53bbb8beac546e2270ff4ce,57549,23,Gram,unresolved person or eponym; contextual source use not established
09_UPDATED_JOINT_NOTE.tex,c27f97a673b82798ada8432ce582cb34a45b1eeff53bbb8beac546e2270ff4ce,57551,5,Schur,unresolved person or eponym; contextual source use not established
09_UPDATED_JOINT_NOTE.tex,c27f97a673b82798ada8432ce582cb34a45b1eeff53bbb8beac546e2270ff4ce,57553,5,Gram,unresolved person or eponym; contextual source use not established
09_UPDATED_JOINT_NOTE.tex,c27f97a673b82798ada8432ce582cb34a45b1eeff53bbb8beac546e2270ff4ce,57583,20,Gram,unresolved person or eponym; contextual source use not established
09_UPDATED_JOINT_NOTE.tex,c27f97a673b82798ada8432ce582cb34a45b1eeff53bbb8beac546e2270ff4ce,57584,29,Gram,unresolved person or eponym; contextual source use not established
09_UPDATED_JOINT_NOTE.tex,c27f97a673b82798ada8432ce582cb34a45b1eeff53bbb8beac546e2270ff4ce,57588,8,Gram,unresolved person or eponym; contextual source use not established
09_UPDATED_JOINT_NOTE.tex,c27f97a673b82798ada8432ce582cb34a45b1eeff53bbb8beac546e2270ff4ce,57588,45,Gram,unresolved person or eponym; contextual source use not established
09_UPDATED_JOINT_NOTE.tex,c27f97a673b82798ada8432ce582cb34a45b1eeff53bbb8beac546e2270ff4ce,57589,20,Gram,unresolved person or eponym; contextual source use not established
09_UPDATED_JOINT_NOTE.tex,c27f97a673b82798ada8432ce582cb34a45b1eeff53bbb8beac546e2270ff4ce,57596,61,Gram,unresolved person or eponym; contextual source use not established
09_UPDATED_JOINT_NOTE.tex,c27f97a673b82798ada8432ce582cb34a45b1eeff53bbb8beac546e2270ff4ce,57698,54,Gram,unresolved person or eponym; contextual source use not established
09_UPDATED_JOINT_NOTE.tex,c27f97a673b82798ada8432ce582cb34a45b1eeff53bbb8beac546e2270ff4ce,57740,8,Gram,unresolved person or eponym; contextual source use not established
09_UPDATED_JOINT_NOTE.tex,c27f97a673b82798ada8432ce582cb34a45b1eeff53bbb8beac546e2270ff4ce,57751,29,Gram,unresolved person or eponym; contextual source use not established
09_UPDATED_JOINT_NOTE.tex,c27f97a673b82798ada8432ce582cb34a45b1eeff53bbb8beac546e2270ff4ce,57780,29,Gram,unresolved person or eponym; contextual source use not established
09_UPDATED_JOINT_NOTE.tex,c27f97a673b82798ada8432ce582cb34a45b1eeff53bbb8beac546e2270ff4ce,57809,1,Gram,unresolved person or eponym; contextual source use not established
09_UPDATED_JOINT_NOTE.tex,c27f97a673b82798ada8432ce582cb34a45b1eeff53bbb8beac546e2270ff4ce,57814,35,Gram,unresolved person or eponym; contextual source use not established
09_UPDATED_JOINT_NOTE.tex,c27f97a673b82798ada8432ce582cb34a45b1eeff53bbb8beac546e2270ff4ce,57896,14,Taylor,unresolved person or eponym; contextual source use not established
09_UPDATED_JOINT_NOTE.tex,c27f97a673b82798ada8432ce582cb34a45b1eeff53bbb8beac546e2270ff4ce,57924,32,Taylor,unresolved person or eponym; contextual source use not established
09_UPDATED_JOINT_NOTE.tex,c27f97a673b82798ada8432ce582cb34a45b1eeff53bbb8beac546e2270ff4ce,57926,48,Taylor,unresolved person or eponym; contextual source use not established
09_UPDATED_JOINT_NOTE.tex,c27f97a673b82798ada8432ce582cb34a45b1eeff53bbb8beac546e2270ff4ce,58002,48,Taylor,unresolved person or eponym; contextual source use not established
09_UPDATED_JOINT_NOTE.tex,c27f97a673b82798ada8432ce582cb34a45b1eeff53bbb8beac546e2270ff4ce,58063,24,Gram,unresolved person or eponym; contextual source use not established
09_UPDATED_JOINT_NOTE.tex,c27f97a673b82798ada8432ce582cb34a45b1eeff53bbb8beac546e2270ff4ce,58107,47,Taylor,unresolved person or eponym; contextual source use not established
09_UPDATED_JOINT_NOTE.tex,c27f97a673b82798ada8432ce582cb34a45b1eeff53bbb8beac546e2270ff4ce,58140,19,Gram,unresolved person or eponym; contextual source use not established
09_UPDATED_JOINT_NOTE.tex,c27f97a673b82798ada8432ce582cb34a45b1eeff53bbb8beac546e2270ff4ce,58152,5,Riesz,unresolved person or eponym; contextual source use not established
09_UPDATED_JOINT_NOTE.tex,c27f97a673b82798ada8432ce582cb34a45b1eeff53bbb8beac546e2270ff4ce,58161,38,Gram,unresolved person or eponym; contextual source use not established
09_UPDATED_JOINT_NOTE.tex,c27f97a673b82798ada8432ce582cb34a45b1eeff53bbb8beac546e2270ff4ce,58195,1,Vandermonde,unresolved person or eponym; contextual source use not established
09_UPDATED_JOINT_NOTE.tex,c27f97a673b82798ada8432ce582cb34a45b1eeff53bbb8beac546e2270ff4ce,58243,41,Vandermonde,unresolved person or eponym; contextual source use not established
09_UPDATED_JOINT_NOTE.tex,c27f97a673b82798ada8432ce582cb34a45b1eeff53bbb8beac546e2270ff4ce,58245,15,Vandermonde,unresolved person or eponym; contextual source use not established
09_UPDATED_JOINT_NOTE.tex,c27f97a673b82798ada8432ce582cb34a45b1eeff53bbb8beac546e2270ff4ce,58296,59,Gram,unresolved person or eponym; contextual source use not established
09_UPDATED_JOINT_NOTE.tex,c27f97a673b82798ada8432ce582cb34a45b1eeff53bbb8beac546e2270ff4ce,58310,40,Gram,unresolved person or eponym; contextual source use not established
09_UPDATED_JOINT_NOTE.tex,c27f97a673b82798ada8432ce582cb34a45b1eeff53bbb8beac546e2270ff4ce,58376,38,Taylor,unresolved person or eponym; contextual source use not established
09_UPDATED_JOINT_NOTE.tex,c27f97a673b82798ada8432ce582cb34a45b1eeff53bbb8beac546e2270ff4ce,58383,31,Taylor,unresolved person or eponym; contextual source use not established
09_UPDATED_JOINT_NOTE.tex,c27f97a673b82798ada8432ce582cb34a45b1eeff53bbb8beac546e2270ff4ce,58386,15,Taylor,unresolved person or eponym; contextual source use not established
09_UPDATED_JOINT_NOTE.tex,c27f97a673b82798ada8432ce582cb34a45b1eeff53bbb8beac546e2270ff4ce,58411,35,Taylor,unresolved person or eponym; contextual source use not established
09_UPDATED_JOINT_NOTE.tex,c27f97a673b82798ada8432ce582cb34a45b1eeff53bbb8beac546e2270ff4ce,58418,1,Taylor,unresolved person or eponym; contextual source use not established
09_UPDATED_JOINT_NOTE.tex,c27f97a673b82798ada8432ce582cb34a45b1eeff53bbb8beac546e2270ff4ce,58432,20,Vandermonde,unresolved person or eponym; contextual source use not established
09_UPDATED_JOINT_NOTE.tex,c27f97a673b82798ada8432ce582cb34a45b1eeff53bbb8beac546e2270ff4ce,58434,31,Vandermonde,unresolved person or eponym; contextual source use not established
09_UPDATED_JOINT_NOTE.tex,c27f97a673b82798ada8432ce582cb34a45b1eeff53bbb8beac546e2270ff4ce,58529,52,Gram,unresolved person or eponym; contextual source use not established
09_UPDATED_JOINT_NOTE.tex,c27f97a673b82798ada8432ce582cb34a45b1eeff53bbb8beac546e2270ff4ce,58532,1,Gram,unresolved person or eponym; contextual source use not established
09_UPDATED_JOINT_NOTE.tex,c27f97a673b82798ada8432ce582cb34a45b1eeff53bbb8beac546e2270ff4ce,58533,14,Gram,unresolved person or eponym; contextual source use not established
09_UPDATED_JOINT_NOTE.tex,c27f97a673b82798ada8432ce582cb34a45b1eeff53bbb8beac546e2270ff4ce,58691,39,Taylor,unresolved person or eponym; contextual source use not established
09_UPDATED_JOINT_NOTE.tex,c27f97a673b82798ada8432ce582cb34a45b1eeff53bbb8beac546e2270ff4ce,58717,31,Gram,unresolved person or eponym; contextual source use not established
09_UPDATED_JOINT_NOTE.tex,c27f97a673b82798ada8432ce582cb34a45b1eeff53bbb8beac546e2270ff4ce,58728,49,Taylor,unresolved person or eponym; contextual source use not established
09_UPDATED_JOINT_NOTE.tex,c27f97a673b82798ada8432ce582cb34a45b1eeff53bbb8beac546e2270ff4ce,58741,9,Taylor,unresolved person or eponym; contextual source use not established
09_UPDATED_JOINT_NOTE.tex,c27f97a673b82798ada8432ce582cb34a45b1eeff53bbb8beac546e2270ff4ce,58745,25,Vandermonde,unresolved person or eponym; contextual source use not established
09_UPDATED_JOINT_NOTE.tex,c27f97a673b82798ada8432ce582cb34a45b1eeff53bbb8beac546e2270ff4ce,58746,22,Vandermonde,unresolved person or eponym; contextual source use not established
09_UPDATED_JOINT_NOTE.tex,c27f97a673b82798ada8432ce582cb34a45b1eeff53bbb8beac546e2270ff4ce,58911,1,Gram,unresolved person or eponym; contextual source use not established
09_UPDATED_JOINT_NOTE.tex,c27f97a673b82798ada8432ce582cb34a45b1eeff53bbb8beac546e2270ff4ce,58916,33,Gram,unresolved person or eponym; contextual source use not established
09_UPDATED_JOINT_NOTE.tex,c27f97a673b82798ada8432ce582cb34a45b1eeff53bbb8beac546e2270ff4ce,58919,40,Gram,unresolved person or eponym; contextual source use not established
09_UPDATED_JOINT_NOTE.tex,c27f97a673b82798ada8432ce582cb34a45b1eeff53bbb8beac546e2270ff4ce,59039,43,Gram,unresolved person or eponym; contextual source use not established
09_UPDATED_JOINT_NOTE.tex,c27f97a673b82798ada8432ce582cb34a45b1eeff53bbb8beac546e2270ff4ce,59046,37,Gram,unresolved person or eponym; contextual source use not established
09_UPDATED_JOINT_NOTE.tex,c27f97a673b82798ada8432ce582cb34a45b1eeff53bbb8beac546e2270ff4ce,59214,11,Schur,unresolved person or eponym; contextual source use not established
09_UPDATED_JOINT_NOTE.tex,c27f97a673b82798ada8432ce582cb34a45b1eeff53bbb8beac546e2270ff4ce,59420,27,Gram,unresolved person or eponym; contextual source use not established
09_UPDATED_JOINT_NOTE.tex,c27f97a673b82798ada8432ce582cb34a45b1eeff53bbb8beac546e2270ff4ce,59424,28,Gram,unresolved person or eponym; contextual source use not established
09_UPDATED_JOINT_NOTE.tex,c27f97a673b82798ada8432ce582cb34a45b1eeff53bbb8beac546e2270ff4ce,59432,24,Schur,unresolved person or eponym; contextual source use not established
09_UPDATED_JOINT_NOTE.tex,c27f97a673b82798ada8432ce582cb34a45b1eeff53bbb8beac546e2270ff4ce,59533,34,Schur,unresolved person or eponym; contextual source use not established
09_UPDATED_JOINT_NOTE.tex,c27f97a673b82798ada8432ce582cb34a45b1eeff53bbb8beac546e2270ff4ce,59534,1,Taylor,unresolved person or eponym; contextual source use not established
09_UPDATED_JOINT_NOTE.tex,c27f97a673b82798ada8432ce582cb34a45b1eeff53bbb8beac546e2270ff4ce,59586,44,Gram,unresolved person or eponym; contextual source use not established
09_UPDATED_JOINT_NOTE.tex,c27f97a673b82798ada8432ce582cb34a45b1eeff53bbb8beac546e2270ff4ce,59607,29,Taylor,unresolved person or eponym; contextual source use not established
09_UPDATED_JOINT_NOTE.tex,c27f97a673b82798ada8432ce582cb34a45b1eeff53bbb8beac546e2270ff4ce,59669,61,Gram,unresolved person or eponym; contextual source use not established
09_UPDATED_JOINT_NOTE.tex,c27f97a673b82798ada8432ce582cb34a45b1eeff53bbb8beac546e2270ff4ce,59768,15,Gram,unresolved person or eponym; contextual source use not established
09_UPDATED_JOINT_NOTE.tex,c27f97a673b82798ada8432ce582cb34a45b1eeff53bbb8beac546e2270ff4ce,59859,38,Gram,unresolved person or eponym; contextual source use not established
09_UPDATED_JOINT_NOTE.tex,c27f97a673b82798ada8432ce582cb34a45b1eeff53bbb8beac546e2270ff4ce,59863,50,Gram,unresolved person or eponym; contextual source use not established
09_UPDATED_JOINT_NOTE.tex,c27f97a673b82798ada8432ce582cb34a45b1eeff53bbb8beac546e2270ff4ce,59893,1,Gram,unresolved person or eponym; contextual source use not established
09_UPDATED_JOINT_NOTE.tex,c27f97a673b82798ada8432ce582cb34a45b1eeff53bbb8beac546e2270ff4ce,59989,41,Gram,unresolved person or eponym; contextual source use not established
09_UPDATED_JOINT_NOTE.tex,c27f97a673b82798ada8432ce582cb34a45b1eeff53bbb8beac546e2270ff4ce,60010,23,Gram,unresolved person or eponym; contextual source use not established
09_UPDATED_JOINT_NOTE.tex,c27f97a673b82798ada8432ce582cb34a45b1eeff53bbb8beac546e2270ff4ce,60190,26,Jacobi,unresolved person or eponym; contextual source use not established
09_UPDATED_JOINT_NOTE.tex,c27f97a673b82798ada8432ce582cb34a45b1eeff53bbb8beac546e2270ff4ce,60194,11,Gram,unresolved person or eponym; contextual source use not established
09_UPDATED_JOINT_NOTE.tex,c27f97a673b82798ada8432ce582cb34a45b1eeff53bbb8beac546e2270ff4ce,60503,13,Gram,unresolved person or eponym; contextual source use not established
09_UPDATED_JOINT_NOTE.tex,c27f97a673b82798ada8432ce582cb34a45b1eeff53bbb8beac546e2270ff4ce,60705,54,Gram,unresolved person or eponym; contextual source use not established
09_UPDATED_JOINT_NOTE.tex,c27f97a673b82798ada8432ce582cb34a45b1eeff53bbb8beac546e2270ff4ce,60732,30,Jacobi,unresolved person or eponym; contextual source use not established
09_UPDATED_JOINT_NOTE.tex,c27f97a673b82798ada8432ce582cb34a45b1eeff53bbb8beac546e2270ff4ce,60733,7,Gram,unresolved person or eponym; contextual source use not established
09_UPDATED_JOINT_NOTE.tex,c27f97a673b82798ada8432ce582cb34a45b1eeff53bbb8beac546e2270ff4ce,60901,30,Schur,unresolved person or eponym; contextual source use not established
09_UPDATED_JOINT_NOTE.tex,c27f97a673b82798ada8432ce582cb34a45b1eeff53bbb8beac546e2270ff4ce,60967,23,Gram,unresolved person or eponym; contextual source use not established
09_UPDATED_JOINT_NOTE.tex,c27f97a673b82798ada8432ce582cb34a45b1eeff53bbb8beac546e2270ff4ce,61093,33,Laguerre,unresolved person or eponym; contextual source use not established
09_UPDATED_JOINT_NOTE.tex,c27f97a673b82798ada8432ce582cb34a45b1eeff53bbb8beac546e2270ff4ce,61099,25,Rodrigues,unresolved person or eponym; contextual source use not established
09_UPDATED_JOINT_NOTE.tex,c27f97a673b82798ada8432ce582cb34a45b1eeff53bbb8beac546e2270ff4ce,61110,182,Cauchy,unresolved person or eponym; contextual source use not established
09_UPDATED_JOINT_NOTE.tex,c27f97a673b82798ada8432ce582cb34a45b1eeff53bbb8beac546e2270ff4ce,61110,190,Schwarz,unresolved person or eponym; contextual source use not established
09_UPDATED_JOINT_NOTE.tex,c27f97a673b82798ada8432ce582cb34a45b1eeff53bbb8beac546e2270ff4ce,61218,566,Schur,unresolved person or eponym; contextual source use not established
09_UPDATED_JOINT_NOTE.tex,c27f97a673b82798ada8432ce582cb34a45b1eeff53bbb8beac546e2270ff4ce,61231,87,Laguerre,unresolved person or eponym; contextual source use not established
09_UPDATED_JOINT_NOTE.tex,c27f97a673b82798ada8432ce582cb34a45b1eeff53bbb8beac546e2270ff4ce,61241,5,Gram,unresolved person or eponym; contextual source use not established
09_UPDATED_JOINT_NOTE.tex,c27f97a673b82798ada8432ce582cb34a45b1eeff53bbb8beac546e2270ff4ce,61304,62,Stirling,unresolved person or eponym; contextual source use not established
09_UPDATED_JOINT_NOTE.tex,c27f97a673b82798ada8432ce582cb34a45b1eeff53bbb8beac546e2270ff4ce,61336,34,Gram,unresolved person or eponym; contextual source use not established
09_UPDATED_JOINT_NOTE.tex,c27f97a673b82798ada8432ce582cb34a45b1eeff53bbb8beac546e2270ff4ce,61344,248,Taylor,unresolved person or eponym; contextual source use not established
09_UPDATED_JOINT_NOTE.tex,c27f97a673b82798ada8432ce582cb34a45b1eeff53bbb8beac546e2270ff4ce,61369,109,Taylor,unresolved person or eponym; contextual source use not established
09_UPDATED_JOINT_NOTE.tex,c27f97a673b82798ada8432ce582cb34a45b1eeff53bbb8beac546e2270ff4ce,61375,5,Taylor,unresolved person or eponym; contextual source use not established
09_UPDATED_JOINT_NOTE.tex,c27f97a673b82798ada8432ce582cb34a45b1eeff53bbb8beac546e2270ff4ce,61377,16,Gram,unresolved person or eponym; contextual source use not established
09_UPDATED_JOINT_NOTE.tex,c27f97a673b82798ada8432ce582cb34a45b1eeff53bbb8beac546e2270ff4ce,61444,88,Gram,unresolved person or eponym; contextual source use not established
09_UPDATED_JOINT_NOTE.tex,c27f97a673b82798ada8432ce582cb34a45b1eeff53bbb8beac546e2270ff4ce,61546,223,Gram,unresolved person or eponym; contextual source use not established
09_UPDATED_JOINT_NOTE.tex,c27f97a673b82798ada8432ce582cb34a45b1eeff53bbb8beac546e2270ff4ce,61546,275,Schur,unresolved person or eponym; contextual source use not established
09_UPDATED_JOINT_NOTE.tex,c27f97a673b82798ada8432ce582cb34a45b1eeff53bbb8beac546e2270ff4ce,61801,3,Chebyshev,unresolved person or eponym; contextual source use not established
09_UPDATED_JOINT_NOTE.tex,c27f97a673b82798ada8432ce582cb34a45b1eeff53bbb8beac546e2270ff4ce,61922,14,Laguerre,unresolved person or eponym; contextual source use not established
09_UPDATED_JOINT_NOTE.tex,c27f97a673b82798ada8432ce582cb34a45b1eeff53bbb8beac546e2270ff4ce,62104,1,Taylor,unresolved person or eponym; contextual source use not established
09_UPDATED_JOINT_NOTE.tex,c27f97a673b82798ada8432ce582cb34a45b1eeff53bbb8beac546e2270ff4ce,62160,66,Schur,unresolved person or eponym; contextual source use not established
09_UPDATED_JOINT_NOTE.tex,c27f97a673b82798ada8432ce582cb34a45b1eeff53bbb8beac546e2270ff4ce,62176,44,Gram,unresolved person or eponym; contextual source use not established
09_UPDATED_JOINT_NOTE.tex,c27f97a673b82798ada8432ce582cb34a45b1eeff53bbb8beac546e2270ff4ce,62353,47,Gram,unresolved person or eponym; contextual source use not established
09_UPDATED_JOINT_NOTE.tex,c27f97a673b82798ada8432ce582cb34a45b1eeff53bbb8beac546e2270ff4ce,62455,10,Taylor,unresolved person or eponym; contextual source use not established
09_UPDATED_JOINT_NOTE.tex,c27f97a673b82798ada8432ce582cb34a45b1eeff53bbb8beac546e2270ff4ce,62597,1,Cauchy,unresolved person or eponym; contextual source use not established
09_UPDATED_JOINT_NOTE.tex,c27f97a673b82798ada8432ce582cb34a45b1eeff53bbb8beac546e2270ff4ce,62597,9,Schwarz,unresolved person or eponym; contextual source use not established
09_UPDATED_JOINT_NOTE.tex,c27f97a673b82798ada8432ce582cb34a45b1eeff53bbb8beac546e2270ff4ce,62618,14,Cauchy,unresolved person or eponym; contextual source use not established
09_UPDATED_JOINT_NOTE.tex,c27f97a673b82798ada8432ce582cb34a45b1eeff53bbb8beac546e2270ff4ce,62628,7,Cauchy,unresolved person or eponym; contextual source use not established
09_UPDATED_JOINT_NOTE.tex,c27f97a673b82798ada8432ce582cb34a45b1eeff53bbb8beac546e2270ff4ce,62628,15,Schwarz,unresolved person or eponym; contextual source use not established
09_UPDATED_JOINT_NOTE.tex,c27f97a673b82798ada8432ce582cb34a45b1eeff53bbb8beac546e2270ff4ce,62632,49,Tonelli,unresolved person or eponym; contextual source use not established
09_UPDATED_JOINT_NOTE.tex,c27f97a673b82798ada8432ce582cb34a45b1eeff53bbb8beac546e2270ff4ce,62676,36,Tonelli,unresolved person or eponym; contextual source use not established
09_UPDATED_JOINT_NOTE.tex,c27f97a673b82798ada8432ce582cb34a45b1eeff53bbb8beac546e2270ff4ce,63214,19,Vandermonde,unresolved person or eponym; contextual source use not established
09_UPDATED_JOINT_NOTE.tex,c27f97a673b82798ada8432ce582cb34a45b1eeff53bbb8beac546e2270ff4ce,63305,1,Vandermonde,unresolved person or eponym; contextual source use not established
09_UPDATED_JOINT_NOTE.tex,c27f97a673b82798ada8432ce582cb34a45b1eeff53bbb8beac546e2270ff4ce,63341,32,Vandermonde,unresolved person or eponym; contextual source use not established
09_UPDATED_JOINT_NOTE.tex,c27f97a673b82798ada8432ce582cb34a45b1eeff53bbb8beac546e2270ff4ce,63396,36,Gram,unresolved person or eponym; contextual source use not established
09_UPDATED_JOINT_NOTE.tex,c27f97a673b82798ada8432ce582cb34a45b1eeff53bbb8beac546e2270ff4ce,63426,9,Gaussian,unresolved person or eponym; contextual source use not established
09_UPDATED_JOINT_NOTE.tex,c27f97a673b82798ada8432ce582cb34a45b1eeff53bbb8beac546e2270ff4ce,63537,49,Gram,unresolved person or eponym; contextual source use not established
09_UPDATED_JOINT_NOTE.tex,c27f97a673b82798ada8432ce582cb34a45b1eeff53bbb8beac546e2270ff4ce,63541,59,Schur,unresolved person or eponym; contextual source use not established
09_UPDATED_JOINT_NOTE.tex,c27f97a673b82798ada8432ce582cb34a45b1eeff53bbb8beac546e2270ff4ce,63614,42,Vandermonde,unresolved person or eponym; contextual source use not established
09_UPDATED_JOINT_NOTE.tex,c27f97a673b82798ada8432ce582cb34a45b1eeff53bbb8beac546e2270ff4ce,63615,29,Leibniz,unresolved person or eponym; contextual source use not established
09_UPDATED_JOINT_NOTE.tex,c27f97a673b82798ada8432ce582cb34a45b1eeff53bbb8beac546e2270ff4ce,63654,54,Vandermonde,unresolved person or eponym; contextual source use not established
09_UPDATED_JOINT_NOTE.tex,c27f97a673b82798ada8432ce582cb34a45b1eeff53bbb8beac546e2270ff4ce,63669,34,Taylor,unresolved person or eponym; contextual source use not established
09_UPDATED_JOINT_NOTE.tex,c27f97a673b82798ada8432ce582cb34a45b1eeff53bbb8beac546e2270ff4ce,63692,1,Vandermonde,unresolved person or eponym; contextual source use not established
09_UPDATED_JOINT_NOTE.tex,c27f97a673b82798ada8432ce582cb34a45b1eeff53bbb8beac546e2270ff4ce,63709,16,Gauss,unresolved person or eponym; contextual source use not established
09_UPDATED_JOINT_NOTE.tex,c27f97a673b82798ada8432ce582cb34a45b1eeff53bbb8beac546e2270ff4ce,63732,66,Gauss,unresolved person or eponym; contextual source use not established
09_UPDATED_JOINT_NOTE.tex,c27f97a673b82798ada8432ce582cb34a45b1eeff53bbb8beac546e2270ff4ce,63735,5,Laurent,unresolved person or eponym; contextual source use not established
09_UPDATED_JOINT_NOTE.tex,c27f97a673b82798ada8432ce582cb34a45b1eeff53bbb8beac546e2270ff4ce,63873,7,Leibniz,unresolved person or eponym; contextual source use not established
09_UPDATED_JOINT_NOTE.tex,c27f97a673b82798ada8432ce582cb34a45b1eeff53bbb8beac546e2270ff4ce,63891,60,Taylor,unresolved person or eponym; contextual source use not established
09_UPDATED_JOINT_NOTE.tex,c27f97a673b82798ada8432ce582cb34a45b1eeff53bbb8beac546e2270ff4ce,63924,59,Vandermonde,unresolved person or eponym; contextual source use not established
09_UPDATED_JOINT_NOTE.tex,c27f97a673b82798ada8432ce582cb34a45b1eeff53bbb8beac546e2270ff4ce,63926,31,Taylor,unresolved person or eponym; contextual source use not established
09_UPDATED_JOINT_NOTE.tex,c27f97a673b82798ada8432ce582cb34a45b1eeff53bbb8beac546e2270ff4ce,64186,24,Taylor,unresolved person or eponym; contextual source use not established
09_UPDATED_JOINT_NOTE.tex,c27f97a673b82798ada8432ce582cb34a45b1eeff53bbb8beac546e2270ff4ce,64187,47,Vandermonde,unresolved person or eponym; contextual source use not established
09_UPDATED_JOINT_NOTE.tex,c27f97a673b82798ada8432ce582cb34a45b1eeff53bbb8beac546e2270ff4ce,64211,5,Vandermonde,unresolved person or eponym; contextual source use not established
09_UPDATED_JOINT_NOTE.tex,c27f97a673b82798ada8432ce582cb34a45b1eeff53bbb8beac546e2270ff4ce,64220,14,Leibniz,unresolved person or eponym; contextual source use not established
09_UPDATED_JOINT_NOTE.tex,c27f97a673b82798ada8432ce582cb34a45b1eeff53bbb8beac546e2270ff4ce,64280,44,Schur,unresolved person or eponym; contextual source use not established
09_UPDATED_JOINT_NOTE.tex,c27f97a673b82798ada8432ce582cb34a45b1eeff53bbb8beac546e2270ff4ce,64340,43,Gram,unresolved person or eponym; contextual source use not established
09_UPDATED_JOINT_NOTE.tex,c27f97a673b82798ada8432ce582cb34a45b1eeff53bbb8beac546e2270ff4ce,64435,57,Taylor,unresolved person or eponym; contextual source use not established
09_UPDATED_JOINT_NOTE.tex,c27f97a673b82798ada8432ce582cb34a45b1eeff53bbb8beac546e2270ff4ce,64712,14,Taylor,unresolved person or eponym; contextual source use not established
09_UPDATED_JOINT_NOTE.tex,c27f97a673b82798ada8432ce582cb34a45b1eeff53bbb8beac546e2270ff4ce,64786,21,Schur,unresolved person or eponym; contextual source use not established
09_UPDATED_JOINT_NOTE.tex,c27f97a673b82798ada8432ce582cb34a45b1eeff53bbb8beac546e2270ff4ce,64791,24,Gram,unresolved person or eponym; contextual source use not established
09_UPDATED_JOINT_NOTE.tex,c27f97a673b82798ada8432ce582cb34a45b1eeff53bbb8beac546e2270ff4ce,64801,28,Gram,unresolved person or eponym; contextual source use not established
09_UPDATED_JOINT_NOTE.tex,c27f97a673b82798ada8432ce582cb34a45b1eeff53bbb8beac546e2270ff4ce,64809,7,Gram,unresolved person or eponym; contextual source use not established
09_UPDATED_JOINT_NOTE.tex,c27f97a673b82798ada8432ce582cb34a45b1eeff53bbb8beac546e2270ff4ce,65120,5,Gram,unresolved person or eponym; contextual source use not established
09_UPDATED_JOINT_NOTE.tex,c27f97a673b82798ada8432ce582cb34a45b1eeff53bbb8beac546e2270ff4ce,65120,48,Gram,unresolved person or eponym; contextual source use not established
09_UPDATED_JOINT_NOTE.tex,c27f97a673b82798ada8432ce582cb34a45b1eeff53bbb8beac546e2270ff4ce,65139,10,Taylor,unresolved person or eponym; contextual source use not established
09_UPDATED_JOINT_NOTE.tex,c27f97a673b82798ada8432ce582cb34a45b1eeff53bbb8beac546e2270ff4ce,65141,11,Vandermonde,unresolved person or eponym; contextual source use not established
09_UPDATED_JOINT_NOTE.tex,c27f97a673b82798ada8432ce582cb34a45b1eeff53bbb8beac546e2270ff4ce,65143,1,Vandermonde,unresolved person or eponym; contextual source use not established
09_UPDATED_JOINT_NOTE.tex,c27f97a673b82798ada8432ce582cb34a45b1eeff53bbb8beac546e2270ff4ce,65150,14,Taylor,unresolved person or eponym; contextual source use not established
09_UPDATED_JOINT_NOTE.tex,c27f97a673b82798ada8432ce582cb34a45b1eeff53bbb8beac546e2270ff4ce,65154,19,Taylor,unresolved person or eponym; contextual source use not established
09_UPDATED_JOINT_NOTE.tex,c27f97a673b82798ada8432ce582cb34a45b1eeff53bbb8beac546e2270ff4ce,65307,30,Taylor,unresolved person or eponym; contextual source use not established
09_UPDATED_JOINT_NOTE.tex,c27f97a673b82798ada8432ce582cb34a45b1eeff53bbb8beac546e2270ff4ce,65314,30,Taylor,unresolved person or eponym; contextual source use not established
09_UPDATED_JOINT_NOTE.tex,c27f97a673b82798ada8432ce582cb34a45b1eeff53bbb8beac546e2270ff4ce,65315,63,Vandermonde,unresolved person or eponym; contextual source use not established
09_UPDATED_JOINT_NOTE.tex,c27f97a673b82798ada8432ce582cb34a45b1eeff53bbb8beac546e2270ff4ce,65317,1,Vandermonde,unresolved person or eponym; contextual source use not established
09_UPDATED_JOINT_NOTE.tex,c27f97a673b82798ada8432ce582cb34a45b1eeff53bbb8beac546e2270ff4ce,65541,27,Hankel,unresolved person or eponym; contextual source use not established
09_UPDATED_JOINT_NOTE.tex,c27f97a673b82798ada8432ce582cb34a45b1eeff53bbb8beac546e2270ff4ce,65541,77,Hankel,unresolved person or eponym; contextual source use not established
09_UPDATED_JOINT_NOTE.tex,c27f97a673b82798ada8432ce582cb34a45b1eeff53bbb8beac546e2270ff4ce,65558,239,Jensen,unresolved person or eponym; contextual source use not established
09_UPDATED_JOINT_NOTE.tex,c27f97a673b82798ada8432ce582cb34a45b1eeff53bbb8beac546e2270ff4ce,65581,99,Taylor,unresolved person or eponym; contextual source use not established
09_UPDATED_JOINT_NOTE.tex,c27f97a673b82798ada8432ce582cb34a45b1eeff53bbb8beac546e2270ff4ce,65583,19,Jensen,unresolved person or eponym; contextual source use not established
09_UPDATED_JOINT_NOTE.tex,c27f97a673b82798ada8432ce582cb34a45b1eeff53bbb8beac546e2270ff4ce,65619,62,Stirling,unresolved person or eponym; contextual source use not established
09_UPDATED_JOINT_NOTE.tex,c27f97a673b82798ada8432ce582cb34a45b1eeff53bbb8beac546e2270ff4ce,65746,54,Gaussian,unresolved person or eponym; contextual source use not established
09_UPDATED_JOINT_NOTE.tex,c27f97a673b82798ada8432ce582cb34a45b1eeff53bbb8beac546e2270ff4ce,65750,371,Stirling,unresolved person or eponym; contextual source use not established
09_UPDATED_JOINT_NOTE.tex,c27f97a673b82798ada8432ce582cb34a45b1eeff53bbb8beac546e2270ff4ce,65752,191,Stirling,unresolved person or eponym; contextual source use not established
09_UPDATED_JOINT_NOTE.tex,c27f97a673b82798ada8432ce582cb34a45b1eeff53bbb8beac546e2270ff4ce,65752,262,Jensen,unresolved person or eponym; contextual source use not established
09_UPDATED_JOINT_NOTE.tex,c27f97a673b82798ada8432ce582cb34a45b1eeff53bbb8beac546e2270ff4ce,65777,73,Jensen,unresolved person or eponym; contextual source use not established
09_UPDATED_JOINT_NOTE.tex,c27f97a673b82798ada8432ce582cb34a45b1eeff53bbb8beac546e2270ff4ce,65838,56,Legendre,unresolved person or eponym; contextual source use not established
09_UPDATED_JOINT_NOTE.tex,c27f97a673b82798ada8432ce582cb34a45b1eeff53bbb8beac546e2270ff4ce,65845,58,Legendre,unresolved person or eponym; contextual source use not established
09_UPDATED_JOINT_NOTE.tex,c27f97a673b82798ada8432ce582cb34a45b1eeff53bbb8beac546e2270ff4ce,65889,39,Jensen,unresolved person or eponym; contextual source use not established
09_UPDATED_JOINT_NOTE.tex,c27f97a673b82798ada8432ce582cb34a45b1eeff53bbb8beac546e2270ff4ce,65889,171,Fubini,unresolved person or eponym; contextual source use not established
09_UPDATED_JOINT_NOTE.tex,c27f97a673b82798ada8432ce582cb34a45b1eeff53bbb8beac546e2270ff4ce,65895,84,Jensen,unresolved person or eponym; contextual source use not established
09_UPDATED_JOINT_NOTE.tex,c27f97a673b82798ada8432ce582cb34a45b1eeff53bbb8beac546e2270ff4ce,65972,208,Stirling,unresolved person or eponym; contextual source use not established
09_UPDATED_JOINT_NOTE.tex,c27f97a673b82798ada8432ce582cb34a45b1eeff53bbb8beac546e2270ff4ce,66387,165,Legendre,unresolved person or eponym; contextual source use not established
09_UPDATED_JOINT_NOTE.tex,c27f97a673b82798ada8432ce582cb34a45b1eeff53bbb8beac546e2270ff4ce,66389,229,Gram,unresolved person or eponym; contextual source use not established
09_UPDATED_JOINT_NOTE.tex,c27f97a673b82798ada8432ce582cb34a45b1eeff53bbb8beac546e2270ff4ce,66430,43,Jensen,unresolved person or eponym; contextual source use not established
09_UPDATED_JOINT_NOTE.tex,c27f97a673b82798ada8432ce582cb34a45b1eeff53bbb8beac546e2270ff4ce,66466,14,Stirling,unresolved person or eponym; contextual source use not established
09_UPDATED_JOINT_NOTE.tex,c27f97a673b82798ada8432ce582cb34a45b1eeff53bbb8beac546e2270ff4ce,66517,198,Gram,unresolved person or eponym; contextual source use not established
09_UPDATED_JOINT_NOTE.tex,c27f97a673b82798ada8432ce582cb34a45b1eeff53bbb8beac546e2270ff4ce,66547,68,Gram,unresolved person or eponym; contextual source use not established
09_UPDATED_JOINT_NOTE.tex,c27f97a673b82798ada8432ce582cb34a45b1eeff53bbb8beac546e2270ff4ce,66723,26,Plancherel,unresolved person or eponym; contextual source use not established
09_UPDATED_JOINT_NOTE.tex,c27f97a673b82798ada8432ce582cb34a45b1eeff53bbb8beac546e2270ff4ce,66724,5,Legendre,unresolved person or eponym; contextual source use not established
09_UPDATED_JOINT_NOTE.tex,c27f97a673b82798ada8432ce582cb34a45b1eeff53bbb8beac546e2270ff4ce,66725,33,Rodrigues,unresolved person or eponym; contextual source use not established
09_UPDATED_JOINT_NOTE.tex,c27f97a673b82798ada8432ce582cb34a45b1eeff53bbb8beac546e2270ff4ce,66786,52,Taylor,unresolved person or eponym; contextual source use not established
09_UPDATED_JOINT_NOTE.tex,c27f97a673b82798ada8432ce582cb34a45b1eeff53bbb8beac546e2270ff4ce,66892,58,Legendre,unresolved person or eponym; contextual source use not established
09_UPDATED_JOINT_NOTE.tex,c27f97a673b82798ada8432ce582cb34a45b1eeff53bbb8beac546e2270ff4ce,66892,82,Rodrigues,unresolved person or eponym; contextual source use not established
09_UPDATED_JOINT_NOTE.tex,c27f97a673b82798ada8432ce582cb34a45b1eeff53bbb8beac546e2270ff4ce,66988,16,Riemann,unresolved person or eponym; contextual source use not established
09_UPDATED_JOINT_NOTE.tex,c27f97a673b82798ada8432ce582cb34a45b1eeff53bbb8beac546e2270ff4ce,67102,18,Laguerre,unresolved person or eponym; contextual source use not established
09_UPDATED_JOINT_NOTE.tex,c27f97a673b82798ada8432ce582cb34a45b1eeff53bbb8beac546e2270ff4ce,67118,18,Rodrigues,unresolved person or eponym; contextual source use not established
09_UPDATED_JOINT_NOTE.tex,c27f97a673b82798ada8432ce582cb34a45b1eeff53bbb8beac546e2270ff4ce,67119,1,Laguerre,unresolved person or eponym; contextual source use not established
09_UPDATED_JOINT_NOTE.tex,c27f97a673b82798ada8432ce582cb34a45b1eeff53bbb8beac546e2270ff4ce,67151,1,Cauchy,unresolved person or eponym; contextual source use not established
09_UPDATED_JOINT_NOTE.tex,c27f97a673b82798ada8432ce582cb34a45b1eeff53bbb8beac546e2270ff4ce,67151,9,Schwarz,unresolved person or eponym; contextual source use not established
09_UPDATED_JOINT_NOTE.tex,c27f97a673b82798ada8432ce582cb34a45b1eeff53bbb8beac546e2270ff4ce,67159,36,Laguerre,unresolved person or eponym; contextual source use not established
09_UPDATED_JOINT_NOTE.tex,c27f97a673b82798ada8432ce582cb34a45b1eeff53bbb8beac546e2270ff4ce,67164,1,Cauchy,unresolved person or eponym; contextual source use not established
09_UPDATED_JOINT_NOTE.tex,c27f97a673b82798ada8432ce582cb34a45b1eeff53bbb8beac546e2270ff4ce,67164,9,Schwarz,unresolved person or eponym; contextual source use not established
09_UPDATED_JOINT_NOTE.tex,c27f97a673b82798ada8432ce582cb34a45b1eeff53bbb8beac546e2270ff4ce,67303,69,Jensen,unresolved person or eponym; contextual source use not established
09_UPDATED_JOINT_NOTE.tex,c27f97a673b82798ada8432ce582cb34a45b1eeff53bbb8beac546e2270ff4ce,67321,13,Jensen,unresolved person or eponym; contextual source use not established
09_UPDATED_JOINT_NOTE.tex,c27f97a673b82798ada8432ce582cb34a45b1eeff53bbb8beac546e2270ff4ce,67342,19,Stirling,unresolved person or eponym; contextual source use not established
09_UPDATED_JOINT_NOTE.tex,c27f97a673b82798ada8432ce582cb34a45b1eeff53bbb8beac546e2270ff4ce,67394,57,Taylor,unresolved person or eponym; contextual source use not established
09_UPDATED_JOINT_NOTE.tex,c27f97a673b82798ada8432ce582cb34a45b1eeff53bbb8beac546e2270ff4ce,67415,21,Gram,unresolved person or eponym; contextual source use not established
09_UPDATED_JOINT_NOTE.tex,c27f97a673b82798ada8432ce582cb34a45b1eeff53bbb8beac546e2270ff4ce,67562,52,Taylor,unresolved person or eponym; contextual source use not established
09_UPDATED_JOINT_NOTE.tex,c27f97a673b82798ada8432ce582cb34a45b1eeff53bbb8beac546e2270ff4ce,67569,7,Gram,unresolved person or eponym; contextual source use not established
09_UPDATED_JOINT_NOTE.tex,c27f97a673b82798ada8432ce582cb34a45b1eeff53bbb8beac546e2270ff4ce,67574,26,Jensen,unresolved person or eponym; contextual source use not established
09_UPDATED_JOINT_NOTE.tex,c27f97a673b82798ada8432ce582cb34a45b1eeff53bbb8beac546e2270ff4ce,67591,66,Jensen,unresolved person or eponym; contextual source use not established
09_UPDATED_JOINT_NOTE.tex,c27f97a673b82798ada8432ce582cb34a45b1eeff53bbb8beac546e2270ff4ce,67603,29,Stirling,unresolved person or eponym; contextual source use not established
10_UPDATED_SIGNED_RETURN.tex,db100f3d2a5678e392a19a40ba360f7aefbcfc88cdd2cb1c4e2a839a03c80ecc,16,18,Schur,unresolved person or eponym; contextual source use not established
10_UPDATED_SIGNED_RETURN.tex,db100f3d2a5678e392a19a40ba360f7aefbcfc88cdd2cb1c4e2a839a03c80ecc,53,43,Taylor,unresolved person or eponym; contextual source use not established
10_UPDATED_SIGNED_RETURN.tex,db100f3d2a5678e392a19a40ba360f7aefbcfc88cdd2cb1c4e2a839a03c80ecc,75,37,Hermite,unresolved person or eponym; contextual source use not established
10_UPDATED_SIGNED_RETURN.tex,db100f3d2a5678e392a19a40ba360f7aefbcfc88cdd2cb1c4e2a839a03c80ecc,85,15,Vandermonde,unresolved person or eponym; contextual source use not established
10_UPDATED_SIGNED_RETURN.tex,db100f3d2a5678e392a19a40ba360f7aefbcfc88cdd2cb1c4e2a839a03c80ecc,100,49,Leibniz,unresolved person or eponym; contextual source use not established
10_UPDATED_SIGNED_RETURN.tex,db100f3d2a5678e392a19a40ba360f7aefbcfc88cdd2cb1c4e2a839a03c80ecc,109,1,Gram,unresolved person or eponym; contextual source use not established
10_UPDATED_SIGNED_RETURN.tex,db100f3d2a5678e392a19a40ba360f7aefbcfc88cdd2cb1c4e2a839a03c80ecc,231,35,Gram,unresolved person or eponym; contextual source use not established
10_UPDATED_SIGNED_RETURN.tex,db100f3d2a5678e392a19a40ba360f7aefbcfc88cdd2cb1c4e2a839a03c80ecc,245,30,Gram,unresolved person or eponym; contextual source use not established
10_UPDATED_SIGNED_RETURN.tex,db100f3d2a5678e392a19a40ba360f7aefbcfc88cdd2cb1c4e2a839a03c80ecc,247,33,Gram,unresolved person or eponym; contextual source use not established
10_UPDATED_SIGNED_RETURN.tex,db100f3d2a5678e392a19a40ba360f7aefbcfc88cdd2cb1c4e2a839a03c80ecc,308,66,Hankel,unresolved person or eponym; contextual source use not established
10_UPDATED_SIGNED_RETURN.tex,db100f3d2a5678e392a19a40ba360f7aefbcfc88cdd2cb1c4e2a839a03c80ecc,392,32,Legendre,unresolved person or eponym; contextual source use not established
10_UPDATED_SIGNED_RETURN.tex,db100f3d2a5678e392a19a40ba360f7aefbcfc88cdd2cb1c4e2a839a03c80ecc,419,25,Gram,unresolved person or eponym; contextual source use not established
10_UPDATED_SIGNED_RETURN.tex,db100f3d2a5678e392a19a40ba360f7aefbcfc88cdd2cb1c4e2a839a03c80ecc,477,5,Euler,unresolved person or eponym; contextual source use not established
10_UPDATED_SIGNED_RETURN.tex,db100f3d2a5678e392a19a40ba360f7aefbcfc88cdd2cb1c4e2a839a03c80ecc,477,20,Fourier,unresolved person or eponym; contextual source use not established
10_UPDATED_SIGNED_RETURN.tex,db100f3d2a5678e392a19a40ba360f7aefbcfc88cdd2cb1c4e2a839a03c80ecc,576,15,Hilbert,unresolved person or eponym; contextual source use not established
10_UPDATED_SIGNED_RETURN.tex,db100f3d2a5678e392a19a40ba360f7aefbcfc88cdd2cb1c4e2a839a03c80ecc,615,31,Hankel,unresolved person or eponym; contextual source use not established
10_UPDATED_SIGNED_RETURN.tex,db100f3d2a5678e392a19a40ba360f7aefbcfc88cdd2cb1c4e2a839a03c80ecc,637,12,Hankel,unresolved person or eponym; contextual source use not established
10_UPDATED_SIGNED_RETURN.tex,db100f3d2a5678e392a19a40ba360f7aefbcfc88cdd2cb1c4e2a839a03c80ecc,728,27,Gram,unresolved person or eponym; contextual source use not established
10_UPDATED_SIGNED_RETURN.tex,db100f3d2a5678e392a19a40ba360f7aefbcfc88cdd2cb1c4e2a839a03c80ecc,736,51,Gram,unresolved person or eponym; contextual source use not established
10_UPDATED_SIGNED_RETURN.tex,db100f3d2a5678e392a19a40ba360f7aefbcfc88cdd2cb1c4e2a839a03c80ecc,936,29,Newton,unresolved person or eponym; contextual source use not established
10_UPDATED_SIGNED_RETURN.tex,db100f3d2a5678e392a19a40ba360f7aefbcfc88cdd2cb1c4e2a839a03c80ecc,1167,28,Taylor,unresolved person or eponym; contextual source use not established
10_UPDATED_SIGNED_RETURN.tex,db100f3d2a5678e392a19a40ba360f7aefbcfc88cdd2cb1c4e2a839a03c80ecc,1396,40,Gram,unresolved person or eponym; contextual source use not established
10_UPDATED_SIGNED_RETURN.tex,db100f3d2a5678e392a19a40ba360f7aefbcfc88cdd2cb1c4e2a839a03c80ecc,1411,32,Gram,unresolved person or eponym; contextual source use not established
10_UPDATED_SIGNED_RETURN.tex,db100f3d2a5678e392a19a40ba360f7aefbcfc88cdd2cb1c4e2a839a03c80ecc,1424,22,Gram,unresolved person or eponym; contextual source use not established
10_UPDATED_SIGNED_RETURN.tex,db100f3d2a5678e392a19a40ba360f7aefbcfc88cdd2cb1c4e2a839a03c80ecc,1424,43,Gram,unresolved person or eponym; contextual source use not established
10_UPDATED_SIGNED_RETURN.tex,db100f3d2a5678e392a19a40ba360f7aefbcfc88cdd2cb1c4e2a839a03c80ecc,1442,10,Gram,unresolved person or eponym; contextual source use not established
10_UPDATED_SIGNED_RETURN.tex,db100f3d2a5678e392a19a40ba360f7aefbcfc88cdd2cb1c4e2a839a03c80ecc,1442,49,Taylor,unresolved person or eponym; contextual source use not established
10_UPDATED_SIGNED_RETURN.tex,db100f3d2a5678e392a19a40ba360f7aefbcfc88cdd2cb1c4e2a839a03c80ecc,1697,23,Taylor,unresolved person or eponym; contextual source use not established
10_UPDATED_SIGNED_RETURN.tex,db100f3d2a5678e392a19a40ba360f7aefbcfc88cdd2cb1c4e2a839a03c80ecc,1800,1,Fourier,unresolved person or eponym; contextual source use not established
10_UPDATED_SIGNED_RETURN.tex,db100f3d2a5678e392a19a40ba360f7aefbcfc88cdd2cb1c4e2a839a03c80ecc,1833,47,Taylor,unresolved person or eponym; contextual source use not established
10_UPDATED_SIGNED_RETURN.tex,db100f3d2a5678e392a19a40ba360f7aefbcfc88cdd2cb1c4e2a839a03c80ecc,1879,53,Taylor,unresolved person or eponym; contextual source use not established
10_UPDATED_SIGNED_RETURN.tex,db100f3d2a5678e392a19a40ba360f7aefbcfc88cdd2cb1c4e2a839a03c80ecc,1884,31,Taylor,unresolved person or eponym; contextual source use not established
10_UPDATED_SIGNED_RETURN.tex,db100f3d2a5678e392a19a40ba360f7aefbcfc88cdd2cb1c4e2a839a03c80ecc,1936,19,Gram,unresolved person or eponym; contextual source use not established
10_UPDATED_SIGNED_RETURN.tex,db100f3d2a5678e392a19a40ba360f7aefbcfc88cdd2cb1c4e2a839a03c80ecc,1938,14,Gram,unresolved person or eponym; contextual source use not established
10_UPDATED_SIGNED_RETURN.tex,db100f3d2a5678e392a19a40ba360f7aefbcfc88cdd2cb1c4e2a839a03c80ecc,2017,5,Leibniz,unresolved person or eponym; contextual source use not established
10_UPDATED_SIGNED_RETURN.tex,db100f3d2a5678e392a19a40ba360f7aefbcfc88cdd2cb1c4e2a839a03c80ecc,2072,50,Gram,unresolved person or eponym; contextual source use not established
10_UPDATED_SIGNED_RETURN.tex,db100f3d2a5678e392a19a40ba360f7aefbcfc88cdd2cb1c4e2a839a03c80ecc,2074,38,Gram,unresolved person or eponym; contextual source use not established
10_UPDATED_SIGNED_RETURN.tex,db100f3d2a5678e392a19a40ba360f7aefbcfc88cdd2cb1c4e2a839a03c80ecc,2080,31,Cauchy,unresolved person or eponym; contextual source use not established
10_UPDATED_SIGNED_RETURN.tex,db100f3d2a5678e392a19a40ba360f7aefbcfc88cdd2cb1c4e2a839a03c80ecc,2080,39,Schwarz,unresolved person or eponym; contextual source use not established
10_UPDATED_SIGNED_RETURN.tex,db100f3d2a5678e392a19a40ba360f7aefbcfc88cdd2cb1c4e2a839a03c80ecc,2107,55,Taylor,unresolved person or eponym; contextual source use not established
10_UPDATED_SIGNED_RETURN.tex,db100f3d2a5678e392a19a40ba360f7aefbcfc88cdd2cb1c4e2a839a03c80ecc,2128,25,Schur,unresolved person or eponym; contextual source use not established
10_UPDATED_SIGNED_RETURN.tex,db100f3d2a5678e392a19a40ba360f7aefbcfc88cdd2cb1c4e2a839a03c80ecc,2315,14,Newton,unresolved person or eponym; contextual source use not established
10_UPDATED_SIGNED_RETURN.tex,db100f3d2a5678e392a19a40ba360f7aefbcfc88cdd2cb1c4e2a839a03c80ecc,2355,54,Gram,unresolved person or eponym; contextual source use not established
10_UPDATED_SIGNED_RETURN.tex,db100f3d2a5678e392a19a40ba360f7aefbcfc88cdd2cb1c4e2a839a03c80ecc,2625,56,Gram,unresolved person or eponym; contextual source use not established
10_UPDATED_SIGNED_RETURN.tex,db100f3d2a5678e392a19a40ba360f7aefbcfc88cdd2cb1c4e2a839a03c80ecc,2639,32,Gram,unresolved person or eponym; contextual source use not established
10_UPDATED_SIGNED_RETURN.tex,db100f3d2a5678e392a19a40ba360f7aefbcfc88cdd2cb1c4e2a839a03c80ecc,2640,58,Vandermonde,unresolved person or eponym; contextual source use not established
10_UPDATED_SIGNED_RETURN.tex,db100f3d2a5678e392a19a40ba360f7aefbcfc88cdd2cb1c4e2a839a03c80ecc,2641,1,Gram,unresolved person or eponym; contextual source use not established
10_UPDATED_SIGNED_RETURN.tex,db100f3d2a5678e392a19a40ba360f7aefbcfc88cdd2cb1c4e2a839a03c80ecc,2669,21,Gram,unresolved person or eponym; contextual source use not established
10_UPDATED_SIGNED_RETURN.tex,db100f3d2a5678e392a19a40ba360f7aefbcfc88cdd2cb1c4e2a839a03c80ecc,3016,17,Taylor,unresolved person or eponym; contextual source use not established
10_UPDATED_SIGNED_RETURN.tex,db100f3d2a5678e392a19a40ba360f7aefbcfc88cdd2cb1c4e2a839a03c80ecc,3035,19,Gram,unresolved person or eponym; contextual source use not established
10_UPDATED_SIGNED_RETURN.tex,db100f3d2a5678e392a19a40ba360f7aefbcfc88cdd2cb1c4e2a839a03c80ecc,3084,51,Gram,unresolved person or eponym; contextual source use not established
10_UPDATED_SIGNED_RETURN.tex,db100f3d2a5678e392a19a40ba360f7aefbcfc88cdd2cb1c4e2a839a03c80ecc,3115,49,Hilbert,unresolved person or eponym; contextual source use not established
10_UPDATED_SIGNED_RETURN.tex,db100f3d2a5678e392a19a40ba360f7aefbcfc88cdd2cb1c4e2a839a03c80ecc,3118,24,Lebesgue,unresolved person or eponym; contextual source use not established
10_UPDATED_SIGNED_RETURN.tex,db100f3d2a5678e392a19a40ba360f7aefbcfc88cdd2cb1c4e2a839a03c80ecc,3128,41,Cauchy,unresolved person or eponym; contextual source use not established
10_UPDATED_SIGNED_RETURN.tex,db100f3d2a5678e392a19a40ba360f7aefbcfc88cdd2cb1c4e2a839a03c80ecc,3128,49,Schwarz,unresolved person or eponym; contextual source use not established
10_UPDATED_SIGNED_RETURN.tex,db100f3d2a5678e392a19a40ba360f7aefbcfc88cdd2cb1c4e2a839a03c80ecc,3132,43,Hilbert,unresolved person or eponym; contextual source use not established
10_UPDATED_SIGNED_RETURN.tex,db100f3d2a5678e392a19a40ba360f7aefbcfc88cdd2cb1c4e2a839a03c80ecc,3190,10,Hankel,unresolved person or eponym; contextual source use not established
10_UPDATED_SIGNED_RETURN.tex,db100f3d2a5678e392a19a40ba360f7aefbcfc88cdd2cb1c4e2a839a03c80ecc,3231,15,Hankel,unresolved person or eponym; contextual source use not established
10_UPDATED_SIGNED_RETURN.tex,db100f3d2a5678e392a19a40ba360f7aefbcfc88cdd2cb1c4e2a839a03c80ecc,3493,36,Schur,unresolved person or eponym; contextual source use not established
10_UPDATED_SIGNED_RETURN.tex,db100f3d2a5678e392a19a40ba360f7aefbcfc88cdd2cb1c4e2a839a03c80ecc,3504,14,Schur,unresolved person or eponym; contextual source use not established
10_UPDATED_SIGNED_RETURN.tex,db100f3d2a5678e392a19a40ba360f7aefbcfc88cdd2cb1c4e2a839a03c80ecc,3705,26,Hankel,unresolved person or eponym; contextual source use not established
10_UPDATED_SIGNED_RETURN.tex,db100f3d2a5678e392a19a40ba360f7aefbcfc88cdd2cb1c4e2a839a03c80ecc,3757,21,Schur,unresolved person or eponym; contextual source use not established
10_UPDATED_SIGNED_RETURN.tex,db100f3d2a5678e392a19a40ba360f7aefbcfc88cdd2cb1c4e2a839a03c80ecc,3777,1,Schur,unresolved person or eponym; contextual source use not established
10_UPDATED_SIGNED_RETURN.tex,db100f3d2a5678e392a19a40ba360f7aefbcfc88cdd2cb1c4e2a839a03c80ecc,3782,39,Hankel,unresolved person or eponym; contextual source use not established
10_UPDATED_SIGNED_RETURN.tex,db100f3d2a5678e392a19a40ba360f7aefbcfc88cdd2cb1c4e2a839a03c80ecc,4030,58,Christoffel,unresolved person or eponym; contextual source use not established
10_UPDATED_SIGNED_RETURN.tex,db100f3d2a5678e392a19a40ba360f7aefbcfc88cdd2cb1c4e2a839a03c80ecc,4105,17,Euler,unresolved person or eponym; contextual source use not established
10_UPDATED_SIGNED_RETURN.tex,db100f3d2a5678e392a19a40ba360f7aefbcfc88cdd2cb1c4e2a839a03c80ecc,4136,25,Cauchy,unresolved person or eponym; contextual source use not established
10_UPDATED_SIGNED_RETURN.tex,db100f3d2a5678e392a19a40ba360f7aefbcfc88cdd2cb1c4e2a839a03c80ecc,4136,33,Schwarz,unresolved person or eponym; contextual source use not established
10_UPDATED_SIGNED_RETURN.tex,db100f3d2a5678e392a19a40ba360f7aefbcfc88cdd2cb1c4e2a839a03c80ecc,4185,1,Cauchy,unresolved person or eponym; contextual source use not established
10_UPDATED_SIGNED_RETURN.tex,db100f3d2a5678e392a19a40ba360f7aefbcfc88cdd2cb1c4e2a839a03c80ecc,4185,9,Schwarz,unresolved person or eponym; contextual source use not established
10_UPDATED_SIGNED_RETURN.tex,db100f3d2a5678e392a19a40ba360f7aefbcfc88cdd2cb1c4e2a839a03c80ecc,4325,64,Hankel,unresolved person or eponym; contextual source use not established
10_UPDATED_SIGNED_RETURN.tex,db100f3d2a5678e392a19a40ba360f7aefbcfc88cdd2cb1c4e2a839a03c80ecc,4557,46,Cauchy,unresolved person or eponym; contextual source use not established
10_UPDATED_SIGNED_RETURN.tex,db100f3d2a5678e392a19a40ba360f7aefbcfc88cdd2cb1c4e2a839a03c80ecc,4558,16,Stieltjes,unresolved person or eponym; contextual source use not established
10_UPDATED_SIGNED_RETURN.tex,db100f3d2a5678e392a19a40ba360f7aefbcfc88cdd2cb1c4e2a839a03c80ecc,4563,44,Tonelli,unresolved person or eponym; contextual source use not established
10_UPDATED_SIGNED_RETURN.tex,db100f3d2a5678e392a19a40ba360f7aefbcfc88cdd2cb1c4e2a839a03c80ecc,4642,12,Cauchy,unresolved person or eponym; contextual source use not established
10_UPDATED_SIGNED_RETURN.tex,db100f3d2a5678e392a19a40ba360f7aefbcfc88cdd2cb1c4e2a839a03c80ecc,4663,17,Euler,unresolved person or eponym; contextual source use not established
10_UPDATED_SIGNED_RETURN.tex,db100f3d2a5678e392a19a40ba360f7aefbcfc88cdd2cb1c4e2a839a03c80ecc,4718,61,Gaussian,unresolved person or eponym; contextual source use not established
10_UPDATED_SIGNED_RETURN.tex,db100f3d2a5678e392a19a40ba360f7aefbcfc88cdd2cb1c4e2a839a03c80ecc,4719,1,Fourier,unresolved person or eponym; contextual source use not established
10_UPDATED_SIGNED_RETURN.tex,db100f3d2a5678e392a19a40ba360f7aefbcfc88cdd2cb1c4e2a839a03c80ecc,4726,12,Gaussian,unresolved person or eponym; contextual source use not established
10_UPDATED_SIGNED_RETURN.tex,db100f3d2a5678e392a19a40ba360f7aefbcfc88cdd2cb1c4e2a839a03c80ecc,4726,21,Fourier,unresolved person or eponym; contextual source use not established
10_UPDATED_SIGNED_RETURN.tex,db100f3d2a5678e392a19a40ba360f7aefbcfc88cdd2cb1c4e2a839a03c80ecc,4727,8,Gaussian,unresolved person or eponym; contextual source use not established
10_UPDATED_SIGNED_RETURN.tex,db100f3d2a5678e392a19a40ba360f7aefbcfc88cdd2cb1c4e2a839a03c80ecc,4727,53,Fourier,unresolved person or eponym; contextual source use not established
10_UPDATED_SIGNED_RETURN.tex,db100f3d2a5678e392a19a40ba360f7aefbcfc88cdd2cb1c4e2a839a03c80ecc,4731,26,Fourier,unresolved person or eponym; contextual source use not established
10_UPDATED_SIGNED_RETURN.tex,db100f3d2a5678e392a19a40ba360f7aefbcfc88cdd2cb1c4e2a839a03c80ecc,4733,43,Gaussian,unresolved person or eponym; contextual source use not established
10_UPDATED_SIGNED_RETURN.tex,db100f3d2a5678e392a19a40ba360f7aefbcfc88cdd2cb1c4e2a839a03c80ecc,4734,47,Fourier,unresolved person or eponym; contextual source use not established
10_UPDATED_SIGNED_RETURN.tex,db100f3d2a5678e392a19a40ba360f7aefbcfc88cdd2cb1c4e2a839a03c80ecc,4790,32,Fourier,unresolved person or eponym; contextual source use not established
10_UPDATED_SIGNED_RETURN.tex,db100f3d2a5678e392a19a40ba360f7aefbcfc88cdd2cb1c4e2a839a03c80ecc,4901,10,Euler,unresolved person or eponym; contextual source use not established
10_UPDATED_SIGNED_RETURN.tex,db100f3d2a5678e392a19a40ba360f7aefbcfc88cdd2cb1c4e2a839a03c80ecc,4928,38,Vandermonde,unresolved person or eponym; contextual source use not established
10_UPDATED_SIGNED_RETURN.tex,db100f3d2a5678e392a19a40ba360f7aefbcfc88cdd2cb1c4e2a839a03c80ecc,4935,45,Gram,unresolved person or eponym; contextual source use not established
10_UPDATED_SIGNED_RETURN.tex,db100f3d2a5678e392a19a40ba360f7aefbcfc88cdd2cb1c4e2a839a03c80ecc,4961,36,Euler,unresolved person or eponym; contextual source use not established
10_UPDATED_SIGNED_RETURN.tex,db100f3d2a5678e392a19a40ba360f7aefbcfc88cdd2cb1c4e2a839a03c80ecc,5130,36,Jensen,unresolved person or eponym; contextual source use not established
10_UPDATED_SIGNED_RETURN.tex,db100f3d2a5678e392a19a40ba360f7aefbcfc88cdd2cb1c4e2a839a03c80ecc,5244,1,Riemann,unresolved person or eponym; contextual source use not established
10_UPDATED_SIGNED_RETURN.tex,db100f3d2a5678e392a19a40ba360f7aefbcfc88cdd2cb1c4e2a839a03c80ecc,5252,16,Riemann,unresolved person or eponym; contextual source use not established
10_UPDATED_SIGNED_RETURN.tex,db100f3d2a5678e392a19a40ba360f7aefbcfc88cdd2cb1c4e2a839a03c80ecc,5358,10,Gram,unresolved person or eponym; contextual source use not established
10_UPDATED_SIGNED_RETURN.tex,db100f3d2a5678e392a19a40ba360f7aefbcfc88cdd2cb1c4e2a839a03c80ecc,5374,34,Gram,unresolved person or eponym; contextual source use not established
10_UPDATED_SIGNED_RETURN.tex,db100f3d2a5678e392a19a40ba360f7aefbcfc88cdd2cb1c4e2a839a03c80ecc,5597,48,Gram,unresolved person or eponym; contextual source use not established
10_UPDATED_SIGNED_RETURN.tex,db100f3d2a5678e392a19a40ba360f7aefbcfc88cdd2cb1c4e2a839a03c80ecc,5604,1,Gram,unresolved person or eponym; contextual source use not established
10_UPDATED_SIGNED_RETURN.tex,db100f3d2a5678e392a19a40ba360f7aefbcfc88cdd2cb1c4e2a839a03c80ecc,5633,5,Schur,unresolved person or eponym; contextual source use not established
10_UPDATED_SIGNED_RETURN.tex,db100f3d2a5678e392a19a40ba360f7aefbcfc88cdd2cb1c4e2a839a03c80ecc,5634,1,Gram,unresolved person or eponym; contextual source use not established
10_UPDATED_SIGNED_RETURN.tex,db100f3d2a5678e392a19a40ba360f7aefbcfc88cdd2cb1c4e2a839a03c80ecc,5636,57,Gram,unresolved person or eponym; contextual source use not established
10_UPDATED_SIGNED_RETURN.tex,db100f3d2a5678e392a19a40ba360f7aefbcfc88cdd2cb1c4e2a839a03c80ecc,5984,15,Gram,unresolved person or eponym; contextual source use not established
10_UPDATED_SIGNED_RETURN.tex,db100f3d2a5678e392a19a40ba360f7aefbcfc88cdd2cb1c4e2a839a03c80ecc,5985,15,Gram,unresolved person or eponym; contextual source use not established
10_UPDATED_SIGNED_RETURN.tex,db100f3d2a5678e392a19a40ba360f7aefbcfc88cdd2cb1c4e2a839a03c80ecc,5987,27,Gram,unresolved person or eponym; contextual source use not established
10_UPDATED_SIGNED_RETURN.tex,db100f3d2a5678e392a19a40ba360f7aefbcfc88cdd2cb1c4e2a839a03c80ecc,6000,28,Schur,unresolved person or eponym; contextual source use not established
10_UPDATED_SIGNED_RETURN.tex,db100f3d2a5678e392a19a40ba360f7aefbcfc88cdd2cb1c4e2a839a03c80ecc,6049,25,Gram,unresolved person or eponym; contextual source use not established
10_UPDATED_SIGNED_RETURN.tex,db100f3d2a5678e392a19a40ba360f7aefbcfc88cdd2cb1c4e2a839a03c80ecc,6069,32,Taylor,unresolved person or eponym; contextual source use not established
10_UPDATED_SIGNED_RETURN.tex,db100f3d2a5678e392a19a40ba360f7aefbcfc88cdd2cb1c4e2a839a03c80ecc,6070,28,Christoffel,unresolved person or eponym; contextual source use not established
10_UPDATED_SIGNED_RETURN.tex,db100f3d2a5678e392a19a40ba360f7aefbcfc88cdd2cb1c4e2a839a03c80ecc,6080,58,Taylor,unresolved person or eponym; contextual source use not established
10_UPDATED_SIGNED_RETURN.tex,db100f3d2a5678e392a19a40ba360f7aefbcfc88cdd2cb1c4e2a839a03c80ecc,6095,43,Hilbert,unresolved person or eponym; contextual source use not established
10_UPDATED_SIGNED_RETURN.tex,db100f3d2a5678e392a19a40ba360f7aefbcfc88cdd2cb1c4e2a839a03c80ecc,6106,17,Gram,unresolved person or eponym; contextual source use not established
10_UPDATED_SIGNED_RETURN.tex,db100f3d2a5678e392a19a40ba360f7aefbcfc88cdd2cb1c4e2a839a03c80ecc,6131,44,Gram,unresolved person or eponym; contextual source use not established
10_UPDATED_SIGNED_RETURN.tex,db100f3d2a5678e392a19a40ba360f7aefbcfc88cdd2cb1c4e2a839a03c80ecc,6143,23,Gram,unresolved person or eponym; contextual source use not established
10_UPDATED_SIGNED_RETURN.tex,db100f3d2a5678e392a19a40ba360f7aefbcfc88cdd2cb1c4e2a839a03c80ecc,6146,1,Jacobi,unresolved person or eponym; contextual source use not established
10_UPDATED_SIGNED_RETURN.tex,db100f3d2a5678e392a19a40ba360f7aefbcfc88cdd2cb1c4e2a839a03c80ecc,6226,18,Taylor,unresolved person or eponym; contextual source use not established
10_UPDATED_SIGNED_RETURN.tex,db100f3d2a5678e392a19a40ba360f7aefbcfc88cdd2cb1c4e2a839a03c80ecc,6259,36,Gram,unresolved person or eponym; contextual source use not established
10_UPDATED_SIGNED_RETURN.tex,db100f3d2a5678e392a19a40ba360f7aefbcfc88cdd2cb1c4e2a839a03c80ecc,6262,23,Gram,unresolved person or eponym; contextual source use not established
10_UPDATED_SIGNED_RETURN.tex,db100f3d2a5678e392a19a40ba360f7aefbcfc88cdd2cb1c4e2a839a03c80ecc,6263,1,Gram,unresolved person or eponym; contextual source use not established
10_UPDATED_SIGNED_RETURN.tex,db100f3d2a5678e392a19a40ba360f7aefbcfc88cdd2cb1c4e2a839a03c80ecc,6263,13,Schur,unresolved person or eponym; contextual source use not established
10_UPDATED_SIGNED_RETURN.tex,db100f3d2a5678e392a19a40ba360f7aefbcfc88cdd2cb1c4e2a839a03c80ecc,6280,43,Taylor,unresolved person or eponym; contextual source use not established
10_UPDATED_SIGNED_RETURN.tex,db100f3d2a5678e392a19a40ba360f7aefbcfc88cdd2cb1c4e2a839a03c80ecc,6725,47,Christoffel,unresolved person or eponym; contextual source use not established
10_UPDATED_SIGNED_RETURN.tex,db100f3d2a5678e392a19a40ba360f7aefbcfc88cdd2cb1c4e2a839a03c80ecc,6810,57,Taylor,unresolved person or eponym; contextual source use not established
10_UPDATED_SIGNED_RETURN.tex,db100f3d2a5678e392a19a40ba360f7aefbcfc88cdd2cb1c4e2a839a03c80ecc,6838,7,Heine,unresolved person or eponym; contextual source use not established
10_UPDATED_SIGNED_RETURN.tex,db100f3d2a5678e392a19a40ba360f7aefbcfc88cdd2cb1c4e2a839a03c80ecc,6869,14,Euler,unresolved person or eponym; contextual source use not established
10_UPDATED_SIGNED_RETURN.tex,db100f3d2a5678e392a19a40ba360f7aefbcfc88cdd2cb1c4e2a839a03c80ecc,6900,44,Heine,unresolved person or eponym; contextual source use not established
10_UPDATED_SIGNED_RETURN.tex,db100f3d2a5678e392a19a40ba360f7aefbcfc88cdd2cb1c4e2a839a03c80ecc,6962,45,Lebesgue,unresolved person or eponym; contextual source use not established
10_UPDATED_SIGNED_RETURN.tex,db100f3d2a5678e392a19a40ba360f7aefbcfc88cdd2cb1c4e2a839a03c80ecc,7013,61,Gaussian,unresolved person or eponym; contextual source use not established
10_UPDATED_SIGNED_RETURN.tex,db100f3d2a5678e392a19a40ba360f7aefbcfc88cdd2cb1c4e2a839a03c80ecc,7014,1,Fourier,unresolved person or eponym; contextual source use not established
10_UPDATED_SIGNED_RETURN.tex,db100f3d2a5678e392a19a40ba360f7aefbcfc88cdd2cb1c4e2a839a03c80ecc,7026,29,Fourier,unresolved person or eponym; contextual source use not established
10_UPDATED_SIGNED_RETURN.tex,db100f3d2a5678e392a19a40ba360f7aefbcfc88cdd2cb1c4e2a839a03c80ecc,7030,56,Gaussian,unresolved person or eponym; contextual source use not established
10_UPDATED_SIGNED_RETURN.tex,db100f3d2a5678e392a19a40ba360f7aefbcfc88cdd2cb1c4e2a839a03c80ecc,7060,40,Tonelli,unresolved person or eponym; contextual source use not established
10_UPDATED_SIGNED_RETURN.tex,db100f3d2a5678e392a19a40ba360f7aefbcfc88cdd2cb1c4e2a839a03c80ecc,7158,54,Heine,unresolved person or eponym; contextual source use not established
10_UPDATED_SIGNED_RETURN.tex,db100f3d2a5678e392a19a40ba360f7aefbcfc88cdd2cb1c4e2a839a03c80ecc,7173,58,Jensen,unresolved person or eponym; contextual source use not established
10_UPDATED_SIGNED_RETURN.tex,db100f3d2a5678e392a19a40ba360f7aefbcfc88cdd2cb1c4e2a839a03c80ecc,7239,46,Heine,unresolved person or eponym; contextual source use not established
10_UPDATED_SIGNED_RETURN.tex,db100f3d2a5678e392a19a40ba360f7aefbcfc88cdd2cb1c4e2a839a03c80ecc,7249,1,Heine,unresolved person or eponym; contextual source use not established
10_UPDATED_SIGNED_RETURN.tex,db100f3d2a5678e392a19a40ba360f7aefbcfc88cdd2cb1c4e2a839a03c80ecc,7261,29,Hankel,unresolved person or eponym; contextual source use not established
10_UPDATED_SIGNED_RETURN.tex,db100f3d2a5678e392a19a40ba360f7aefbcfc88cdd2cb1c4e2a839a03c80ecc,7275,1,Hankel,unresolved person or eponym; contextual source use not established
10_UPDATED_SIGNED_RETURN.tex,db100f3d2a5678e392a19a40ba360f7aefbcfc88cdd2cb1c4e2a839a03c80ecc,7300,5,Vandermonde,unresolved person or eponym; contextual source use not established
10_UPDATED_SIGNED_RETURN.tex,db100f3d2a5678e392a19a40ba360f7aefbcfc88cdd2cb1c4e2a839a03c80ecc,7352,12,Vandermonde,unresolved person or eponym; contextual source use not established
10_UPDATED_SIGNED_RETURN.tex,db100f3d2a5678e392a19a40ba360f7aefbcfc88cdd2cb1c4e2a839a03c80ecc,7393,51,Lebesgue,unresolved person or eponym; contextual source use not established
10_UPDATED_SIGNED_RETURN.tex,db100f3d2a5678e392a19a40ba360f7aefbcfc88cdd2cb1c4e2a839a03c80ecc,7405,54,Heine,unresolved person or eponym; contextual source use not established
10_UPDATED_SIGNED_RETURN.tex,db100f3d2a5678e392a19a40ba360f7aefbcfc88cdd2cb1c4e2a839a03c80ecc,7463,42,Vandermonde,unresolved person or eponym; contextual source use not established
10_UPDATED_SIGNED_RETURN.tex,db100f3d2a5678e392a19a40ba360f7aefbcfc88cdd2cb1c4e2a839a03c80ecc,7968,32,Fourier,unresolved person or eponym; contextual source use not established
10_UPDATED_SIGNED_RETURN.tex,db100f3d2a5678e392a19a40ba360f7aefbcfc88cdd2cb1c4e2a839a03c80ecc,7972,1,Fourier,unresolved person or eponym; contextual source use not established
10_UPDATED_SIGNED_RETURN.tex,db100f3d2a5678e392a19a40ba360f7aefbcfc88cdd2cb1c4e2a839a03c80ecc,7984,20,Euler,unresolved person or eponym; contextual source use not established
10_UPDATED_SIGNED_RETURN.tex,db100f3d2a5678e392a19a40ba360f7aefbcfc88cdd2cb1c4e2a839a03c80ecc,8014,46,Fourier,unresolved person or eponym; contextual source use not established
10_UPDATED_SIGNED_RETURN.tex,db100f3d2a5678e392a19a40ba360f7aefbcfc88cdd2cb1c4e2a839a03c80ecc,8056,30,Hilbert,unresolved person or eponym; contextual source use not established
10_UPDATED_SIGNED_RETURN.tex,db100f3d2a5678e392a19a40ba360f7aefbcfc88cdd2cb1c4e2a839a03c80ecc,8067,45,Gram,unresolved person or eponym; contextual source use not established
10_UPDATED_SIGNED_RETURN.tex,db100f3d2a5678e392a19a40ba360f7aefbcfc88cdd2cb1c4e2a839a03c80ecc,8070,45,Laplace,unresolved person or eponym; contextual source use not established
10_UPDATED_SIGNED_RETURN.tex,db100f3d2a5678e392a19a40ba360f7aefbcfc88cdd2cb1c4e2a839a03c80ecc,8081,21,Gram,unresolved person or eponym; contextual source use not established
10_UPDATED_SIGNED_RETURN.tex,db100f3d2a5678e392a19a40ba360f7aefbcfc88cdd2cb1c4e2a839a03c80ecc,8140,10,Vandermonde,unresolved person or eponym; contextual source use not established
10_UPDATED_SIGNED_RETURN.tex,db100f3d2a5678e392a19a40ba360f7aefbcfc88cdd2cb1c4e2a839a03c80ecc,8146,42,Gram,unresolved person or eponym; contextual source use not established
10_UPDATED_SIGNED_RETURN.tex,db100f3d2a5678e392a19a40ba360f7aefbcfc88cdd2cb1c4e2a839a03c80ecc,8160,28,Fourier,unresolved person or eponym; contextual source use not established
10_UPDATED_SIGNED_RETURN.tex,db100f3d2a5678e392a19a40ba360f7aefbcfc88cdd2cb1c4e2a839a03c80ecc,8216,1,Fourier,unresolved person or eponym; contextual source use not established
10_UPDATED_SIGNED_RETURN.tex,db100f3d2a5678e392a19a40ba360f7aefbcfc88cdd2cb1c4e2a839a03c80ecc,8217,49,Fourier,unresolved person or eponym; contextual source use not established
10_UPDATED_SIGNED_RETURN.tex,db100f3d2a5678e392a19a40ba360f7aefbcfc88cdd2cb1c4e2a839a03c80ecc,8218,33,Gaussian,unresolved person or eponym; contextual source use not established
10_UPDATED_SIGNED_RETURN.tex,db100f3d2a5678e392a19a40ba360f7aefbcfc88cdd2cb1c4e2a839a03c80ecc,8218,46,Fourier,unresolved person or eponym; contextual source use not established
10_UPDATED_SIGNED_RETURN.tex,db100f3d2a5678e392a19a40ba360f7aefbcfc88cdd2cb1c4e2a839a03c80ecc,8219,5,Fubini,unresolved person or eponym; contextual source use not established
10_UPDATED_SIGNED_RETURN.tex,db100f3d2a5678e392a19a40ba360f7aefbcfc88cdd2cb1c4e2a839a03c80ecc,8219,25,Gaussian,unresolved person or eponym; contextual source use not established
10_UPDATED_SIGNED_RETURN.tex,db100f3d2a5678e392a19a40ba360f7aefbcfc88cdd2cb1c4e2a839a03c80ecc,8305,5,Vandermonde,unresolved person or eponym; contextual source use not established
10_UPDATED_SIGNED_RETURN.tex,db100f3d2a5678e392a19a40ba360f7aefbcfc88cdd2cb1c4e2a839a03c80ecc,8358,52,Cauchy,unresolved person or eponym; contextual source use not established
10_UPDATED_SIGNED_RETURN.tex,db100f3d2a5678e392a19a40ba360f7aefbcfc88cdd2cb1c4e2a839a03c80ecc,8358,60,Schwarz,unresolved person or eponym; contextual source use not established
10_UPDATED_SIGNED_RETURN.tex,db100f3d2a5678e392a19a40ba360f7aefbcfc88cdd2cb1c4e2a839a03c80ecc,8364,1,Fubini,unresolved person or eponym; contextual source use not established
10_UPDATED_SIGNED_RETURN.tex,db100f3d2a5678e392a19a40ba360f7aefbcfc88cdd2cb1c4e2a839a03c80ecc,8385,43,Hilbert,unresolved person or eponym; contextual source use not established
10_UPDATED_SIGNED_RETURN.tex,db100f3d2a5678e392a19a40ba360f7aefbcfc88cdd2cb1c4e2a839a03c80ecc,8407,37,Hilbert,unresolved person or eponym; contextual source use not established
10_UPDATED_SIGNED_RETURN.tex,db100f3d2a5678e392a19a40ba360f7aefbcfc88cdd2cb1c4e2a839a03c80ecc,8514,29,Euler,unresolved person or eponym; contextual source use not established
10_UPDATED_SIGNED_RETURN.tex,db100f3d2a5678e392a19a40ba360f7aefbcfc88cdd2cb1c4e2a839a03c80ecc,8522,31,Fourier,unresolved person or eponym; contextual source use not established
10_UPDATED_SIGNED_RETURN.tex,db100f3d2a5678e392a19a40ba360f7aefbcfc88cdd2cb1c4e2a839a03c80ecc,8525,10,Fourier,unresolved person or eponym; contextual source use not established
10_UPDATED_SIGNED_RETURN.tex,db100f3d2a5678e392a19a40ba360f7aefbcfc88cdd2cb1c4e2a839a03c80ecc,8528,36,Euler,unresolved person or eponym; contextual source use not established
10_UPDATED_SIGNED_RETURN.tex,db100f3d2a5678e392a19a40ba360f7aefbcfc88cdd2cb1c4e2a839a03c80ecc,8638,32,Gram,unresolved person or eponym; contextual source use not established
10_UPDATED_SIGNED_RETURN.tex,db100f3d2a5678e392a19a40ba360f7aefbcfc88cdd2cb1c4e2a839a03c80ecc,8698,10,Gram,unresolved person or eponym; contextual source use not established
10_UPDATED_SIGNED_RETURN.tex,db100f3d2a5678e392a19a40ba360f7aefbcfc88cdd2cb1c4e2a839a03c80ecc,8710,29,Gram,unresolved person or eponym; contextual source use not established
10_UPDATED_SIGNED_RETURN.tex,db100f3d2a5678e392a19a40ba360f7aefbcfc88cdd2cb1c4e2a839a03c80ecc,8803,16,Vandermonde,unresolved person or eponym; contextual source use not established
10_UPDATED_SIGNED_RETURN.tex,db100f3d2a5678e392a19a40ba360f7aefbcfc88cdd2cb1c4e2a839a03c80ecc,8855,45,Cauchy,unresolved person or eponym; contextual source use not established
10_UPDATED_SIGNED_RETURN.tex,db100f3d2a5678e392a19a40ba360f7aefbcfc88cdd2cb1c4e2a839a03c80ecc,8855,53,Schwarz,unresolved person or eponym; contextual source use not established
10_UPDATED_SIGNED_RETURN.tex,db100f3d2a5678e392a19a40ba360f7aefbcfc88cdd2cb1c4e2a839a03c80ecc,8856,11,Fubini,unresolved person or eponym; contextual source use not established
10_UPDATED_SIGNED_RETURN.tex,db100f3d2a5678e392a19a40ba360f7aefbcfc88cdd2cb1c4e2a839a03c80ecc,8859,35,Fubini,unresolved person or eponym; contextual source use not established
10_UPDATED_SIGNED_RETURN.tex,db100f3d2a5678e392a19a40ba360f7aefbcfc88cdd2cb1c4e2a839a03c80ecc,8882,54,Laplace,unresolved person or eponym; contextual source use not established
10_UPDATED_SIGNED_RETURN.tex,db100f3d2a5678e392a19a40ba360f7aefbcfc88cdd2cb1c4e2a839a03c80ecc,8895,5,Laplace,unresolved person or eponym; contextual source use not established
10_UPDATED_SIGNED_RETURN.tex,db100f3d2a5678e392a19a40ba360f7aefbcfc88cdd2cb1c4e2a839a03c80ecc,9177,19,Gram,unresolved person or eponym; contextual source use not established
10_UPDATED_SIGNED_RETURN.tex,db100f3d2a5678e392a19a40ba360f7aefbcfc88cdd2cb1c4e2a839a03c80ecc,9259,30,Taylor,unresolved person or eponym; contextual source use not established
10_UPDATED_SIGNED_RETURN.tex,db100f3d2a5678e392a19a40ba360f7aefbcfc88cdd2cb1c4e2a839a03c80ecc,9552,15,Taylor,unresolved person or eponym; contextual source use not established
10_UPDATED_SIGNED_RETURN.tex,db100f3d2a5678e392a19a40ba360f7aefbcfc88cdd2cb1c4e2a839a03c80ecc,9603,5,Taylor,unresolved person or eponym; contextual source use not established
10_UPDATED_SIGNED_RETURN.tex,db100f3d2a5678e392a19a40ba360f7aefbcfc88cdd2cb1c4e2a839a03c80ecc,9618,27,Taylor,unresolved person or eponym; contextual source use not established
10_UPDATED_SIGNED_RETURN.tex,db100f3d2a5678e392a19a40ba360f7aefbcfc88cdd2cb1c4e2a839a03c80ecc,9631,57,Taylor,unresolved person or eponym; contextual source use not established
10_UPDATED_SIGNED_RETURN.tex,db100f3d2a5678e392a19a40ba360f7aefbcfc88cdd2cb1c4e2a839a03c80ecc,9638,52,Taylor,unresolved person or eponym; contextual source use not established
10_UPDATED_SIGNED_RETURN.tex,db100f3d2a5678e392a19a40ba360f7aefbcfc88cdd2cb1c4e2a839a03c80ecc,9669,19,Taylor,unresolved person or eponym; contextual source use not established
10_UPDATED_SIGNED_RETURN.tex,db100f3d2a5678e392a19a40ba360f7aefbcfc88cdd2cb1c4e2a839a03c80ecc,9682,45,Taylor,unresolved person or eponym; contextual source use not established
10_UPDATED_SIGNED_RETURN.tex,db100f3d2a5678e392a19a40ba360f7aefbcfc88cdd2cb1c4e2a839a03c80ecc,9948,26,Gram,unresolved person or eponym; contextual source use not established
10_UPDATED_SIGNED_RETURN.tex,db100f3d2a5678e392a19a40ba360f7aefbcfc88cdd2cb1c4e2a839a03c80ecc,10014,22,Laplace,unresolved person or eponym; contextual source use not established
10_UPDATED_SIGNED_RETURN.tex,db100f3d2a5678e392a19a40ba360f7aefbcfc88cdd2cb1c4e2a839a03c80ecc,10031,14,Laplace,unresolved person or eponym; contextual source use not established
10_UPDATED_SIGNED_RETURN.tex,db100f3d2a5678e392a19a40ba360f7aefbcfc88cdd2cb1c4e2a839a03c80ecc,10130,57,Frobenius,unresolved person or eponym; contextual source use not established
10_UPDATED_SIGNED_RETURN.tex,db100f3d2a5678e392a19a40ba360f7aefbcfc88cdd2cb1c4e2a839a03c80ecc,10135,39,Gaussian,unresolved person or eponym; contextual source use not established
10_UPDATED_SIGNED_RETURN.tex,db100f3d2a5678e392a19a40ba360f7aefbcfc88cdd2cb1c4e2a839a03c80ecc,10158,33,Mellin,unresolved person or eponym; contextual source use not established
10_UPDATED_SIGNED_RETURN.tex,db100f3d2a5678e392a19a40ba360f7aefbcfc88cdd2cb1c4e2a839a03c80ecc,10179,21,Gaussian,unresolved person or eponym; contextual source use not established
10_UPDATED_SIGNED_RETURN.tex,db100f3d2a5678e392a19a40ba360f7aefbcfc88cdd2cb1c4e2a839a03c80ecc,10182,48,Poisson,unresolved person or eponym; contextual source use not established
10_UPDATED_SIGNED_RETURN.tex,db100f3d2a5678e392a19a40ba360f7aefbcfc88cdd2cb1c4e2a839a03c80ecc,10188,9,Gaussian,unresolved person or eponym; contextual source use not established
10_UPDATED_SIGNED_RETURN.tex,db100f3d2a5678e392a19a40ba360f7aefbcfc88cdd2cb1c4e2a839a03c80ecc,10223,32,Cauchy,unresolved person or eponym; contextual source use not established
10_UPDATED_SIGNED_RETURN.tex,db100f3d2a5678e392a19a40ba360f7aefbcfc88cdd2cb1c4e2a839a03c80ecc,10276,21,Tonelli,unresolved person or eponym; contextual source use not established
10_UPDATED_SIGNED_RETURN.tex,db100f3d2a5678e392a19a40ba360f7aefbcfc88cdd2cb1c4e2a839a03c80ecc,10344,14,Fourier,unresolved person or eponym; contextual source use not established
10_UPDATED_SIGNED_RETURN.tex,db100f3d2a5678e392a19a40ba360f7aefbcfc88cdd2cb1c4e2a839a03c80ecc,10347,25,Fourier,unresolved person or eponym; contextual source use not established
10_UPDATED_SIGNED_RETURN.tex,db100f3d2a5678e392a19a40ba360f7aefbcfc88cdd2cb1c4e2a839a03c80ecc,10347,33,Vandermonde,unresolved person or eponym; contextual source use not established
10_UPDATED_SIGNED_RETURN.tex,db100f3d2a5678e392a19a40ba360f7aefbcfc88cdd2cb1c4e2a839a03c80ecc,10363,55,Taylor,unresolved person or eponym; contextual source use not established
10_UPDATED_SIGNED_RETURN.tex,db100f3d2a5678e392a19a40ba360f7aefbcfc88cdd2cb1c4e2a839a03c80ecc,10490,37,Vandermonde,unresolved person or eponym; contextual source use not established
10_UPDATED_SIGNED_RETURN.tex,db100f3d2a5678e392a19a40ba360f7aefbcfc88cdd2cb1c4e2a839a03c80ecc,10522,39,Gaussian,unresolved person or eponym; contextual source use not established
10_UPDATED_SIGNED_RETURN.tex,db100f3d2a5678e392a19a40ba360f7aefbcfc88cdd2cb1c4e2a839a03c80ecc,10582,35,Fourier,unresolved person or eponym; contextual source use not established
10_UPDATED_SIGNED_RETURN.tex,db100f3d2a5678e392a19a40ba360f7aefbcfc88cdd2cb1c4e2a839a03c80ecc,10653,24,Gram,unresolved person or eponym; contextual source use not established
10_UPDATED_SIGNED_RETURN.tex,db100f3d2a5678e392a19a40ba360f7aefbcfc88cdd2cb1c4e2a839a03c80ecc,10718,43,Gram,unresolved person or eponym; contextual source use not established
10_UPDATED_SIGNED_RETURN.tex,db100f3d2a5678e392a19a40ba360f7aefbcfc88cdd2cb1c4e2a839a03c80ecc,10733,16,Gram,unresolved person or eponym; contextual source use not established
10_UPDATED_SIGNED_RETURN.tex,db100f3d2a5678e392a19a40ba360f7aefbcfc88cdd2cb1c4e2a839a03c80ecc,10735,10,Fourier,unresolved person or eponym; contextual source use not established
10_UPDATED_SIGNED_RETURN.tex,db100f3d2a5678e392a19a40ba360f7aefbcfc88cdd2cb1c4e2a839a03c80ecc,10751,43,Taylor,unresolved person or eponym; contextual source use not established
10_UPDATED_SIGNED_RETURN.tex,db100f3d2a5678e392a19a40ba360f7aefbcfc88cdd2cb1c4e2a839a03c80ecc,10755,25,Fourier,unresolved person or eponym; contextual source use not established
10_UPDATED_SIGNED_RETURN.tex,db100f3d2a5678e392a19a40ba360f7aefbcfc88cdd2cb1c4e2a839a03c80ecc,10775,14,Taylor,unresolved person or eponym; contextual source use not established
10_UPDATED_SIGNED_RETURN.tex,db100f3d2a5678e392a19a40ba360f7aefbcfc88cdd2cb1c4e2a839a03c80ecc,10828,1,Taylor,unresolved person or eponym; contextual source use not established
10_UPDATED_SIGNED_RETURN.tex,db100f3d2a5678e392a19a40ba360f7aefbcfc88cdd2cb1c4e2a839a03c80ecc,10884,48,Gram,unresolved person or eponym; contextual source use not established
10_UPDATED_SIGNED_RETURN.tex,db100f3d2a5678e392a19a40ba360f7aefbcfc88cdd2cb1c4e2a839a03c80ecc,10896,50,Gaussian,unresolved person or eponym; contextual source use not established
10_UPDATED_SIGNED_RETURN.tex,db100f3d2a5678e392a19a40ba360f7aefbcfc88cdd2cb1c4e2a839a03c80ecc,10917,1,Taylor,unresolved person or eponym; contextual source use not established
10_UPDATED_SIGNED_RETURN.tex,db100f3d2a5678e392a19a40ba360f7aefbcfc88cdd2cb1c4e2a839a03c80ecc,10993,44,Fourier,unresolved person or eponym; contextual source use not established
10_UPDATED_SIGNED_RETURN.tex,db100f3d2a5678e392a19a40ba360f7aefbcfc88cdd2cb1c4e2a839a03c80ecc,11036,1,Fourier,unresolved person or eponym; contextual source use not established
10_UPDATED_SIGNED_RETURN.tex,db100f3d2a5678e392a19a40ba360f7aefbcfc88cdd2cb1c4e2a839a03c80ecc,11069,11,Vandermonde,unresolved person or eponym; contextual source use not established
10_UPDATED_SIGNED_RETURN.tex,db100f3d2a5678e392a19a40ba360f7aefbcfc88cdd2cb1c4e2a839a03c80ecc,11096,16,Fourier,unresolved person or eponym; contextual source use not established
10_UPDATED_SIGNED_RETURN.tex,db100f3d2a5678e392a19a40ba360f7aefbcfc88cdd2cb1c4e2a839a03c80ecc,11362,14,Gauss,unresolved person or eponym; contextual source use not established
10_UPDATED_SIGNED_RETURN.tex,db100f3d2a5678e392a19a40ba360f7aefbcfc88cdd2cb1c4e2a839a03c80ecc,11377,9,Vandermonde,unresolved person or eponym; contextual source use not established
10_UPDATED_SIGNED_RETURN.tex,db100f3d2a5678e392a19a40ba360f7aefbcfc88cdd2cb1c4e2a839a03c80ecc,11393,13,Fourier,unresolved person or eponym; contextual source use not established
10_UPDATED_SIGNED_RETURN.tex,db100f3d2a5678e392a19a40ba360f7aefbcfc88cdd2cb1c4e2a839a03c80ecc,11614,1,Leibniz,unresolved person or eponym; contextual source use not established
10_UPDATED_SIGNED_RETURN.tex,db100f3d2a5678e392a19a40ba360f7aefbcfc88cdd2cb1c4e2a839a03c80ecc,11662,38,Fourier,unresolved person or eponym; contextual source use not established
10_UPDATED_SIGNED_RETURN.tex,db100f3d2a5678e392a19a40ba360f7aefbcfc88cdd2cb1c4e2a839a03c80ecc,11916,1,Fourier,unresolved person or eponym; contextual source use not established
10_UPDATED_SIGNED_RETURN.tex,db100f3d2a5678e392a19a40ba360f7aefbcfc88cdd2cb1c4e2a839a03c80ecc,11937,52,Cauchy,unresolved person or eponym; contextual source use not established
10_UPDATED_SIGNED_RETURN.tex,db100f3d2a5678e392a19a40ba360f7aefbcfc88cdd2cb1c4e2a839a03c80ecc,11961,48,Fourier,unresolved person or eponym; contextual source use not established
10_UPDATED_SIGNED_RETURN.tex,db100f3d2a5678e392a19a40ba360f7aefbcfc88cdd2cb1c4e2a839a03c80ecc,11972,1,Fourier,unresolved person or eponym; contextual source use not established
10_UPDATED_SIGNED_RETURN.tex,db100f3d2a5678e392a19a40ba360f7aefbcfc88cdd2cb1c4e2a839a03c80ecc,12004,21,Fourier,unresolved person or eponym; contextual source use not established
10_UPDATED_SIGNED_RETURN.tex,db100f3d2a5678e392a19a40ba360f7aefbcfc88cdd2cb1c4e2a839a03c80ecc,12004,29,Vandermonde,unresolved person or eponym; contextual source use not established
10_UPDATED_SIGNED_RETURN.tex,db100f3d2a5678e392a19a40ba360f7aefbcfc88cdd2cb1c4e2a839a03c80ecc,12006,26,Fourier,unresolved person or eponym; contextual source use not established
10_UPDATED_SIGNED_RETURN.tex,db100f3d2a5678e392a19a40ba360f7aefbcfc88cdd2cb1c4e2a839a03c80ecc,12018,8,Fourier,unresolved person or eponym; contextual source use not established
10_UPDATED_SIGNED_RETURN.tex,db100f3d2a5678e392a19a40ba360f7aefbcfc88cdd2cb1c4e2a839a03c80ecc,12337,58,Fourier,unresolved person or eponym; contextual source use not established
10_UPDATED_SIGNED_RETURN.tex,db100f3d2a5678e392a19a40ba360f7aefbcfc88cdd2cb1c4e2a839a03c80ecc,12351,1,Cauchy,unresolved person or eponym; contextual source use not established
10_UPDATED_SIGNED_RETURN.tex,db100f3d2a5678e392a19a40ba360f7aefbcfc88cdd2cb1c4e2a839a03c80ecc,12404,47,Newton,unresolved person or eponym; contextual source use not established
10_UPDATED_SIGNED_RETURN.tex,db100f3d2a5678e392a19a40ba360f7aefbcfc88cdd2cb1c4e2a839a03c80ecc,12543,8,Fourier,unresolved person or eponym; contextual source use not established
10_UPDATED_SIGNED_RETURN.tex,db100f3d2a5678e392a19a40ba360f7aefbcfc88cdd2cb1c4e2a839a03c80ecc,12576,1,Frobenius,unresolved person or eponym; contextual source use not established
10_UPDATED_SIGNED_RETURN.tex,db100f3d2a5678e392a19a40ba360f7aefbcfc88cdd2cb1c4e2a839a03c80ecc,12957,23,Cauchy,unresolved person or eponym; contextual source use not established
10_UPDATED_SIGNED_RETURN.tex,db100f3d2a5678e392a19a40ba360f7aefbcfc88cdd2cb1c4e2a839a03c80ecc,12957,31,Schwarz,unresolved person or eponym; contextual source use not established
10_UPDATED_SIGNED_RETURN.tex,db100f3d2a5678e392a19a40ba360f7aefbcfc88cdd2cb1c4e2a839a03c80ecc,13008,10,Gram,unresolved person or eponym; contextual source use not established
10_UPDATED_SIGNED_RETURN.tex,db100f3d2a5678e392a19a40ba360f7aefbcfc88cdd2cb1c4e2a839a03c80ecc,13432,37,Taylor,unresolved person or eponym; contextual source use not established
10_UPDATED_SIGNED_RETURN.tex,db100f3d2a5678e392a19a40ba360f7aefbcfc88cdd2cb1c4e2a839a03c80ecc,13507,1,Cauchy,unresolved person or eponym; contextual source use not established
10_UPDATED_SIGNED_RETURN.tex,db100f3d2a5678e392a19a40ba360f7aefbcfc88cdd2cb1c4e2a839a03c80ecc,13507,9,Schwarz,unresolved person or eponym; contextual source use not established
10_UPDATED_SIGNED_RETURN.tex,db100f3d2a5678e392a19a40ba360f7aefbcfc88cdd2cb1c4e2a839a03c80ecc,13540,51,Gram,unresolved person or eponym; contextual source use not established
10_UPDATED_SIGNED_RETURN.tex,db100f3d2a5678e392a19a40ba360f7aefbcfc88cdd2cb1c4e2a839a03c80ecc,13613,1,Gram,unresolved person or eponym; contextual source use not established
10_UPDATED_SIGNED_RETURN.tex,db100f3d2a5678e392a19a40ba360f7aefbcfc88cdd2cb1c4e2a839a03c80ecc,13613,46,Gram,unresolved person or eponym; contextual source use not established
10_UPDATED_SIGNED_RETURN.tex,db100f3d2a5678e392a19a40ba360f7aefbcfc88cdd2cb1c4e2a839a03c80ecc,13629,5,Schur,unresolved person or eponym; contextual source use not established
10_UPDATED_SIGNED_RETURN.tex,db100f3d2a5678e392a19a40ba360f7aefbcfc88cdd2cb1c4e2a839a03c80ecc,13637,62,Schur,unresolved person or eponym; contextual source use not established
10_UPDATED_SIGNED_RETURN.tex,db100f3d2a5678e392a19a40ba360f7aefbcfc88cdd2cb1c4e2a839a03c80ecc,13788,22,Taylor,unresolved person or eponym; contextual source use not established
10_UPDATED_SIGNED_RETURN.tex,db100f3d2a5678e392a19a40ba360f7aefbcfc88cdd2cb1c4e2a839a03c80ecc,13804,21,Taylor,unresolved person or eponym; contextual source use not established
10_UPDATED_SIGNED_RETURN.tex,db100f3d2a5678e392a19a40ba360f7aefbcfc88cdd2cb1c4e2a839a03c80ecc,13851,45,Schur,unresolved person or eponym; contextual source use not established
10_UPDATED_SIGNED_RETURN.tex,db100f3d2a5678e392a19a40ba360f7aefbcfc88cdd2cb1c4e2a839a03c80ecc,13894,52,Gram,unresolved person or eponym; contextual source use not established
10_UPDATED_SIGNED_RETURN.tex,db100f3d2a5678e392a19a40ba360f7aefbcfc88cdd2cb1c4e2a839a03c80ecc,14253,38,Gram,unresolved person or eponym; contextual source use not established
10_UPDATED_SIGNED_RETURN.tex,db100f3d2a5678e392a19a40ba360f7aefbcfc88cdd2cb1c4e2a839a03c80ecc,14475,56,Hankel,unresolved person or eponym; contextual source use not established
10_UPDATED_SIGNED_RETURN.tex,db100f3d2a5678e392a19a40ba360f7aefbcfc88cdd2cb1c4e2a839a03c80ecc,14476,34,Hankel,unresolved person or eponym; contextual source use not established
10_UPDATED_SIGNED_RETURN.tex,db100f3d2a5678e392a19a40ba360f7aefbcfc88cdd2cb1c4e2a839a03c80ecc,14798,40,Cauchy,unresolved person or eponym; contextual source use not established
10_UPDATED_SIGNED_RETURN.tex,db100f3d2a5678e392a19a40ba360f7aefbcfc88cdd2cb1c4e2a839a03c80ecc,14798,48,Schwarz,unresolved person or eponym; contextual source use not established
10_UPDATED_SIGNED_RETURN.tex,db100f3d2a5678e392a19a40ba360f7aefbcfc88cdd2cb1c4e2a839a03c80ecc,14869,38,Gram,unresolved person or eponym; contextual source use not established
10_UPDATED_SIGNED_RETURN.tex,db100f3d2a5678e392a19a40ba360f7aefbcfc88cdd2cb1c4e2a839a03c80ecc,15382,8,Vandermonde,unresolved person or eponym; contextual source use not established
10_UPDATED_SIGNED_RETURN.tex,db100f3d2a5678e392a19a40ba360f7aefbcfc88cdd2cb1c4e2a839a03c80ecc,15517,1,Vandermonde,unresolved person or eponym; contextual source use not established
10_UPDATED_SIGNED_RETURN.tex,db100f3d2a5678e392a19a40ba360f7aefbcfc88cdd2cb1c4e2a839a03c80ecc,15552,17,Vandermonde,unresolved person or eponym; contextual source use not established
10_UPDATED_SIGNED_RETURN.tex,db100f3d2a5678e392a19a40ba360f7aefbcfc88cdd2cb1c4e2a839a03c80ecc,15632,56,Vandermonde,unresolved person or eponym; contextual source use not established
10_UPDATED_SIGNED_RETURN.tex,db100f3d2a5678e392a19a40ba360f7aefbcfc88cdd2cb1c4e2a839a03c80ecc,15654,13,Christoffel,unresolved person or eponym; contextual source use not established
10_UPDATED_SIGNED_RETURN.tex,db100f3d2a5678e392a19a40ba360f7aefbcfc88cdd2cb1c4e2a839a03c80ecc,15654,26,Darboux,unresolved person or eponym; contextual source use not established
10_UPDATED_SIGNED_RETURN.tex,db100f3d2a5678e392a19a40ba360f7aefbcfc88cdd2cb1c4e2a839a03c80ecc,15731,5,Gram,unresolved person or eponym; contextual source use not established
10_UPDATED_SIGNED_RETURN.tex,db100f3d2a5678e392a19a40ba360f7aefbcfc88cdd2cb1c4e2a839a03c80ecc,16043,50,Fourier,unresolved person or eponym; contextual source use not established
10_UPDATED_SIGNED_RETURN.tex,db100f3d2a5678e392a19a40ba360f7aefbcfc88cdd2cb1c4e2a839a03c80ecc,16057,51,Taylor,unresolved person or eponym; contextual source use not established
10_UPDATED_SIGNED_RETURN.tex,db100f3d2a5678e392a19a40ba360f7aefbcfc88cdd2cb1c4e2a839a03c80ecc,16069,5,Taylor,unresolved person or eponym; contextual source use not established
10_UPDATED_SIGNED_RETURN.tex,db100f3d2a5678e392a19a40ba360f7aefbcfc88cdd2cb1c4e2a839a03c80ecc,16088,22,Fourier,unresolved person or eponym; contextual source use not established
10_UPDATED_SIGNED_RETURN.tex,db100f3d2a5678e392a19a40ba360f7aefbcfc88cdd2cb1c4e2a839a03c80ecc,16099,54,Fourier,unresolved person or eponym; contextual source use not established
10_UPDATED_SIGNED_RETURN.tex,db100f3d2a5678e392a19a40ba360f7aefbcfc88cdd2cb1c4e2a839a03c80ecc,16103,47,Gram,unresolved person or eponym; contextual source use not established
10_UPDATED_SIGNED_RETURN.tex,db100f3d2a5678e392a19a40ba360f7aefbcfc88cdd2cb1c4e2a839a03c80ecc,16143,47,Gram,unresolved person or eponym; contextual source use not established
10_UPDATED_SIGNED_RETURN.tex,db100f3d2a5678e392a19a40ba360f7aefbcfc88cdd2cb1c4e2a839a03c80ecc,16294,15,Fourier,unresolved person or eponym; contextual source use not established
10_UPDATED_SIGNED_RETURN.tex,db100f3d2a5678e392a19a40ba360f7aefbcfc88cdd2cb1c4e2a839a03c80ecc,16323,13,Taylor,unresolved person or eponym; contextual source use not established
10_UPDATED_SIGNED_RETURN.tex,db100f3d2a5678e392a19a40ba360f7aefbcfc88cdd2cb1c4e2a839a03c80ecc,16547,59,Hilbert,unresolved person or eponym; contextual source use not established
10_UPDATED_SIGNED_RETURN.tex,db100f3d2a5678e392a19a40ba360f7aefbcfc88cdd2cb1c4e2a839a03c80ecc,16773,28,Gram,unresolved person or eponym; contextual source use not established
10_UPDATED_SIGNED_RETURN.tex,db100f3d2a5678e392a19a40ba360f7aefbcfc88cdd2cb1c4e2a839a03c80ecc,16800,1,Laplace,unresolved person or eponym; contextual source use not established
10_UPDATED_SIGNED_RETURN.tex,db100f3d2a5678e392a19a40ba360f7aefbcfc88cdd2cb1c4e2a839a03c80ecc,16890,57,Vandermonde,unresolved person or eponym; contextual source use not established
10_UPDATED_SIGNED_RETURN.tex,db100f3d2a5678e392a19a40ba360f7aefbcfc88cdd2cb1c4e2a839a03c80ecc,16901,5,Gram,unresolved person or eponym; contextual source use not established
10_UPDATED_SIGNED_RETURN.tex,db100f3d2a5678e392a19a40ba360f7aefbcfc88cdd2cb1c4e2a839a03c80ecc,16919,32,Vandermonde,unresolved person or eponym; contextual source use not established
10_UPDATED_SIGNED_RETURN.tex,db100f3d2a5678e392a19a40ba360f7aefbcfc88cdd2cb1c4e2a839a03c80ecc,16945,45,Gram,unresolved person or eponym; contextual source use not established
10_UPDATED_SIGNED_RETURN.tex,db100f3d2a5678e392a19a40ba360f7aefbcfc88cdd2cb1c4e2a839a03c80ecc,16958,49,Gram,unresolved person or eponym; contextual source use not established
10_UPDATED_SIGNED_RETURN.tex,db100f3d2a5678e392a19a40ba360f7aefbcfc88cdd2cb1c4e2a839a03c80ecc,17006,1,Fourier,unresolved person or eponym; contextual source use not established
10_UPDATED_SIGNED_RETURN.tex,db100f3d2a5678e392a19a40ba360f7aefbcfc88cdd2cb1c4e2a839a03c80ecc,17048,1,Parseval,unresolved person or eponym; contextual source use not established
10_UPDATED_SIGNED_RETURN.tex,db100f3d2a5678e392a19a40ba360f7aefbcfc88cdd2cb1c4e2a839a03c80ecc,17056,26,Gram,unresolved person or eponym; contextual source use not established
10_UPDATED_SIGNED_RETURN.tex,db100f3d2a5678e392a19a40ba360f7aefbcfc88cdd2cb1c4e2a839a03c80ecc,17058,13,Newton,unresolved person or eponym; contextual source use not established
10_UPDATED_SIGNED_RETURN.tex,db100f3d2a5678e392a19a40ba360f7aefbcfc88cdd2cb1c4e2a839a03c80ecc,17069,49,Hermite,unresolved person or eponym; contextual source use not established
10_UPDATED_SIGNED_RETURN.tex,db100f3d2a5678e392a19a40ba360f7aefbcfc88cdd2cb1c4e2a839a03c80ecc,17084,38,Newton,unresolved person or eponym; contextual source use not established
10_UPDATED_SIGNED_RETURN.tex,db100f3d2a5678e392a19a40ba360f7aefbcfc88cdd2cb1c4e2a839a03c80ecc,17086,51,Newton,unresolved person or eponym; contextual source use not established
10_UPDATED_SIGNED_RETURN.tex,db100f3d2a5678e392a19a40ba360f7aefbcfc88cdd2cb1c4e2a839a03c80ecc,17100,49,Newton,unresolved person or eponym; contextual source use not established
10_UPDATED_SIGNED_RETURN.tex,db100f3d2a5678e392a19a40ba360f7aefbcfc88cdd2cb1c4e2a839a03c80ecc,17121,13,Cauchy,unresolved person or eponym; contextual source use not established
10_UPDATED_SIGNED_RETURN.tex,db100f3d2a5678e392a19a40ba360f7aefbcfc88cdd2cb1c4e2a839a03c80ecc,17126,1,Cauchy,unresolved person or eponym; contextual source use not established
10_UPDATED_SIGNED_RETURN.tex,db100f3d2a5678e392a19a40ba360f7aefbcfc88cdd2cb1c4e2a839a03c80ecc,17136,1,Cauchy,unresolved person or eponym; contextual source use not established
10_UPDATED_SIGNED_RETURN.tex,db100f3d2a5678e392a19a40ba360f7aefbcfc88cdd2cb1c4e2a839a03c80ecc,17292,5,Newton,unresolved person or eponym; contextual source use not established
10_UPDATED_SIGNED_RETURN.tex,db100f3d2a5678e392a19a40ba360f7aefbcfc88cdd2cb1c4e2a839a03c80ecc,17399,19,Leibniz,unresolved person or eponym; contextual source use not established
10_UPDATED_SIGNED_RETURN.tex,db100f3d2a5678e392a19a40ba360f7aefbcfc88cdd2cb1c4e2a839a03c80ecc,17450,52,Schur,unresolved person or eponym; contextual source use not established
10_UPDATED_SIGNED_RETURN.tex,db100f3d2a5678e392a19a40ba360f7aefbcfc88cdd2cb1c4e2a839a03c80ecc,17585,1,Newton,unresolved person or eponym; contextual source use not established
10_UPDATED_SIGNED_RETURN.tex,db100f3d2a5678e392a19a40ba360f7aefbcfc88cdd2cb1c4e2a839a03c80ecc,17601,19,Frobenius,unresolved person or eponym; contextual source use not established
10_UPDATED_SIGNED_RETURN.tex,db100f3d2a5678e392a19a40ba360f7aefbcfc88cdd2cb1c4e2a839a03c80ecc,17671,13,Newton,unresolved person or eponym; contextual source use not established
10_UPDATED_SIGNED_RETURN.tex,db100f3d2a5678e392a19a40ba360f7aefbcfc88cdd2cb1c4e2a839a03c80ecc,17708,1,Newton,unresolved person or eponym; contextual source use not established
10_UPDATED_SIGNED_RETURN.tex,db100f3d2a5678e392a19a40ba360f7aefbcfc88cdd2cb1c4e2a839a03c80ecc,17725,30,Vandermonde,unresolved person or eponym; contextual source use not established
10_UPDATED_SIGNED_RETURN.tex,db100f3d2a5678e392a19a40ba360f7aefbcfc88cdd2cb1c4e2a839a03c80ecc,17728,50,Gram,unresolved person or eponym; contextual source use not established
10_UPDATED_SIGNED_RETURN.tex,db100f3d2a5678e392a19a40ba360f7aefbcfc88cdd2cb1c4e2a839a03c80ecc,17876,1,Gram,unresolved person or eponym; contextual source use not established
10_UPDATED_SIGNED_RETURN.tex,db100f3d2a5678e392a19a40ba360f7aefbcfc88cdd2cb1c4e2a839a03c80ecc,17897,47,Vandermonde,unresolved person or eponym; contextual source use not established
10_UPDATED_SIGNED_RETURN.tex,db100f3d2a5678e392a19a40ba360f7aefbcfc88cdd2cb1c4e2a839a03c80ecc,17907,9,Taylor,unresolved person or eponym; contextual source use not established
10_UPDATED_SIGNED_RETURN.tex,db100f3d2a5678e392a19a40ba360f7aefbcfc88cdd2cb1c4e2a839a03c80ecc,18043,51,Schur,unresolved person or eponym; contextual source use not established
10_UPDATED_SIGNED_RETURN.tex,db100f3d2a5678e392a19a40ba360f7aefbcfc88cdd2cb1c4e2a839a03c80ecc,18055,1,Cauchy,unresolved person or eponym; contextual source use not established
10_UPDATED_SIGNED_RETURN.tex,db100f3d2a5678e392a19a40ba360f7aefbcfc88cdd2cb1c4e2a839a03c80ecc,18055,9,Schwarz,unresolved person or eponym; contextual source use not established
10_UPDATED_SIGNED_RETURN.tex,db100f3d2a5678e392a19a40ba360f7aefbcfc88cdd2cb1c4e2a839a03c80ecc,18059,38,Taylor,unresolved person or eponym; contextual source use not established
10_UPDATED_SIGNED_RETURN.tex,db100f3d2a5678e392a19a40ba360f7aefbcfc88cdd2cb1c4e2a839a03c80ecc,18198,6,Gram,unresolved person or eponym; contextual source use not established
10_UPDATED_SIGNED_RETURN.tex,db100f3d2a5678e392a19a40ba360f7aefbcfc88cdd2cb1c4e2a839a03c80ecc,18198,57,Gram,unresolved person or eponym; contextual source use not established
10_UPDATED_SIGNED_RETURN.tex,db100f3d2a5678e392a19a40ba360f7aefbcfc88cdd2cb1c4e2a839a03c80ecc,18201,26,Gram,unresolved person or eponym; contextual source use not established
10_UPDATED_SIGNED_RETURN.tex,db100f3d2a5678e392a19a40ba360f7aefbcfc88cdd2cb1c4e2a839a03c80ecc,18223,15,Gram,unresolved person or eponym; contextual source use not established
10_UPDATED_SIGNED_RETURN.tex,db100f3d2a5678e392a19a40ba360f7aefbcfc88cdd2cb1c4e2a839a03c80ecc,18267,60,Vandermonde,unresolved person or eponym; contextual source use not established
10_UPDATED_SIGNED_RETURN.tex,db100f3d2a5678e392a19a40ba360f7aefbcfc88cdd2cb1c4e2a839a03c80ecc,18341,49,Cauchy,unresolved person or eponym; contextual source use not established
10_UPDATED_SIGNED_RETURN.tex,db100f3d2a5678e392a19a40ba360f7aefbcfc88cdd2cb1c4e2a839a03c80ecc,18383,33,Neumann,unresolved person or eponym; contextual source use not established
10_UPDATED_SIGNED_RETURN.tex,db100f3d2a5678e392a19a40ba360f7aefbcfc88cdd2cb1c4e2a839a03c80ecc,18397,43,Cauchy,unresolved person or eponym; contextual source use not established
10_UPDATED_SIGNED_RETURN.tex,db100f3d2a5678e392a19a40ba360f7aefbcfc88cdd2cb1c4e2a839a03c80ecc,18397,51,Schwarz,unresolved person or eponym; contextual source use not established
10_UPDATED_SIGNED_RETURN.tex,db100f3d2a5678e392a19a40ba360f7aefbcfc88cdd2cb1c4e2a839a03c80ecc,18481,7,Taylor,unresolved person or eponym; contextual source use not established
10_UPDATED_SIGNED_RETURN.tex,db100f3d2a5678e392a19a40ba360f7aefbcfc88cdd2cb1c4e2a839a03c80ecc,18482,7,Cauchy,unresolved person or eponym; contextual source use not established
10_UPDATED_SIGNED_RETURN.tex,db100f3d2a5678e392a19a40ba360f7aefbcfc88cdd2cb1c4e2a839a03c80ecc,18582,46,Hilbert,unresolved person or eponym; contextual source use not established
10_UPDATED_SIGNED_RETURN.tex,db100f3d2a5678e392a19a40ba360f7aefbcfc88cdd2cb1c4e2a839a03c80ecc,18625,6,Gram,unresolved person or eponym; contextual source use not established
10_UPDATED_SIGNED_RETURN.tex,db100f3d2a5678e392a19a40ba360f7aefbcfc88cdd2cb1c4e2a839a03c80ecc,18683,51,Vandermonde,unresolved person or eponym; contextual source use not established
10_UPDATED_SIGNED_RETURN.tex,db100f3d2a5678e392a19a40ba360f7aefbcfc88cdd2cb1c4e2a839a03c80ecc,18742,57,Hilbert,unresolved person or eponym; contextual source use not established
10_UPDATED_SIGNED_RETURN.tex,db100f3d2a5678e392a19a40ba360f7aefbcfc88cdd2cb1c4e2a839a03c80ecc,18774,15,Gram,unresolved person or eponym; contextual source use not established
10_UPDATED_SIGNED_RETURN.tex,db100f3d2a5678e392a19a40ba360f7aefbcfc88cdd2cb1c4e2a839a03c80ecc,18777,51,Gram,unresolved person or eponym; contextual source use not established
10_UPDATED_SIGNED_RETURN.tex,db100f3d2a5678e392a19a40ba360f7aefbcfc88cdd2cb1c4e2a839a03c80ecc,18807,1,Taylor,unresolved person or eponym; contextual source use not established
10_UPDATED_SIGNED_RETURN.tex,db100f3d2a5678e392a19a40ba360f7aefbcfc88cdd2cb1c4e2a839a03c80ecc,18856,25,Gram,unresolved person or eponym; contextual source use not established
10_UPDATED_SIGNED_RETURN.tex,db100f3d2a5678e392a19a40ba360f7aefbcfc88cdd2cb1c4e2a839a03c80ecc,18870,31,Hilbert,unresolved person or eponym; contextual source use not established
10_UPDATED_SIGNED_RETURN.tex,db100f3d2a5678e392a19a40ba360f7aefbcfc88cdd2cb1c4e2a839a03c80ecc,18871,48,Gram,unresolved person or eponym; contextual source use not established
10_UPDATED_SIGNED_RETURN.tex,db100f3d2a5678e392a19a40ba360f7aefbcfc88cdd2cb1c4e2a839a03c80ecc,18875,9,Gram,unresolved person or eponym; contextual source use not established
10_UPDATED_SIGNED_RETURN.tex,db100f3d2a5678e392a19a40ba360f7aefbcfc88cdd2cb1c4e2a839a03c80ecc,18980,9,Vandermonde,unresolved person or eponym; contextual source use not established
10_UPDATED_SIGNED_RETURN.tex,db100f3d2a5678e392a19a40ba360f7aefbcfc88cdd2cb1c4e2a839a03c80ecc,19005,1,Taylor,unresolved person or eponym; contextual source use not established
10_UPDATED_SIGNED_RETURN.tex,db100f3d2a5678e392a19a40ba360f7aefbcfc88cdd2cb1c4e2a839a03c80ecc,19046,7,Taylor,unresolved person or eponym; contextual source use not established
10_UPDATED_SIGNED_RETURN.tex,db100f3d2a5678e392a19a40ba360f7aefbcfc88cdd2cb1c4e2a839a03c80ecc,19050,1,Neumann,unresolved person or eponym; contextual source use not established
10_UPDATED_SIGNED_RETURN.tex,db100f3d2a5678e392a19a40ba360f7aefbcfc88cdd2cb1c4e2a839a03c80ecc,19106,26,Cauchy,unresolved person or eponym; contextual source use not established
10_UPDATED_SIGNED_RETURN.tex,db100f3d2a5678e392a19a40ba360f7aefbcfc88cdd2cb1c4e2a839a03c80ecc,19259,20,Vandermonde,unresolved person or eponym; contextual source use not established
10_UPDATED_SIGNED_RETURN.tex,db100f3d2a5678e392a19a40ba360f7aefbcfc88cdd2cb1c4e2a839a03c80ecc,19281,1,Gram,unresolved person or eponym; contextual source use not established
10_UPDATED_SIGNED_RETURN.tex,db100f3d2a5678e392a19a40ba360f7aefbcfc88cdd2cb1c4e2a839a03c80ecc,19308,7,Gaussian,unresolved person or eponym; contextual source use not established
10_UPDATED_SIGNED_RETURN.tex,db100f3d2a5678e392a19a40ba360f7aefbcfc88cdd2cb1c4e2a839a03c80ecc,19310,58,Schur,unresolved person or eponym; contextual source use not established
10_UPDATED_SIGNED_RETURN.tex,db100f3d2a5678e392a19a40ba360f7aefbcfc88cdd2cb1c4e2a839a03c80ecc,19326,5,Schur,unresolved person or eponym; contextual source use not established
10_UPDATED_SIGNED_RETURN.tex,db100f3d2a5678e392a19a40ba360f7aefbcfc88cdd2cb1c4e2a839a03c80ecc,19474,1,Hilbert,unresolved person or eponym; contextual source use not established
10_UPDATED_SIGNED_RETURN.tex,db100f3d2a5678e392a19a40ba360f7aefbcfc88cdd2cb1c4e2a839a03c80ecc,19489,51,Gram,unresolved person or eponym; contextual source use not established
10_UPDATED_SIGNED_RETURN.tex,db100f3d2a5678e392a19a40ba360f7aefbcfc88cdd2cb1c4e2a839a03c80ecc,19498,44,Gram,unresolved person or eponym; contextual source use not established
10_UPDATED_SIGNED_RETURN.tex,db100f3d2a5678e392a19a40ba360f7aefbcfc88cdd2cb1c4e2a839a03c80ecc,19508,14,Gram,unresolved person or eponym; contextual source use not established
10_UPDATED_SIGNED_RETURN.tex,db100f3d2a5678e392a19a40ba360f7aefbcfc88cdd2cb1c4e2a839a03c80ecc,19512,32,Gram,unresolved person or eponym; contextual source use not established
10_UPDATED_SIGNED_RETURN.tex,db100f3d2a5678e392a19a40ba360f7aefbcfc88cdd2cb1c4e2a839a03c80ecc,19529,52,Gram,unresolved person or eponym; contextual source use not established
10_UPDATED_SIGNED_RETURN.tex,db100f3d2a5678e392a19a40ba360f7aefbcfc88cdd2cb1c4e2a839a03c80ecc,19865,45,Gram,unresolved person or eponym; contextual source use not established
10_UPDATED_SIGNED_RETURN.tex,db100f3d2a5678e392a19a40ba360f7aefbcfc88cdd2cb1c4e2a839a03c80ecc,19866,50,Schur,unresolved person or eponym; contextual source use not established
10_UPDATED_SIGNED_RETURN.tex,db100f3d2a5678e392a19a40ba360f7aefbcfc88cdd2cb1c4e2a839a03c80ecc,19874,50,Vandermonde,unresolved person or eponym; contextual source use not established
10_UPDATED_SIGNED_RETURN.tex,db100f3d2a5678e392a19a40ba360f7aefbcfc88cdd2cb1c4e2a839a03c80ecc,19878,28,Gram,unresolved person or eponym; contextual source use not established
10_UPDATED_SIGNED_RETURN.tex,db100f3d2a5678e392a19a40ba360f7aefbcfc88cdd2cb1c4e2a839a03c80ecc,19893,5,Vandermonde,unresolved person or eponym; contextual source use not established
10_UPDATED_SIGNED_RETURN.tex,db100f3d2a5678e392a19a40ba360f7aefbcfc88cdd2cb1c4e2a839a03c80ecc,19927,48,Gram,unresolved person or eponym; contextual source use not established
10_UPDATED_SIGNED_RETURN.tex,db100f3d2a5678e392a19a40ba360f7aefbcfc88cdd2cb1c4e2a839a03c80ecc,19936,22,Schur,unresolved person or eponym; contextual source use not established
10_UPDATED_SIGNED_RETURN.tex,db100f3d2a5678e392a19a40ba360f7aefbcfc88cdd2cb1c4e2a839a03c80ecc,19944,7,Gram,unresolved person or eponym; contextual source use not established
10_UPDATED_SIGNED_RETURN.tex,db100f3d2a5678e392a19a40ba360f7aefbcfc88cdd2cb1c4e2a839a03c80ecc,19945,22,Gram,unresolved person or eponym; contextual source use not established
10_UPDATED_SIGNED_RETURN.tex,db100f3d2a5678e392a19a40ba360f7aefbcfc88cdd2cb1c4e2a839a03c80ecc,19953,24,Gram,unresolved person or eponym; contextual source use not established
10_UPDATED_SIGNED_RETURN.tex,db100f3d2a5678e392a19a40ba360f7aefbcfc88cdd2cb1c4e2a839a03c80ecc,19956,52,Schur,unresolved person or eponym; contextual source use not established
10_UPDATED_SIGNED_RETURN.tex,db100f3d2a5678e392a19a40ba360f7aefbcfc88cdd2cb1c4e2a839a03c80ecc,19989,17,Taylor,unresolved person or eponym; contextual source use not established
10_UPDATED_SIGNED_RETURN.tex,db100f3d2a5678e392a19a40ba360f7aefbcfc88cdd2cb1c4e2a839a03c80ecc,20113,31,Gram,unresolved person or eponym; contextual source use not established
10_UPDATED_SIGNED_RETURN.tex,db100f3d2a5678e392a19a40ba360f7aefbcfc88cdd2cb1c4e2a839a03c80ecc,20131,35,Gram,unresolved person or eponym; contextual source use not established
10_UPDATED_SIGNED_RETURN.tex,db100f3d2a5678e392a19a40ba360f7aefbcfc88cdd2cb1c4e2a839a03c80ecc,20319,23,Gram,unresolved person or eponym; contextual source use not established
10_UPDATED_SIGNED_RETURN.tex,db100f3d2a5678e392a19a40ba360f7aefbcfc88cdd2cb1c4e2a839a03c80ecc,20340,17,Vandermonde,unresolved person or eponym; contextual source use not established
10_UPDATED_SIGNED_RETURN.tex,db100f3d2a5678e392a19a40ba360f7aefbcfc88cdd2cb1c4e2a839a03c80ecc,20377,38,Gram,unresolved person or eponym; contextual source use not established
10_UPDATED_SIGNED_RETURN.tex,db100f3d2a5678e392a19a40ba360f7aefbcfc88cdd2cb1c4e2a839a03c80ecc,20377,51,Schur,unresolved person or eponym; contextual source use not established
10_UPDATED_SIGNED_RETURN.tex,db100f3d2a5678e392a19a40ba360f7aefbcfc88cdd2cb1c4e2a839a03c80ecc,20380,57,Schur,unresolved person or eponym; contextual source use not established
10_UPDATED_SIGNED_RETURN.tex,db100f3d2a5678e392a19a40ba360f7aefbcfc88cdd2cb1c4e2a839a03c80ecc,20403,8,Gram,unresolved person or eponym; contextual source use not established
10_UPDATED_SIGNED_RETURN.tex,db100f3d2a5678e392a19a40ba360f7aefbcfc88cdd2cb1c4e2a839a03c80ecc,20607,61,Gram,unresolved person or eponym; contextual source use not established
10_UPDATED_SIGNED_RETURN.tex,db100f3d2a5678e392a19a40ba360f7aefbcfc88cdd2cb1c4e2a839a03c80ecc,20619,28,Gram,unresolved person or eponym; contextual source use not established
10_UPDATED_SIGNED_RETURN.tex,db100f3d2a5678e392a19a40ba360f7aefbcfc88cdd2cb1c4e2a839a03c80ecc,20635,31,Gram,unresolved person or eponym; contextual source use not established
10_UPDATED_SIGNED_RETURN.tex,db100f3d2a5678e392a19a40ba360f7aefbcfc88cdd2cb1c4e2a839a03c80ecc,20720,61,Euler,unresolved person or eponym; contextual source use not established
10_UPDATED_SIGNED_RETURN.tex,db100f3d2a5678e392a19a40ba360f7aefbcfc88cdd2cb1c4e2a839a03c80ecc,20730,17,Euler,unresolved person or eponym; contextual source use not established
10_UPDATED_SIGNED_RETURN.tex,db100f3d2a5678e392a19a40ba360f7aefbcfc88cdd2cb1c4e2a839a03c80ecc,20737,27,Cauchy,unresolved person or eponym; contextual source use not established
10_UPDATED_SIGNED_RETURN.tex,db100f3d2a5678e392a19a40ba360f7aefbcfc88cdd2cb1c4e2a839a03c80ecc,20741,57,Fourier,unresolved person or eponym; contextual source use not established
10_UPDATED_SIGNED_RETURN.tex,db100f3d2a5678e392a19a40ba360f7aefbcfc88cdd2cb1c4e2a839a03c80ecc,20742,34,Fourier,unresolved person or eponym; contextual source use not established
10_UPDATED_SIGNED_RETURN.tex,db100f3d2a5678e392a19a40ba360f7aefbcfc88cdd2cb1c4e2a839a03c80ecc,20775,5,Euler,unresolved person or eponym; contextual source use not established
10_UPDATED_SIGNED_RETURN.tex,db100f3d2a5678e392a19a40ba360f7aefbcfc88cdd2cb1c4e2a839a03c80ecc,20788,15,Euler,unresolved person or eponym; contextual source use not established
10_UPDATED_SIGNED_RETURN.tex,db100f3d2a5678e392a19a40ba360f7aefbcfc88cdd2cb1c4e2a839a03c80ecc,20792,57,Euler,unresolved person or eponym; contextual source use not established
10_UPDATED_SIGNED_RETURN.tex,db100f3d2a5678e392a19a40ba360f7aefbcfc88cdd2cb1c4e2a839a03c80ecc,20838,22,Legendre,unresolved person or eponym; contextual source use not established
10_UPDATED_SIGNED_RETURN.tex,db100f3d2a5678e392a19a40ba360f7aefbcfc88cdd2cb1c4e2a839a03c80ecc,20852,10,Leibniz,unresolved person or eponym; contextual source use not established
10_UPDATED_SIGNED_RETURN.tex,db100f3d2a5678e392a19a40ba360f7aefbcfc88cdd2cb1c4e2a839a03c80ecc,20862,1,Cauchy,unresolved person or eponym; contextual source use not established
10_UPDATED_SIGNED_RETURN.tex,db100f3d2a5678e392a19a40ba360f7aefbcfc88cdd2cb1c4e2a839a03c80ecc,20862,9,Schwarz,unresolved person or eponym; contextual source use not established
10_UPDATED_SIGNED_RETURN.tex,db100f3d2a5678e392a19a40ba360f7aefbcfc88cdd2cb1c4e2a839a03c80ecc,20877,12,Hilbert,unresolved person or eponym; contextual source use not established
10_UPDATED_SIGNED_RETURN.tex,db100f3d2a5678e392a19a40ba360f7aefbcfc88cdd2cb1c4e2a839a03c80ecc,21049,57,Gram,unresolved person or eponym; contextual source use not established
10_UPDATED_SIGNED_RETURN.tex,db100f3d2a5678e392a19a40ba360f7aefbcfc88cdd2cb1c4e2a839a03c80ecc,21056,59,Gram,unresolved person or eponym; contextual source use not established
10_UPDATED_SIGNED_RETURN.tex,db100f3d2a5678e392a19a40ba360f7aefbcfc88cdd2cb1c4e2a839a03c80ecc,21057,51,Gram,unresolved person or eponym; contextual source use not established
10_UPDATED_SIGNED_RETURN.tex,db100f3d2a5678e392a19a40ba360f7aefbcfc88cdd2cb1c4e2a839a03c80ecc,21068,50,Gram,unresolved person or eponym; contextual source use not established
10_UPDATED_SIGNED_RETURN.tex,db100f3d2a5678e392a19a40ba360f7aefbcfc88cdd2cb1c4e2a839a03c80ecc,21072,9,Gram,unresolved person or eponym; contextual source use not established
10_UPDATED_SIGNED_RETURN.tex,db100f3d2a5678e392a19a40ba360f7aefbcfc88cdd2cb1c4e2a839a03c80ecc,21108,1,Gram,unresolved person or eponym; contextual source use not established
10_UPDATED_SIGNED_RETURN.tex,db100f3d2a5678e392a19a40ba360f7aefbcfc88cdd2cb1c4e2a839a03c80ecc,21110,10,Gram,unresolved person or eponym; contextual source use not established
10_UPDATED_SIGNED_RETURN.tex,db100f3d2a5678e392a19a40ba360f7aefbcfc88cdd2cb1c4e2a839a03c80ecc,21110,22,Schur,unresolved person or eponym; contextual source use not established
10_UPDATED_SIGNED_RETURN.tex,db100f3d2a5678e392a19a40ba360f7aefbcfc88cdd2cb1c4e2a839a03c80ecc,21111,13,Gram,unresolved person or eponym; contextual source use not established
10_UPDATED_SIGNED_RETURN.tex,db100f3d2a5678e392a19a40ba360f7aefbcfc88cdd2cb1c4e2a839a03c80ecc,21535,37,Euler,unresolved person or eponym; contextual source use not established
10_UPDATED_SIGNED_RETURN.tex,db100f3d2a5678e392a19a40ba360f7aefbcfc88cdd2cb1c4e2a839a03c80ecc,21627,26,Gram,unresolved person or eponym; contextual source use not established
10_UPDATED_SIGNED_RETURN.tex,db100f3d2a5678e392a19a40ba360f7aefbcfc88cdd2cb1c4e2a839a03c80ecc,21723,25,Gram,unresolved person or eponym; contextual source use not established
10_UPDATED_SIGNED_RETURN.tex,db100f3d2a5678e392a19a40ba360f7aefbcfc88cdd2cb1c4e2a839a03c80ecc,21724,52,Gram,unresolved person or eponym; contextual source use not established
10_UPDATED_SIGNED_RETURN.tex,db100f3d2a5678e392a19a40ba360f7aefbcfc88cdd2cb1c4e2a839a03c80ecc,21726,15,Gram,unresolved person or eponym; contextual source use not established
10_UPDATED_SIGNED_RETURN.tex,db100f3d2a5678e392a19a40ba360f7aefbcfc88cdd2cb1c4e2a839a03c80ecc,21727,5,Rodrigues,unresolved person or eponym; contextual source use not established
10_UPDATED_SIGNED_RETURN.tex,db100f3d2a5678e392a19a40ba360f7aefbcfc88cdd2cb1c4e2a839a03c80ecc,21741,22,Gram,unresolved person or eponym; contextual source use not established
10_UPDATED_SIGNED_RETURN.tex,db100f3d2a5678e392a19a40ba360f7aefbcfc88cdd2cb1c4e2a839a03c80ecc,21741,58,Gram,unresolved person or eponym; contextual source use not established
10_UPDATED_SIGNED_RETURN.tex,db100f3d2a5678e392a19a40ba360f7aefbcfc88cdd2cb1c4e2a839a03c80ecc,21789,42,Vandermonde,unresolved person or eponym; contextual source use not established
10_UPDATED_SIGNED_RETURN.tex,db100f3d2a5678e392a19a40ba360f7aefbcfc88cdd2cb1c4e2a839a03c80ecc,21791,1,Heine,unresolved person or eponym; contextual source use not established
10_UPDATED_SIGNED_RETURN.tex,db100f3d2a5678e392a19a40ba360f7aefbcfc88cdd2cb1c4e2a839a03c80ecc,21802,32,Vandermonde,unresolved person or eponym; contextual source use not established
10_UPDATED_SIGNED_RETURN.tex,db100f3d2a5678e392a19a40ba360f7aefbcfc88cdd2cb1c4e2a839a03c80ecc,21977,10,Gram,unresolved person or eponym; contextual source use not established
10_UPDATED_SIGNED_RETURN.tex,db100f3d2a5678e392a19a40ba360f7aefbcfc88cdd2cb1c4e2a839a03c80ecc,21978,1,Gram,unresolved person or eponym; contextual source use not established
10_UPDATED_SIGNED_RETURN.tex,db100f3d2a5678e392a19a40ba360f7aefbcfc88cdd2cb1c4e2a839a03c80ecc,22562,31,Gram,unresolved person or eponym; contextual source use not established
10_UPDATED_SIGNED_RETURN.tex,db100f3d2a5678e392a19a40ba360f7aefbcfc88cdd2cb1c4e2a839a03c80ecc,22579,43,Gram,unresolved person or eponym; contextual source use not established
10_UPDATED_SIGNED_RETURN.tex,db100f3d2a5678e392a19a40ba360f7aefbcfc88cdd2cb1c4e2a839a03c80ecc,22633,18,Gram,unresolved person or eponym; contextual source use not established
10_UPDATED_SIGNED_RETURN.tex,db100f3d2a5678e392a19a40ba360f7aefbcfc88cdd2cb1c4e2a839a03c80ecc,22652,52,Schur,unresolved person or eponym; contextual source use not established
10_UPDATED_SIGNED_RETURN.tex,db100f3d2a5678e392a19a40ba360f7aefbcfc88cdd2cb1c4e2a839a03c80ecc,22657,22,Gram,unresolved person or eponym; contextual source use not established
10_UPDATED_SIGNED_RETURN.tex,db100f3d2a5678e392a19a40ba360f7aefbcfc88cdd2cb1c4e2a839a03c80ecc,22694,1,Gram,unresolved person or eponym; contextual source use not established
10_UPDATED_SIGNED_RETURN.tex,db100f3d2a5678e392a19a40ba360f7aefbcfc88cdd2cb1c4e2a839a03c80ecc,22702,13,Gram,unresolved person or eponym; contextual source use not established
10_UPDATED_SIGNED_RETURN.tex,db100f3d2a5678e392a19a40ba360f7aefbcfc88cdd2cb1c4e2a839a03c80ecc,22724,50,Gram,unresolved person or eponym; contextual source use not established
10_UPDATED_SIGNED_RETURN.tex,db100f3d2a5678e392a19a40ba360f7aefbcfc88cdd2cb1c4e2a839a03c80ecc,22730,26,Vandermonde,unresolved person or eponym; contextual source use not established
10_UPDATED_SIGNED_RETURN.tex,db100f3d2a5678e392a19a40ba360f7aefbcfc88cdd2cb1c4e2a839a03c80ecc,22733,18,Gram,unresolved person or eponym; contextual source use not established
10_UPDATED_SIGNED_RETURN.tex,db100f3d2a5678e392a19a40ba360f7aefbcfc88cdd2cb1c4e2a839a03c80ecc,22747,32,Vandermonde,unresolved person or eponym; contextual source use not established
10_UPDATED_SIGNED_RETURN.tex,db100f3d2a5678e392a19a40ba360f7aefbcfc88cdd2cb1c4e2a839a03c80ecc,22747,44,Gram,unresolved person or eponym; contextual source use not established
10_UPDATED_SIGNED_RETURN.tex,db100f3d2a5678e392a19a40ba360f7aefbcfc88cdd2cb1c4e2a839a03c80ecc,22752,5,Schur,unresolved person or eponym; contextual source use not established
10_UPDATED_SIGNED_RETURN.tex,db100f3d2a5678e392a19a40ba360f7aefbcfc88cdd2cb1c4e2a839a03c80ecc,22768,1,Vandermonde,unresolved person or eponym; contextual source use not established
10_UPDATED_SIGNED_RETURN.tex,db100f3d2a5678e392a19a40ba360f7aefbcfc88cdd2cb1c4e2a839a03c80ecc,22970,19,Gram,unresolved person or eponym; contextual source use not established
10_UPDATED_SIGNED_RETURN.tex,db100f3d2a5678e392a19a40ba360f7aefbcfc88cdd2cb1c4e2a839a03c80ecc,23061,18,Gram,unresolved person or eponym; contextual source use not established
10_UPDATED_SIGNED_RETURN.tex,db100f3d2a5678e392a19a40ba360f7aefbcfc88cdd2cb1c4e2a839a03c80ecc,23111,51,Euler,unresolved person or eponym; contextual source use not established
10_UPDATED_SIGNED_RETURN.tex,db100f3d2a5678e392a19a40ba360f7aefbcfc88cdd2cb1c4e2a839a03c80ecc,23264,1,Cauchy,unresolved person or eponym; contextual source use not established
10_UPDATED_SIGNED_RETURN.tex,db100f3d2a5678e392a19a40ba360f7aefbcfc88cdd2cb1c4e2a839a03c80ecc,23297,45,Gram,unresolved person or eponym; contextual source use not established
10_UPDATED_SIGNED_RETURN.tex,db100f3d2a5678e392a19a40ba360f7aefbcfc88cdd2cb1c4e2a839a03c80ecc,23348,11,Cauchy,unresolved person or eponym; contextual source use not established
10_UPDATED_SIGNED_RETURN.tex,db100f3d2a5678e392a19a40ba360f7aefbcfc88cdd2cb1c4e2a839a03c80ecc,23348,19,Schwarz,unresolved person or eponym; contextual source use not established
10_UPDATED_SIGNED_RETURN.tex,db100f3d2a5678e392a19a40ba360f7aefbcfc88cdd2cb1c4e2a839a03c80ecc,23419,20,Gram,unresolved person or eponym; contextual source use not established
10_UPDATED_SIGNED_RETURN.tex,db100f3d2a5678e392a19a40ba360f7aefbcfc88cdd2cb1c4e2a839a03c80ecc,23437,8,Gram,unresolved person or eponym; contextual source use not established
10_UPDATED_SIGNED_RETURN.tex,db100f3d2a5678e392a19a40ba360f7aefbcfc88cdd2cb1c4e2a839a03c80ecc,23445,1,Legendre,unresolved person or eponym; contextual source use not established
10_UPDATED_SIGNED_RETURN.tex,db100f3d2a5678e392a19a40ba360f7aefbcfc88cdd2cb1c4e2a839a03c80ecc,23447,21,Rodrigues,unresolved person or eponym; contextual source use not established
10_UPDATED_SIGNED_RETURN.tex,db100f3d2a5678e392a19a40ba360f7aefbcfc88cdd2cb1c4e2a839a03c80ecc,23457,5,Legendre,unresolved person or eponym; contextual source use not established
10_UPDATED_SIGNED_RETURN.tex,db100f3d2a5678e392a19a40ba360f7aefbcfc88cdd2cb1c4e2a839a03c80ecc,23457,37,Rodrigues,unresolved person or eponym; contextual source use not established
10_UPDATED_SIGNED_RETURN.tex,db100f3d2a5678e392a19a40ba360f7aefbcfc88cdd2cb1c4e2a839a03c80ecc,23460,41,Gram,unresolved person or eponym; contextual source use not established
10_UPDATED_SIGNED_RETURN.tex,db100f3d2a5678e392a19a40ba360f7aefbcfc88cdd2cb1c4e2a839a03c80ecc,23812,31,Gram,unresolved person or eponym; contextual source use not established
10_UPDATED_SIGNED_RETURN.tex,db100f3d2a5678e392a19a40ba360f7aefbcfc88cdd2cb1c4e2a839a03c80ecc,23831,12,Vandermonde,unresolved person or eponym; contextual source use not established
10_UPDATED_SIGNED_RETURN.tex,db100f3d2a5678e392a19a40ba360f7aefbcfc88cdd2cb1c4e2a839a03c80ecc,23871,46,Vandermonde,unresolved person or eponym; contextual source use not established
10_UPDATED_SIGNED_RETURN.tex,db100f3d2a5678e392a19a40ba360f7aefbcfc88cdd2cb1c4e2a839a03c80ecc,23949,28,Hermite,unresolved person or eponym; contextual source use not established
10_UPDATED_SIGNED_RETURN.tex,db100f3d2a5678e392a19a40ba360f7aefbcfc88cdd2cb1c4e2a839a03c80ecc,23952,65,Gram,unresolved person or eponym; contextual source use not established
10_UPDATED_SIGNED_RETURN.tex,db100f3d2a5678e392a19a40ba360f7aefbcfc88cdd2cb1c4e2a839a03c80ecc,23977,31,Taylor,unresolved person or eponym; contextual source use not established
10_UPDATED_SIGNED_RETURN.tex,db100f3d2a5678e392a19a40ba360f7aefbcfc88cdd2cb1c4e2a839a03c80ecc,24031,5,Gram,unresolved person or eponym; contextual source use not established
10_UPDATED_SIGNED_RETURN.tex,db100f3d2a5678e392a19a40ba360f7aefbcfc88cdd2cb1c4e2a839a03c80ecc,24052,56,Gram,unresolved person or eponym; contextual source use not established
10_UPDATED_SIGNED_RETURN.tex,db100f3d2a5678e392a19a40ba360f7aefbcfc88cdd2cb1c4e2a839a03c80ecc,24068,5,Taylor,unresolved person or eponym; contextual source use not established
10_UPDATED_SIGNED_RETURN.tex,db100f3d2a5678e392a19a40ba360f7aefbcfc88cdd2cb1c4e2a839a03c80ecc,24130,45,Gram,unresolved person or eponym; contextual source use not established
10_UPDATED_SIGNED_RETURN.tex,db100f3d2a5678e392a19a40ba360f7aefbcfc88cdd2cb1c4e2a839a03c80ecc,24155,38,Gram,unresolved person or eponym; contextual source use not established
10_UPDATED_SIGNED_RETURN.tex,db100f3d2a5678e392a19a40ba360f7aefbcfc88cdd2cb1c4e2a839a03c80ecc,24198,37,Gram,unresolved person or eponym; contextual source use not established
10_UPDATED_SIGNED_RETURN.tex,db100f3d2a5678e392a19a40ba360f7aefbcfc88cdd2cb1c4e2a839a03c80ecc,24563,1,Gram,unresolved person or eponym; contextual source use not established
10_UPDATED_SIGNED_RETURN.tex,db100f3d2a5678e392a19a40ba360f7aefbcfc88cdd2cb1c4e2a839a03c80ecc,24648,42,Gram,unresolved person or eponym; contextual source use not established
10_UPDATED_SIGNED_RETURN.tex,db100f3d2a5678e392a19a40ba360f7aefbcfc88cdd2cb1c4e2a839a03c80ecc,24686,40,Taylor,unresolved person or eponym; contextual source use not established
10_UPDATED_SIGNED_RETURN.tex,db100f3d2a5678e392a19a40ba360f7aefbcfc88cdd2cb1c4e2a839a03c80ecc,24695,24,Tonelli,unresolved person or eponym; contextual source use not established
10_UPDATED_SIGNED_RETURN.tex,db100f3d2a5678e392a19a40ba360f7aefbcfc88cdd2cb1c4e2a839a03c80ecc,24756,10,Hermite,unresolved person or eponym; contextual source use not established
10_UPDATED_SIGNED_RETURN.tex,db100f3d2a5678e392a19a40ba360f7aefbcfc88cdd2cb1c4e2a839a03c80ecc,24760,62,Taylor,unresolved person or eponym; contextual source use not established
10_UPDATED_SIGNED_RETURN.tex,db100f3d2a5678e392a19a40ba360f7aefbcfc88cdd2cb1c4e2a839a03c80ecc,24796,16,Gram,unresolved person or eponym; contextual source use not established
10_UPDATED_SIGNED_RETURN.tex,db100f3d2a5678e392a19a40ba360f7aefbcfc88cdd2cb1c4e2a839a03c80ecc,24840,27,Gram,unresolved person or eponym; contextual source use not established
10_UPDATED_SIGNED_RETURN.tex,db100f3d2a5678e392a19a40ba360f7aefbcfc88cdd2cb1c4e2a839a03c80ecc,25160,49,Schur,unresolved person or eponym; contextual source use not established
10_UPDATED_SIGNED_RETURN.tex,db100f3d2a5678e392a19a40ba360f7aefbcfc88cdd2cb1c4e2a839a03c80ecc,25170,23,Vandermonde,unresolved person or eponym; contextual source use not established
10_UPDATED_SIGNED_RETURN.tex,db100f3d2a5678e392a19a40ba360f7aefbcfc88cdd2cb1c4e2a839a03c80ecc,25344,25,Gram,unresolved person or eponym; contextual source use not established
10_UPDATED_SIGNED_RETURN.tex,db100f3d2a5678e392a19a40ba360f7aefbcfc88cdd2cb1c4e2a839a03c80ecc,25370,54,Gram,unresolved person or eponym; contextual source use not established
10_UPDATED_SIGNED_RETURN.tex,db100f3d2a5678e392a19a40ba360f7aefbcfc88cdd2cb1c4e2a839a03c80ecc,25501,47,Gram,unresolved person or eponym; contextual source use not established
10_UPDATED_SIGNED_RETURN.tex,db100f3d2a5678e392a19a40ba360f7aefbcfc88cdd2cb1c4e2a839a03c80ecc,25506,13,Gram,unresolved person or eponym; contextual source use not established
10_UPDATED_SIGNED_RETURN.tex,db100f3d2a5678e392a19a40ba360f7aefbcfc88cdd2cb1c4e2a839a03c80ecc,25543,22,Taylor,unresolved person or eponym; contextual source use not established
10_UPDATED_SIGNED_RETURN.tex,db100f3d2a5678e392a19a40ba360f7aefbcfc88cdd2cb1c4e2a839a03c80ecc,25564,27,Taylor,unresolved person or eponym; contextual source use not established
10_UPDATED_SIGNED_RETURN.tex,db100f3d2a5678e392a19a40ba360f7aefbcfc88cdd2cb1c4e2a839a03c80ecc,25793,30,Fourier,unresolved person or eponym; contextual source use not established
10_UPDATED_SIGNED_RETURN.tex,db100f3d2a5678e392a19a40ba360f7aefbcfc88cdd2cb1c4e2a839a03c80ecc,25889,45,Vandermonde,unresolved person or eponym; contextual source use not established
10_UPDATED_SIGNED_RETURN.tex,db100f3d2a5678e392a19a40ba360f7aefbcfc88cdd2cb1c4e2a839a03c80ecc,25892,44,Fourier,unresolved person or eponym; contextual source use not established
10_UPDATED_SIGNED_RETURN.tex,db100f3d2a5678e392a19a40ba360f7aefbcfc88cdd2cb1c4e2a839a03c80ecc,26012,54,Laurent,unresolved person or eponym; contextual source use not established
10_UPDATED_SIGNED_RETURN.tex,db100f3d2a5678e392a19a40ba360f7aefbcfc88cdd2cb1c4e2a839a03c80ecc,26226,21,Taylor,unresolved person or eponym; contextual source use not established
10_UPDATED_SIGNED_RETURN.tex,db100f3d2a5678e392a19a40ba360f7aefbcfc88cdd2cb1c4e2a839a03c80ecc,26338,27,Cauchy,unresolved person or eponym; contextual source use not established
10_UPDATED_SIGNED_RETURN.tex,db100f3d2a5678e392a19a40ba360f7aefbcfc88cdd2cb1c4e2a839a03c80ecc,26344,1,Cauchy,unresolved person or eponym; contextual source use not established
10_UPDATED_SIGNED_RETURN.tex,db100f3d2a5678e392a19a40ba360f7aefbcfc88cdd2cb1c4e2a839a03c80ecc,26344,9,Schwarz,unresolved person or eponym; contextual source use not established
10_UPDATED_SIGNED_RETURN.tex,db100f3d2a5678e392a19a40ba360f7aefbcfc88cdd2cb1c4e2a839a03c80ecc,26398,15,Cauchy,unresolved person or eponym; contextual source use not established
10_UPDATED_SIGNED_RETURN.tex,db100f3d2a5678e392a19a40ba360f7aefbcfc88cdd2cb1c4e2a839a03c80ecc,26398,23,Schwarz,unresolved person or eponym; contextual source use not established
10_UPDATED_SIGNED_RETURN.tex,db100f3d2a5678e392a19a40ba360f7aefbcfc88cdd2cb1c4e2a839a03c80ecc,26413,20,Cauchy,unresolved person or eponym; contextual source use not established
10_UPDATED_SIGNED_RETURN.tex,db100f3d2a5678e392a19a40ba360f7aefbcfc88cdd2cb1c4e2a839a03c80ecc,26413,28,Schwarz,unresolved person or eponym; contextual source use not established
10_UPDATED_SIGNED_RETURN.tex,db100f3d2a5678e392a19a40ba360f7aefbcfc88cdd2cb1c4e2a839a03c80ecc,26439,5,Gram,unresolved person or eponym; contextual source use not established
10_UPDATED_SIGNED_RETURN.tex,db100f3d2a5678e392a19a40ba360f7aefbcfc88cdd2cb1c4e2a839a03c80ecc,26448,5,Gram,unresolved person or eponym; contextual source use not established
10_UPDATED_SIGNED_RETURN.tex,db100f3d2a5678e392a19a40ba360f7aefbcfc88cdd2cb1c4e2a839a03c80ecc,26534,21,Gram,unresolved person or eponym; contextual source use not established
10_UPDATED_SIGNED_RETURN.tex,db100f3d2a5678e392a19a40ba360f7aefbcfc88cdd2cb1c4e2a839a03c80ecc,26567,13,Gram,unresolved person or eponym; contextual source use not established
10_UPDATED_SIGNED_RETURN.tex,db100f3d2a5678e392a19a40ba360f7aefbcfc88cdd2cb1c4e2a839a03c80ecc,26579,33,Gram,unresolved person or eponym; contextual source use not established
10_UPDATED_SIGNED_RETURN.tex,db100f3d2a5678e392a19a40ba360f7aefbcfc88cdd2cb1c4e2a839a03c80ecc,26658,5,Taylor,unresolved person or eponym; contextual source use not established
10_UPDATED_SIGNED_RETURN.tex,db100f3d2a5678e392a19a40ba360f7aefbcfc88cdd2cb1c4e2a839a03c80ecc,26710,37,Leibniz,unresolved person or eponym; contextual source use not established
10_UPDATED_SIGNED_RETURN.tex,db100f3d2a5678e392a19a40ba360f7aefbcfc88cdd2cb1c4e2a839a03c80ecc,26725,1,Vandermonde,unresolved person or eponym; contextual source use not established
10_UPDATED_SIGNED_RETURN.tex,db100f3d2a5678e392a19a40ba360f7aefbcfc88cdd2cb1c4e2a839a03c80ecc,26728,16,Vandermonde,unresolved person or eponym; contextual source use not established
10_UPDATED_SIGNED_RETURN.tex,db100f3d2a5678e392a19a40ba360f7aefbcfc88cdd2cb1c4e2a839a03c80ecc,26760,32,Taylor,unresolved person or eponym; contextual source use not established
10_UPDATED_SIGNED_RETURN.tex,db100f3d2a5678e392a19a40ba360f7aefbcfc88cdd2cb1c4e2a839a03c80ecc,26768,34,Vandermonde,unresolved person or eponym; contextual source use not established
10_UPDATED_SIGNED_RETURN.tex,db100f3d2a5678e392a19a40ba360f7aefbcfc88cdd2cb1c4e2a839a03c80ecc,26797,23,Taylor,unresolved person or eponym; contextual source use not established
10_UPDATED_SIGNED_RETURN.tex,db100f3d2a5678e392a19a40ba360f7aefbcfc88cdd2cb1c4e2a839a03c80ecc,26807,1,Laurent,unresolved person or eponym; contextual source use not established
10_UPDATED_SIGNED_RETURN.tex,db100f3d2a5678e392a19a40ba360f7aefbcfc88cdd2cb1c4e2a839a03c80ecc,26816,1,Laurent,unresolved person or eponym; contextual source use not established
10_UPDATED_SIGNED_RETURN.tex,db100f3d2a5678e392a19a40ba360f7aefbcfc88cdd2cb1c4e2a839a03c80ecc,26821,18,Laurent,unresolved person or eponym; contextual source use not established
10_UPDATED_SIGNED_RETURN.tex,db100f3d2a5678e392a19a40ba360f7aefbcfc88cdd2cb1c4e2a839a03c80ecc,26844,11,Taylor,unresolved person or eponym; contextual source use not established
10_UPDATED_SIGNED_RETURN.tex,db100f3d2a5678e392a19a40ba360f7aefbcfc88cdd2cb1c4e2a839a03c80ecc,26854,52,Cauchy,unresolved person or eponym; contextual source use not established
10_UPDATED_SIGNED_RETURN.tex,db100f3d2a5678e392a19a40ba360f7aefbcfc88cdd2cb1c4e2a839a03c80ecc,26890,14,Cauchy,unresolved person or eponym; contextual source use not established
10_UPDATED_SIGNED_RETURN.tex,db100f3d2a5678e392a19a40ba360f7aefbcfc88cdd2cb1c4e2a839a03c80ecc,26973,1,Vandermonde,unresolved person or eponym; contextual source use not established
10_UPDATED_SIGNED_RETURN.tex,db100f3d2a5678e392a19a40ba360f7aefbcfc88cdd2cb1c4e2a839a03c80ecc,27005,1,Hilbert,unresolved person or eponym; contextual source use not established
10_UPDATED_SIGNED_RETURN.tex,db100f3d2a5678e392a19a40ba360f7aefbcfc88cdd2cb1c4e2a839a03c80ecc,27007,26,Hilbert,unresolved person or eponym; contextual source use not established
10_UPDATED_SIGNED_RETURN.tex,db100f3d2a5678e392a19a40ba360f7aefbcfc88cdd2cb1c4e2a839a03c80ecc,27008,65,Gram,unresolved person or eponym; contextual source use not established
10_UPDATED_SIGNED_RETURN.tex,db100f3d2a5678e392a19a40ba360f7aefbcfc88cdd2cb1c4e2a839a03c80ecc,27018,62,Gram,unresolved person or eponym; contextual source use not established
10_UPDATED_SIGNED_RETURN.tex,db100f3d2a5678e392a19a40ba360f7aefbcfc88cdd2cb1c4e2a839a03c80ecc,27023,38,Schur,unresolved person or eponym; contextual source use not established
10_UPDATED_SIGNED_RETURN.tex,db100f3d2a5678e392a19a40ba360f7aefbcfc88cdd2cb1c4e2a839a03c80ecc,27030,8,Hilbert,unresolved person or eponym; contextual source use not established
10_UPDATED_SIGNED_RETURN.tex,db100f3d2a5678e392a19a40ba360f7aefbcfc88cdd2cb1c4e2a839a03c80ecc,27043,34,Gram,unresolved person or eponym; contextual source use not established
10_UPDATED_SIGNED_RETURN.tex,db100f3d2a5678e392a19a40ba360f7aefbcfc88cdd2cb1c4e2a839a03c80ecc,27072,20,Schur,unresolved person or eponym; contextual source use not established
10_UPDATED_SIGNED_RETURN.tex,db100f3d2a5678e392a19a40ba360f7aefbcfc88cdd2cb1c4e2a839a03c80ecc,27081,14,Cauchy,unresolved person or eponym; contextual source use not established
10_UPDATED_SIGNED_RETURN.tex,db100f3d2a5678e392a19a40ba360f7aefbcfc88cdd2cb1c4e2a839a03c80ecc,27081,22,Schwarz,unresolved person or eponym; contextual source use not established
10_UPDATED_SIGNED_RETURN.tex,db100f3d2a5678e392a19a40ba360f7aefbcfc88cdd2cb1c4e2a839a03c80ecc,27088,66,Taylor,unresolved person or eponym; contextual source use not established
10_UPDATED_SIGNED_RETURN.tex,db100f3d2a5678e392a19a40ba360f7aefbcfc88cdd2cb1c4e2a839a03c80ecc,27146,40,Gram,unresolved person or eponym; contextual source use not established
10_UPDATED_SIGNED_RETURN.tex,db100f3d2a5678e392a19a40ba360f7aefbcfc88cdd2cb1c4e2a839a03c80ecc,27155,11,Taylor,unresolved person or eponym; contextual source use not established
10_UPDATED_SIGNED_RETURN.tex,db100f3d2a5678e392a19a40ba360f7aefbcfc88cdd2cb1c4e2a839a03c80ecc,27232,1,Gram,unresolved person or eponym; contextual source use not established
10_UPDATED_SIGNED_RETURN.tex,db100f3d2a5678e392a19a40ba360f7aefbcfc88cdd2cb1c4e2a839a03c80ecc,27235,58,Gram,unresolved person or eponym; contextual source use not established
10_UPDATED_SIGNED_RETURN.tex,db100f3d2a5678e392a19a40ba360f7aefbcfc88cdd2cb1c4e2a839a03c80ecc,27318,30,Gram,unresolved person or eponym; contextual source use not established
10_UPDATED_SIGNED_RETURN.tex,db100f3d2a5678e392a19a40ba360f7aefbcfc88cdd2cb1c4e2a839a03c80ecc,27339,68,Gram,unresolved person or eponym; contextual source use not established
10_UPDATED_SIGNED_RETURN.tex,db100f3d2a5678e392a19a40ba360f7aefbcfc88cdd2cb1c4e2a839a03c80ecc,27348,20,Gram,unresolved person or eponym; contextual source use not established
10_UPDATED_SIGNED_RETURN.tex,db100f3d2a5678e392a19a40ba360f7aefbcfc88cdd2cb1c4e2a839a03c80ecc,27357,15,Gram,unresolved person or eponym; contextual source use not established
10_UPDATED_SIGNED_RETURN.tex,db100f3d2a5678e392a19a40ba360f7aefbcfc88cdd2cb1c4e2a839a03c80ecc,27363,52,Schur,unresolved person or eponym; contextual source use not established
10_UPDATED_SIGNED_RETURN.tex,db100f3d2a5678e392a19a40ba360f7aefbcfc88cdd2cb1c4e2a839a03c80ecc,27375,61,Newton,unresolved person or eponym; contextual source use not established
10_UPDATED_SIGNED_RETURN.tex,db100f3d2a5678e392a19a40ba360f7aefbcfc88cdd2cb1c4e2a839a03c80ecc,27612,1,Euler,unresolved person or eponym; contextual source use not established
10_UPDATED_SIGNED_RETURN.tex,db100f3d2a5678e392a19a40ba360f7aefbcfc88cdd2cb1c4e2a839a03c80ecc,27644,37,Fourier,unresolved person or eponym; contextual source use not established
10_UPDATED_SIGNED_RETURN.tex,db100f3d2a5678e392a19a40ba360f7aefbcfc88cdd2cb1c4e2a839a03c80ecc,27650,38,Taylor,unresolved person or eponym; contextual source use not established
10_UPDATED_SIGNED_RETURN.tex,db100f3d2a5678e392a19a40ba360f7aefbcfc88cdd2cb1c4e2a839a03c80ecc,27659,34,Frobenius,unresolved person or eponym; contextual source use not established
10_UPDATED_SIGNED_RETURN.tex,db100f3d2a5678e392a19a40ba360f7aefbcfc88cdd2cb1c4e2a839a03c80ecc,27673,61,Gram,unresolved person or eponym; contextual source use not established
10_UPDATED_SIGNED_RETURN.tex,db100f3d2a5678e392a19a40ba360f7aefbcfc88cdd2cb1c4e2a839a03c80ecc,27678,43,Gram,unresolved person or eponym; contextual source use not established
10_UPDATED_SIGNED_RETURN.tex,db100f3d2a5678e392a19a40ba360f7aefbcfc88cdd2cb1c4e2a839a03c80ecc,27812,35,Euler,unresolved person or eponym; contextual source use not established
10_UPDATED_SIGNED_RETURN.tex,db100f3d2a5678e392a19a40ba360f7aefbcfc88cdd2cb1c4e2a839a03c80ecc,27815,46,Schur,unresolved person or eponym; contextual source use not established
10_UPDATED_SIGNED_RETURN.tex,db100f3d2a5678e392a19a40ba360f7aefbcfc88cdd2cb1c4e2a839a03c80ecc,27848,58,Gram,unresolved person or eponym; contextual source use not established
10_UPDATED_SIGNED_RETURN.tex,db100f3d2a5678e392a19a40ba360f7aefbcfc88cdd2cb1c4e2a839a03c80ecc,27864,14,Gram,unresolved person or eponym; contextual source use not established
10_UPDATED_SIGNED_RETURN.tex,db100f3d2a5678e392a19a40ba360f7aefbcfc88cdd2cb1c4e2a839a03c80ecc,27880,59,Schur,unresolved person or eponym; contextual source use not established
10_UPDATED_SIGNED_RETURN.tex,db100f3d2a5678e392a19a40ba360f7aefbcfc88cdd2cb1c4e2a839a03c80ecc,27889,1,Schur,unresolved person or eponym; contextual source use not established
10_UPDATED_SIGNED_RETURN.tex,db100f3d2a5678e392a19a40ba360f7aefbcfc88cdd2cb1c4e2a839a03c80ecc,27900,32,Gram,unresolved person or eponym; contextual source use not established
10_UPDATED_SIGNED_RETURN.tex,db100f3d2a5678e392a19a40ba360f7aefbcfc88cdd2cb1c4e2a839a03c80ecc,27902,13,Gram,unresolved person or eponym; contextual source use not established
10_UPDATED_SIGNED_RETURN.tex,db100f3d2a5678e392a19a40ba360f7aefbcfc88cdd2cb1c4e2a839a03c80ecc,27953,28,Euler,unresolved person or eponym; contextual source use not established
10_UPDATED_SIGNED_RETURN.tex,db100f3d2a5678e392a19a40ba360f7aefbcfc88cdd2cb1c4e2a839a03c80ecc,27968,48,Cauchy,unresolved person or eponym; contextual source use not established
10_UPDATED_SIGNED_RETURN.tex,db100f3d2a5678e392a19a40ba360f7aefbcfc88cdd2cb1c4e2a839a03c80ecc,28001,27,Fourier,unresolved person or eponym; contextual source use not established
10_UPDATED_SIGNED_RETURN.tex,db100f3d2a5678e392a19a40ba360f7aefbcfc88cdd2cb1c4e2a839a03c80ecc,28058,35,Fubini,unresolved person or eponym; contextual source use not established
10_UPDATED_SIGNED_RETURN.tex,db100f3d2a5678e392a19a40ba360f7aefbcfc88cdd2cb1c4e2a839a03c80ecc,28123,44,Euler,unresolved person or eponym; contextual source use not established
10_UPDATED_SIGNED_RETURN.tex,db100f3d2a5678e392a19a40ba360f7aefbcfc88cdd2cb1c4e2a839a03c80ecc,28169,45,Cauchy,unresolved person or eponym; contextual source use not established
10_UPDATED_SIGNED_RETURN.tex,db100f3d2a5678e392a19a40ba360f7aefbcfc88cdd2cb1c4e2a839a03c80ecc,28188,1,Fourier,unresolved person or eponym; contextual source use not established
10_UPDATED_SIGNED_RETURN.tex,db100f3d2a5678e392a19a40ba360f7aefbcfc88cdd2cb1c4e2a839a03c80ecc,28212,20,Euler,unresolved person or eponym; contextual source use not established
10_UPDATED_SIGNED_RETURN.tex,db100f3d2a5678e392a19a40ba360f7aefbcfc88cdd2cb1c4e2a839a03c80ecc,28692,26,Hilbert,unresolved person or eponym; contextual source use not established
10_UPDATED_SIGNED_RETURN.tex,db100f3d2a5678e392a19a40ba360f7aefbcfc88cdd2cb1c4e2a839a03c80ecc,28698,14,Cauchy,unresolved person or eponym; contextual source use not established
10_UPDATED_SIGNED_RETURN.tex,db100f3d2a5678e392a19a40ba360f7aefbcfc88cdd2cb1c4e2a839a03c80ecc,28698,22,Binet,unresolved person or eponym; contextual source use not established
10_UPDATED_SIGNED_RETURN.tex,db100f3d2a5678e392a19a40ba360f7aefbcfc88cdd2cb1c4e2a839a03c80ecc,28739,1,Gram,unresolved person or eponym; contextual source use not established
10_UPDATED_SIGNED_RETURN.tex,db100f3d2a5678e392a19a40ba360f7aefbcfc88cdd2cb1c4e2a839a03c80ecc,28928,36,Vandermonde,unresolved person or eponym; contextual source use not established
10_UPDATED_SIGNED_RETURN.tex,db100f3d2a5678e392a19a40ba360f7aefbcfc88cdd2cb1c4e2a839a03c80ecc,28967,30,Gram,unresolved person or eponym; contextual source use not established
10_UPDATED_SIGNED_RETURN.tex,db100f3d2a5678e392a19a40ba360f7aefbcfc88cdd2cb1c4e2a839a03c80ecc,29042,43,Gram,unresolved person or eponym; contextual source use not established
10_UPDATED_SIGNED_RETURN.tex,db100f3d2a5678e392a19a40ba360f7aefbcfc88cdd2cb1c4e2a839a03c80ecc,29060,1,Schur,unresolved person or eponym; contextual source use not established
10_UPDATED_SIGNED_RETURN.tex,db100f3d2a5678e392a19a40ba360f7aefbcfc88cdd2cb1c4e2a839a03c80ecc,29088,17,Gram,unresolved person or eponym; contextual source use not established
10_UPDATED_SIGNED_RETURN.tex,db100f3d2a5678e392a19a40ba360f7aefbcfc88cdd2cb1c4e2a839a03c80ecc,29095,14,Schur,unresolved person or eponym; contextual source use not established
10_UPDATED_SIGNED_RETURN.tex,db100f3d2a5678e392a19a40ba360f7aefbcfc88cdd2cb1c4e2a839a03c80ecc,29195,11,Taylor,unresolved person or eponym; contextual source use not established
10_UPDATED_SIGNED_RETURN.tex,db100f3d2a5678e392a19a40ba360f7aefbcfc88cdd2cb1c4e2a839a03c80ecc,29197,21,Leibniz,unresolved person or eponym; contextual source use not established
10_UPDATED_SIGNED_RETURN.tex,db100f3d2a5678e392a19a40ba360f7aefbcfc88cdd2cb1c4e2a839a03c80ecc,29200,26,Vandermonde,unresolved person or eponym; contextual source use not established
10_UPDATED_SIGNED_RETURN.tex,db100f3d2a5678e392a19a40ba360f7aefbcfc88cdd2cb1c4e2a839a03c80ecc,29207,22,Schur,unresolved person or eponym; contextual source use not established
10_UPDATED_SIGNED_RETURN.tex,db100f3d2a5678e392a19a40ba360f7aefbcfc88cdd2cb1c4e2a839a03c80ecc,29736,15,Hilbert,unresolved person or eponym; contextual source use not established
10_UPDATED_SIGNED_RETURN.tex,db100f3d2a5678e392a19a40ba360f7aefbcfc88cdd2cb1c4e2a839a03c80ecc,29760,53,Gram,unresolved person or eponym; contextual source use not established
10_UPDATED_SIGNED_RETURN.tex,db100f3d2a5678e392a19a40ba360f7aefbcfc88cdd2cb1c4e2a839a03c80ecc,29761,31,Schur,unresolved person or eponym; contextual source use not established
10_UPDATED_SIGNED_RETURN.tex,db100f3d2a5678e392a19a40ba360f7aefbcfc88cdd2cb1c4e2a839a03c80ecc,29762,19,Gram,unresolved person or eponym; contextual source use not established
10_UPDATED_SIGNED_RETURN.tex,db100f3d2a5678e392a19a40ba360f7aefbcfc88cdd2cb1c4e2a839a03c80ecc,29763,20,Gaussian,unresolved person or eponym; contextual source use not established
10_UPDATED_SIGNED_RETURN.tex,db100f3d2a5678e392a19a40ba360f7aefbcfc88cdd2cb1c4e2a839a03c80ecc,29842,1,Gram,unresolved person or eponym; contextual source use not established
10_UPDATED_SIGNED_RETURN.tex,db100f3d2a5678e392a19a40ba360f7aefbcfc88cdd2cb1c4e2a839a03c80ecc,29848,55,Gram,unresolved person or eponym; contextual source use not established
10_UPDATED_SIGNED_RETURN.tex,db100f3d2a5678e392a19a40ba360f7aefbcfc88cdd2cb1c4e2a839a03c80ecc,29913,24,Gram,unresolved person or eponym; contextual source use not established
10_UPDATED_SIGNED_RETURN.tex,db100f3d2a5678e392a19a40ba360f7aefbcfc88cdd2cb1c4e2a839a03c80ecc,29945,17,Cauchy,unresolved person or eponym; contextual source use not established
10_UPDATED_SIGNED_RETURN.tex,db100f3d2a5678e392a19a40ba360f7aefbcfc88cdd2cb1c4e2a839a03c80ecc,29949,46,Cauchy,unresolved person or eponym; contextual source use not established
10_UPDATED_SIGNED_RETURN.tex,db100f3d2a5678e392a19a40ba360f7aefbcfc88cdd2cb1c4e2a839a03c80ecc,30125,10,Gram,unresolved person or eponym; contextual source use not established
10_UPDATED_SIGNED_RETURN.tex,db100f3d2a5678e392a19a40ba360f7aefbcfc88cdd2cb1c4e2a839a03c80ecc,30227,35,Vandermonde,unresolved person or eponym; contextual source use not established
10_UPDATED_SIGNED_RETURN.tex,db100f3d2a5678e392a19a40ba360f7aefbcfc88cdd2cb1c4e2a839a03c80ecc,30239,5,Vandermonde,unresolved person or eponym; contextual source use not established
10_UPDATED_SIGNED_RETURN.tex,db100f3d2a5678e392a19a40ba360f7aefbcfc88cdd2cb1c4e2a839a03c80ecc,30290,10,Gram,unresolved person or eponym; contextual source use not established
10_UPDATED_SIGNED_RETURN.tex,db100f3d2a5678e392a19a40ba360f7aefbcfc88cdd2cb1c4e2a839a03c80ecc,30296,5,Gram,unresolved person or eponym; contextual source use not established
10_UPDATED_SIGNED_RETURN.tex,db100f3d2a5678e392a19a40ba360f7aefbcfc88cdd2cb1c4e2a839a03c80ecc,30332,5,Hilbert,unresolved person or eponym; contextual source use not established
10_UPDATED_SIGNED_RETURN.tex,db100f3d2a5678e392a19a40ba360f7aefbcfc88cdd2cb1c4e2a839a03c80ecc,30334,36,Hilbert,unresolved person or eponym; contextual source use not established
10_UPDATED_SIGNED_RETURN.tex,db100f3d2a5678e392a19a40ba360f7aefbcfc88cdd2cb1c4e2a839a03c80ecc,30347,33,Vandermonde,unresolved person or eponym; contextual source use not established
10_UPDATED_SIGNED_RETURN.tex,db100f3d2a5678e392a19a40ba360f7aefbcfc88cdd2cb1c4e2a839a03c80ecc,30369,48,Vandermonde,unresolved person or eponym; contextual source use not established
10_UPDATED_SIGNED_RETURN.tex,db100f3d2a5678e392a19a40ba360f7aefbcfc88cdd2cb1c4e2a839a03c80ecc,30384,16,Gram,unresolved person or eponym; contextual source use not established
10_UPDATED_SIGNED_RETURN.tex,db100f3d2a5678e392a19a40ba360f7aefbcfc88cdd2cb1c4e2a839a03c80ecc,30388,12,Riesz,unresolved person or eponym; contextual source use not established
10_UPDATED_SIGNED_RETURN.tex,db100f3d2a5678e392a19a40ba360f7aefbcfc88cdd2cb1c4e2a839a03c80ecc,30409,1,Schur,unresolved person or eponym; contextual source use not established
10_UPDATED_SIGNED_RETURN.tex,db100f3d2a5678e392a19a40ba360f7aefbcfc88cdd2cb1c4e2a839a03c80ecc,30421,57,Gram,unresolved person or eponym; contextual source use not established
10_UPDATED_SIGNED_RETURN.tex,db100f3d2a5678e392a19a40ba360f7aefbcfc88cdd2cb1c4e2a839a03c80ecc,30466,1,Cauchy,unresolved person or eponym; contextual source use not established
10_UPDATED_SIGNED_RETURN.tex,db100f3d2a5678e392a19a40ba360f7aefbcfc88cdd2cb1c4e2a839a03c80ecc,30488,48,Gram,unresolved person or eponym; contextual source use not established
10_UPDATED_SIGNED_RETURN.tex,db100f3d2a5678e392a19a40ba360f7aefbcfc88cdd2cb1c4e2a839a03c80ecc,30543,28,Vandermonde,unresolved person or eponym; contextual source use not established
10_UPDATED_SIGNED_RETURN.tex,db100f3d2a5678e392a19a40ba360f7aefbcfc88cdd2cb1c4e2a839a03c80ecc,30609,1,Taylor,unresolved person or eponym; contextual source use not established
10_UPDATED_SIGNED_RETURN.tex,db100f3d2a5678e392a19a40ba360f7aefbcfc88cdd2cb1c4e2a839a03c80ecc,30685,1,Cauchy,unresolved person or eponym; contextual source use not established
10_UPDATED_SIGNED_RETURN.tex,db100f3d2a5678e392a19a40ba360f7aefbcfc88cdd2cb1c4e2a839a03c80ecc,30983,61,Gram,unresolved person or eponym; contextual source use not established
10_UPDATED_SIGNED_RETURN.tex,db100f3d2a5678e392a19a40ba360f7aefbcfc88cdd2cb1c4e2a839a03c80ecc,30984,1,Schur,unresolved person or eponym; contextual source use not established
10_UPDATED_SIGNED_RETURN.tex,db100f3d2a5678e392a19a40ba360f7aefbcfc88cdd2cb1c4e2a839a03c80ecc,31098,37,Gram,unresolved person or eponym; contextual source use not established
10_UPDATED_SIGNED_RETURN.tex,db100f3d2a5678e392a19a40ba360f7aefbcfc88cdd2cb1c4e2a839a03c80ecc,31249,25,Vandermonde,unresolved person or eponym; contextual source use not established
10_UPDATED_SIGNED_RETURN.tex,db100f3d2a5678e392a19a40ba360f7aefbcfc88cdd2cb1c4e2a839a03c80ecc,31291,12,Gaussian,unresolved person or eponym; contextual source use not established
10_UPDATED_SIGNED_RETURN.tex,db100f3d2a5678e392a19a40ba360f7aefbcfc88cdd2cb1c4e2a839a03c80ecc,31954,49,Taylor,unresolved person or eponym; contextual source use not established
10_UPDATED_SIGNED_RETURN.tex,db100f3d2a5678e392a19a40ba360f7aefbcfc88cdd2cb1c4e2a839a03c80ecc,31994,1,Taylor,unresolved person or eponym; contextual source use not established
10_UPDATED_SIGNED_RETURN.tex,db100f3d2a5678e392a19a40ba360f7aefbcfc88cdd2cb1c4e2a839a03c80ecc,32068,11,Taylor,unresolved person or eponym; contextual source use not established
10_UPDATED_SIGNED_RETURN.tex,db100f3d2a5678e392a19a40ba360f7aefbcfc88cdd2cb1c4e2a839a03c80ecc,32148,36,Gram,unresolved person or eponym; contextual source use not established
10_UPDATED_SIGNED_RETURN.tex,db100f3d2a5678e392a19a40ba360f7aefbcfc88cdd2cb1c4e2a839a03c80ecc,32242,40,Taylor,unresolved person or eponym; contextual source use not established
10_UPDATED_SIGNED_RETURN.tex,db100f3d2a5678e392a19a40ba360f7aefbcfc88cdd2cb1c4e2a839a03c80ecc,32244,44,Cauchy,unresolved person or eponym; contextual source use not established
10_UPDATED_SIGNED_RETURN.tex,db100f3d2a5678e392a19a40ba360f7aefbcfc88cdd2cb1c4e2a839a03c80ecc,32360,45,Gram,unresolved person or eponym; contextual source use not established
10_UPDATED_SIGNED_RETURN.tex,db100f3d2a5678e392a19a40ba360f7aefbcfc88cdd2cb1c4e2a839a03c80ecc,32361,39,Schur,unresolved person or eponym; contextual source use not established
10_UPDATED_SIGNED_RETURN.tex,db100f3d2a5678e392a19a40ba360f7aefbcfc88cdd2cb1c4e2a839a03c80ecc,32420,1,Schur,unresolved person or eponym; contextual source use not established
10_UPDATED_SIGNED_RETURN.tex,db100f3d2a5678e392a19a40ba360f7aefbcfc88cdd2cb1c4e2a839a03c80ecc,32476,13,Schur,unresolved person or eponym; contextual source use not established
10_UPDATED_SIGNED_RETURN.tex,db100f3d2a5678e392a19a40ba360f7aefbcfc88cdd2cb1c4e2a839a03c80ecc,32614,10,Vandermonde,unresolved person or eponym; contextual source use not established
10_UPDATED_SIGNED_RETURN.tex,db100f3d2a5678e392a19a40ba360f7aefbcfc88cdd2cb1c4e2a839a03c80ecc,32723,30,Vandermonde,unresolved person or eponym; contextual source use not established
10_UPDATED_SIGNED_RETURN.tex,db100f3d2a5678e392a19a40ba360f7aefbcfc88cdd2cb1c4e2a839a03c80ecc,32736,20,Jacobi,unresolved person or eponym; contextual source use not established
10_UPDATED_SIGNED_RETURN.tex,db100f3d2a5678e392a19a40ba360f7aefbcfc88cdd2cb1c4e2a839a03c80ecc,32746,8,Jacobi,unresolved person or eponym; contextual source use not established
10_UPDATED_SIGNED_RETURN.tex,db100f3d2a5678e392a19a40ba360f7aefbcfc88cdd2cb1c4e2a839a03c80ecc,32766,1,Leibniz,unresolved person or eponym; contextual source use not established
10_UPDATED_SIGNED_RETURN.tex,db100f3d2a5678e392a19a40ba360f7aefbcfc88cdd2cb1c4e2a839a03c80ecc,32774,25,Vandermonde,unresolved person or eponym; contextual source use not established
10_UPDATED_SIGNED_RETURN.tex,db100f3d2a5678e392a19a40ba360f7aefbcfc88cdd2cb1c4e2a839a03c80ecc,32792,38,Taylor,unresolved person or eponym; contextual source use not established
10_UPDATED_SIGNED_RETURN.tex,db100f3d2a5678e392a19a40ba360f7aefbcfc88cdd2cb1c4e2a839a03c80ecc,32815,44,Vandermonde,unresolved person or eponym; contextual source use not established
10_UPDATED_SIGNED_RETURN.tex,db100f3d2a5678e392a19a40ba360f7aefbcfc88cdd2cb1c4e2a839a03c80ecc,32904,49,Gaussian,unresolved person or eponym; contextual source use not established
10_UPDATED_SIGNED_RETURN.tex,db100f3d2a5678e392a19a40ba360f7aefbcfc88cdd2cb1c4e2a839a03c80ecc,32907,8,Schur,unresolved person or eponym; contextual source use not established
10_UPDATED_SIGNED_RETURN.tex,db100f3d2a5678e392a19a40ba360f7aefbcfc88cdd2cb1c4e2a839a03c80ecc,32908,16,Schur,unresolved person or eponym; contextual source use not established
10_UPDATED_SIGNED_RETURN.tex,db100f3d2a5678e392a19a40ba360f7aefbcfc88cdd2cb1c4e2a839a03c80ecc,32916,51,Gram,unresolved person or eponym; contextual source use not established
10_UPDATED_SIGNED_RETURN.tex,db100f3d2a5678e392a19a40ba360f7aefbcfc88cdd2cb1c4e2a839a03c80ecc,32917,26,Schur,unresolved person or eponym; contextual source use not established
10_UPDATED_SIGNED_RETURN.tex,db100f3d2a5678e392a19a40ba360f7aefbcfc88cdd2cb1c4e2a839a03c80ecc,32928,47,Vandermonde,unresolved person or eponym; contextual source use not established
10_UPDATED_SIGNED_RETURN.tex,db100f3d2a5678e392a19a40ba360f7aefbcfc88cdd2cb1c4e2a839a03c80ecc,32930,41,Gram,unresolved person or eponym; contextual source use not established
10_UPDATED_SIGNED_RETURN.tex,db100f3d2a5678e392a19a40ba360f7aefbcfc88cdd2cb1c4e2a839a03c80ecc,32953,1,Gram,unresolved person or eponym; contextual source use not established
10_UPDATED_SIGNED_RETURN.tex,db100f3d2a5678e392a19a40ba360f7aefbcfc88cdd2cb1c4e2a839a03c80ecc,32955,19,Schur,unresolved person or eponym; contextual source use not established
10_UPDATED_SIGNED_RETURN.tex,db100f3d2a5678e392a19a40ba360f7aefbcfc88cdd2cb1c4e2a839a03c80ecc,32960,57,Gram,unresolved person or eponym; contextual source use not established
10_UPDATED_SIGNED_RETURN.tex,db100f3d2a5678e392a19a40ba360f7aefbcfc88cdd2cb1c4e2a839a03c80ecc,33001,37,Taylor,unresolved person or eponym; contextual source use not established
10_UPDATED_SIGNED_RETURN.tex,db100f3d2a5678e392a19a40ba360f7aefbcfc88cdd2cb1c4e2a839a03c80ecc,33006,24,Taylor,unresolved person or eponym; contextual source use not established
10_UPDATED_SIGNED_RETURN.tex,db100f3d2a5678e392a19a40ba360f7aefbcfc88cdd2cb1c4e2a839a03c80ecc,33009,41,Jacobi,unresolved person or eponym; contextual source use not established
10_UPDATED_SIGNED_RETURN.tex,db100f3d2a5678e392a19a40ba360f7aefbcfc88cdd2cb1c4e2a839a03c80ecc,33015,41,Hilbert,unresolved person or eponym; contextual source use not established
10_UPDATED_SIGNED_RETURN.tex,db100f3d2a5678e392a19a40ba360f7aefbcfc88cdd2cb1c4e2a839a03c80ecc,33078,50,Vandermonde,unresolved person or eponym; contextual source use not established
10_UPDATED_SIGNED_RETURN.tex,db100f3d2a5678e392a19a40ba360f7aefbcfc88cdd2cb1c4e2a839a03c80ecc,33079,50,Vandermonde,unresolved person or eponym; contextual source use not established
10_UPDATED_SIGNED_RETURN.tex,db100f3d2a5678e392a19a40ba360f7aefbcfc88cdd2cb1c4e2a839a03c80ecc,33092,14,Vandermonde,unresolved person or eponym; contextual source use not established
10_UPDATED_SIGNED_RETURN.tex,db100f3d2a5678e392a19a40ba360f7aefbcfc88cdd2cb1c4e2a839a03c80ecc,33116,43,Gram,unresolved person or eponym; contextual source use not established
10_UPDATED_SIGNED_RETURN.tex,db100f3d2a5678e392a19a40ba360f7aefbcfc88cdd2cb1c4e2a839a03c80ecc,33118,14,Gram,unresolved person or eponym; contextual source use not established
10_UPDATED_SIGNED_RETURN.tex,db100f3d2a5678e392a19a40ba360f7aefbcfc88cdd2cb1c4e2a839a03c80ecc,33147,57,Jacobi,unresolved person or eponym; contextual source use not established
10_UPDATED_SIGNED_RETURN.tex,db100f3d2a5678e392a19a40ba360f7aefbcfc88cdd2cb1c4e2a839a03c80ecc,33150,1,Hadamard,unresolved person or eponym; contextual source use not established
10_UPDATED_SIGNED_RETURN.tex,db100f3d2a5678e392a19a40ba360f7aefbcfc88cdd2cb1c4e2a839a03c80ecc,33150,12,Gram,unresolved person or eponym; contextual source use not established
10_UPDATED_SIGNED_RETURN.tex,db100f3d2a5678e392a19a40ba360f7aefbcfc88cdd2cb1c4e2a839a03c80ecc,33163,38,Euler,unresolved person or eponym; contextual source use not established
10_UPDATED_SIGNED_RETURN.tex,db100f3d2a5678e392a19a40ba360f7aefbcfc88cdd2cb1c4e2a839a03c80ecc,33184,23,Gram,unresolved person or eponym; contextual source use not established
10_UPDATED_SIGNED_RETURN.tex,db100f3d2a5678e392a19a40ba360f7aefbcfc88cdd2cb1c4e2a839a03c80ecc,33185,22,Gram,unresolved person or eponym; contextual source use not established
10_UPDATED_SIGNED_RETURN.tex,db100f3d2a5678e392a19a40ba360f7aefbcfc88cdd2cb1c4e2a839a03c80ecc,33189,19,Rodrigues,unresolved person or eponym; contextual source use not established
10_UPDATED_SIGNED_RETURN.tex,db100f3d2a5678e392a19a40ba360f7aefbcfc88cdd2cb1c4e2a839a03c80ecc,33199,45,Gram,unresolved person or eponym; contextual source use not established
10_UPDATED_SIGNED_RETURN.tex,db100f3d2a5678e392a19a40ba360f7aefbcfc88cdd2cb1c4e2a839a03c80ecc,33231,1,Cauchy,unresolved person or eponym; contextual source use not established
10_UPDATED_SIGNED_RETURN.tex,db100f3d2a5678e392a19a40ba360f7aefbcfc88cdd2cb1c4e2a839a03c80ecc,33231,9,Binet,unresolved person or eponym; contextual source use not established
10_UPDATED_SIGNED_RETURN.tex,db100f3d2a5678e392a19a40ba360f7aefbcfc88cdd2cb1c4e2a839a03c80ecc,33240,24,Hadamard,unresolved person or eponym; contextual source use not established
10_UPDATED_SIGNED_RETURN.tex,db100f3d2a5678e392a19a40ba360f7aefbcfc88cdd2cb1c4e2a839a03c80ecc,33243,19,Cauchy,unresolved person or eponym; contextual source use not established
10_UPDATED_SIGNED_RETURN.tex,db100f3d2a5678e392a19a40ba360f7aefbcfc88cdd2cb1c4e2a839a03c80ecc,33243,27,Binet,unresolved person or eponym; contextual source use not established
10_UPDATED_SIGNED_RETURN.tex,db100f3d2a5678e392a19a40ba360f7aefbcfc88cdd2cb1c4e2a839a03c80ecc,33243,44,Vandermonde,unresolved person or eponym; contextual source use not established
10_UPDATED_SIGNED_RETURN.tex,db100f3d2a5678e392a19a40ba360f7aefbcfc88cdd2cb1c4e2a839a03c80ecc,33304,6,Gram,unresolved person or eponym; contextual source use not established
10_UPDATED_SIGNED_RETURN.tex,db100f3d2a5678e392a19a40ba360f7aefbcfc88cdd2cb1c4e2a839a03c80ecc,33306,44,Schur,unresolved person or eponym; contextual source use not established
10_UPDATED_SIGNED_RETURN.tex,db100f3d2a5678e392a19a40ba360f7aefbcfc88cdd2cb1c4e2a839a03c80ecc,33379,51,Vandermonde,unresolved person or eponym; contextual source use not established
10_UPDATED_SIGNED_RETURN.tex,db100f3d2a5678e392a19a40ba360f7aefbcfc88cdd2cb1c4e2a839a03c80ecc,33381,49,Leibniz,unresolved person or eponym; contextual source use not established
10_UPDATED_SIGNED_RETURN.tex,db100f3d2a5678e392a19a40ba360f7aefbcfc88cdd2cb1c4e2a839a03c80ecc,33446,39,Gram,unresolved person or eponym; contextual source use not established
10_UPDATED_SIGNED_RETURN.tex,db100f3d2a5678e392a19a40ba360f7aefbcfc88cdd2cb1c4e2a839a03c80ecc,33450,1,Schur,unresolved person or eponym; contextual source use not established
10_UPDATED_SIGNED_RETURN.tex,db100f3d2a5678e392a19a40ba360f7aefbcfc88cdd2cb1c4e2a839a03c80ecc,33463,30,Gram,unresolved person or eponym; contextual source use not established
10_UPDATED_SIGNED_RETURN.tex,db100f3d2a5678e392a19a40ba360f7aefbcfc88cdd2cb1c4e2a839a03c80ecc,33578,8,Taylor,unresolved person or eponym; contextual source use not established
10_UPDATED_SIGNED_RETURN.tex,db100f3d2a5678e392a19a40ba360f7aefbcfc88cdd2cb1c4e2a839a03c80ecc,33599,1,Vandermonde,unresolved person or eponym; contextual source use not established
10_UPDATED_SIGNED_RETURN.tex,db100f3d2a5678e392a19a40ba360f7aefbcfc88cdd2cb1c4e2a839a03c80ecc,33636,18,Gram,unresolved person or eponym; contextual source use not established
10_UPDATED_SIGNED_RETURN.tex,db100f3d2a5678e392a19a40ba360f7aefbcfc88cdd2cb1c4e2a839a03c80ecc,33772,52,Gram,unresolved person or eponym; contextual source use not established
10_UPDATED_SIGNED_RETURN.tex,db100f3d2a5678e392a19a40ba360f7aefbcfc88cdd2cb1c4e2a839a03c80ecc,33775,22,Gram,unresolved person or eponym; contextual source use not established
10_UPDATED_SIGNED_RETURN.tex,db100f3d2a5678e392a19a40ba360f7aefbcfc88cdd2cb1c4e2a839a03c80ecc,33815,22,Gram,unresolved person or eponym; contextual source use not established
10_UPDATED_SIGNED_RETURN.tex,db100f3d2a5678e392a19a40ba360f7aefbcfc88cdd2cb1c4e2a839a03c80ecc,33935,20,Schur,unresolved person or eponym; contextual source use not established
10_UPDATED_SIGNED_RETURN.tex,db100f3d2a5678e392a19a40ba360f7aefbcfc88cdd2cb1c4e2a839a03c80ecc,33980,15,Vandermonde,unresolved person or eponym; contextual source use not established
10_UPDATED_SIGNED_RETURN.tex,db100f3d2a5678e392a19a40ba360f7aefbcfc88cdd2cb1c4e2a839a03c80ecc,34042,35,Gram,unresolved person or eponym; contextual source use not established
10_UPDATED_SIGNED_RETURN.tex,db100f3d2a5678e392a19a40ba360f7aefbcfc88cdd2cb1c4e2a839a03c80ecc,34088,57,Gram,unresolved person or eponym; contextual source use not established
10_UPDATED_SIGNED_RETURN.tex,db100f3d2a5678e392a19a40ba360f7aefbcfc88cdd2cb1c4e2a839a03c80ecc,34217,11,Gram,unresolved person or eponym; contextual source use not established
10_UPDATED_SIGNED_RETURN.tex,db100f3d2a5678e392a19a40ba360f7aefbcfc88cdd2cb1c4e2a839a03c80ecc,34219,28,Gram,unresolved person or eponym; contextual source use not established
10_UPDATED_SIGNED_RETURN.tex,db100f3d2a5678e392a19a40ba360f7aefbcfc88cdd2cb1c4e2a839a03c80ecc,34446,42,Schur,unresolved person or eponym; contextual source use not established
10_UPDATED_SIGNED_RETURN.tex,db100f3d2a5678e392a19a40ba360f7aefbcfc88cdd2cb1c4e2a839a03c80ecc,34627,39,Cauchy,unresolved person or eponym; contextual source use not established
10_UPDATED_SIGNED_RETURN.tex,db100f3d2a5678e392a19a40ba360f7aefbcfc88cdd2cb1c4e2a839a03c80ecc,34627,47,Schwarz,unresolved person or eponym; contextual source use not established
10_UPDATED_SIGNED_RETURN.tex,db100f3d2a5678e392a19a40ba360f7aefbcfc88cdd2cb1c4e2a839a03c80ecc,34664,40,Schur,unresolved person or eponym; contextual source use not established
10_UPDATED_SIGNED_RETURN.tex,db100f3d2a5678e392a19a40ba360f7aefbcfc88cdd2cb1c4e2a839a03c80ecc,34780,1,Rodrigues,unresolved person or eponym; contextual source use not established
10_UPDATED_SIGNED_RETURN.tex,db100f3d2a5678e392a19a40ba360f7aefbcfc88cdd2cb1c4e2a839a03c80ecc,34935,32,Euler,unresolved person or eponym; contextual source use not established
10_UPDATED_SIGNED_RETURN.tex,db100f3d2a5678e392a19a40ba360f7aefbcfc88cdd2cb1c4e2a839a03c80ecc,35061,1,Schur,unresolved person or eponym; contextual source use not established
10_UPDATED_SIGNED_RETURN.tex,db100f3d2a5678e392a19a40ba360f7aefbcfc88cdd2cb1c4e2a839a03c80ecc,35157,1,Rodrigues,unresolved person or eponym; contextual source use not established
10_UPDATED_SIGNED_RETURN.tex,db100f3d2a5678e392a19a40ba360f7aefbcfc88cdd2cb1c4e2a839a03c80ecc,35174,1,Rodrigues,unresolved person or eponym; contextual source use not established
10_UPDATED_SIGNED_RETURN.tex,db100f3d2a5678e392a19a40ba360f7aefbcfc88cdd2cb1c4e2a839a03c80ecc,35198,31,Rodrigues,unresolved person or eponym; contextual source use not established
10_UPDATED_SIGNED_RETURN.tex,db100f3d2a5678e392a19a40ba360f7aefbcfc88cdd2cb1c4e2a839a03c80ecc,35284,7,Gram,unresolved person or eponym; contextual source use not established
10_UPDATED_SIGNED_RETURN.tex,db100f3d2a5678e392a19a40ba360f7aefbcfc88cdd2cb1c4e2a839a03c80ecc,35284,40,Gaussian,unresolved person or eponym; contextual source use not established
10_UPDATED_SIGNED_RETURN.tex,db100f3d2a5678e392a19a40ba360f7aefbcfc88cdd2cb1c4e2a839a03c80ecc,35285,38,Gram,unresolved person or eponym; contextual source use not established
10_UPDATED_SIGNED_RETURN.tex,db100f3d2a5678e392a19a40ba360f7aefbcfc88cdd2cb1c4e2a839a03c80ecc,35296,21,Gram,unresolved person or eponym; contextual source use not established
10_UPDATED_SIGNED_RETURN.tex,db100f3d2a5678e392a19a40ba360f7aefbcfc88cdd2cb1c4e2a839a03c80ecc,35298,1,Schur,unresolved person or eponym; contextual source use not established
10_UPDATED_SIGNED_RETURN.tex,db100f3d2a5678e392a19a40ba360f7aefbcfc88cdd2cb1c4e2a839a03c80ecc,35299,36,Gram,unresolved person or eponym; contextual source use not established
10_UPDATED_SIGNED_RETURN.tex,db100f3d2a5678e392a19a40ba360f7aefbcfc88cdd2cb1c4e2a839a03c80ecc,35328,1,Cauchy,unresolved person or eponym; contextual source use not established
10_UPDATED_SIGNED_RETURN.tex,db100f3d2a5678e392a19a40ba360f7aefbcfc88cdd2cb1c4e2a839a03c80ecc,35328,9,Binet,unresolved person or eponym; contextual source use not established
10_UPDATED_SIGNED_RETURN.tex,db100f3d2a5678e392a19a40ba360f7aefbcfc88cdd2cb1c4e2a839a03c80ecc,35476,62,Gram,unresolved person or eponym; contextual source use not established
10_UPDATED_SIGNED_RETURN.tex,db100f3d2a5678e392a19a40ba360f7aefbcfc88cdd2cb1c4e2a839a03c80ecc,35493,5,Gram,unresolved person or eponym; contextual source use not established
10_UPDATED_SIGNED_RETURN.tex,db100f3d2a5678e392a19a40ba360f7aefbcfc88cdd2cb1c4e2a839a03c80ecc,35525,31,Cauchy,unresolved person or eponym; contextual source use not established
10_UPDATED_SIGNED_RETURN.tex,db100f3d2a5678e392a19a40ba360f7aefbcfc88cdd2cb1c4e2a839a03c80ecc,35525,39,Schwarz,unresolved person or eponym; contextual source use not established
10_UPDATED_SIGNED_RETURN.tex,db100f3d2a5678e392a19a40ba360f7aefbcfc88cdd2cb1c4e2a839a03c80ecc,35541,16,Cauchy,unresolved person or eponym; contextual source use not established
10_UPDATED_SIGNED_RETURN.tex,db100f3d2a5678e392a19a40ba360f7aefbcfc88cdd2cb1c4e2a839a03c80ecc,35541,24,Binet,unresolved person or eponym; contextual source use not established
10_UPDATED_SIGNED_RETURN.tex,db100f3d2a5678e392a19a40ba360f7aefbcfc88cdd2cb1c4e2a839a03c80ecc,35544,17,Gram,unresolved person or eponym; contextual source use not established
10_UPDATED_SIGNED_RETURN.tex,db100f3d2a5678e392a19a40ba360f7aefbcfc88cdd2cb1c4e2a839a03c80ecc,35549,36,Schur,unresolved person or eponym; contextual source use not established
10_UPDATED_SIGNED_RETURN.tex,db100f3d2a5678e392a19a40ba360f7aefbcfc88cdd2cb1c4e2a839a03c80ecc,35612,18,Gram,unresolved person or eponym; contextual source use not established
10_UPDATED_SIGNED_RETURN.tex,db100f3d2a5678e392a19a40ba360f7aefbcfc88cdd2cb1c4e2a839a03c80ecc,35862,58,Gram,unresolved person or eponym; contextual source use not established
10_UPDATED_SIGNED_RETURN.tex,db100f3d2a5678e392a19a40ba360f7aefbcfc88cdd2cb1c4e2a839a03c80ecc,36194,35,Gram,unresolved person or eponym; contextual source use not established
10_UPDATED_SIGNED_RETURN.tex,db100f3d2a5678e392a19a40ba360f7aefbcfc88cdd2cb1c4e2a839a03c80ecc,36224,34,Gram,unresolved person or eponym; contextual source use not established
10_UPDATED_SIGNED_RETURN.tex,db100f3d2a5678e392a19a40ba360f7aefbcfc88cdd2cb1c4e2a839a03c80ecc,36311,19,Gram,unresolved person or eponym; contextual source use not established
10_UPDATED_SIGNED_RETURN.tex,db100f3d2a5678e392a19a40ba360f7aefbcfc88cdd2cb1c4e2a839a03c80ecc,36327,45,Gram,unresolved person or eponym; contextual source use not established
10_UPDATED_SIGNED_RETURN.tex,db100f3d2a5678e392a19a40ba360f7aefbcfc88cdd2cb1c4e2a839a03c80ecc,36587,59,Gram,unresolved person or eponym; contextual source use not established
10_UPDATED_SIGNED_RETURN.tex,db100f3d2a5678e392a19a40ba360f7aefbcfc88cdd2cb1c4e2a839a03c80ecc,36589,43,Schur,unresolved person or eponym; contextual source use not established
10_UPDATED_SIGNED_RETURN.tex,db100f3d2a5678e392a19a40ba360f7aefbcfc88cdd2cb1c4e2a839a03c80ecc,36613,43,Gram,unresolved person or eponym; contextual source use not established
10_UPDATED_SIGNED_RETURN.tex,db100f3d2a5678e392a19a40ba360f7aefbcfc88cdd2cb1c4e2a839a03c80ecc,36620,1,Cauchy,unresolved person or eponym; contextual source use not established
10_UPDATED_SIGNED_RETURN.tex,db100f3d2a5678e392a19a40ba360f7aefbcfc88cdd2cb1c4e2a839a03c80ecc,36620,9,Schwarz,unresolved person or eponym; contextual source use not established
10_UPDATED_SIGNED_RETURN.tex,db100f3d2a5678e392a19a40ba360f7aefbcfc88cdd2cb1c4e2a839a03c80ecc,36622,49,Cauchy,unresolved person or eponym; contextual source use not established
10_UPDATED_SIGNED_RETURN.tex,db100f3d2a5678e392a19a40ba360f7aefbcfc88cdd2cb1c4e2a839a03c80ecc,36622,57,Binet,unresolved person or eponym; contextual source use not established
10_UPDATED_SIGNED_RETURN.tex,db100f3d2a5678e392a19a40ba360f7aefbcfc88cdd2cb1c4e2a839a03c80ecc,37153,31,Gaussian,unresolved person or eponym; contextual source use not established
10_UPDATED_SIGNED_RETURN.tex,db100f3d2a5678e392a19a40ba360f7aefbcfc88cdd2cb1c4e2a839a03c80ecc,37170,52,Schur,unresolved person or eponym; contextual source use not established
10_UPDATED_SIGNED_RETURN.tex,db100f3d2a5678e392a19a40ba360f7aefbcfc88cdd2cb1c4e2a839a03c80ecc,37272,10,Leibniz,unresolved person or eponym; contextual source use not established
10_UPDATED_SIGNED_RETURN.tex,db100f3d2a5678e392a19a40ba360f7aefbcfc88cdd2cb1c4e2a839a03c80ecc,37541,29,Vandermonde,unresolved person or eponym; contextual source use not established
10_UPDATED_SIGNED_RETURN.tex,db100f3d2a5678e392a19a40ba360f7aefbcfc88cdd2cb1c4e2a839a03c80ecc,37563,30,Vandermonde,unresolved person or eponym; contextual source use not established
10_UPDATED_SIGNED_RETURN.tex,db100f3d2a5678e392a19a40ba360f7aefbcfc88cdd2cb1c4e2a839a03c80ecc,37610,12,Vandermonde,unresolved person or eponym; contextual source use not established
10_UPDATED_SIGNED_RETURN.tex,db100f3d2a5678e392a19a40ba360f7aefbcfc88cdd2cb1c4e2a839a03c80ecc,37721,23,Schur,unresolved person or eponym; contextual source use not established
10_UPDATED_SIGNED_RETURN.tex,db100f3d2a5678e392a19a40ba360f7aefbcfc88cdd2cb1c4e2a839a03c80ecc,37781,5,Gram,unresolved person or eponym; contextual source use not established
10_UPDATED_SIGNED_RETURN.tex,db100f3d2a5678e392a19a40ba360f7aefbcfc88cdd2cb1c4e2a839a03c80ecc,37782,30,Schur,unresolved person or eponym; contextual source use not established
10_UPDATED_SIGNED_RETURN.tex,db100f3d2a5678e392a19a40ba360f7aefbcfc88cdd2cb1c4e2a839a03c80ecc,37869,1,Leibniz,unresolved person or eponym; contextual source use not established
10_UPDATED_SIGNED_RETURN.tex,db100f3d2a5678e392a19a40ba360f7aefbcfc88cdd2cb1c4e2a839a03c80ecc,37896,18,Taylor,unresolved person or eponym; contextual source use not established
10_UPDATED_SIGNED_RETURN.tex,db100f3d2a5678e392a19a40ba360f7aefbcfc88cdd2cb1c4e2a839a03c80ecc,38006,10,Vandermonde,unresolved person or eponym; contextual source use not established
10_UPDATED_SIGNED_RETURN.tex,db100f3d2a5678e392a19a40ba360f7aefbcfc88cdd2cb1c4e2a839a03c80ecc,38053,1,Gram,unresolved person or eponym; contextual source use not established
10_UPDATED_SIGNED_RETURN.tex,db100f3d2a5678e392a19a40ba360f7aefbcfc88cdd2cb1c4e2a839a03c80ecc,38063,8,Hilbert,unresolved person or eponym; contextual source use not established
10_UPDATED_SIGNED_RETURN.tex,db100f3d2a5678e392a19a40ba360f7aefbcfc88cdd2cb1c4e2a839a03c80ecc,38063,31,Cauchy,unresolved person or eponym; contextual source use not established
10_UPDATED_SIGNED_RETURN.tex,db100f3d2a5678e392a19a40ba360f7aefbcfc88cdd2cb1c4e2a839a03c80ecc,38063,39,Schwarz,unresolved person or eponym; contextual source use not established
10_UPDATED_SIGNED_RETURN.tex,db100f3d2a5678e392a19a40ba360f7aefbcfc88cdd2cb1c4e2a839a03c80ecc,38090,45,Gram,unresolved person or eponym; contextual source use not established
10_UPDATED_SIGNED_RETURN.tex,db100f3d2a5678e392a19a40ba360f7aefbcfc88cdd2cb1c4e2a839a03c80ecc,38091,17,Hilbert,unresolved person or eponym; contextual source use not established
10_UPDATED_SIGNED_RETURN.tex,db100f3d2a5678e392a19a40ba360f7aefbcfc88cdd2cb1c4e2a839a03c80ecc,38197,62,Schur,unresolved person or eponym; contextual source use not established
10_UPDATED_SIGNED_RETURN.tex,db100f3d2a5678e392a19a40ba360f7aefbcfc88cdd2cb1c4e2a839a03c80ecc,38240,48,Gram,unresolved person or eponym; contextual source use not established
10_UPDATED_SIGNED_RETURN.tex,db100f3d2a5678e392a19a40ba360f7aefbcfc88cdd2cb1c4e2a839a03c80ecc,38241,45,Gram,unresolved person or eponym; contextual source use not established
10_UPDATED_SIGNED_RETURN.tex,db100f3d2a5678e392a19a40ba360f7aefbcfc88cdd2cb1c4e2a839a03c80ecc,38282,19,Vandermonde,unresolved person or eponym; contextual source use not established
10_UPDATED_SIGNED_RETURN.tex,db100f3d2a5678e392a19a40ba360f7aefbcfc88cdd2cb1c4e2a839a03c80ecc,38283,48,Leibniz,unresolved person or eponym; contextual source use not established
10_UPDATED_SIGNED_RETURN.tex,db100f3d2a5678e392a19a40ba360f7aefbcfc88cdd2cb1c4e2a839a03c80ecc,38292,42,Vandermonde,unresolved person or eponym; contextual source use not established
10_UPDATED_SIGNED_RETURN.tex,db100f3d2a5678e392a19a40ba360f7aefbcfc88cdd2cb1c4e2a839a03c80ecc,38336,11,Gram,unresolved person or eponym; contextual source use not established
10_UPDATED_SIGNED_RETURN.tex,db100f3d2a5678e392a19a40ba360f7aefbcfc88cdd2cb1c4e2a839a03c80ecc,38366,8,Taylor,unresolved person or eponym; contextual source use not established
10_UPDATED_SIGNED_RETURN.tex,db100f3d2a5678e392a19a40ba360f7aefbcfc88cdd2cb1c4e2a839a03c80ecc,38371,34,Cauchy,unresolved person or eponym; contextual source use not established
10_UPDATED_SIGNED_RETURN.tex,db100f3d2a5678e392a19a40ba360f7aefbcfc88cdd2cb1c4e2a839a03c80ecc,38371,42,Schwarz,unresolved person or eponym; contextual source use not established
10_UPDATED_SIGNED_RETURN.tex,db100f3d2a5678e392a19a40ba360f7aefbcfc88cdd2cb1c4e2a839a03c80ecc,38401,1,Gram,unresolved person or eponym; contextual source use not established
10_UPDATED_SIGNED_RETURN.tex,db100f3d2a5678e392a19a40ba360f7aefbcfc88cdd2cb1c4e2a839a03c80ecc,38405,28,Gram,unresolved person or eponym; contextual source use not established
10_UPDATED_SIGNED_RETURN.tex,db100f3d2a5678e392a19a40ba360f7aefbcfc88cdd2cb1c4e2a839a03c80ecc,38406,45,Schur,unresolved person or eponym; contextual source use not established
10_UPDATED_SIGNED_RETURN.tex,db100f3d2a5678e392a19a40ba360f7aefbcfc88cdd2cb1c4e2a839a03c80ecc,38441,30,Gram,unresolved person or eponym; contextual source use not established
10_UPDATED_SIGNED_RETURN.tex,db100f3d2a5678e392a19a40ba360f7aefbcfc88cdd2cb1c4e2a839a03c80ecc,38621,42,Schur,unresolved person or eponym; contextual source use not established
10_UPDATED_SIGNED_RETURN.tex,db100f3d2a5678e392a19a40ba360f7aefbcfc88cdd2cb1c4e2a839a03c80ecc,38770,17,Vandermonde,unresolved person or eponym; contextual source use not established
10_UPDATED_SIGNED_RETURN.tex,db100f3d2a5678e392a19a40ba360f7aefbcfc88cdd2cb1c4e2a839a03c80ecc,38801,1,Schur,unresolved person or eponym; contextual source use not established
10_UPDATED_SIGNED_RETURN.tex,db100f3d2a5678e392a19a40ba360f7aefbcfc88cdd2cb1c4e2a839a03c80ecc,38883,46,Taylor,unresolved person or eponym; contextual source use not established
10_UPDATED_SIGNED_RETURN.tex,db100f3d2a5678e392a19a40ba360f7aefbcfc88cdd2cb1c4e2a839a03c80ecc,38926,34,Vandermonde,unresolved person or eponym; contextual source use not established
10_UPDATED_SIGNED_RETURN.tex,db100f3d2a5678e392a19a40ba360f7aefbcfc88cdd2cb1c4e2a839a03c80ecc,38962,65,Schur,unresolved person or eponym; contextual source use not established
10_UPDATED_SIGNED_RETURN.tex,db100f3d2a5678e392a19a40ba360f7aefbcfc88cdd2cb1c4e2a839a03c80ecc,38977,63,Cauchy,unresolved person or eponym; contextual source use not established
10_UPDATED_SIGNED_RETURN.tex,db100f3d2a5678e392a19a40ba360f7aefbcfc88cdd2cb1c4e2a839a03c80ecc,39050,22,Gram,unresolved person or eponym; contextual source use not established
10_UPDATED_SIGNED_RETURN.tex,db100f3d2a5678e392a19a40ba360f7aefbcfc88cdd2cb1c4e2a839a03c80ecc,39055,9,Legendre,unresolved person or eponym; contextual source use not established
10_UPDATED_SIGNED_RETURN.tex,db100f3d2a5678e392a19a40ba360f7aefbcfc88cdd2cb1c4e2a839a03c80ecc,39093,1,Cauchy,unresolved person or eponym; contextual source use not established
10_UPDATED_SIGNED_RETURN.tex,db100f3d2a5678e392a19a40ba360f7aefbcfc88cdd2cb1c4e2a839a03c80ecc,39211,49,Vandermonde,unresolved person or eponym; contextual source use not established
10_UPDATED_SIGNED_RETURN.tex,db100f3d2a5678e392a19a40ba360f7aefbcfc88cdd2cb1c4e2a839a03c80ecc,39230,19,Gaussian,unresolved person or eponym; contextual source use not established
10_UPDATED_SIGNED_RETURN.tex,db100f3d2a5678e392a19a40ba360f7aefbcfc88cdd2cb1c4e2a839a03c80ecc,39253,41,Vandermonde,unresolved person or eponym; contextual source use not established
10_UPDATED_SIGNED_RETURN.tex,db100f3d2a5678e392a19a40ba360f7aefbcfc88cdd2cb1c4e2a839a03c80ecc,39319,59,Gram,unresolved person or eponym; contextual source use not established
10_UPDATED_SIGNED_RETURN.tex,db100f3d2a5678e392a19a40ba360f7aefbcfc88cdd2cb1c4e2a839a03c80ecc,39472,39,Laurent,unresolved person or eponym; contextual source use not established
10_UPDATED_SIGNED_RETURN.tex,db100f3d2a5678e392a19a40ba360f7aefbcfc88cdd2cb1c4e2a839a03c80ecc,39484,15,Laurent,unresolved person or eponym; contextual source use not established
10_UPDATED_SIGNED_RETURN.tex,db100f3d2a5678e392a19a40ba360f7aefbcfc88cdd2cb1c4e2a839a03c80ecc,39488,9,Laurent,unresolved person or eponym; contextual source use not established
10_UPDATED_SIGNED_RETURN.tex,db100f3d2a5678e392a19a40ba360f7aefbcfc88cdd2cb1c4e2a839a03c80ecc,39843,1,Neumann,unresolved person or eponym; contextual source use not established
10_UPDATED_SIGNED_RETURN.tex,db100f3d2a5678e392a19a40ba360f7aefbcfc88cdd2cb1c4e2a839a03c80ecc,39895,52,Vandermonde,unresolved person or eponym; contextual source use not established
10_UPDATED_SIGNED_RETURN.tex,db100f3d2a5678e392a19a40ba360f7aefbcfc88cdd2cb1c4e2a839a03c80ecc,39957,1,Rouche,unresolved person or eponym; contextual source use not established
10_UPDATED_SIGNED_RETURN.tex,db100f3d2a5678e392a19a40ba360f7aefbcfc88cdd2cb1c4e2a839a03c80ecc,40009,7,Taylor,unresolved person or eponym; contextual source use not established
10_UPDATED_SIGNED_RETURN.tex,db100f3d2a5678e392a19a40ba360f7aefbcfc88cdd2cb1c4e2a839a03c80ecc,40048,54,Sylvester,unresolved person or eponym; contextual source use not established
10_UPDATED_SIGNED_RETURN.tex,db100f3d2a5678e392a19a40ba360f7aefbcfc88cdd2cb1c4e2a839a03c80ecc,40081,15,Gram,unresolved person or eponym; contextual source use not established
10_UPDATED_SIGNED_RETURN.tex,db100f3d2a5678e392a19a40ba360f7aefbcfc88cdd2cb1c4e2a839a03c80ecc,40082,66,Gram,unresolved person or eponym; contextual source use not established
10_UPDATED_SIGNED_RETURN.tex,db100f3d2a5678e392a19a40ba360f7aefbcfc88cdd2cb1c4e2a839a03c80ecc,40093,63,Gram,unresolved person or eponym; contextual source use not established
10_UPDATED_SIGNED_RETURN.tex,db100f3d2a5678e392a19a40ba360f7aefbcfc88cdd2cb1c4e2a839a03c80ecc,40107,28,Schur,unresolved person or eponym; contextual source use not established
10_UPDATED_SIGNED_RETURN.tex,db100f3d2a5678e392a19a40ba360f7aefbcfc88cdd2cb1c4e2a839a03c80ecc,40114,45,Gram,unresolved person or eponym; contextual source use not established
10_UPDATED_SIGNED_RETURN.tex,db100f3d2a5678e392a19a40ba360f7aefbcfc88cdd2cb1c4e2a839a03c80ecc,40123,23,Schur,unresolved person or eponym; contextual source use not established
10_UPDATED_SIGNED_RETURN.tex,db100f3d2a5678e392a19a40ba360f7aefbcfc88cdd2cb1c4e2a839a03c80ecc,40179,46,Schur,unresolved person or eponym; contextual source use not established
10_UPDATED_SIGNED_RETURN.tex,db100f3d2a5678e392a19a40ba360f7aefbcfc88cdd2cb1c4e2a839a03c80ecc,40182,1,Gram,unresolved person or eponym; contextual source use not established
10_UPDATED_SIGNED_RETURN.tex,db100f3d2a5678e392a19a40ba360f7aefbcfc88cdd2cb1c4e2a839a03c80ecc,40226,35,Gram,unresolved person or eponym; contextual source use not established
10_UPDATED_SIGNED_RETURN.tex,db100f3d2a5678e392a19a40ba360f7aefbcfc88cdd2cb1c4e2a839a03c80ecc,40359,5,Leibniz,unresolved person or eponym; contextual source use not established
10_UPDATED_SIGNED_RETURN.tex,db100f3d2a5678e392a19a40ba360f7aefbcfc88cdd2cb1c4e2a839a03c80ecc,41087,42,Vandermonde,unresolved person or eponym; contextual source use not established
10_UPDATED_SIGNED_RETURN.tex,db100f3d2a5678e392a19a40ba360f7aefbcfc88cdd2cb1c4e2a839a03c80ecc,41215,1,Leibniz,unresolved person or eponym; contextual source use not established
10_UPDATED_SIGNED_RETURN.tex,db100f3d2a5678e392a19a40ba360f7aefbcfc88cdd2cb1c4e2a839a03c80ecc,41334,45,Vandermonde,unresolved person or eponym; contextual source use not established
10_UPDATED_SIGNED_RETURN.tex,db100f3d2a5678e392a19a40ba360f7aefbcfc88cdd2cb1c4e2a839a03c80ecc,41448,26,Cauchy,unresolved person or eponym; contextual source use not established
10_UPDATED_SIGNED_RETURN.tex,db100f3d2a5678e392a19a40ba360f7aefbcfc88cdd2cb1c4e2a839a03c80ecc,41448,34,Schwarz,unresolved person or eponym; contextual source use not established
10_UPDATED_SIGNED_RETURN.tex,db100f3d2a5678e392a19a40ba360f7aefbcfc88cdd2cb1c4e2a839a03c80ecc,41493,31,Leibniz,unresolved person or eponym; contextual source use not established
10_UPDATED_SIGNED_RETURN.tex,db100f3d2a5678e392a19a40ba360f7aefbcfc88cdd2cb1c4e2a839a03c80ecc,41585,44,Hilbert,unresolved person or eponym; contextual source use not established
10_UPDATED_SIGNED_RETURN.tex,db100f3d2a5678e392a19a40ba360f7aefbcfc88cdd2cb1c4e2a839a03c80ecc,41586,39,Cauchy,unresolved person or eponym; contextual source use not established
10_UPDATED_SIGNED_RETURN.tex,db100f3d2a5678e392a19a40ba360f7aefbcfc88cdd2cb1c4e2a839a03c80ecc,41586,47,Schwarz,unresolved person or eponym; contextual source use not established
10_UPDATED_SIGNED_RETURN.tex,db100f3d2a5678e392a19a40ba360f7aefbcfc88cdd2cb1c4e2a839a03c80ecc,41636,34,Gram,unresolved person or eponym; contextual source use not established
10_UPDATED_SIGNED_RETURN.tex,db100f3d2a5678e392a19a40ba360f7aefbcfc88cdd2cb1c4e2a839a03c80ecc,41637,42,Vandermonde,unresolved person or eponym; contextual source use not established
10_UPDATED_SIGNED_RETURN.tex,db100f3d2a5678e392a19a40ba360f7aefbcfc88cdd2cb1c4e2a839a03c80ecc,41666,33,Vandermonde,unresolved person or eponym; contextual source use not established
10_UPDATED_SIGNED_RETURN.tex,db100f3d2a5678e392a19a40ba360f7aefbcfc88cdd2cb1c4e2a839a03c80ecc,41742,47,Hilbert,unresolved person or eponym; contextual source use not established
10_UPDATED_SIGNED_RETURN.tex,db100f3d2a5678e392a19a40ba360f7aefbcfc88cdd2cb1c4e2a839a03c80ecc,41823,31,Vandermonde,unresolved person or eponym; contextual source use not established
10_UPDATED_SIGNED_RETURN.tex,db100f3d2a5678e392a19a40ba360f7aefbcfc88cdd2cb1c4e2a839a03c80ecc,41828,52,Gram,unresolved person or eponym; contextual source use not established
10_UPDATED_SIGNED_RETURN.tex,db100f3d2a5678e392a19a40ba360f7aefbcfc88cdd2cb1c4e2a839a03c80ecc,42027,37,Taylor,unresolved person or eponym; contextual source use not established
10_UPDATED_SIGNED_RETURN.tex,db100f3d2a5678e392a19a40ba360f7aefbcfc88cdd2cb1c4e2a839a03c80ecc,42082,35,Cauchy,unresolved person or eponym; contextual source use not established
10_UPDATED_SIGNED_RETURN.tex,db100f3d2a5678e392a19a40ba360f7aefbcfc88cdd2cb1c4e2a839a03c80ecc,42082,43,Schwarz,unresolved person or eponym; contextual source use not established
10_UPDATED_SIGNED_RETURN.tex,db100f3d2a5678e392a19a40ba360f7aefbcfc88cdd2cb1c4e2a839a03c80ecc,42128,35,Vandermonde,unresolved person or eponym; contextual source use not established
10_UPDATED_SIGNED_RETURN.tex,db100f3d2a5678e392a19a40ba360f7aefbcfc88cdd2cb1c4e2a839a03c80ecc,42164,10,Gram,unresolved person or eponym; contextual source use not established
10_UPDATED_SIGNED_RETURN.tex,db100f3d2a5678e392a19a40ba360f7aefbcfc88cdd2cb1c4e2a839a03c80ecc,42239,38,Schur,unresolved person or eponym; contextual source use not established
10_UPDATED_SIGNED_RETURN.tex,db100f3d2a5678e392a19a40ba360f7aefbcfc88cdd2cb1c4e2a839a03c80ecc,42308,5,Gram,unresolved person or eponym; contextual source use not established
10_UPDATED_SIGNED_RETURN.tex,db100f3d2a5678e392a19a40ba360f7aefbcfc88cdd2cb1c4e2a839a03c80ecc,42364,51,Gram,unresolved person or eponym; contextual source use not established
10_UPDATED_SIGNED_RETURN.tex,db100f3d2a5678e392a19a40ba360f7aefbcfc88cdd2cb1c4e2a839a03c80ecc,42374,34,Gram,unresolved person or eponym; contextual source use not established
10_UPDATED_SIGNED_RETURN.tex,db100f3d2a5678e392a19a40ba360f7aefbcfc88cdd2cb1c4e2a839a03c80ecc,42391,18,Gram,unresolved person or eponym; contextual source use not established
10_UPDATED_SIGNED_RETURN.tex,db100f3d2a5678e392a19a40ba360f7aefbcfc88cdd2cb1c4e2a839a03c80ecc,42456,22,Vandermonde,unresolved person or eponym; contextual source use not established
10_UPDATED_SIGNED_RETURN.tex,db100f3d2a5678e392a19a40ba360f7aefbcfc88cdd2cb1c4e2a839a03c80ecc,42471,27,Hilbert,unresolved person or eponym; contextual source use not established
10_UPDATED_SIGNED_RETURN.tex,db100f3d2a5678e392a19a40ba360f7aefbcfc88cdd2cb1c4e2a839a03c80ecc,42476,33,Vandermonde,unresolved person or eponym; contextual source use not established
10_UPDATED_SIGNED_RETURN.tex,db100f3d2a5678e392a19a40ba360f7aefbcfc88cdd2cb1c4e2a839a03c80ecc,42500,1,Gram,unresolved person or eponym; contextual source use not established
10_UPDATED_SIGNED_RETURN.tex,db100f3d2a5678e392a19a40ba360f7aefbcfc88cdd2cb1c4e2a839a03c80ecc,42503,41,Gram,unresolved person or eponym; contextual source use not established
10_UPDATED_SIGNED_RETURN.tex,db100f3d2a5678e392a19a40ba360f7aefbcfc88cdd2cb1c4e2a839a03c80ecc,42544,58,Gram,unresolved person or eponym; contextual source use not established
10_UPDATED_SIGNED_RETURN.tex,db100f3d2a5678e392a19a40ba360f7aefbcfc88cdd2cb1c4e2a839a03c80ecc,42551,33,Gram,unresolved person or eponym; contextual source use not established
10_UPDATED_SIGNED_RETURN.tex,db100f3d2a5678e392a19a40ba360f7aefbcfc88cdd2cb1c4e2a839a03c80ecc,42648,12,Vandermonde,unresolved person or eponym; contextual source use not established
10_UPDATED_SIGNED_RETURN.tex,db100f3d2a5678e392a19a40ba360f7aefbcfc88cdd2cb1c4e2a839a03c80ecc,42682,29,Gram,unresolved person or eponym; contextual source use not established
10_UPDATED_SIGNED_RETURN.tex,db100f3d2a5678e392a19a40ba360f7aefbcfc88cdd2cb1c4e2a839a03c80ecc,42701,33,Vandermonde,unresolved person or eponym; contextual source use not established
10_UPDATED_SIGNED_RETURN.tex,db100f3d2a5678e392a19a40ba360f7aefbcfc88cdd2cb1c4e2a839a03c80ecc,42705,50,Vandermonde,unresolved person or eponym; contextual source use not established
10_UPDATED_SIGNED_RETURN.tex,db100f3d2a5678e392a19a40ba360f7aefbcfc88cdd2cb1c4e2a839a03c80ecc,42711,39,Gram,unresolved person or eponym; contextual source use not established
10_UPDATED_SIGNED_RETURN.tex,db100f3d2a5678e392a19a40ba360f7aefbcfc88cdd2cb1c4e2a839a03c80ecc,42725,1,Gram,unresolved person or eponym; contextual source use not established
10_UPDATED_SIGNED_RETURN.tex,db100f3d2a5678e392a19a40ba360f7aefbcfc88cdd2cb1c4e2a839a03c80ecc,42726,1,Schur,unresolved person or eponym; contextual source use not established
10_UPDATED_SIGNED_RETURN.tex,db100f3d2a5678e392a19a40ba360f7aefbcfc88cdd2cb1c4e2a839a03c80ecc,42728,1,Gram,unresolved person or eponym; contextual source use not established
10_UPDATED_SIGNED_RETURN.tex,db100f3d2a5678e392a19a40ba360f7aefbcfc88cdd2cb1c4e2a839a03c80ecc,42732,5,Schur,unresolved person or eponym; contextual source use not established
10_UPDATED_SIGNED_RETURN.tex,db100f3d2a5678e392a19a40ba360f7aefbcfc88cdd2cb1c4e2a839a03c80ecc,42914,22,Gram,unresolved person or eponym; contextual source use not established
10_UPDATED_SIGNED_RETURN.tex,db100f3d2a5678e392a19a40ba360f7aefbcfc88cdd2cb1c4e2a839a03c80ecc,42914,46,Gram,unresolved person or eponym; contextual source use not established
10_UPDATED_SIGNED_RETURN.tex,db100f3d2a5678e392a19a40ba360f7aefbcfc88cdd2cb1c4e2a839a03c80ecc,42919,33,Gram,unresolved person or eponym; contextual source use not established
10_UPDATED_SIGNED_RETURN.tex,db100f3d2a5678e392a19a40ba360f7aefbcfc88cdd2cb1c4e2a839a03c80ecc,43170,23,Gram,unresolved person or eponym; contextual source use not established
10_UPDATED_SIGNED_RETURN.tex,db100f3d2a5678e392a19a40ba360f7aefbcfc88cdd2cb1c4e2a839a03c80ecc,43186,1,Schur,unresolved person or eponym; contextual source use not established
10_UPDATED_SIGNED_RETURN.tex,db100f3d2a5678e392a19a40ba360f7aefbcfc88cdd2cb1c4e2a839a03c80ecc,43197,50,Gram,unresolved person or eponym; contextual source use not established
10_UPDATED_SIGNED_RETURN.tex,db100f3d2a5678e392a19a40ba360f7aefbcfc88cdd2cb1c4e2a839a03c80ecc,43246,16,Vandermonde,unresolved person or eponym; contextual source use not established
10_UPDATED_SIGNED_RETURN.tex,db100f3d2a5678e392a19a40ba360f7aefbcfc88cdd2cb1c4e2a839a03c80ecc,43275,15,Vandermonde,unresolved person or eponym; contextual source use not established
10_UPDATED_SIGNED_RETURN.tex,db100f3d2a5678e392a19a40ba360f7aefbcfc88cdd2cb1c4e2a839a03c80ecc,43283,31,Hilbert,unresolved person or eponym; contextual source use not established
10_UPDATED_SIGNED_RETURN.tex,db100f3d2a5678e392a19a40ba360f7aefbcfc88cdd2cb1c4e2a839a03c80ecc,43434,25,Schur,unresolved person or eponym; contextual source use not established
10_UPDATED_SIGNED_RETURN.tex,db100f3d2a5678e392a19a40ba360f7aefbcfc88cdd2cb1c4e2a839a03c80ecc,43518,174,Legendre,unresolved person or eponym; contextual source use not established
10_UPDATED_SIGNED_RETURN.tex,db100f3d2a5678e392a19a40ba360f7aefbcfc88cdd2cb1c4e2a839a03c80ecc,43518,183,Gram,unresolved person or eponym; contextual source use not established
10_UPDATED_SIGNED_RETURN.tex,db100f3d2a5678e392a19a40ba360f7aefbcfc88cdd2cb1c4e2a839a03c80ecc,43565,151,Heine,unresolved person or eponym; contextual source use not established
10_UPDATED_SIGNED_RETURN.tex,db100f3d2a5678e392a19a40ba360f7aefbcfc88cdd2cb1c4e2a839a03c80ecc,43662,213,Vandermonde,unresolved person or eponym; contextual source use not established
10_UPDATED_SIGNED_RETURN.tex,db100f3d2a5678e392a19a40ba360f7aefbcfc88cdd2cb1c4e2a839a03c80ecc,43662,454,Gram,unresolved person or eponym; contextual source use not established
10_UPDATED_SIGNED_RETURN.tex,db100f3d2a5678e392a19a40ba360f7aefbcfc88cdd2cb1c4e2a839a03c80ecc,43705,142,Gram,unresolved person or eponym; contextual source use not established
10_UPDATED_SIGNED_RETURN.tex,db100f3d2a5678e392a19a40ba360f7aefbcfc88cdd2cb1c4e2a839a03c80ecc,43716,246,Gram,unresolved person or eponym; contextual source use not established
10_UPDATED_SIGNED_RETURN.tex,db100f3d2a5678e392a19a40ba360f7aefbcfc88cdd2cb1c4e2a839a03c80ecc,43716,529,Vandermonde,unresolved person or eponym; contextual source use not established
10_UPDATED_SIGNED_RETURN.tex,db100f3d2a5678e392a19a40ba360f7aefbcfc88cdd2cb1c4e2a839a03c80ecc,43745,160,Schur,unresolved person or eponym; contextual source use not established
10_UPDATED_SIGNED_RETURN.tex,db100f3d2a5678e392a19a40ba360f7aefbcfc88cdd2cb1c4e2a839a03c80ecc,43813,216,Schur,unresolved person or eponym; contextual source use not established
10_UPDATED_SIGNED_RETURN.tex,db100f3d2a5678e392a19a40ba360f7aefbcfc88cdd2cb1c4e2a839a03c80ecc,43847,509,Vandermonde,unresolved person or eponym; contextual source use not established
10_UPDATED_SIGNED_RETURN.tex,db100f3d2a5678e392a19a40ba360f7aefbcfc88cdd2cb1c4e2a839a03c80ecc,43849,366,Schur,unresolved person or eponym; contextual source use not established
10_UPDATED_SIGNED_RETURN.tex,db100f3d2a5678e392a19a40ba360f7aefbcfc88cdd2cb1c4e2a839a03c80ecc,43849,461,Schur,unresolved person or eponym; contextual source use not established
10_UPDATED_SIGNED_RETURN.tex,db100f3d2a5678e392a19a40ba360f7aefbcfc88cdd2cb1c4e2a839a03c80ecc,43953,46,Vandermonde,unresolved person or eponym; contextual source use not established
10_UPDATED_SIGNED_RETURN.tex,db100f3d2a5678e392a19a40ba360f7aefbcfc88cdd2cb1c4e2a839a03c80ecc,44030,39,Gram,unresolved person or eponym; contextual source use not established
10_UPDATED_SIGNED_RETURN.tex,db100f3d2a5678e392a19a40ba360f7aefbcfc88cdd2cb1c4e2a839a03c80ecc,44030,56,Schur,unresolved person or eponym; contextual source use not established
10_UPDATED_SIGNED_RETURN.tex,db100f3d2a5678e392a19a40ba360f7aefbcfc88cdd2cb1c4e2a839a03c80ecc,44047,1,Gram,unresolved person or eponym; contextual source use not established
10_UPDATED_SIGNED_RETURN.tex,db100f3d2a5678e392a19a40ba360f7aefbcfc88cdd2cb1c4e2a839a03c80ecc,44051,1,Gram,unresolved person or eponym; contextual source use not established
10_UPDATED_SIGNED_RETURN.tex,db100f3d2a5678e392a19a40ba360f7aefbcfc88cdd2cb1c4e2a839a03c80ecc,44092,1,Schur,unresolved person or eponym; contextual source use not established
10_UPDATED_SIGNED_RETURN.tex,db100f3d2a5678e392a19a40ba360f7aefbcfc88cdd2cb1c4e2a839a03c80ecc,44111,15,Schur,unresolved person or eponym; contextual source use not established
10_UPDATED_SIGNED_RETURN.tex,db100f3d2a5678e392a19a40ba360f7aefbcfc88cdd2cb1c4e2a839a03c80ecc,44115,59,Gram,unresolved person or eponym; contextual source use not established
10_UPDATED_SIGNED_RETURN.tex,db100f3d2a5678e392a19a40ba360f7aefbcfc88cdd2cb1c4e2a839a03c80ecc,44430,38,Vandermonde,unresolved person or eponym; contextual source use not established
10_UPDATED_SIGNED_RETURN.tex,db100f3d2a5678e392a19a40ba360f7aefbcfc88cdd2cb1c4e2a839a03c80ecc,44443,16,Schur,unresolved person or eponym; contextual source use not established
10_UPDATED_SIGNED_RETURN.tex,db100f3d2a5678e392a19a40ba360f7aefbcfc88cdd2cb1c4e2a839a03c80ecc,44614,15,Schur,unresolved person or eponym; contextual source use not established
10_UPDATED_SIGNED_RETURN.tex,db100f3d2a5678e392a19a40ba360f7aefbcfc88cdd2cb1c4e2a839a03c80ecc,44746,35,Schur,unresolved person or eponym; contextual source use not established
10_UPDATED_SIGNED_RETURN.tex,db100f3d2a5678e392a19a40ba360f7aefbcfc88cdd2cb1c4e2a839a03c80ecc,44911,48,Gram,unresolved person or eponym; contextual source use not established
10_UPDATED_SIGNED_RETURN.tex,db100f3d2a5678e392a19a40ba360f7aefbcfc88cdd2cb1c4e2a839a03c80ecc,44938,1,Vandermonde,unresolved person or eponym; contextual source use not established
10_UPDATED_SIGNED_RETURN.tex,db100f3d2a5678e392a19a40ba360f7aefbcfc88cdd2cb1c4e2a839a03c80ecc,44977,1,Leibniz,unresolved person or eponym; contextual source use not established
10_UPDATED_SIGNED_RETURN.tex,db100f3d2a5678e392a19a40ba360f7aefbcfc88cdd2cb1c4e2a839a03c80ecc,45116,32,Vandermonde,unresolved person or eponym; contextual source use not established
10_UPDATED_SIGNED_RETURN.tex,db100f3d2a5678e392a19a40ba360f7aefbcfc88cdd2cb1c4e2a839a03c80ecc,45163,1,Schur,unresolved person or eponym; contextual source use not established
10_UPDATED_SIGNED_RETURN.tex,db100f3d2a5678e392a19a40ba360f7aefbcfc88cdd2cb1c4e2a839a03c80ecc,45222,56,Schur,unresolved person or eponym; contextual source use not established
10_UPDATED_SIGNED_RETURN.tex,db100f3d2a5678e392a19a40ba360f7aefbcfc88cdd2cb1c4e2a839a03c80ecc,45238,10,Gram,unresolved person or eponym; contextual source use not established
10_UPDATED_SIGNED_RETURN.tex,db100f3d2a5678e392a19a40ba360f7aefbcfc88cdd2cb1c4e2a839a03c80ecc,45539,12,Tonelli,unresolved person or eponym; contextual source use not established
10_UPDATED_SIGNED_RETURN.tex,db100f3d2a5678e392a19a40ba360f7aefbcfc88cdd2cb1c4e2a839a03c80ecc,45624,27,Riemann,unresolved person or eponym; contextual source use not established
10_UPDATED_SIGNED_RETURN.tex,db100f3d2a5678e392a19a40ba360f7aefbcfc88cdd2cb1c4e2a839a03c80ecc,46067,46,Gram,unresolved person or eponym; contextual source use not established
10_UPDATED_SIGNED_RETURN.tex,db100f3d2a5678e392a19a40ba360f7aefbcfc88cdd2cb1c4e2a839a03c80ecc,46168,1,Gram,unresolved person or eponym; contextual source use not established
10_UPDATED_SIGNED_RETURN.tex,db100f3d2a5678e392a19a40ba360f7aefbcfc88cdd2cb1c4e2a839a03c80ecc,46318,9,Laurent,unresolved person or eponym; contextual source use not established
10_UPDATED_SIGNED_RETURN.tex,db100f3d2a5678e392a19a40ba360f7aefbcfc88cdd2cb1c4e2a839a03c80ecc,46476,1,Gauss,unresolved person or eponym; contextual source use not established
10_UPDATED_SIGNED_RETURN.tex,db100f3d2a5678e392a19a40ba360f7aefbcfc88cdd2cb1c4e2a839a03c80ecc,46491,25,Gauss,unresolved person or eponym; contextual source use not established
10_UPDATED_SIGNED_RETURN.tex,db100f3d2a5678e392a19a40ba360f7aefbcfc88cdd2cb1c4e2a839a03c80ecc,46691,1,Vandermonde,unresolved person or eponym; contextual source use not established
10_UPDATED_SIGNED_RETURN.tex,db100f3d2a5678e392a19a40ba360f7aefbcfc88cdd2cb1c4e2a839a03c80ecc,46723,17,Vandermonde,unresolved person or eponym; contextual source use not established
10_UPDATED_SIGNED_RETURN.tex,db100f3d2a5678e392a19a40ba360f7aefbcfc88cdd2cb1c4e2a839a03c80ecc,46730,12,Gram,unresolved person or eponym; contextual source use not established
10_UPDATED_SIGNED_RETURN.tex,db100f3d2a5678e392a19a40ba360f7aefbcfc88cdd2cb1c4e2a839a03c80ecc,46750,15,Taylor,unresolved person or eponym; contextual source use not established
10_UPDATED_SIGNED_RETURN.tex,db100f3d2a5678e392a19a40ba360f7aefbcfc88cdd2cb1c4e2a839a03c80ecc,46762,11,Leibniz,unresolved person or eponym; contextual source use not established
10_UPDATED_SIGNED_RETURN.tex,db100f3d2a5678e392a19a40ba360f7aefbcfc88cdd2cb1c4e2a839a03c80ecc,46790,20,Gram,unresolved person or eponym; contextual source use not established
10_UPDATED_SIGNED_RETURN.tex,db100f3d2a5678e392a19a40ba360f7aefbcfc88cdd2cb1c4e2a839a03c80ecc,46815,13,Vandermonde,unresolved person or eponym; contextual source use not established
10_UPDATED_SIGNED_RETURN.tex,db100f3d2a5678e392a19a40ba360f7aefbcfc88cdd2cb1c4e2a839a03c80ecc,46936,27,Vandermonde,unresolved person or eponym; contextual source use not established
10_UPDATED_SIGNED_RETURN.tex,db100f3d2a5678e392a19a40ba360f7aefbcfc88cdd2cb1c4e2a839a03c80ecc,46948,33,Euler,unresolved person or eponym; contextual source use not established
10_UPDATED_SIGNED_RETURN.tex,db100f3d2a5678e392a19a40ba360f7aefbcfc88cdd2cb1c4e2a839a03c80ecc,46949,35,Gram,unresolved person or eponym; contextual source use not established
10_UPDATED_SIGNED_RETURN.tex,db100f3d2a5678e392a19a40ba360f7aefbcfc88cdd2cb1c4e2a839a03c80ecc,46987,24,Gram,unresolved person or eponym; contextual source use not established
10_UPDATED_SIGNED_RETURN.tex,db100f3d2a5678e392a19a40ba360f7aefbcfc88cdd2cb1c4e2a839a03c80ecc,46998,1,Gram,unresolved person or eponym; contextual source use not established
10_UPDATED_SIGNED_RETURN.tex,db100f3d2a5678e392a19a40ba360f7aefbcfc88cdd2cb1c4e2a839a03c80ecc,47002,44,Vandermonde,unresolved person or eponym; contextual source use not established
10_UPDATED_SIGNED_RETURN.tex,db100f3d2a5678e392a19a40ba360f7aefbcfc88cdd2cb1c4e2a839a03c80ecc,47015,17,Gram,unresolved person or eponym; contextual source use not established
10_UPDATED_SIGNED_RETURN.tex,db100f3d2a5678e392a19a40ba360f7aefbcfc88cdd2cb1c4e2a839a03c80ecc,47018,5,Gram,unresolved person or eponym; contextual source use not established
10_UPDATED_SIGNED_RETURN.tex,db100f3d2a5678e392a19a40ba360f7aefbcfc88cdd2cb1c4e2a839a03c80ecc,47019,45,Schur,unresolved person or eponym; contextual source use not established
10_UPDATED_SIGNED_RETURN.tex,db100f3d2a5678e392a19a40ba360f7aefbcfc88cdd2cb1c4e2a839a03c80ecc,47022,1,Gram,unresolved person or eponym; contextual source use not established
10_UPDATED_SIGNED_RETURN.tex,db100f3d2a5678e392a19a40ba360f7aefbcfc88cdd2cb1c4e2a839a03c80ecc,47027,14,Vandermonde,unresolved person or eponym; contextual source use not established
10_UPDATED_SIGNED_RETURN.tex,db100f3d2a5678e392a19a40ba360f7aefbcfc88cdd2cb1c4e2a839a03c80ecc,47190,38,Taylor,unresolved person or eponym; contextual source use not established
10_UPDATED_SIGNED_RETURN.tex,db100f3d2a5678e392a19a40ba360f7aefbcfc88cdd2cb1c4e2a839a03c80ecc,47213,35,Taylor,unresolved person or eponym; contextual source use not established
10_UPDATED_SIGNED_RETURN.tex,db100f3d2a5678e392a19a40ba360f7aefbcfc88cdd2cb1c4e2a839a03c80ecc,47298,13,Gram,unresolved person or eponym; contextual source use not established
10_UPDATED_SIGNED_RETURN.tex,db100f3d2a5678e392a19a40ba360f7aefbcfc88cdd2cb1c4e2a839a03c80ecc,47337,10,Gram,unresolved person or eponym; contextual source use not established
10_UPDATED_SIGNED_RETURN.tex,db100f3d2a5678e392a19a40ba360f7aefbcfc88cdd2cb1c4e2a839a03c80ecc,47337,45,Schur,unresolved person or eponym; contextual source use not established
10_UPDATED_SIGNED_RETURN.tex,db100f3d2a5678e392a19a40ba360f7aefbcfc88cdd2cb1c4e2a839a03c80ecc,47338,34,Gram,unresolved person or eponym; contextual source use not established
10_UPDATED_SIGNED_RETURN.tex,db100f3d2a5678e392a19a40ba360f7aefbcfc88cdd2cb1c4e2a839a03c80ecc,47339,14,Gram,unresolved person or eponym; contextual source use not established
10_UPDATED_SIGNED_RETURN.tex,db100f3d2a5678e392a19a40ba360f7aefbcfc88cdd2cb1c4e2a839a03c80ecc,47341,26,Gram,unresolved person or eponym; contextual source use not established
10_UPDATED_SIGNED_RETURN.tex,db100f3d2a5678e392a19a40ba360f7aefbcfc88cdd2cb1c4e2a839a03c80ecc,47342,10,Gram,unresolved person or eponym; contextual source use not established
10_UPDATED_SIGNED_RETURN.tex,db100f3d2a5678e392a19a40ba360f7aefbcfc88cdd2cb1c4e2a839a03c80ecc,47367,27,Gram,unresolved person or eponym; contextual source use not established
10_UPDATED_SIGNED_RETURN.tex,db100f3d2a5678e392a19a40ba360f7aefbcfc88cdd2cb1c4e2a839a03c80ecc,47380,35,Gram,unresolved person or eponym; contextual source use not established
10_UPDATED_SIGNED_RETURN.tex,db100f3d2a5678e392a19a40ba360f7aefbcfc88cdd2cb1c4e2a839a03c80ecc,47407,49,Gram,unresolved person or eponym; contextual source use not established
10_UPDATED_SIGNED_RETURN.tex,db100f3d2a5678e392a19a40ba360f7aefbcfc88cdd2cb1c4e2a839a03c80ecc,47483,21,Gram,unresolved person or eponym; contextual source use not established
10_UPDATED_SIGNED_RETURN.tex,db100f3d2a5678e392a19a40ba360f7aefbcfc88cdd2cb1c4e2a839a03c80ecc,47484,28,Gram,unresolved person or eponym; contextual source use not established
10_UPDATED_SIGNED_RETURN.tex,db100f3d2a5678e392a19a40ba360f7aefbcfc88cdd2cb1c4e2a839a03c80ecc,47496,9,Euler,unresolved person or eponym; contextual source use not established
10_UPDATED_SIGNED_RETURN.tex,db100f3d2a5678e392a19a40ba360f7aefbcfc88cdd2cb1c4e2a839a03c80ecc,47505,22,Euler,unresolved person or eponym; contextual source use not established
10_UPDATED_SIGNED_RETURN.tex,db100f3d2a5678e392a19a40ba360f7aefbcfc88cdd2cb1c4e2a839a03c80ecc,47519,48,Schur,unresolved person or eponym; contextual source use not established
10_UPDATED_SIGNED_RETURN.tex,db100f3d2a5678e392a19a40ba360f7aefbcfc88cdd2cb1c4e2a839a03c80ecc,47573,11,Schur,unresolved person or eponym; contextual source use not established
10_UPDATED_SIGNED_RETURN.tex,db100f3d2a5678e392a19a40ba360f7aefbcfc88cdd2cb1c4e2a839a03c80ecc,47666,28,Euler,unresolved person or eponym; contextual source use not established
10_UPDATED_SIGNED_RETURN.tex,db100f3d2a5678e392a19a40ba360f7aefbcfc88cdd2cb1c4e2a839a03c80ecc,47786,18,Gram,unresolved person or eponym; contextual source use not established
10_UPDATED_SIGNED_RETURN.tex,db100f3d2a5678e392a19a40ba360f7aefbcfc88cdd2cb1c4e2a839a03c80ecc,47917,46,Taylor,unresolved person or eponym; contextual source use not established
10_UPDATED_SIGNED_RETURN.tex,db100f3d2a5678e392a19a40ba360f7aefbcfc88cdd2cb1c4e2a839a03c80ecc,47935,21,Vandermonde,unresolved person or eponym; contextual source use not established
10_UPDATED_SIGNED_RETURN.tex,db100f3d2a5678e392a19a40ba360f7aefbcfc88cdd2cb1c4e2a839a03c80ecc,47999,12,Vandermonde,unresolved person or eponym; contextual source use not established
10_UPDATED_SIGNED_RETURN.tex,db100f3d2a5678e392a19a40ba360f7aefbcfc88cdd2cb1c4e2a839a03c80ecc,48128,32,Vandermonde,unresolved person or eponym; contextual source use not established
10_UPDATED_SIGNED_RETURN.tex,db100f3d2a5678e392a19a40ba360f7aefbcfc88cdd2cb1c4e2a839a03c80ecc,48138,6,Vandermonde,unresolved person or eponym; contextual source use not established
10_UPDATED_SIGNED_RETURN.tex,db100f3d2a5678e392a19a40ba360f7aefbcfc88cdd2cb1c4e2a839a03c80ecc,48194,5,Euler,unresolved person or eponym; contextual source use not established
10_UPDATED_SIGNED_RETURN.tex,db100f3d2a5678e392a19a40ba360f7aefbcfc88cdd2cb1c4e2a839a03c80ecc,48271,12,Gram,unresolved person or eponym; contextual source use not established
10_UPDATED_SIGNED_RETURN.tex,db100f3d2a5678e392a19a40ba360f7aefbcfc88cdd2cb1c4e2a839a03c80ecc,48275,10,Schur,unresolved person or eponym; contextual source use not established
10_UPDATED_SIGNED_RETURN.tex,db100f3d2a5678e392a19a40ba360f7aefbcfc88cdd2cb1c4e2a839a03c80ecc,48324,12,Gram,unresolved person or eponym; contextual source use not established
10_UPDATED_SIGNED_RETURN.tex,db100f3d2a5678e392a19a40ba360f7aefbcfc88cdd2cb1c4e2a839a03c80ecc,48417,1,Cauchy,unresolved person or eponym; contextual source use not established
10_UPDATED_SIGNED_RETURN.tex,db100f3d2a5678e392a19a40ba360f7aefbcfc88cdd2cb1c4e2a839a03c80ecc,48417,9,Schwarz,unresolved person or eponym; contextual source use not established
10_UPDATED_SIGNED_RETURN.tex,db100f3d2a5678e392a19a40ba360f7aefbcfc88cdd2cb1c4e2a839a03c80ecc,48486,16,Vandermonde,unresolved person or eponym; contextual source use not established
10_UPDATED_SIGNED_RETURN.tex,db100f3d2a5678e392a19a40ba360f7aefbcfc88cdd2cb1c4e2a839a03c80ecc,48489,42,Euler,unresolved person or eponym; contextual source use not established
10_UPDATED_SIGNED_RETURN.tex,db100f3d2a5678e392a19a40ba360f7aefbcfc88cdd2cb1c4e2a839a03c80ecc,48591,24,Vandermonde,unresolved person or eponym; contextual source use not established
10_UPDATED_SIGNED_RETURN.tex,db100f3d2a5678e392a19a40ba360f7aefbcfc88cdd2cb1c4e2a839a03c80ecc,48762,28,Vandermonde,unresolved person or eponym; contextual source use not established
10_UPDATED_SIGNED_RETURN.tex,db100f3d2a5678e392a19a40ba360f7aefbcfc88cdd2cb1c4e2a839a03c80ecc,48780,36,Leibniz,unresolved person or eponym; contextual source use not established
10_UPDATED_SIGNED_RETURN.tex,db100f3d2a5678e392a19a40ba360f7aefbcfc88cdd2cb1c4e2a839a03c80ecc,48861,51,Gauss,unresolved person or eponym; contextual source use not established
10_UPDATED_SIGNED_RETURN.tex,db100f3d2a5678e392a19a40ba360f7aefbcfc88cdd2cb1c4e2a839a03c80ecc,48869,17,Laurent,unresolved person or eponym; contextual source use not established
10_UPDATED_SIGNED_RETURN.tex,db100f3d2a5678e392a19a40ba360f7aefbcfc88cdd2cb1c4e2a839a03c80ecc,48922,1,Vandermonde,unresolved person or eponym; contextual source use not established
10_UPDATED_SIGNED_RETURN.tex,db100f3d2a5678e392a19a40ba360f7aefbcfc88cdd2cb1c4e2a839a03c80ecc,48956,20,Taylor,unresolved person or eponym; contextual source use not established
10_UPDATED_SIGNED_RETURN.tex,db100f3d2a5678e392a19a40ba360f7aefbcfc88cdd2cb1c4e2a839a03c80ecc,48965,16,Gram,unresolved person or eponym; contextual source use not established
10_UPDATED_SIGNED_RETURN.tex,db100f3d2a5678e392a19a40ba360f7aefbcfc88cdd2cb1c4e2a839a03c80ecc,48975,39,Gram,unresolved person or eponym; contextual source use not established
10_UPDATED_SIGNED_RETURN.tex,db100f3d2a5678e392a19a40ba360f7aefbcfc88cdd2cb1c4e2a839a03c80ecc,49084,44,Euler,unresolved person or eponym; contextual source use not established
10_UPDATED_SIGNED_RETURN.tex,db100f3d2a5678e392a19a40ba360f7aefbcfc88cdd2cb1c4e2a839a03c80ecc,49160,23,Taylor,unresolved person or eponym; contextual source use not established
10_UPDATED_SIGNED_RETURN.tex,db100f3d2a5678e392a19a40ba360f7aefbcfc88cdd2cb1c4e2a839a03c80ecc,49164,11,Taylor,unresolved person or eponym; contextual source use not established
10_UPDATED_SIGNED_RETURN.tex,db100f3d2a5678e392a19a40ba360f7aefbcfc88cdd2cb1c4e2a839a03c80ecc,49172,12,Taylor,unresolved person or eponym; contextual source use not established
10_UPDATED_SIGNED_RETURN.tex,db100f3d2a5678e392a19a40ba360f7aefbcfc88cdd2cb1c4e2a839a03c80ecc,49183,19,Gram,unresolved person or eponym; contextual source use not established
10_UPDATED_SIGNED_RETURN.tex,db100f3d2a5678e392a19a40ba360f7aefbcfc88cdd2cb1c4e2a839a03c80ecc,49260,1,Vandermonde,unresolved person or eponym; contextual source use not established
10_UPDATED_SIGNED_RETURN.tex,db100f3d2a5678e392a19a40ba360f7aefbcfc88cdd2cb1c4e2a839a03c80ecc,49265,20,Taylor,unresolved person or eponym; contextual source use not established
10_UPDATED_SIGNED_RETURN.tex,db100f3d2a5678e392a19a40ba360f7aefbcfc88cdd2cb1c4e2a839a03c80ecc,49310,15,Leibniz,unresolved person or eponym; contextual source use not established
10_UPDATED_SIGNED_RETURN.tex,db100f3d2a5678e392a19a40ba360f7aefbcfc88cdd2cb1c4e2a839a03c80ecc,49421,36,Taylor,unresolved person or eponym; contextual source use not established
10_UPDATED_SIGNED_RETURN.tex,db100f3d2a5678e392a19a40ba360f7aefbcfc88cdd2cb1c4e2a839a03c80ecc,49457,1,Hilbert,unresolved person or eponym; contextual source use not established
10_UPDATED_SIGNED_RETURN.tex,db100f3d2a5678e392a19a40ba360f7aefbcfc88cdd2cb1c4e2a839a03c80ecc,49515,25,Vandermonde,unresolved person or eponym; contextual source use not established
10_UPDATED_SIGNED_RETURN.tex,db100f3d2a5678e392a19a40ba360f7aefbcfc88cdd2cb1c4e2a839a03c80ecc,49533,10,Vandermonde,unresolved person or eponym; contextual source use not established
10_UPDATED_SIGNED_RETURN.tex,db100f3d2a5678e392a19a40ba360f7aefbcfc88cdd2cb1c4e2a839a03c80ecc,49564,43,Vandermonde,unresolved person or eponym; contextual source use not established
10_UPDATED_SIGNED_RETURN.tex,db100f3d2a5678e392a19a40ba360f7aefbcfc88cdd2cb1c4e2a839a03c80ecc,49637,1,Vandermonde,unresolved person or eponym; contextual source use not established
10_UPDATED_SIGNED_RETURN.tex,db100f3d2a5678e392a19a40ba360f7aefbcfc88cdd2cb1c4e2a839a03c80ecc,49692,22,Vandermonde,unresolved person or eponym; contextual source use not established
10_UPDATED_SIGNED_RETURN.tex,db100f3d2a5678e392a19a40ba360f7aefbcfc88cdd2cb1c4e2a839a03c80ecc,49756,5,Euler,unresolved person or eponym; contextual source use not established
10_UPDATED_SIGNED_RETURN.tex,db100f3d2a5678e392a19a40ba360f7aefbcfc88cdd2cb1c4e2a839a03c80ecc,49904,31,Gram,unresolved person or eponym; contextual source use not established
10_UPDATED_SIGNED_RETURN.tex,db100f3d2a5678e392a19a40ba360f7aefbcfc88cdd2cb1c4e2a839a03c80ecc,49920,28,Schur,unresolved person or eponym; contextual source use not established
10_UPDATED_SIGNED_RETURN.tex,db100f3d2a5678e392a19a40ba360f7aefbcfc88cdd2cb1c4e2a839a03c80ecc,49922,12,Gram,unresolved person or eponym; contextual source use not established
10_UPDATED_SIGNED_RETURN.tex,db100f3d2a5678e392a19a40ba360f7aefbcfc88cdd2cb1c4e2a839a03c80ecc,49937,16,Gram,unresolved person or eponym; contextual source use not established
10_UPDATED_SIGNED_RETURN.tex,db100f3d2a5678e392a19a40ba360f7aefbcfc88cdd2cb1c4e2a839a03c80ecc,49950,28,Gram,unresolved person or eponym; contextual source use not established
10_UPDATED_SIGNED_RETURN.tex,db100f3d2a5678e392a19a40ba360f7aefbcfc88cdd2cb1c4e2a839a03c80ecc,49953,13,Gram,unresolved person or eponym; contextual source use not established
10_UPDATED_SIGNED_RETURN.tex,db100f3d2a5678e392a19a40ba360f7aefbcfc88cdd2cb1c4e2a839a03c80ecc,49958,1,Gram,unresolved person or eponym; contextual source use not established
10_UPDATED_SIGNED_RETURN.tex,db100f3d2a5678e392a19a40ba360f7aefbcfc88cdd2cb1c4e2a839a03c80ecc,49958,31,Gram,unresolved person or eponym; contextual source use not established
10_UPDATED_SIGNED_RETURN.tex,db100f3d2a5678e392a19a40ba360f7aefbcfc88cdd2cb1c4e2a839a03c80ecc,49962,23,Taylor,unresolved person or eponym; contextual source use not established
10_UPDATED_SIGNED_RETURN.tex,db100f3d2a5678e392a19a40ba360f7aefbcfc88cdd2cb1c4e2a839a03c80ecc,49967,1,Taylor,unresolved person or eponym; contextual source use not established
10_UPDATED_SIGNED_RETURN.tex,db100f3d2a5678e392a19a40ba360f7aefbcfc88cdd2cb1c4e2a839a03c80ecc,50028,44,Gram,unresolved person or eponym; contextual source use not established
10_UPDATED_SIGNED_RETURN.tex,db100f3d2a5678e392a19a40ba360f7aefbcfc88cdd2cb1c4e2a839a03c80ecc,50268,28,Gram,unresolved person or eponym; contextual source use not established
10_UPDATED_SIGNED_RETURN.tex,db100f3d2a5678e392a19a40ba360f7aefbcfc88cdd2cb1c4e2a839a03c80ecc,50270,23,Schur,unresolved person or eponym; contextual source use not established
10_UPDATED_SIGNED_RETURN.tex,db100f3d2a5678e392a19a40ba360f7aefbcfc88cdd2cb1c4e2a839a03c80ecc,50297,14,Taylor,unresolved person or eponym; contextual source use not established
10_UPDATED_SIGNED_RETURN.tex,db100f3d2a5678e392a19a40ba360f7aefbcfc88cdd2cb1c4e2a839a03c80ecc,50301,10,Vandermonde,unresolved person or eponym; contextual source use not established
10_UPDATED_SIGNED_RETURN.tex,db100f3d2a5678e392a19a40ba360f7aefbcfc88cdd2cb1c4e2a839a03c80ecc,50415,19,Gram,unresolved person or eponym; contextual source use not established
10_UPDATED_SIGNED_RETURN.tex,db100f3d2a5678e392a19a40ba360f7aefbcfc88cdd2cb1c4e2a839a03c80ecc,50428,1,Gram,unresolved person or eponym; contextual source use not established
10_UPDATED_SIGNED_RETURN.tex,db100f3d2a5678e392a19a40ba360f7aefbcfc88cdd2cb1c4e2a839a03c80ecc,50438,1,Gram,unresolved person or eponym; contextual source use not established
10_UPDATED_SIGNED_RETURN.tex,db100f3d2a5678e392a19a40ba360f7aefbcfc88cdd2cb1c4e2a839a03c80ecc,50454,18,Gram,unresolved person or eponym; contextual source use not established
10_UPDATED_SIGNED_RETURN.tex,db100f3d2a5678e392a19a40ba360f7aefbcfc88cdd2cb1c4e2a839a03c80ecc,50486,14,Vandermonde,unresolved person or eponym; contextual source use not established
10_UPDATED_SIGNED_RETURN.tex,db100f3d2a5678e392a19a40ba360f7aefbcfc88cdd2cb1c4e2a839a03c80ecc,50697,9,Gram,unresolved person or eponym; contextual source use not established
10_UPDATED_SIGNED_RETURN.tex,db100f3d2a5678e392a19a40ba360f7aefbcfc88cdd2cb1c4e2a839a03c80ecc,50697,22,Schur,unresolved person or eponym; contextual source use not established
10_UPDATED_SIGNED_RETURN.tex,db100f3d2a5678e392a19a40ba360f7aefbcfc88cdd2cb1c4e2a839a03c80ecc,50725,64,Gram,unresolved person or eponym; contextual source use not established
10_UPDATED_SIGNED_RETURN.tex,db100f3d2a5678e392a19a40ba360f7aefbcfc88cdd2cb1c4e2a839a03c80ecc,50758,21,Vandermonde,unresolved person or eponym; contextual source use not established
10_UPDATED_SIGNED_RETURN.tex,db100f3d2a5678e392a19a40ba360f7aefbcfc88cdd2cb1c4e2a839a03c80ecc,50812,30,Gram,unresolved person or eponym; contextual source use not established
10_UPDATED_SIGNED_RETURN.tex,db100f3d2a5678e392a19a40ba360f7aefbcfc88cdd2cb1c4e2a839a03c80ecc,50835,1,Vandermonde,unresolved person or eponym; contextual source use not established
10_UPDATED_SIGNED_RETURN.tex,db100f3d2a5678e392a19a40ba360f7aefbcfc88cdd2cb1c4e2a839a03c80ecc,50854,1,Schur,unresolved person or eponym; contextual source use not established
10_UPDATED_SIGNED_RETURN.tex,db100f3d2a5678e392a19a40ba360f7aefbcfc88cdd2cb1c4e2a839a03c80ecc,50885,34,Gram,unresolved person or eponym; contextual source use not established
10_UPDATED_SIGNED_RETURN.tex,db100f3d2a5678e392a19a40ba360f7aefbcfc88cdd2cb1c4e2a839a03c80ecc,51006,17,Gram,unresolved person or eponym; contextual source use not established
10_UPDATED_SIGNED_RETURN.tex,db100f3d2a5678e392a19a40ba360f7aefbcfc88cdd2cb1c4e2a839a03c80ecc,51019,11,Gram,unresolved person or eponym; contextual source use not established
10_UPDATED_SIGNED_RETURN.tex,db100f3d2a5678e392a19a40ba360f7aefbcfc88cdd2cb1c4e2a839a03c80ecc,51039,11,Hilbert,unresolved person or eponym; contextual source use not established
10_UPDATED_SIGNED_RETURN.tex,db100f3d2a5678e392a19a40ba360f7aefbcfc88cdd2cb1c4e2a839a03c80ecc,51053,39,Schur,unresolved person or eponym; contextual source use not established
10_UPDATED_SIGNED_RETURN.tex,db100f3d2a5678e392a19a40ba360f7aefbcfc88cdd2cb1c4e2a839a03c80ecc,51140,48,Gram,unresolved person or eponym; contextual source use not established
10_UPDATED_SIGNED_RETURN.tex,db100f3d2a5678e392a19a40ba360f7aefbcfc88cdd2cb1c4e2a839a03c80ecc,51144,55,Gram,unresolved person or eponym; contextual source use not established
10_UPDATED_SIGNED_RETURN.tex,db100f3d2a5678e392a19a40ba360f7aefbcfc88cdd2cb1c4e2a839a03c80ecc,51200,57,Gram,unresolved person or eponym; contextual source use not established
10_UPDATED_SIGNED_RETURN.tex,db100f3d2a5678e392a19a40ba360f7aefbcfc88cdd2cb1c4e2a839a03c80ecc,51279,42,Gram,unresolved person or eponym; contextual source use not established
10_UPDATED_SIGNED_RETURN.tex,db100f3d2a5678e392a19a40ba360f7aefbcfc88cdd2cb1c4e2a839a03c80ecc,51432,8,Gram,unresolved person or eponym; contextual source use not established
10_UPDATED_SIGNED_RETURN.tex,db100f3d2a5678e392a19a40ba360f7aefbcfc88cdd2cb1c4e2a839a03c80ecc,51618,32,Gram,unresolved person or eponym; contextual source use not established
10_UPDATED_SIGNED_RETURN.tex,db100f3d2a5678e392a19a40ba360f7aefbcfc88cdd2cb1c4e2a839a03c80ecc,51619,43,Gram,unresolved person or eponym; contextual source use not established
10_UPDATED_SIGNED_RETURN.tex,db100f3d2a5678e392a19a40ba360f7aefbcfc88cdd2cb1c4e2a839a03c80ecc,51632,51,Gram,unresolved person or eponym; contextual source use not established
10_UPDATED_SIGNED_RETURN.tex,db100f3d2a5678e392a19a40ba360f7aefbcfc88cdd2cb1c4e2a839a03c80ecc,51646,1,Vandermonde,unresolved person or eponym; contextual source use not established
10_UPDATED_SIGNED_RETURN.tex,db100f3d2a5678e392a19a40ba360f7aefbcfc88cdd2cb1c4e2a839a03c80ecc,51647,31,Vandermonde,unresolved person or eponym; contextual source use not established
10_UPDATED_SIGNED_RETURN.tex,db100f3d2a5678e392a19a40ba360f7aefbcfc88cdd2cb1c4e2a839a03c80ecc,51656,13,Schur,unresolved person or eponym; contextual source use not established
10_UPDATED_SIGNED_RETURN.tex,db100f3d2a5678e392a19a40ba360f7aefbcfc88cdd2cb1c4e2a839a03c80ecc,51657,7,Gram,unresolved person or eponym; contextual source use not established
10_UPDATED_SIGNED_RETURN.tex,db100f3d2a5678e392a19a40ba360f7aefbcfc88cdd2cb1c4e2a839a03c80ecc,51737,9,Gram,unresolved person or eponym; contextual source use not established
10_UPDATED_SIGNED_RETURN.tex,db100f3d2a5678e392a19a40ba360f7aefbcfc88cdd2cb1c4e2a839a03c80ecc,51739,26,Gram,unresolved person or eponym; contextual source use not established
10_UPDATED_SIGNED_RETURN.tex,db100f3d2a5678e392a19a40ba360f7aefbcfc88cdd2cb1c4e2a839a03c80ecc,51843,32,Gram,unresolved person or eponym; contextual source use not established
10_UPDATED_SIGNED_RETURN.tex,db100f3d2a5678e392a19a40ba360f7aefbcfc88cdd2cb1c4e2a839a03c80ecc,51927,40,Gram,unresolved person or eponym; contextual source use not established
10_UPDATED_SIGNED_RETURN.tex,db100f3d2a5678e392a19a40ba360f7aefbcfc88cdd2cb1c4e2a839a03c80ecc,51949,56,Gram,unresolved person or eponym; contextual source use not established
10_UPDATED_SIGNED_RETURN.tex,db100f3d2a5678e392a19a40ba360f7aefbcfc88cdd2cb1c4e2a839a03c80ecc,52032,207,Gram,unresolved person or eponym; contextual source use not established
10_UPDATED_SIGNED_RETURN.tex,db100f3d2a5678e392a19a40ba360f7aefbcfc88cdd2cb1c4e2a839a03c80ecc,52318,75,Hilbert,unresolved person or eponym; contextual source use not established
10_UPDATED_SIGNED_RETURN.tex,db100f3d2a5678e392a19a40ba360f7aefbcfc88cdd2cb1c4e2a839a03c80ecc,52690,27,Gram,unresolved person or eponym; contextual source use not established
10_UPDATED_SIGNED_RETURN.tex,db100f3d2a5678e392a19a40ba360f7aefbcfc88cdd2cb1c4e2a839a03c80ecc,52740,33,Euler,unresolved person or eponym; contextual source use not established
10_UPDATED_SIGNED_RETURN.tex,db100f3d2a5678e392a19a40ba360f7aefbcfc88cdd2cb1c4e2a839a03c80ecc,52743,56,Gram,unresolved person or eponym; contextual source use not established
10_UPDATED_SIGNED_RETURN.tex,db100f3d2a5678e392a19a40ba360f7aefbcfc88cdd2cb1c4e2a839a03c80ecc,52752,54,Gram,unresolved person or eponym; contextual source use not established
10_UPDATED_SIGNED_RETURN.tex,db100f3d2a5678e392a19a40ba360f7aefbcfc88cdd2cb1c4e2a839a03c80ecc,52789,10,Euler,unresolved person or eponym; contextual source use not established
10_UPDATED_SIGNED_RETURN.tex,db100f3d2a5678e392a19a40ba360f7aefbcfc88cdd2cb1c4e2a839a03c80ecc,52810,23,Schur,unresolved person or eponym; contextual source use not established
10_UPDATED_SIGNED_RETURN.tex,db100f3d2a5678e392a19a40ba360f7aefbcfc88cdd2cb1c4e2a839a03c80ecc,52831,54,Euler,unresolved person or eponym; contextual source use not established
10_UPDATED_SIGNED_RETURN.tex,db100f3d2a5678e392a19a40ba360f7aefbcfc88cdd2cb1c4e2a839a03c80ecc,52834,15,Vandermonde,unresolved person or eponym; contextual source use not established
10_UPDATED_SIGNED_RETURN.tex,db100f3d2a5678e392a19a40ba360f7aefbcfc88cdd2cb1c4e2a839a03c80ecc,52859,39,Euler,unresolved person or eponym; contextual source use not established
10_UPDATED_SIGNED_RETURN.tex,db100f3d2a5678e392a19a40ba360f7aefbcfc88cdd2cb1c4e2a839a03c80ecc,52864,11,Schur,unresolved person or eponym; contextual source use not established
10_UPDATED_SIGNED_RETURN.tex,db100f3d2a5678e392a19a40ba360f7aefbcfc88cdd2cb1c4e2a839a03c80ecc,52875,57,Euler,unresolved person or eponym; contextual source use not established
10_UPDATED_SIGNED_RETURN.tex,db100f3d2a5678e392a19a40ba360f7aefbcfc88cdd2cb1c4e2a839a03c80ecc,52916,10,Schur,unresolved person or eponym; contextual source use not established
10_UPDATED_SIGNED_RETURN.tex,db100f3d2a5678e392a19a40ba360f7aefbcfc88cdd2cb1c4e2a839a03c80ecc,52982,44,Gram,unresolved person or eponym; contextual source use not established
10_UPDATED_SIGNED_RETURN.tex,db100f3d2a5678e392a19a40ba360f7aefbcfc88cdd2cb1c4e2a839a03c80ecc,53012,16,Gram,unresolved person or eponym; contextual source use not established
10_UPDATED_SIGNED_RETURN.tex,db100f3d2a5678e392a19a40ba360f7aefbcfc88cdd2cb1c4e2a839a03c80ecc,53021,38,Gram,unresolved person or eponym; contextual source use not established
10_UPDATED_SIGNED_RETURN.tex,db100f3d2a5678e392a19a40ba360f7aefbcfc88cdd2cb1c4e2a839a03c80ecc,53021,57,Gram,unresolved person or eponym; contextual source use not established
10_UPDATED_SIGNED_RETURN.tex,db100f3d2a5678e392a19a40ba360f7aefbcfc88cdd2cb1c4e2a839a03c80ecc,53023,45,Gram,unresolved person or eponym; contextual source use not established
10_UPDATED_SIGNED_RETURN.tex,db100f3d2a5678e392a19a40ba360f7aefbcfc88cdd2cb1c4e2a839a03c80ecc,53030,10,Taylor,unresolved person or eponym; contextual source use not established
10_UPDATED_SIGNED_RETURN.tex,db100f3d2a5678e392a19a40ba360f7aefbcfc88cdd2cb1c4e2a839a03c80ecc,53075,33,Taylor,unresolved person or eponym; contextual source use not established
10_UPDATED_SIGNED_RETURN.tex,db100f3d2a5678e392a19a40ba360f7aefbcfc88cdd2cb1c4e2a839a03c80ecc,53151,1,Schur,unresolved person or eponym; contextual source use not established
10_UPDATED_SIGNED_RETURN.tex,db100f3d2a5678e392a19a40ba360f7aefbcfc88cdd2cb1c4e2a839a03c80ecc,53203,36,Gram,unresolved person or eponym; contextual source use not established
10_UPDATED_SIGNED_RETURN.tex,db100f3d2a5678e392a19a40ba360f7aefbcfc88cdd2cb1c4e2a839a03c80ecc,53285,17,Gram,unresolved person or eponym; contextual source use not established
10_UPDATED_SIGNED_RETURN.tex,db100f3d2a5678e392a19a40ba360f7aefbcfc88cdd2cb1c4e2a839a03c80ecc,53316,26,Gram,unresolved person or eponym; contextual source use not established
10_UPDATED_SIGNED_RETURN.tex,db100f3d2a5678e392a19a40ba360f7aefbcfc88cdd2cb1c4e2a839a03c80ecc,53588,3,Vandermonde,unresolved person or eponym; contextual source use not established
10_UPDATED_SIGNED_RETURN.tex,db100f3d2a5678e392a19a40ba360f7aefbcfc88cdd2cb1c4e2a839a03c80ecc,53592,17,Vandermonde,unresolved person or eponym; contextual source use not established
10_UPDATED_SIGNED_RETURN.tex,db100f3d2a5678e392a19a40ba360f7aefbcfc88cdd2cb1c4e2a839a03c80ecc,53593,5,Leibniz,unresolved person or eponym; contextual source use not established
10_UPDATED_SIGNED_RETURN.tex,db100f3d2a5678e392a19a40ba360f7aefbcfc88cdd2cb1c4e2a839a03c80ecc,53671,40,Vandermonde,unresolved person or eponym; contextual source use not established
10_UPDATED_SIGNED_RETURN.tex,db100f3d2a5678e392a19a40ba360f7aefbcfc88cdd2cb1c4e2a839a03c80ecc,53735,40,Gram,unresolved person or eponym; contextual source use not established
10_UPDATED_SIGNED_RETURN.tex,db100f3d2a5678e392a19a40ba360f7aefbcfc88cdd2cb1c4e2a839a03c80ecc,53752,13,Schur,unresolved person or eponym; contextual source use not established
10_UPDATED_SIGNED_RETURN.tex,db100f3d2a5678e392a19a40ba360f7aefbcfc88cdd2cb1c4e2a839a03c80ecc,53801,53,Schur,unresolved person or eponym; contextual source use not established
10_UPDATED_SIGNED_RETURN.tex,db100f3d2a5678e392a19a40ba360f7aefbcfc88cdd2cb1c4e2a839a03c80ecc,54013,10,Gram,unresolved person or eponym; contextual source use not established
10_UPDATED_SIGNED_RETURN.tex,db100f3d2a5678e392a19a40ba360f7aefbcfc88cdd2cb1c4e2a839a03c80ecc,54076,46,Taylor,unresolved person or eponym; contextual source use not established
10_UPDATED_SIGNED_RETURN.tex,db100f3d2a5678e392a19a40ba360f7aefbcfc88cdd2cb1c4e2a839a03c80ecc,54095,43,Vandermonde,unresolved person or eponym; contextual source use not established
10_UPDATED_SIGNED_RETURN.tex,db100f3d2a5678e392a19a40ba360f7aefbcfc88cdd2cb1c4e2a839a03c80ecc,54142,10,Taylor,unresolved person or eponym; contextual source use not established
10_UPDATED_SIGNED_RETURN.tex,db100f3d2a5678e392a19a40ba360f7aefbcfc88cdd2cb1c4e2a839a03c80ecc,54146,35,Taylor,unresolved person or eponym; contextual source use not established
10_UPDATED_SIGNED_RETURN.tex,db100f3d2a5678e392a19a40ba360f7aefbcfc88cdd2cb1c4e2a839a03c80ecc,54160,38,Vandermonde,unresolved person or eponym; contextual source use not established
10_UPDATED_SIGNED_RETURN.tex,db100f3d2a5678e392a19a40ba360f7aefbcfc88cdd2cb1c4e2a839a03c80ecc,54223,33,Gram,unresolved person or eponym; contextual source use not established
10_UPDATED_SIGNED_RETURN.tex,db100f3d2a5678e392a19a40ba360f7aefbcfc88cdd2cb1c4e2a839a03c80ecc,54234,1,Schur,unresolved person or eponym; contextual source use not established
10_UPDATED_SIGNED_RETURN.tex,db100f3d2a5678e392a19a40ba360f7aefbcfc88cdd2cb1c4e2a839a03c80ecc,54257,1,Schur,unresolved person or eponym; contextual source use not established
10_UPDATED_SIGNED_RETURN.tex,db100f3d2a5678e392a19a40ba360f7aefbcfc88cdd2cb1c4e2a839a03c80ecc,54377,30,Taylor,unresolved person or eponym; contextual source use not established
10_UPDATED_SIGNED_RETURN.tex,db100f3d2a5678e392a19a40ba360f7aefbcfc88cdd2cb1c4e2a839a03c80ecc,54442,59,Taylor,unresolved person or eponym; contextual source use not established
10_UPDATED_SIGNED_RETURN.tex,db100f3d2a5678e392a19a40ba360f7aefbcfc88cdd2cb1c4e2a839a03c80ecc,54445,15,Taylor,unresolved person or eponym; contextual source use not established
10_UPDATED_SIGNED_RETURN.tex,db100f3d2a5678e392a19a40ba360f7aefbcfc88cdd2cb1c4e2a839a03c80ecc,54480,26,Gram,unresolved person or eponym; contextual source use not established
10_UPDATED_SIGNED_RETURN.tex,db100f3d2a5678e392a19a40ba360f7aefbcfc88cdd2cb1c4e2a839a03c80ecc,54551,19,Gram,unresolved person or eponym; contextual source use not established
10_UPDATED_SIGNED_RETURN.tex,db100f3d2a5678e392a19a40ba360f7aefbcfc88cdd2cb1c4e2a839a03c80ecc,54589,36,Gram,unresolved person or eponym; contextual source use not established
10_UPDATED_SIGNED_RETURN.tex,db100f3d2a5678e392a19a40ba360f7aefbcfc88cdd2cb1c4e2a839a03c80ecc,54619,26,Gram,unresolved person or eponym; contextual source use not established
10_UPDATED_SIGNED_RETURN.tex,db100f3d2a5678e392a19a40ba360f7aefbcfc88cdd2cb1c4e2a839a03c80ecc,54621,26,Gram,unresolved person or eponym; contextual source use not established
10_UPDATED_SIGNED_RETURN.tex,db100f3d2a5678e392a19a40ba360f7aefbcfc88cdd2cb1c4e2a839a03c80ecc,54656,53,Gram,unresolved person or eponym; contextual source use not established
10_UPDATED_SIGNED_RETURN.tex,db100f3d2a5678e392a19a40ba360f7aefbcfc88cdd2cb1c4e2a839a03c80ecc,54752,28,Gram,unresolved person or eponym; contextual source use not established
10_UPDATED_SIGNED_RETURN.tex,db100f3d2a5678e392a19a40ba360f7aefbcfc88cdd2cb1c4e2a839a03c80ecc,54753,16,Gram,unresolved person or eponym; contextual source use not established
10_UPDATED_SIGNED_RETURN.tex,db100f3d2a5678e392a19a40ba360f7aefbcfc88cdd2cb1c4e2a839a03c80ecc,54761,23,Gram,unresolved person or eponym; contextual source use not established
10_UPDATED_SIGNED_RETURN.tex,db100f3d2a5678e392a19a40ba360f7aefbcfc88cdd2cb1c4e2a839a03c80ecc,54765,1,Gram,unresolved person or eponym; contextual source use not established
10_UPDATED_SIGNED_RETURN.tex,db100f3d2a5678e392a19a40ba360f7aefbcfc88cdd2cb1c4e2a839a03c80ecc,54768,12,Schur,unresolved person or eponym; contextual source use not established
10_UPDATED_SIGNED_RETURN.tex,db100f3d2a5678e392a19a40ba360f7aefbcfc88cdd2cb1c4e2a839a03c80ecc,54914,1,Gram,unresolved person or eponym; contextual source use not established
10_UPDATED_SIGNED_RETURN.tex,db100f3d2a5678e392a19a40ba360f7aefbcfc88cdd2cb1c4e2a839a03c80ecc,55074,55,Gram,unresolved person or eponym; contextual source use not established
10_UPDATED_SIGNED_RETURN.tex,db100f3d2a5678e392a19a40ba360f7aefbcfc88cdd2cb1c4e2a839a03c80ecc,55078,28,Gram,unresolved person or eponym; contextual source use not established
10_UPDATED_SIGNED_RETURN.tex,db100f3d2a5678e392a19a40ba360f7aefbcfc88cdd2cb1c4e2a839a03c80ecc,55103,41,Gram,unresolved person or eponym; contextual source use not established
10_UPDATED_SIGNED_RETURN.tex,db100f3d2a5678e392a19a40ba360f7aefbcfc88cdd2cb1c4e2a839a03c80ecc,55103,58,Schur,unresolved person or eponym; contextual source use not established
10_UPDATED_SIGNED_RETURN.tex,db100f3d2a5678e392a19a40ba360f7aefbcfc88cdd2cb1c4e2a839a03c80ecc,55252,16,Taylor,unresolved person or eponym; contextual source use not established
10_UPDATED_SIGNED_RETURN.tex,db100f3d2a5678e392a19a40ba360f7aefbcfc88cdd2cb1c4e2a839a03c80ecc,55254,19,Taylor,unresolved person or eponym; contextual source use not established
10_UPDATED_SIGNED_RETURN.tex,db100f3d2a5678e392a19a40ba360f7aefbcfc88cdd2cb1c4e2a839a03c80ecc,55340,60,Taylor,unresolved person or eponym; contextual source use not established
10_UPDATED_SIGNED_RETURN.tex,db100f3d2a5678e392a19a40ba360f7aefbcfc88cdd2cb1c4e2a839a03c80ecc,55430,7,Gram,unresolved person or eponym; contextual source use not established
10_UPDATED_SIGNED_RETURN.tex,db100f3d2a5678e392a19a40ba360f7aefbcfc88cdd2cb1c4e2a839a03c80ecc,55431,41,Schur,unresolved person or eponym; contextual source use not established
10_UPDATED_SIGNED_RETURN.tex,db100f3d2a5678e392a19a40ba360f7aefbcfc88cdd2cb1c4e2a839a03c80ecc,55454,23,Schur,unresolved person or eponym; contextual source use not established
10_UPDATED_SIGNED_RETURN.tex,db100f3d2a5678e392a19a40ba360f7aefbcfc88cdd2cb1c4e2a839a03c80ecc,55516,22,Gram,unresolved person or eponym; contextual source use not established
10_UPDATED_SIGNED_RETURN.tex,db100f3d2a5678e392a19a40ba360f7aefbcfc88cdd2cb1c4e2a839a03c80ecc,55518,24,Gram,unresolved person or eponym; contextual source use not established
10_UPDATED_SIGNED_RETURN.tex,db100f3d2a5678e392a19a40ba360f7aefbcfc88cdd2cb1c4e2a839a03c80ecc,55519,24,Gram,unresolved person or eponym; contextual source use not established
10_UPDATED_SIGNED_RETURN.tex,db100f3d2a5678e392a19a40ba360f7aefbcfc88cdd2cb1c4e2a839a03c80ecc,55520,24,Gram,unresolved person or eponym; contextual source use not established
10_UPDATED_SIGNED_RETURN.tex,db100f3d2a5678e392a19a40ba360f7aefbcfc88cdd2cb1c4e2a839a03c80ecc,55585,29,Gram,unresolved person or eponym; contextual source use not established
10_UPDATED_SIGNED_RETURN.tex,db100f3d2a5678e392a19a40ba360f7aefbcfc88cdd2cb1c4e2a839a03c80ecc,55599,58,Gram,unresolved person or eponym; contextual source use not established
10_UPDATED_SIGNED_RETURN.tex,db100f3d2a5678e392a19a40ba360f7aefbcfc88cdd2cb1c4e2a839a03c80ecc,55621,17,Euler,unresolved person or eponym; contextual source use not established
10_UPDATED_SIGNED_RETURN.tex,db100f3d2a5678e392a19a40ba360f7aefbcfc88cdd2cb1c4e2a839a03c80ecc,55685,1,Hadamard,unresolved person or eponym; contextual source use not established
10_UPDATED_SIGNED_RETURN.tex,db100f3d2a5678e392a19a40ba360f7aefbcfc88cdd2cb1c4e2a839a03c80ecc,55688,41,Gram,unresolved person or eponym; contextual source use not established
10_UPDATED_SIGNED_RETURN.tex,db100f3d2a5678e392a19a40ba360f7aefbcfc88cdd2cb1c4e2a839a03c80ecc,55705,1,Vandermonde,unresolved person or eponym; contextual source use not established
10_UPDATED_SIGNED_RETURN.tex,db100f3d2a5678e392a19a40ba360f7aefbcfc88cdd2cb1c4e2a839a03c80ecc,55705,30,Fubini,unresolved person or eponym; contextual source use not established
10_UPDATED_SIGNED_RETURN.tex,db100f3d2a5678e392a19a40ba360f7aefbcfc88cdd2cb1c4e2a839a03c80ecc,55713,1,Vandermonde,unresolved person or eponym; contextual source use not established
10_UPDATED_SIGNED_RETURN.tex,db100f3d2a5678e392a19a40ba360f7aefbcfc88cdd2cb1c4e2a839a03c80ecc,55752,29,Gram,unresolved person or eponym; contextual source use not established
10_UPDATED_SIGNED_RETURN.tex,db100f3d2a5678e392a19a40ba360f7aefbcfc88cdd2cb1c4e2a839a03c80ecc,55757,47,Gram,unresolved person or eponym; contextual source use not established
10_UPDATED_SIGNED_RETURN.tex,db100f3d2a5678e392a19a40ba360f7aefbcfc88cdd2cb1c4e2a839a03c80ecc,55793,1,Cauchy,unresolved person or eponym; contextual source use not established
10_UPDATED_SIGNED_RETURN.tex,db100f3d2a5678e392a19a40ba360f7aefbcfc88cdd2cb1c4e2a839a03c80ecc,55793,9,Schwarz,unresolved person or eponym; contextual source use not established
10_UPDATED_SIGNED_RETURN.tex,db100f3d2a5678e392a19a40ba360f7aefbcfc88cdd2cb1c4e2a839a03c80ecc,55804,1,Cauchy,unresolved person or eponym; contextual source use not established
10_UPDATED_SIGNED_RETURN.tex,db100f3d2a5678e392a19a40ba360f7aefbcfc88cdd2cb1c4e2a839a03c80ecc,55823,12,Gram,unresolved person or eponym; contextual source use not established
10_UPDATED_SIGNED_RETURN.tex,db100f3d2a5678e392a19a40ba360f7aefbcfc88cdd2cb1c4e2a839a03c80ecc,55824,14,Gram,unresolved person or eponym; contextual source use not established
10_UPDATED_SIGNED_RETURN.tex,db100f3d2a5678e392a19a40ba360f7aefbcfc88cdd2cb1c4e2a839a03c80ecc,55824,39,Gram,unresolved person or eponym; contextual source use not established
10_UPDATED_SIGNED_RETURN.tex,db100f3d2a5678e392a19a40ba360f7aefbcfc88cdd2cb1c4e2a839a03c80ecc,55828,27,Gram,unresolved person or eponym; contextual source use not established
10_UPDATED_SIGNED_RETURN.tex,db100f3d2a5678e392a19a40ba360f7aefbcfc88cdd2cb1c4e2a839a03c80ecc,55830,28,Gram,unresolved person or eponym; contextual source use not established
10_UPDATED_SIGNED_RETURN.tex,db100f3d2a5678e392a19a40ba360f7aefbcfc88cdd2cb1c4e2a839a03c80ecc,55924,52,Toeplitz,unresolved person or eponym; contextual source use not established
10_UPDATED_SIGNED_RETURN.tex,db100f3d2a5678e392a19a40ba360f7aefbcfc88cdd2cb1c4e2a839a03c80ecc,55974,5,Euler,unresolved person or eponym; contextual source use not established
10_UPDATED_SIGNED_RETURN.tex,db100f3d2a5678e392a19a40ba360f7aefbcfc88cdd2cb1c4e2a839a03c80ecc,55984,16,Fourier,unresolved person or eponym; contextual source use not established
10_UPDATED_SIGNED_RETURN.tex,db100f3d2a5678e392a19a40ba360f7aefbcfc88cdd2cb1c4e2a839a03c80ecc,55985,35,Fourier,unresolved person or eponym; contextual source use not established
10_UPDATED_SIGNED_RETURN.tex,db100f3d2a5678e392a19a40ba360f7aefbcfc88cdd2cb1c4e2a839a03c80ecc,55986,63,Gaussian,unresolved person or eponym; contextual source use not established
10_UPDATED_SIGNED_RETURN.tex,db100f3d2a5678e392a19a40ba360f7aefbcfc88cdd2cb1c4e2a839a03c80ecc,55997,59,Fourier,unresolved person or eponym; contextual source use not established
10_UPDATED_SIGNED_RETURN.tex,db100f3d2a5678e392a19a40ba360f7aefbcfc88cdd2cb1c4e2a839a03c80ecc,56018,42,Hilbert,unresolved person or eponym; contextual source use not established
10_UPDATED_SIGNED_RETURN.tex,db100f3d2a5678e392a19a40ba360f7aefbcfc88cdd2cb1c4e2a839a03c80ecc,56022,53,Toeplitz,unresolved person or eponym; contextual source use not established
10_UPDATED_SIGNED_RETURN.tex,db100f3d2a5678e392a19a40ba360f7aefbcfc88cdd2cb1c4e2a839a03c80ecc,56120,10,Taylor,unresolved person or eponym; contextual source use not established
10_UPDATED_SIGNED_RETURN.tex,db100f3d2a5678e392a19a40ba360f7aefbcfc88cdd2cb1c4e2a839a03c80ecc,56151,51,Toeplitz,unresolved person or eponym; contextual source use not established
10_UPDATED_SIGNED_RETURN.tex,db100f3d2a5678e392a19a40ba360f7aefbcfc88cdd2cb1c4e2a839a03c80ecc,56159,49,Laurent,unresolved person or eponym; contextual source use not established
10_UPDATED_SIGNED_RETURN.tex,db100f3d2a5678e392a19a40ba360f7aefbcfc88cdd2cb1c4e2a839a03c80ecc,56204,35,Taylor,unresolved person or eponym; contextual source use not established
10_UPDATED_SIGNED_RETURN.tex,db100f3d2a5678e392a19a40ba360f7aefbcfc88cdd2cb1c4e2a839a03c80ecc,56234,35,Taylor,unresolved person or eponym; contextual source use not established
10_UPDATED_SIGNED_RETURN.tex,db100f3d2a5678e392a19a40ba360f7aefbcfc88cdd2cb1c4e2a839a03c80ecc,56249,39,Toeplitz,unresolved person or eponym; contextual source use not established
10_UPDATED_SIGNED_RETURN.tex,db100f3d2a5678e392a19a40ba360f7aefbcfc88cdd2cb1c4e2a839a03c80ecc,56254,1,Cauchy,unresolved person or eponym; contextual source use not established
10_UPDATED_SIGNED_RETURN.tex,db100f3d2a5678e392a19a40ba360f7aefbcfc88cdd2cb1c4e2a839a03c80ecc,56375,16,Gram,unresolved person or eponym; contextual source use not established
10_UPDATED_SIGNED_RETURN.tex,db100f3d2a5678e392a19a40ba360f7aefbcfc88cdd2cb1c4e2a839a03c80ecc,56469,57,Gram,unresolved person or eponym; contextual source use not established
10_UPDATED_SIGNED_RETURN.tex,db100f3d2a5678e392a19a40ba360f7aefbcfc88cdd2cb1c4e2a839a03c80ecc,56472,57,Gram,unresolved person or eponym; contextual source use not established
10_UPDATED_SIGNED_RETURN.tex,db100f3d2a5678e392a19a40ba360f7aefbcfc88cdd2cb1c4e2a839a03c80ecc,56483,58,Gram,unresolved person or eponym; contextual source use not established
10_UPDATED_SIGNED_RETURN.tex,db100f3d2a5678e392a19a40ba360f7aefbcfc88cdd2cb1c4e2a839a03c80ecc,56493,15,Schur,unresolved person or eponym; contextual source use not established
10_UPDATED_SIGNED_RETURN.tex,db100f3d2a5678e392a19a40ba360f7aefbcfc88cdd2cb1c4e2a839a03c80ecc,56509,11,Schur,unresolved person or eponym; contextual source use not established
10_UPDATED_SIGNED_RETURN.tex,db100f3d2a5678e392a19a40ba360f7aefbcfc88cdd2cb1c4e2a839a03c80ecc,56523,53,Toeplitz,unresolved person or eponym; contextual source use not established
10_UPDATED_SIGNED_RETURN.tex,db100f3d2a5678e392a19a40ba360f7aefbcfc88cdd2cb1c4e2a839a03c80ecc,56659,19,Leibniz,unresolved person or eponym; contextual source use not established
10_UPDATED_SIGNED_RETURN.tex,db100f3d2a5678e392a19a40ba360f7aefbcfc88cdd2cb1c4e2a839a03c80ecc,56904,41,Vandermonde,unresolved person or eponym; contextual source use not established
10_UPDATED_SIGNED_RETURN.tex,db100f3d2a5678e392a19a40ba360f7aefbcfc88cdd2cb1c4e2a839a03c80ecc,56941,18,Gram,unresolved person or eponym; contextual source use not established
10_UPDATED_SIGNED_RETURN.tex,db100f3d2a5678e392a19a40ba360f7aefbcfc88cdd2cb1c4e2a839a03c80ecc,56943,41,Schur,unresolved person or eponym; contextual source use not established
10_UPDATED_SIGNED_RETURN.tex,db100f3d2a5678e392a19a40ba360f7aefbcfc88cdd2cb1c4e2a839a03c80ecc,57026,5,Gram,unresolved person or eponym; contextual source use not established
10_UPDATED_SIGNED_RETURN.tex,db100f3d2a5678e392a19a40ba360f7aefbcfc88cdd2cb1c4e2a839a03c80ecc,57063,55,Gram,unresolved person or eponym; contextual source use not established
10_UPDATED_SIGNED_RETURN.tex,db100f3d2a5678e392a19a40ba360f7aefbcfc88cdd2cb1c4e2a839a03c80ecc,57071,43,Schur,unresolved person or eponym; contextual source use not established
10_UPDATED_SIGNED_RETURN.tex,db100f3d2a5678e392a19a40ba360f7aefbcfc88cdd2cb1c4e2a839a03c80ecc,57284,32,Gram,unresolved person or eponym; contextual source use not established
10_UPDATED_SIGNED_RETURN.tex,db100f3d2a5678e392a19a40ba360f7aefbcfc88cdd2cb1c4e2a839a03c80ecc,57348,34,Gram,unresolved person or eponym; contextual source use not established
10_UPDATED_SIGNED_RETURN.tex,db100f3d2a5678e392a19a40ba360f7aefbcfc88cdd2cb1c4e2a839a03c80ecc,57363,42,Gram,unresolved person or eponym; contextual source use not established
10_UPDATED_SIGNED_RETURN.tex,db100f3d2a5678e392a19a40ba360f7aefbcfc88cdd2cb1c4e2a839a03c80ecc,57364,64,Gram,unresolved person or eponym; contextual source use not established
10_UPDATED_SIGNED_RETURN.tex,db100f3d2a5678e392a19a40ba360f7aefbcfc88cdd2cb1c4e2a839a03c80ecc,57430,34,Euler,unresolved person or eponym; contextual source use not established
10_UPDATED_SIGNED_RETURN.tex,db100f3d2a5678e392a19a40ba360f7aefbcfc88cdd2cb1c4e2a839a03c80ecc,57431,37,Fourier,unresolved person or eponym; contextual source use not established
10_UPDATED_SIGNED_RETURN.tex,db100f3d2a5678e392a19a40ba360f7aefbcfc88cdd2cb1c4e2a839a03c80ecc,57436,22,Fourier,unresolved person or eponym; contextual source use not established
10_UPDATED_SIGNED_RETURN.tex,db100f3d2a5678e392a19a40ba360f7aefbcfc88cdd2cb1c4e2a839a03c80ecc,57436,55,Fourier,unresolved person or eponym; contextual source use not established
10_UPDATED_SIGNED_RETURN.tex,db100f3d2a5678e392a19a40ba360f7aefbcfc88cdd2cb1c4e2a839a03c80ecc,57479,63,Gram,unresolved person or eponym; contextual source use not established
10_UPDATED_SIGNED_RETURN.tex,db100f3d2a5678e392a19a40ba360f7aefbcfc88cdd2cb1c4e2a839a03c80ecc,57486,60,Gauss,unresolved person or eponym; contextual source use not established
10_UPDATED_SIGNED_RETURN.tex,db100f3d2a5678e392a19a40ba360f7aefbcfc88cdd2cb1c4e2a839a03c80ecc,57489,41,Laurent,unresolved person or eponym; contextual source use not established
10_UPDATED_SIGNED_RETURN.tex,db100f3d2a5678e392a19a40ba360f7aefbcfc88cdd2cb1c4e2a839a03c80ecc,57519,7,Vandermonde,unresolved person or eponym; contextual source use not established
10_UPDATED_SIGNED_RETURN.tex,db100f3d2a5678e392a19a40ba360f7aefbcfc88cdd2cb1c4e2a839a03c80ecc,57578,25,Gram,unresolved person or eponym; contextual source use not established
10_UPDATED_SIGNED_RETURN.tex,db100f3d2a5678e392a19a40ba360f7aefbcfc88cdd2cb1c4e2a839a03c80ecc,57580,5,Cauchy,unresolved person or eponym; contextual source use not established
10_UPDATED_SIGNED_RETURN.tex,db100f3d2a5678e392a19a40ba360f7aefbcfc88cdd2cb1c4e2a839a03c80ecc,57580,13,Binet,unresolved person or eponym; contextual source use not established
10_UPDATED_SIGNED_RETURN.tex,db100f3d2a5678e392a19a40ba360f7aefbcfc88cdd2cb1c4e2a839a03c80ecc,57626,9,Gram,unresolved person or eponym; contextual source use not established
10_UPDATED_SIGNED_RETURN.tex,db100f3d2a5678e392a19a40ba360f7aefbcfc88cdd2cb1c4e2a839a03c80ecc,57626,31,Gram,unresolved person or eponym; contextual source use not established
10_UPDATED_SIGNED_RETURN.tex,db100f3d2a5678e392a19a40ba360f7aefbcfc88cdd2cb1c4e2a839a03c80ecc,57716,23,Gram,unresolved person or eponym; contextual source use not established
10_UPDATED_SIGNED_RETURN.tex,db100f3d2a5678e392a19a40ba360f7aefbcfc88cdd2cb1c4e2a839a03c80ecc,57718,5,Schur,unresolved person or eponym; contextual source use not established
10_UPDATED_SIGNED_RETURN.tex,db100f3d2a5678e392a19a40ba360f7aefbcfc88cdd2cb1c4e2a839a03c80ecc,57720,5,Gram,unresolved person or eponym; contextual source use not established
10_UPDATED_SIGNED_RETURN.tex,db100f3d2a5678e392a19a40ba360f7aefbcfc88cdd2cb1c4e2a839a03c80ecc,57750,20,Gram,unresolved person or eponym; contextual source use not established
10_UPDATED_SIGNED_RETURN.tex,db100f3d2a5678e392a19a40ba360f7aefbcfc88cdd2cb1c4e2a839a03c80ecc,57751,29,Gram,unresolved person or eponym; contextual source use not established
10_UPDATED_SIGNED_RETURN.tex,db100f3d2a5678e392a19a40ba360f7aefbcfc88cdd2cb1c4e2a839a03c80ecc,57755,8,Gram,unresolved person or eponym; contextual source use not established
10_UPDATED_SIGNED_RETURN.tex,db100f3d2a5678e392a19a40ba360f7aefbcfc88cdd2cb1c4e2a839a03c80ecc,57755,45,Gram,unresolved person or eponym; contextual source use not established
10_UPDATED_SIGNED_RETURN.tex,db100f3d2a5678e392a19a40ba360f7aefbcfc88cdd2cb1c4e2a839a03c80ecc,57756,20,Gram,unresolved person or eponym; contextual source use not established
10_UPDATED_SIGNED_RETURN.tex,db100f3d2a5678e392a19a40ba360f7aefbcfc88cdd2cb1c4e2a839a03c80ecc,57763,61,Gram,unresolved person or eponym; contextual source use not established
10_UPDATED_SIGNED_RETURN.tex,db100f3d2a5678e392a19a40ba360f7aefbcfc88cdd2cb1c4e2a839a03c80ecc,57865,54,Gram,unresolved person or eponym; contextual source use not established
10_UPDATED_SIGNED_RETURN.tex,db100f3d2a5678e392a19a40ba360f7aefbcfc88cdd2cb1c4e2a839a03c80ecc,57907,8,Gram,unresolved person or eponym; contextual source use not established
10_UPDATED_SIGNED_RETURN.tex,db100f3d2a5678e392a19a40ba360f7aefbcfc88cdd2cb1c4e2a839a03c80ecc,57918,29,Gram,unresolved person or eponym; contextual source use not established
10_UPDATED_SIGNED_RETURN.tex,db100f3d2a5678e392a19a40ba360f7aefbcfc88cdd2cb1c4e2a839a03c80ecc,57947,29,Gram,unresolved person or eponym; contextual source use not established
10_UPDATED_SIGNED_RETURN.tex,db100f3d2a5678e392a19a40ba360f7aefbcfc88cdd2cb1c4e2a839a03c80ecc,57976,1,Gram,unresolved person or eponym; contextual source use not established
10_UPDATED_SIGNED_RETURN.tex,db100f3d2a5678e392a19a40ba360f7aefbcfc88cdd2cb1c4e2a839a03c80ecc,57981,35,Gram,unresolved person or eponym; contextual source use not established
10_UPDATED_SIGNED_RETURN.tex,db100f3d2a5678e392a19a40ba360f7aefbcfc88cdd2cb1c4e2a839a03c80ecc,58063,14,Taylor,unresolved person or eponym; contextual source use not established
10_UPDATED_SIGNED_RETURN.tex,db100f3d2a5678e392a19a40ba360f7aefbcfc88cdd2cb1c4e2a839a03c80ecc,58091,32,Taylor,unresolved person or eponym; contextual source use not established
10_UPDATED_SIGNED_RETURN.tex,db100f3d2a5678e392a19a40ba360f7aefbcfc88cdd2cb1c4e2a839a03c80ecc,58093,48,Taylor,unresolved person or eponym; contextual source use not established
10_UPDATED_SIGNED_RETURN.tex,db100f3d2a5678e392a19a40ba360f7aefbcfc88cdd2cb1c4e2a839a03c80ecc,58169,48,Taylor,unresolved person or eponym; contextual source use not established
10_UPDATED_SIGNED_RETURN.tex,db100f3d2a5678e392a19a40ba360f7aefbcfc88cdd2cb1c4e2a839a03c80ecc,58230,24,Gram,unresolved person or eponym; contextual source use not established
10_UPDATED_SIGNED_RETURN.tex,db100f3d2a5678e392a19a40ba360f7aefbcfc88cdd2cb1c4e2a839a03c80ecc,58274,47,Taylor,unresolved person or eponym; contextual source use not established
10_UPDATED_SIGNED_RETURN.tex,db100f3d2a5678e392a19a40ba360f7aefbcfc88cdd2cb1c4e2a839a03c80ecc,58307,19,Gram,unresolved person or eponym; contextual source use not established
10_UPDATED_SIGNED_RETURN.tex,db100f3d2a5678e392a19a40ba360f7aefbcfc88cdd2cb1c4e2a839a03c80ecc,58319,5,Riesz,unresolved person or eponym; contextual source use not established
10_UPDATED_SIGNED_RETURN.tex,db100f3d2a5678e392a19a40ba360f7aefbcfc88cdd2cb1c4e2a839a03c80ecc,58328,38,Gram,unresolved person or eponym; contextual source use not established
10_UPDATED_SIGNED_RETURN.tex,db100f3d2a5678e392a19a40ba360f7aefbcfc88cdd2cb1c4e2a839a03c80ecc,58362,1,Vandermonde,unresolved person or eponym; contextual source use not established
10_UPDATED_SIGNED_RETURN.tex,db100f3d2a5678e392a19a40ba360f7aefbcfc88cdd2cb1c4e2a839a03c80ecc,58410,41,Vandermonde,unresolved person or eponym; contextual source use not established
10_UPDATED_SIGNED_RETURN.tex,db100f3d2a5678e392a19a40ba360f7aefbcfc88cdd2cb1c4e2a839a03c80ecc,58412,15,Vandermonde,unresolved person or eponym; contextual source use not established
10_UPDATED_SIGNED_RETURN.tex,db100f3d2a5678e392a19a40ba360f7aefbcfc88cdd2cb1c4e2a839a03c80ecc,58463,59,Gram,unresolved person or eponym; contextual source use not established
10_UPDATED_SIGNED_RETURN.tex,db100f3d2a5678e392a19a40ba360f7aefbcfc88cdd2cb1c4e2a839a03c80ecc,58477,40,Gram,unresolved person or eponym; contextual source use not established
10_UPDATED_SIGNED_RETURN.tex,db100f3d2a5678e392a19a40ba360f7aefbcfc88cdd2cb1c4e2a839a03c80ecc,58543,38,Taylor,unresolved person or eponym; contextual source use not established
10_UPDATED_SIGNED_RETURN.tex,db100f3d2a5678e392a19a40ba360f7aefbcfc88cdd2cb1c4e2a839a03c80ecc,58550,31,Taylor,unresolved person or eponym; contextual source use not established
10_UPDATED_SIGNED_RETURN.tex,db100f3d2a5678e392a19a40ba360f7aefbcfc88cdd2cb1c4e2a839a03c80ecc,58553,15,Taylor,unresolved person or eponym; contextual source use not established
10_UPDATED_SIGNED_RETURN.tex,db100f3d2a5678e392a19a40ba360f7aefbcfc88cdd2cb1c4e2a839a03c80ecc,58578,35,Taylor,unresolved person or eponym; contextual source use not established
10_UPDATED_SIGNED_RETURN.tex,db100f3d2a5678e392a19a40ba360f7aefbcfc88cdd2cb1c4e2a839a03c80ecc,58585,1,Taylor,unresolved person or eponym; contextual source use not established
10_UPDATED_SIGNED_RETURN.tex,db100f3d2a5678e392a19a40ba360f7aefbcfc88cdd2cb1c4e2a839a03c80ecc,58599,20,Vandermonde,unresolved person or eponym; contextual source use not established
10_UPDATED_SIGNED_RETURN.tex,db100f3d2a5678e392a19a40ba360f7aefbcfc88cdd2cb1c4e2a839a03c80ecc,58601,31,Vandermonde,unresolved person or eponym; contextual source use not established
10_UPDATED_SIGNED_RETURN.tex,db100f3d2a5678e392a19a40ba360f7aefbcfc88cdd2cb1c4e2a839a03c80ecc,58696,52,Gram,unresolved person or eponym; contextual source use not established
10_UPDATED_SIGNED_RETURN.tex,db100f3d2a5678e392a19a40ba360f7aefbcfc88cdd2cb1c4e2a839a03c80ecc,58699,1,Gram,unresolved person or eponym; contextual source use not established
10_UPDATED_SIGNED_RETURN.tex,db100f3d2a5678e392a19a40ba360f7aefbcfc88cdd2cb1c4e2a839a03c80ecc,58700,14,Gram,unresolved person or eponym; contextual source use not established
10_UPDATED_SIGNED_RETURN.tex,db100f3d2a5678e392a19a40ba360f7aefbcfc88cdd2cb1c4e2a839a03c80ecc,58858,39,Taylor,unresolved person or eponym; contextual source use not established
10_UPDATED_SIGNED_RETURN.tex,db100f3d2a5678e392a19a40ba360f7aefbcfc88cdd2cb1c4e2a839a03c80ecc,58884,31,Gram,unresolved person or eponym; contextual source use not established
10_UPDATED_SIGNED_RETURN.tex,db100f3d2a5678e392a19a40ba360f7aefbcfc88cdd2cb1c4e2a839a03c80ecc,58895,49,Taylor,unresolved person or eponym; contextual source use not established
10_UPDATED_SIGNED_RETURN.tex,db100f3d2a5678e392a19a40ba360f7aefbcfc88cdd2cb1c4e2a839a03c80ecc,58908,9,Taylor,unresolved person or eponym; contextual source use not established
10_UPDATED_SIGNED_RETURN.tex,db100f3d2a5678e392a19a40ba360f7aefbcfc88cdd2cb1c4e2a839a03c80ecc,58912,25,Vandermonde,unresolved person or eponym; contextual source use not established
10_UPDATED_SIGNED_RETURN.tex,db100f3d2a5678e392a19a40ba360f7aefbcfc88cdd2cb1c4e2a839a03c80ecc,58913,22,Vandermonde,unresolved person or eponym; contextual source use not established
10_UPDATED_SIGNED_RETURN.tex,db100f3d2a5678e392a19a40ba360f7aefbcfc88cdd2cb1c4e2a839a03c80ecc,59078,1,Gram,unresolved person or eponym; contextual source use not established
10_UPDATED_SIGNED_RETURN.tex,db100f3d2a5678e392a19a40ba360f7aefbcfc88cdd2cb1c4e2a839a03c80ecc,59083,33,Gram,unresolved person or eponym; contextual source use not established
10_UPDATED_SIGNED_RETURN.tex,db100f3d2a5678e392a19a40ba360f7aefbcfc88cdd2cb1c4e2a839a03c80ecc,59086,40,Gram,unresolved person or eponym; contextual source use not established
10_UPDATED_SIGNED_RETURN.tex,db100f3d2a5678e392a19a40ba360f7aefbcfc88cdd2cb1c4e2a839a03c80ecc,59206,43,Gram,unresolved person or eponym; contextual source use not established
10_UPDATED_SIGNED_RETURN.tex,db100f3d2a5678e392a19a40ba360f7aefbcfc88cdd2cb1c4e2a839a03c80ecc,59213,37,Gram,unresolved person or eponym; contextual source use not established
10_UPDATED_SIGNED_RETURN.tex,db100f3d2a5678e392a19a40ba360f7aefbcfc88cdd2cb1c4e2a839a03c80ecc,59381,11,Schur,unresolved person or eponym; contextual source use not established
10_UPDATED_SIGNED_RETURN.tex,db100f3d2a5678e392a19a40ba360f7aefbcfc88cdd2cb1c4e2a839a03c80ecc,59587,27,Gram,unresolved person or eponym; contextual source use not established
10_UPDATED_SIGNED_RETURN.tex,db100f3d2a5678e392a19a40ba360f7aefbcfc88cdd2cb1c4e2a839a03c80ecc,59591,28,Gram,unresolved person or eponym; contextual source use not established
10_UPDATED_SIGNED_RETURN.tex,db100f3d2a5678e392a19a40ba360f7aefbcfc88cdd2cb1c4e2a839a03c80ecc,59599,24,Schur,unresolved person or eponym; contextual source use not established
10_UPDATED_SIGNED_RETURN.tex,db100f3d2a5678e392a19a40ba360f7aefbcfc88cdd2cb1c4e2a839a03c80ecc,59700,34,Schur,unresolved person or eponym; contextual source use not established
10_UPDATED_SIGNED_RETURN.tex,db100f3d2a5678e392a19a40ba360f7aefbcfc88cdd2cb1c4e2a839a03c80ecc,59701,1,Taylor,unresolved person or eponym; contextual source use not established
10_UPDATED_SIGNED_RETURN.tex,db100f3d2a5678e392a19a40ba360f7aefbcfc88cdd2cb1c4e2a839a03c80ecc,59753,44,Gram,unresolved person or eponym; contextual source use not established
10_UPDATED_SIGNED_RETURN.tex,db100f3d2a5678e392a19a40ba360f7aefbcfc88cdd2cb1c4e2a839a03c80ecc,59774,29,Taylor,unresolved person or eponym; contextual source use not established
10_UPDATED_SIGNED_RETURN.tex,db100f3d2a5678e392a19a40ba360f7aefbcfc88cdd2cb1c4e2a839a03c80ecc,59836,61,Gram,unresolved person or eponym; contextual source use not established
10_UPDATED_SIGNED_RETURN.tex,db100f3d2a5678e392a19a40ba360f7aefbcfc88cdd2cb1c4e2a839a03c80ecc,59935,15,Gram,unresolved person or eponym; contextual source use not established
10_UPDATED_SIGNED_RETURN.tex,db100f3d2a5678e392a19a40ba360f7aefbcfc88cdd2cb1c4e2a839a03c80ecc,60026,38,Gram,unresolved person or eponym; contextual source use not established
10_UPDATED_SIGNED_RETURN.tex,db100f3d2a5678e392a19a40ba360f7aefbcfc88cdd2cb1c4e2a839a03c80ecc,60030,50,Gram,unresolved person or eponym; contextual source use not established
10_UPDATED_SIGNED_RETURN.tex,db100f3d2a5678e392a19a40ba360f7aefbcfc88cdd2cb1c4e2a839a03c80ecc,60060,1,Gram,unresolved person or eponym; contextual source use not established
10_UPDATED_SIGNED_RETURN.tex,db100f3d2a5678e392a19a40ba360f7aefbcfc88cdd2cb1c4e2a839a03c80ecc,60156,41,Gram,unresolved person or eponym; contextual source use not established
10_UPDATED_SIGNED_RETURN.tex,db100f3d2a5678e392a19a40ba360f7aefbcfc88cdd2cb1c4e2a839a03c80ecc,60177,23,Gram,unresolved person or eponym; contextual source use not established
10_UPDATED_SIGNED_RETURN.tex,db100f3d2a5678e392a19a40ba360f7aefbcfc88cdd2cb1c4e2a839a03c80ecc,60357,26,Jacobi,unresolved person or eponym; contextual source use not established
10_UPDATED_SIGNED_RETURN.tex,db100f3d2a5678e392a19a40ba360f7aefbcfc88cdd2cb1c4e2a839a03c80ecc,60361,11,Gram,unresolved person or eponym; contextual source use not established
10_UPDATED_SIGNED_RETURN.tex,db100f3d2a5678e392a19a40ba360f7aefbcfc88cdd2cb1c4e2a839a03c80ecc,60670,13,Gram,unresolved person or eponym; contextual source use not established
10_UPDATED_SIGNED_RETURN.tex,db100f3d2a5678e392a19a40ba360f7aefbcfc88cdd2cb1c4e2a839a03c80ecc,60872,54,Gram,unresolved person or eponym; contextual source use not established
10_UPDATED_SIGNED_RETURN.tex,db100f3d2a5678e392a19a40ba360f7aefbcfc88cdd2cb1c4e2a839a03c80ecc,60899,30,Jacobi,unresolved person or eponym; contextual source use not established
10_UPDATED_SIGNED_RETURN.tex,db100f3d2a5678e392a19a40ba360f7aefbcfc88cdd2cb1c4e2a839a03c80ecc,60900,7,Gram,unresolved person or eponym; contextual source use not established
10_UPDATED_SIGNED_RETURN.tex,db100f3d2a5678e392a19a40ba360f7aefbcfc88cdd2cb1c4e2a839a03c80ecc,61068,30,Schur,unresolved person or eponym; contextual source use not established
10_UPDATED_SIGNED_RETURN.tex,db100f3d2a5678e392a19a40ba360f7aefbcfc88cdd2cb1c4e2a839a03c80ecc,61134,23,Gram,unresolved person or eponym; contextual source use not established
10_UPDATED_SIGNED_RETURN.tex,db100f3d2a5678e392a19a40ba360f7aefbcfc88cdd2cb1c4e2a839a03c80ecc,61260,33,Laguerre,unresolved person or eponym; contextual source use not established
10_UPDATED_SIGNED_RETURN.tex,db100f3d2a5678e392a19a40ba360f7aefbcfc88cdd2cb1c4e2a839a03c80ecc,61266,25,Rodrigues,unresolved person or eponym; contextual source use not established
10_UPDATED_SIGNED_RETURN.tex,db100f3d2a5678e392a19a40ba360f7aefbcfc88cdd2cb1c4e2a839a03c80ecc,61277,182,Cauchy,unresolved person or eponym; contextual source use not established
10_UPDATED_SIGNED_RETURN.tex,db100f3d2a5678e392a19a40ba360f7aefbcfc88cdd2cb1c4e2a839a03c80ecc,61277,190,Schwarz,unresolved person or eponym; contextual source use not established
10_UPDATED_SIGNED_RETURN.tex,db100f3d2a5678e392a19a40ba360f7aefbcfc88cdd2cb1c4e2a839a03c80ecc,61385,566,Schur,unresolved person or eponym; contextual source use not established
10_UPDATED_SIGNED_RETURN.tex,db100f3d2a5678e392a19a40ba360f7aefbcfc88cdd2cb1c4e2a839a03c80ecc,61398,87,Laguerre,unresolved person or eponym; contextual source use not established
10_UPDATED_SIGNED_RETURN.tex,db100f3d2a5678e392a19a40ba360f7aefbcfc88cdd2cb1c4e2a839a03c80ecc,61408,5,Gram,unresolved person or eponym; contextual source use not established
10_UPDATED_SIGNED_RETURN.tex,db100f3d2a5678e392a19a40ba360f7aefbcfc88cdd2cb1c4e2a839a03c80ecc,61471,62,Stirling,unresolved person or eponym; contextual source use not established
10_UPDATED_SIGNED_RETURN.tex,db100f3d2a5678e392a19a40ba360f7aefbcfc88cdd2cb1c4e2a839a03c80ecc,61503,34,Gram,unresolved person or eponym; contextual source use not established
10_UPDATED_SIGNED_RETURN.tex,db100f3d2a5678e392a19a40ba360f7aefbcfc88cdd2cb1c4e2a839a03c80ecc,61511,248,Taylor,unresolved person or eponym; contextual source use not established
10_UPDATED_SIGNED_RETURN.tex,db100f3d2a5678e392a19a40ba360f7aefbcfc88cdd2cb1c4e2a839a03c80ecc,61536,109,Taylor,unresolved person or eponym; contextual source use not established
10_UPDATED_SIGNED_RETURN.tex,db100f3d2a5678e392a19a40ba360f7aefbcfc88cdd2cb1c4e2a839a03c80ecc,61542,5,Taylor,unresolved person or eponym; contextual source use not established
10_UPDATED_SIGNED_RETURN.tex,db100f3d2a5678e392a19a40ba360f7aefbcfc88cdd2cb1c4e2a839a03c80ecc,61544,16,Gram,unresolved person or eponym; contextual source use not established
10_UPDATED_SIGNED_RETURN.tex,db100f3d2a5678e392a19a40ba360f7aefbcfc88cdd2cb1c4e2a839a03c80ecc,61611,88,Gram,unresolved person or eponym; contextual source use not established
10_UPDATED_SIGNED_RETURN.tex,db100f3d2a5678e392a19a40ba360f7aefbcfc88cdd2cb1c4e2a839a03c80ecc,61713,223,Gram,unresolved person or eponym; contextual source use not established
10_UPDATED_SIGNED_RETURN.tex,db100f3d2a5678e392a19a40ba360f7aefbcfc88cdd2cb1c4e2a839a03c80ecc,61713,275,Schur,unresolved person or eponym; contextual source use not established
10_UPDATED_SIGNED_RETURN.tex,db100f3d2a5678e392a19a40ba360f7aefbcfc88cdd2cb1c4e2a839a03c80ecc,61968,3,Chebyshev,unresolved person or eponym; contextual source use not established
10_UPDATED_SIGNED_RETURN.tex,db100f3d2a5678e392a19a40ba360f7aefbcfc88cdd2cb1c4e2a839a03c80ecc,62089,14,Laguerre,unresolved person or eponym; contextual source use not established
10_UPDATED_SIGNED_RETURN.tex,db100f3d2a5678e392a19a40ba360f7aefbcfc88cdd2cb1c4e2a839a03c80ecc,62271,1,Taylor,unresolved person or eponym; contextual source use not established
10_UPDATED_SIGNED_RETURN.tex,db100f3d2a5678e392a19a40ba360f7aefbcfc88cdd2cb1c4e2a839a03c80ecc,62327,66,Schur,unresolved person or eponym; contextual source use not established
10_UPDATED_SIGNED_RETURN.tex,db100f3d2a5678e392a19a40ba360f7aefbcfc88cdd2cb1c4e2a839a03c80ecc,62343,44,Gram,unresolved person or eponym; contextual source use not established
10_UPDATED_SIGNED_RETURN.tex,db100f3d2a5678e392a19a40ba360f7aefbcfc88cdd2cb1c4e2a839a03c80ecc,62520,47,Gram,unresolved person or eponym; contextual source use not established
10_UPDATED_SIGNED_RETURN.tex,db100f3d2a5678e392a19a40ba360f7aefbcfc88cdd2cb1c4e2a839a03c80ecc,62622,10,Taylor,unresolved person or eponym; contextual source use not established
10_UPDATED_SIGNED_RETURN.tex,db100f3d2a5678e392a19a40ba360f7aefbcfc88cdd2cb1c4e2a839a03c80ecc,62764,1,Cauchy,unresolved person or eponym; contextual source use not established
10_UPDATED_SIGNED_RETURN.tex,db100f3d2a5678e392a19a40ba360f7aefbcfc88cdd2cb1c4e2a839a03c80ecc,62764,9,Schwarz,unresolved person or eponym; contextual source use not established
10_UPDATED_SIGNED_RETURN.tex,db100f3d2a5678e392a19a40ba360f7aefbcfc88cdd2cb1c4e2a839a03c80ecc,62785,14,Cauchy,unresolved person or eponym; contextual source use not established
10_UPDATED_SIGNED_RETURN.tex,db100f3d2a5678e392a19a40ba360f7aefbcfc88cdd2cb1c4e2a839a03c80ecc,62795,7,Cauchy,unresolved person or eponym; contextual source use not established
10_UPDATED_SIGNED_RETURN.tex,db100f3d2a5678e392a19a40ba360f7aefbcfc88cdd2cb1c4e2a839a03c80ecc,62795,15,Schwarz,unresolved person or eponym; contextual source use not established
10_UPDATED_SIGNED_RETURN.tex,db100f3d2a5678e392a19a40ba360f7aefbcfc88cdd2cb1c4e2a839a03c80ecc,62799,49,Tonelli,unresolved person or eponym; contextual source use not established
10_UPDATED_SIGNED_RETURN.tex,db100f3d2a5678e392a19a40ba360f7aefbcfc88cdd2cb1c4e2a839a03c80ecc,62843,36,Tonelli,unresolved person or eponym; contextual source use not established
10_UPDATED_SIGNED_RETURN.tex,db100f3d2a5678e392a19a40ba360f7aefbcfc88cdd2cb1c4e2a839a03c80ecc,63381,19,Vandermonde,unresolved person or eponym; contextual source use not established
10_UPDATED_SIGNED_RETURN.tex,db100f3d2a5678e392a19a40ba360f7aefbcfc88cdd2cb1c4e2a839a03c80ecc,63472,1,Vandermonde,unresolved person or eponym; contextual source use not established
10_UPDATED_SIGNED_RETURN.tex,db100f3d2a5678e392a19a40ba360f7aefbcfc88cdd2cb1c4e2a839a03c80ecc,63508,32,Vandermonde,unresolved person or eponym; contextual source use not established
10_UPDATED_SIGNED_RETURN.tex,db100f3d2a5678e392a19a40ba360f7aefbcfc88cdd2cb1c4e2a839a03c80ecc,63563,36,Gram,unresolved person or eponym; contextual source use not established
10_UPDATED_SIGNED_RETURN.tex,db100f3d2a5678e392a19a40ba360f7aefbcfc88cdd2cb1c4e2a839a03c80ecc,63593,9,Gaussian,unresolved person or eponym; contextual source use not established
10_UPDATED_SIGNED_RETURN.tex,db100f3d2a5678e392a19a40ba360f7aefbcfc88cdd2cb1c4e2a839a03c80ecc,63704,49,Gram,unresolved person or eponym; contextual source use not established
10_UPDATED_SIGNED_RETURN.tex,db100f3d2a5678e392a19a40ba360f7aefbcfc88cdd2cb1c4e2a839a03c80ecc,63708,59,Schur,unresolved person or eponym; contextual source use not established
10_UPDATED_SIGNED_RETURN.tex,db100f3d2a5678e392a19a40ba360f7aefbcfc88cdd2cb1c4e2a839a03c80ecc,63781,42,Vandermonde,unresolved person or eponym; contextual source use not established
10_UPDATED_SIGNED_RETURN.tex,db100f3d2a5678e392a19a40ba360f7aefbcfc88cdd2cb1c4e2a839a03c80ecc,63782,29,Leibniz,unresolved person or eponym; contextual source use not established
10_UPDATED_SIGNED_RETURN.tex,db100f3d2a5678e392a19a40ba360f7aefbcfc88cdd2cb1c4e2a839a03c80ecc,63821,54,Vandermonde,unresolved person or eponym; contextual source use not established
10_UPDATED_SIGNED_RETURN.tex,db100f3d2a5678e392a19a40ba360f7aefbcfc88cdd2cb1c4e2a839a03c80ecc,63836,34,Taylor,unresolved person or eponym; contextual source use not established
10_UPDATED_SIGNED_RETURN.tex,db100f3d2a5678e392a19a40ba360f7aefbcfc88cdd2cb1c4e2a839a03c80ecc,63859,1,Vandermonde,unresolved person or eponym; contextual source use not established
10_UPDATED_SIGNED_RETURN.tex,db100f3d2a5678e392a19a40ba360f7aefbcfc88cdd2cb1c4e2a839a03c80ecc,63876,16,Gauss,unresolved person or eponym; contextual source use not established
10_UPDATED_SIGNED_RETURN.tex,db100f3d2a5678e392a19a40ba360f7aefbcfc88cdd2cb1c4e2a839a03c80ecc,63899,66,Gauss,unresolved person or eponym; contextual source use not established
10_UPDATED_SIGNED_RETURN.tex,db100f3d2a5678e392a19a40ba360f7aefbcfc88cdd2cb1c4e2a839a03c80ecc,63902,5,Laurent,unresolved person or eponym; contextual source use not established
10_UPDATED_SIGNED_RETURN.tex,db100f3d2a5678e392a19a40ba360f7aefbcfc88cdd2cb1c4e2a839a03c80ecc,64040,7,Leibniz,unresolved person or eponym; contextual source use not established
10_UPDATED_SIGNED_RETURN.tex,db100f3d2a5678e392a19a40ba360f7aefbcfc88cdd2cb1c4e2a839a03c80ecc,64058,60,Taylor,unresolved person or eponym; contextual source use not established
10_UPDATED_SIGNED_RETURN.tex,db100f3d2a5678e392a19a40ba360f7aefbcfc88cdd2cb1c4e2a839a03c80ecc,64091,59,Vandermonde,unresolved person or eponym; contextual source use not established
10_UPDATED_SIGNED_RETURN.tex,db100f3d2a5678e392a19a40ba360f7aefbcfc88cdd2cb1c4e2a839a03c80ecc,64093,31,Taylor,unresolved person or eponym; contextual source use not established
10_UPDATED_SIGNED_RETURN.tex,db100f3d2a5678e392a19a40ba360f7aefbcfc88cdd2cb1c4e2a839a03c80ecc,64353,24,Taylor,unresolved person or eponym; contextual source use not established
10_UPDATED_SIGNED_RETURN.tex,db100f3d2a5678e392a19a40ba360f7aefbcfc88cdd2cb1c4e2a839a03c80ecc,64354,47,Vandermonde,unresolved person or eponym; contextual source use not established
10_UPDATED_SIGNED_RETURN.tex,db100f3d2a5678e392a19a40ba360f7aefbcfc88cdd2cb1c4e2a839a03c80ecc,64378,5,Vandermonde,unresolved person or eponym; contextual source use not established
10_UPDATED_SIGNED_RETURN.tex,db100f3d2a5678e392a19a40ba360f7aefbcfc88cdd2cb1c4e2a839a03c80ecc,64387,14,Leibniz,unresolved person or eponym; contextual source use not established
10_UPDATED_SIGNED_RETURN.tex,db100f3d2a5678e392a19a40ba360f7aefbcfc88cdd2cb1c4e2a839a03c80ecc,64447,44,Schur,unresolved person or eponym; contextual source use not established
10_UPDATED_SIGNED_RETURN.tex,db100f3d2a5678e392a19a40ba360f7aefbcfc88cdd2cb1c4e2a839a03c80ecc,64507,43,Gram,unresolved person or eponym; contextual source use not established
10_UPDATED_SIGNED_RETURN.tex,db100f3d2a5678e392a19a40ba360f7aefbcfc88cdd2cb1c4e2a839a03c80ecc,64602,57,Taylor,unresolved person or eponym; contextual source use not established
10_UPDATED_SIGNED_RETURN.tex,db100f3d2a5678e392a19a40ba360f7aefbcfc88cdd2cb1c4e2a839a03c80ecc,64879,14,Taylor,unresolved person or eponym; contextual source use not established
10_UPDATED_SIGNED_RETURN.tex,db100f3d2a5678e392a19a40ba360f7aefbcfc88cdd2cb1c4e2a839a03c80ecc,64953,21,Schur,unresolved person or eponym; contextual source use not established
10_UPDATED_SIGNED_RETURN.tex,db100f3d2a5678e392a19a40ba360f7aefbcfc88cdd2cb1c4e2a839a03c80ecc,64958,24,Gram,unresolved person or eponym; contextual source use not established
10_UPDATED_SIGNED_RETURN.tex,db100f3d2a5678e392a19a40ba360f7aefbcfc88cdd2cb1c4e2a839a03c80ecc,64968,28,Gram,unresolved person or eponym; contextual source use not established
10_UPDATED_SIGNED_RETURN.tex,db100f3d2a5678e392a19a40ba360f7aefbcfc88cdd2cb1c4e2a839a03c80ecc,64976,7,Gram,unresolved person or eponym; contextual source use not established
10_UPDATED_SIGNED_RETURN.tex,db100f3d2a5678e392a19a40ba360f7aefbcfc88cdd2cb1c4e2a839a03c80ecc,65287,5,Gram,unresolved person or eponym; contextual source use not established
10_UPDATED_SIGNED_RETURN.tex,db100f3d2a5678e392a19a40ba360f7aefbcfc88cdd2cb1c4e2a839a03c80ecc,65287,48,Gram,unresolved person or eponym; contextual source use not established
10_UPDATED_SIGNED_RETURN.tex,db100f3d2a5678e392a19a40ba360f7aefbcfc88cdd2cb1c4e2a839a03c80ecc,65306,10,Taylor,unresolved person or eponym; contextual source use not established
10_UPDATED_SIGNED_RETURN.tex,db100f3d2a5678e392a19a40ba360f7aefbcfc88cdd2cb1c4e2a839a03c80ecc,65308,11,Vandermonde,unresolved person or eponym; contextual source use not established
10_UPDATED_SIGNED_RETURN.tex,db100f3d2a5678e392a19a40ba360f7aefbcfc88cdd2cb1c4e2a839a03c80ecc,65310,1,Vandermonde,unresolved person or eponym; contextual source use not established
10_UPDATED_SIGNED_RETURN.tex,db100f3d2a5678e392a19a40ba360f7aefbcfc88cdd2cb1c4e2a839a03c80ecc,65317,14,Taylor,unresolved person or eponym; contextual source use not established
10_UPDATED_SIGNED_RETURN.tex,db100f3d2a5678e392a19a40ba360f7aefbcfc88cdd2cb1c4e2a839a03c80ecc,65321,19,Taylor,unresolved person or eponym; contextual source use not established
10_UPDATED_SIGNED_RETURN.tex,db100f3d2a5678e392a19a40ba360f7aefbcfc88cdd2cb1c4e2a839a03c80ecc,65474,30,Taylor,unresolved person or eponym; contextual source use not established
10_UPDATED_SIGNED_RETURN.tex,db100f3d2a5678e392a19a40ba360f7aefbcfc88cdd2cb1c4e2a839a03c80ecc,65481,30,Taylor,unresolved person or eponym; contextual source use not established
10_UPDATED_SIGNED_RETURN.tex,db100f3d2a5678e392a19a40ba360f7aefbcfc88cdd2cb1c4e2a839a03c80ecc,65482,63,Vandermonde,unresolved person or eponym; contextual source use not established
10_UPDATED_SIGNED_RETURN.tex,db100f3d2a5678e392a19a40ba360f7aefbcfc88cdd2cb1c4e2a839a03c80ecc,65484,1,Vandermonde,unresolved person or eponym; contextual source use not established
10_UPDATED_SIGNED_RETURN.tex,db100f3d2a5678e392a19a40ba360f7aefbcfc88cdd2cb1c4e2a839a03c80ecc,65708,27,Hankel,unresolved person or eponym; contextual source use not established
10_UPDATED_SIGNED_RETURN.tex,db100f3d2a5678e392a19a40ba360f7aefbcfc88cdd2cb1c4e2a839a03c80ecc,65708,77,Hankel,unresolved person or eponym; contextual source use not established
10_UPDATED_SIGNED_RETURN.tex,db100f3d2a5678e392a19a40ba360f7aefbcfc88cdd2cb1c4e2a839a03c80ecc,65725,239,Jensen,unresolved person or eponym; contextual source use not established
10_UPDATED_SIGNED_RETURN.tex,db100f3d2a5678e392a19a40ba360f7aefbcfc88cdd2cb1c4e2a839a03c80ecc,65748,99,Taylor,unresolved person or eponym; contextual source use not established
10_UPDATED_SIGNED_RETURN.tex,db100f3d2a5678e392a19a40ba360f7aefbcfc88cdd2cb1c4e2a839a03c80ecc,65750,19,Jensen,unresolved person or eponym; contextual source use not established
10_UPDATED_SIGNED_RETURN.tex,db100f3d2a5678e392a19a40ba360f7aefbcfc88cdd2cb1c4e2a839a03c80ecc,65786,62,Stirling,unresolved person or eponym; contextual source use not established
10_UPDATED_SIGNED_RETURN.tex,db100f3d2a5678e392a19a40ba360f7aefbcfc88cdd2cb1c4e2a839a03c80ecc,65913,54,Gaussian,unresolved person or eponym; contextual source use not established
10_UPDATED_SIGNED_RETURN.tex,db100f3d2a5678e392a19a40ba360f7aefbcfc88cdd2cb1c4e2a839a03c80ecc,65917,371,Stirling,unresolved person or eponym; contextual source use not established
10_UPDATED_SIGNED_RETURN.tex,db100f3d2a5678e392a19a40ba360f7aefbcfc88cdd2cb1c4e2a839a03c80ecc,65919,191,Stirling,unresolved person or eponym; contextual source use not established
10_UPDATED_SIGNED_RETURN.tex,db100f3d2a5678e392a19a40ba360f7aefbcfc88cdd2cb1c4e2a839a03c80ecc,65919,262,Jensen,unresolved person or eponym; contextual source use not established
10_UPDATED_SIGNED_RETURN.tex,db100f3d2a5678e392a19a40ba360f7aefbcfc88cdd2cb1c4e2a839a03c80ecc,65944,73,Jensen,unresolved person or eponym; contextual source use not established
10_UPDATED_SIGNED_RETURN.tex,db100f3d2a5678e392a19a40ba360f7aefbcfc88cdd2cb1c4e2a839a03c80ecc,66005,56,Legendre,unresolved person or eponym; contextual source use not established
10_UPDATED_SIGNED_RETURN.tex,db100f3d2a5678e392a19a40ba360f7aefbcfc88cdd2cb1c4e2a839a03c80ecc,66012,58,Legendre,unresolved person or eponym; contextual source use not established
10_UPDATED_SIGNED_RETURN.tex,db100f3d2a5678e392a19a40ba360f7aefbcfc88cdd2cb1c4e2a839a03c80ecc,66056,39,Jensen,unresolved person or eponym; contextual source use not established
10_UPDATED_SIGNED_RETURN.tex,db100f3d2a5678e392a19a40ba360f7aefbcfc88cdd2cb1c4e2a839a03c80ecc,66056,171,Fubini,unresolved person or eponym; contextual source use not established
10_UPDATED_SIGNED_RETURN.tex,db100f3d2a5678e392a19a40ba360f7aefbcfc88cdd2cb1c4e2a839a03c80ecc,66062,84,Jensen,unresolved person or eponym; contextual source use not established
10_UPDATED_SIGNED_RETURN.tex,db100f3d2a5678e392a19a40ba360f7aefbcfc88cdd2cb1c4e2a839a03c80ecc,66139,208,Stirling,unresolved person or eponym; contextual source use not established
10_UPDATED_SIGNED_RETURN.tex,db100f3d2a5678e392a19a40ba360f7aefbcfc88cdd2cb1c4e2a839a03c80ecc,66554,165,Legendre,unresolved person or eponym; contextual source use not established
10_UPDATED_SIGNED_RETURN.tex,db100f3d2a5678e392a19a40ba360f7aefbcfc88cdd2cb1c4e2a839a03c80ecc,66556,229,Gram,unresolved person or eponym; contextual source use not established
10_UPDATED_SIGNED_RETURN.tex,db100f3d2a5678e392a19a40ba360f7aefbcfc88cdd2cb1c4e2a839a03c80ecc,66597,43,Jensen,unresolved person or eponym; contextual source use not established
10_UPDATED_SIGNED_RETURN.tex,db100f3d2a5678e392a19a40ba360f7aefbcfc88cdd2cb1c4e2a839a03c80ecc,66633,14,Stirling,unresolved person or eponym; contextual source use not established
10_UPDATED_SIGNED_RETURN.tex,db100f3d2a5678e392a19a40ba360f7aefbcfc88cdd2cb1c4e2a839a03c80ecc,66684,198,Gram,unresolved person or eponym; contextual source use not established
10_UPDATED_SIGNED_RETURN.tex,db100f3d2a5678e392a19a40ba360f7aefbcfc88cdd2cb1c4e2a839a03c80ecc,66714,68,Gram,unresolved person or eponym; contextual source use not established
10_UPDATED_SIGNED_RETURN.tex,db100f3d2a5678e392a19a40ba360f7aefbcfc88cdd2cb1c4e2a839a03c80ecc,66890,26,Plancherel,unresolved person or eponym; contextual source use not established
10_UPDATED_SIGNED_RETURN.tex,db100f3d2a5678e392a19a40ba360f7aefbcfc88cdd2cb1c4e2a839a03c80ecc,66891,5,Legendre,unresolved person or eponym; contextual source use not established
10_UPDATED_SIGNED_RETURN.tex,db100f3d2a5678e392a19a40ba360f7aefbcfc88cdd2cb1c4e2a839a03c80ecc,66892,33,Rodrigues,unresolved person or eponym; contextual source use not established
10_UPDATED_SIGNED_RETURN.tex,db100f3d2a5678e392a19a40ba360f7aefbcfc88cdd2cb1c4e2a839a03c80ecc,66953,52,Taylor,unresolved person or eponym; contextual source use not established
10_UPDATED_SIGNED_RETURN.tex,db100f3d2a5678e392a19a40ba360f7aefbcfc88cdd2cb1c4e2a839a03c80ecc,67059,58,Legendre,unresolved person or eponym; contextual source use not established
10_UPDATED_SIGNED_RETURN.tex,db100f3d2a5678e392a19a40ba360f7aefbcfc88cdd2cb1c4e2a839a03c80ecc,67059,82,Rodrigues,unresolved person or eponym; contextual source use not established
10_UPDATED_SIGNED_RETURN.tex,db100f3d2a5678e392a19a40ba360f7aefbcfc88cdd2cb1c4e2a839a03c80ecc,67155,16,Riemann,unresolved person or eponym; contextual source use not established
10_UPDATED_SIGNED_RETURN.tex,db100f3d2a5678e392a19a40ba360f7aefbcfc88cdd2cb1c4e2a839a03c80ecc,67269,18,Laguerre,unresolved person or eponym; contextual source use not established
10_UPDATED_SIGNED_RETURN.tex,db100f3d2a5678e392a19a40ba360f7aefbcfc88cdd2cb1c4e2a839a03c80ecc,67285,18,Rodrigues,unresolved person or eponym; contextual source use not established
10_UPDATED_SIGNED_RETURN.tex,db100f3d2a5678e392a19a40ba360f7aefbcfc88cdd2cb1c4e2a839a03c80ecc,67286,1,Laguerre,unresolved person or eponym; contextual source use not established
10_UPDATED_SIGNED_RETURN.tex,db100f3d2a5678e392a19a40ba360f7aefbcfc88cdd2cb1c4e2a839a03c80ecc,67318,1,Cauchy,unresolved person or eponym; contextual source use not established
10_UPDATED_SIGNED_RETURN.tex,db100f3d2a5678e392a19a40ba360f7aefbcfc88cdd2cb1c4e2a839a03c80ecc,67318,9,Schwarz,unresolved person or eponym; contextual source use not established
10_UPDATED_SIGNED_RETURN.tex,db100f3d2a5678e392a19a40ba360f7aefbcfc88cdd2cb1c4e2a839a03c80ecc,67326,36,Laguerre,unresolved person or eponym; contextual source use not established
10_UPDATED_SIGNED_RETURN.tex,db100f3d2a5678e392a19a40ba360f7aefbcfc88cdd2cb1c4e2a839a03c80ecc,67331,1,Cauchy,unresolved person or eponym; contextual source use not established
10_UPDATED_SIGNED_RETURN.tex,db100f3d2a5678e392a19a40ba360f7aefbcfc88cdd2cb1c4e2a839a03c80ecc,67331,9,Schwarz,unresolved person or eponym; contextual source use not established
10_UPDATED_SIGNED_RETURN.tex,db100f3d2a5678e392a19a40ba360f7aefbcfc88cdd2cb1c4e2a839a03c80ecc,67470,69,Jensen,unresolved person or eponym; contextual source use not established
10_UPDATED_SIGNED_RETURN.tex,db100f3d2a5678e392a19a40ba360f7aefbcfc88cdd2cb1c4e2a839a03c80ecc,67488,13,Jensen,unresolved person or eponym; contextual source use not established
10_UPDATED_SIGNED_RETURN.tex,db100f3d2a5678e392a19a40ba360f7aefbcfc88cdd2cb1c4e2a839a03c80ecc,67509,19,Stirling,unresolved person or eponym; contextual source use not established
10_UPDATED_SIGNED_RETURN.tex,db100f3d2a5678e392a19a40ba360f7aefbcfc88cdd2cb1c4e2a839a03c80ecc,67561,57,Taylor,unresolved person or eponym; contextual source use not established
10_UPDATED_SIGNED_RETURN.tex,db100f3d2a5678e392a19a40ba360f7aefbcfc88cdd2cb1c4e2a839a03c80ecc,67582,21,Gram,unresolved person or eponym; contextual source use not established
10_UPDATED_SIGNED_RETURN.tex,db100f3d2a5678e392a19a40ba360f7aefbcfc88cdd2cb1c4e2a839a03c80ecc,67729,52,Taylor,unresolved person or eponym; contextual source use not established
10_UPDATED_SIGNED_RETURN.tex,db100f3d2a5678e392a19a40ba360f7aefbcfc88cdd2cb1c4e2a839a03c80ecc,67736,7,Gram,unresolved person or eponym; contextual source use not established
10_UPDATED_SIGNED_RETURN.tex,db100f3d2a5678e392a19a40ba360f7aefbcfc88cdd2cb1c4e2a839a03c80ecc,67741,26,Jensen,unresolved person or eponym; contextual source use not established
10_UPDATED_SIGNED_RETURN.tex,db100f3d2a5678e392a19a40ba360f7aefbcfc88cdd2cb1c4e2a839a03c80ecc,67758,66,Jensen,unresolved person or eponym; contextual source use not established
10_UPDATED_SIGNED_RETURN.tex,db100f3d2a5678e392a19a40ba360f7aefbcfc88cdd2cb1c4e2a839a03c80ecc,67770,29,Stirling,unresolved person or eponym; contextual source use not established
12_VALIDATION.md,cd03d9d3bd254b524997b8015e94b1c22f47d426a121179bf947c7f10874c7b6,19,159,Laguerre,unresolved person or eponym; contextual source use not established
12_VALIDATION.md,cd03d9d3bd254b524997b8015e94b1c22f47d426a121179bf947c7f10874c7b6,19,197,Gram,unresolved person or eponym; contextual source use not established
13_ARITHMETIC_MIXED_TRANSFER.tex,bbf916fd224551a1ad7fddf1f7a1c128b23717c12741216e8a5cf8b271241924,83,37,Taylor,unresolved person or eponym; contextual source use not established
13_ARITHMETIC_MIXED_TRANSFER.tex,bbf916fd224551a1ad7fddf1f7a1c128b23717c12741216e8a5cf8b271241924,158,1,Cauchy,unresolved person or eponym; contextual source use not established
13_ARITHMETIC_MIXED_TRANSFER.tex,bbf916fd224551a1ad7fddf1f7a1c128b23717c12741216e8a5cf8b271241924,158,9,Schwarz,unresolved person or eponym; contextual source use not established
13_ARITHMETIC_MIXED_TRANSFER.tex,bbf916fd224551a1ad7fddf1f7a1c128b23717c12741216e8a5cf8b271241924,191,51,Gram,unresolved person or eponym; contextual source use not established
13_ARITHMETIC_MIXED_TRANSFER.tex,bbf916fd224551a1ad7fddf1f7a1c128b23717c12741216e8a5cf8b271241924,264,1,Gram,unresolved person or eponym; contextual source use not established
13_ARITHMETIC_MIXED_TRANSFER.tex,bbf916fd224551a1ad7fddf1f7a1c128b23717c12741216e8a5cf8b271241924,264,46,Gram,unresolved person or eponym; contextual source use not established
13_ARITHMETIC_MIXED_TRANSFER.tex,bbf916fd224551a1ad7fddf1f7a1c128b23717c12741216e8a5cf8b271241924,280,5,Schur,unresolved person or eponym; contextual source use not established
13_ARITHMETIC_MIXED_TRANSFER.tex,bbf916fd224551a1ad7fddf1f7a1c128b23717c12741216e8a5cf8b271241924,288,62,Schur,unresolved person or eponym; contextual source use not established
13_ARITHMETIC_MIXED_TRANSFER.tex,bbf916fd224551a1ad7fddf1f7a1c128b23717c12741216e8a5cf8b271241924,439,22,Taylor,unresolved person or eponym; contextual source use not established
13_ARITHMETIC_MIXED_TRANSFER.tex,bbf916fd224551a1ad7fddf1f7a1c128b23717c12741216e8a5cf8b271241924,455,21,Taylor,unresolved person or eponym; contextual source use not established
13_ARITHMETIC_MIXED_TRANSFER.tex,bbf916fd224551a1ad7fddf1f7a1c128b23717c12741216e8a5cf8b271241924,502,45,Schur,unresolved person or eponym; contextual source use not established
13_ARITHMETIC_MIXED_TRANSFER.tex,bbf916fd224551a1ad7fddf1f7a1c128b23717c12741216e8a5cf8b271241924,545,52,Gram,unresolved person or eponym; contextual source use not established
14_CURRENT_KERNEL_AND_MULTIPLICITY_PROOFS.tex,9926c5b5670777548f15f3fd626a4237d2c10a26834f51ba2b466a3b3a349656,142,45,Gram,unresolved person or eponym; contextual source use not established
14_CURRENT_KERNEL_AND_MULTIPLICITY_PROOFS.tex,9926c5b5670777548f15f3fd626a4237d2c10a26834f51ba2b466a3b3a349656,144,40,Taylor,unresolved person or eponym; contextual source use not established
14_CURRENT_KERNEL_AND_MULTIPLICITY_PROOFS.tex,9926c5b5670777548f15f3fd626a4237d2c10a26834f51ba2b466a3b3a349656,170,35,Fourier,unresolved person or eponym; contextual source use not established
14_CURRENT_KERNEL_AND_MULTIPLICITY_PROOFS.tex,9926c5b5670777548f15f3fd626a4237d2c10a26834f51ba2b466a3b3a349656,242,24,Gram,unresolved person or eponym; contextual source use not established
14_CURRENT_KERNEL_AND_MULTIPLICITY_PROOFS.tex,9926c5b5670777548f15f3fd626a4237d2c10a26834f51ba2b466a3b3a349656,307,43,Gram,unresolved person or eponym; contextual source use not established
14_CURRENT_KERNEL_AND_MULTIPLICITY_PROOFS.tex,9926c5b5670777548f15f3fd626a4237d2c10a26834f51ba2b466a3b3a349656,322,16,Gram,unresolved person or eponym; contextual source use not established
14_CURRENT_KERNEL_AND_MULTIPLICITY_PROOFS.tex,9926c5b5670777548f15f3fd626a4237d2c10a26834f51ba2b466a3b3a349656,324,10,Fourier,unresolved person or eponym; contextual source use not established
14_CURRENT_KERNEL_AND_MULTIPLICITY_PROOFS.tex,9926c5b5670777548f15f3fd626a4237d2c10a26834f51ba2b466a3b3a349656,340,43,Taylor,unresolved person or eponym; contextual source use not established
14_CURRENT_KERNEL_AND_MULTIPLICITY_PROOFS.tex,9926c5b5670777548f15f3fd626a4237d2c10a26834f51ba2b466a3b3a349656,344,25,Fourier,unresolved person or eponym; contextual source use not established
14_CURRENT_KERNEL_AND_MULTIPLICITY_PROOFS.tex,9926c5b5670777548f15f3fd626a4237d2c10a26834f51ba2b466a3b3a349656,364,14,Taylor,unresolved person or eponym; contextual source use not established
14_CURRENT_KERNEL_AND_MULTIPLICITY_PROOFS.tex,9926c5b5670777548f15f3fd626a4237d2c10a26834f51ba2b466a3b3a349656,417,1,Taylor,unresolved person or eponym; contextual source use not established
14_CURRENT_KERNEL_AND_MULTIPLICITY_PROOFS.tex,9926c5b5670777548f15f3fd626a4237d2c10a26834f51ba2b466a3b3a349656,473,48,Gram,unresolved person or eponym; contextual source use not established
14_CURRENT_KERNEL_AND_MULTIPLICITY_PROOFS.tex,9926c5b5670777548f15f3fd626a4237d2c10a26834f51ba2b466a3b3a349656,485,50,Gaussian,unresolved person or eponym; contextual source use not established
14_CURRENT_KERNEL_AND_MULTIPLICITY_PROOFS.tex,9926c5b5670777548f15f3fd626a4237d2c10a26834f51ba2b466a3b3a349656,506,1,Taylor,unresolved person or eponym; contextual source use not established
14_CURRENT_KERNEL_AND_MULTIPLICITY_PROOFS.tex,9926c5b5670777548f15f3fd626a4237d2c10a26834f51ba2b466a3b3a349656,582,44,Fourier,unresolved person or eponym; contextual source use not established
14_CURRENT_KERNEL_AND_MULTIPLICITY_PROOFS.tex,9926c5b5670777548f15f3fd626a4237d2c10a26834f51ba2b466a3b3a349656,625,1,Fourier,unresolved person or eponym; contextual source use not established
14_CURRENT_KERNEL_AND_MULTIPLICITY_PROOFS.tex,9926c5b5670777548f15f3fd626a4237d2c10a26834f51ba2b466a3b3a349656,658,11,Vandermonde,unresolved person or eponym; contextual source use not established
14_CURRENT_KERNEL_AND_MULTIPLICITY_PROOFS.tex,9926c5b5670777548f15f3fd626a4237d2c10a26834f51ba2b466a3b3a349656,685,16,Fourier,unresolved person or eponym; contextual source use not established
14_CURRENT_KERNEL_AND_MULTIPLICITY_PROOFS.tex,9926c5b5670777548f15f3fd626a4237d2c10a26834f51ba2b466a3b3a349656,952,14,Gauss,unresolved person or eponym; contextual source use not established
14_CURRENT_KERNEL_AND_MULTIPLICITY_PROOFS.tex,9926c5b5670777548f15f3fd626a4237d2c10a26834f51ba2b466a3b3a349656,967,9,Vandermonde,unresolved person or eponym; contextual source use not established
14_CURRENT_KERNEL_AND_MULTIPLICITY_PROOFS.tex,9926c5b5670777548f15f3fd626a4237d2c10a26834f51ba2b466a3b3a349656,983,13,Fourier,unresolved person or eponym; contextual source use not established
14_CURRENT_KERNEL_AND_MULTIPLICITY_PROOFS.tex,9926c5b5670777548f15f3fd626a4237d2c10a26834f51ba2b466a3b3a349656,1204,1,Leibniz,unresolved person or eponym; contextual source use not established
14_CURRENT_KERNEL_AND_MULTIPLICITY_PROOFS.tex,9926c5b5670777548f15f3fd626a4237d2c10a26834f51ba2b466a3b3a349656,1252,38,Fourier,unresolved person or eponym; contextual source use not established
14_CURRENT_KERNEL_AND_MULTIPLICITY_PROOFS.tex,9926c5b5670777548f15f3fd626a4237d2c10a26834f51ba2b466a3b3a349656,1506,1,Fourier,unresolved person or eponym; contextual source use not established
14_CURRENT_KERNEL_AND_MULTIPLICITY_PROOFS.tex,9926c5b5670777548f15f3fd626a4237d2c10a26834f51ba2b466a3b3a349656,1527,52,Cauchy,unresolved person or eponym; contextual source use not established
14_CURRENT_KERNEL_AND_MULTIPLICITY_PROOFS.tex,9926c5b5670777548f15f3fd626a4237d2c10a26834f51ba2b466a3b3a349656,1551,48,Fourier,unresolved person or eponym; contextual source use not established
14_CURRENT_KERNEL_AND_MULTIPLICITY_PROOFS.tex,9926c5b5670777548f15f3fd626a4237d2c10a26834f51ba2b466a3b3a349656,1562,1,Fourier,unresolved person or eponym; contextual source use not established
14_CURRENT_KERNEL_AND_MULTIPLICITY_PROOFS.tex,9926c5b5670777548f15f3fd626a4237d2c10a26834f51ba2b466a3b3a349656,1594,21,Fourier,unresolved person or eponym; contextual source use not established
14_CURRENT_KERNEL_AND_MULTIPLICITY_PROOFS.tex,9926c5b5670777548f15f3fd626a4237d2c10a26834f51ba2b466a3b3a349656,1594,29,Vandermonde,unresolved person or eponym; contextual source use not established
14_CURRENT_KERNEL_AND_MULTIPLICITY_PROOFS.tex,9926c5b5670777548f15f3fd626a4237d2c10a26834f51ba2b466a3b3a349656,1596,26,Fourier,unresolved person or eponym; contextual source use not established
14_CURRENT_KERNEL_AND_MULTIPLICITY_PROOFS.tex,9926c5b5670777548f15f3fd626a4237d2c10a26834f51ba2b466a3b3a349656,1608,8,Fourier,unresolved person or eponym; contextual source use not established
14_CURRENT_KERNEL_AND_MULTIPLICITY_PROOFS.tex,9926c5b5670777548f15f3fd626a4237d2c10a26834f51ba2b466a3b3a349656,1928,58,Fourier,unresolved person or eponym; contextual source use not established
14_CURRENT_KERNEL_AND_MULTIPLICITY_PROOFS.tex,9926c5b5670777548f15f3fd626a4237d2c10a26834f51ba2b466a3b3a349656,1942,1,Cauchy,unresolved person or eponym; contextual source use not established
14_CURRENT_KERNEL_AND_MULTIPLICITY_PROOFS.tex,9926c5b5670777548f15f3fd626a4237d2c10a26834f51ba2b466a3b3a349656,1995,47,Newton,unresolved person or eponym; contextual source use not established
14_CURRENT_KERNEL_AND_MULTIPLICITY_PROOFS.tex,9926c5b5670777548f15f3fd626a4237d2c10a26834f51ba2b466a3b3a349656,2134,8,Fourier,unresolved person or eponym; contextual source use not established
14_CURRENT_KERNEL_AND_MULTIPLICITY_PROOFS.tex,9926c5b5670777548f15f3fd626a4237d2c10a26834f51ba2b466a3b3a349656,2167,1,Frobenius,unresolved person or eponym; contextual source use not established
14_CURRENT_KERNEL_AND_MULTIPLICITY_PROOFS.tex,9926c5b5670777548f15f3fd626a4237d2c10a26834f51ba2b466a3b3a349656,2548,23,Cauchy,unresolved person or eponym; contextual source use not established
14_CURRENT_KERNEL_AND_MULTIPLICITY_PROOFS.tex,9926c5b5670777548f15f3fd626a4237d2c10a26834f51ba2b466a3b3a349656,2548,31,Schwarz,unresolved person or eponym; contextual source use not established
14_CURRENT_KERNEL_AND_MULTIPLICITY_PROOFS.tex,9926c5b5670777548f15f3fd626a4237d2c10a26834f51ba2b466a3b3a349656,2599,10,Gram,unresolved person or eponym; contextual source use not established
14_CURRENT_KERNEL_AND_MULTIPLICITY_PROOFS.tex,9926c5b5670777548f15f3fd626a4237d2c10a26834f51ba2b466a3b3a349656,3015,37,Taylor,unresolved person or eponym; contextual source use not established
14_CURRENT_KERNEL_AND_MULTIPLICITY_PROOFS.tex,9926c5b5670777548f15f3fd626a4237d2c10a26834f51ba2b466a3b3a349656,3090,1,Cauchy,unresolved person or eponym; contextual source use not established
14_CURRENT_KERNEL_AND_MULTIPLICITY_PROOFS.tex,9926c5b5670777548f15f3fd626a4237d2c10a26834f51ba2b466a3b3a349656,3090,9,Schwarz,unresolved person or eponym; contextual source use not established
14_CURRENT_KERNEL_AND_MULTIPLICITY_PROOFS.tex,9926c5b5670777548f15f3fd626a4237d2c10a26834f51ba2b466a3b3a349656,3123,51,Gram,unresolved person or eponym; contextual source use not established
14_CURRENT_KERNEL_AND_MULTIPLICITY_PROOFS.tex,9926c5b5670777548f15f3fd626a4237d2c10a26834f51ba2b466a3b3a349656,3196,1,Gram,unresolved person or eponym; contextual source use not established
14_CURRENT_KERNEL_AND_MULTIPLICITY_PROOFS.tex,9926c5b5670777548f15f3fd626a4237d2c10a26834f51ba2b466a3b3a349656,3196,46,Gram,unresolved person or eponym; contextual source use not established
14_CURRENT_KERNEL_AND_MULTIPLICITY_PROOFS.tex,9926c5b5670777548f15f3fd626a4237d2c10a26834f51ba2b466a3b3a349656,3212,5,Schur,unresolved person or eponym; contextual source use not established
14_CURRENT_KERNEL_AND_MULTIPLICITY_PROOFS.tex,9926c5b5670777548f15f3fd626a4237d2c10a26834f51ba2b466a3b3a349656,3220,62,Schur,unresolved person or eponym; contextual source use not established
14_CURRENT_KERNEL_AND_MULTIPLICITY_PROOFS.tex,9926c5b5670777548f15f3fd626a4237d2c10a26834f51ba2b466a3b3a349656,3372,22,Taylor,unresolved person or eponym; contextual source use not established
14_CURRENT_KERNEL_AND_MULTIPLICITY_PROOFS.tex,9926c5b5670777548f15f3fd626a4237d2c10a26834f51ba2b466a3b3a349656,3389,21,Taylor,unresolved person or eponym; contextual source use not established
14_CURRENT_KERNEL_AND_MULTIPLICITY_PROOFS.tex,9926c5b5670777548f15f3fd626a4237d2c10a26834f51ba2b466a3b3a349656,3436,45,Schur,unresolved person or eponym; contextual source use not established
14_CURRENT_KERNEL_AND_MULTIPLICITY_PROOFS.tex,9926c5b5670777548f15f3fd626a4237d2c10a26834f51ba2b466a3b3a349656,3479,52,Gram,unresolved person or eponym; contextual source use not established
14_CURRENT_KERNEL_AND_MULTIPLICITY_PROOFS.tex,9926c5b5670777548f15f3fd626a4237d2c10a26834f51ba2b466a3b3a349656,3838,38,Gram,unresolved person or eponym; contextual source use not established
14_CURRENT_KERNEL_AND_MULTIPLICITY_PROOFS.tex,9926c5b5670777548f15f3fd626a4237d2c10a26834f51ba2b466a3b3a349656,4060,56,Hankel,unresolved person or eponym; contextual source use not established
14_CURRENT_KERNEL_AND_MULTIPLICITY_PROOFS.tex,9926c5b5670777548f15f3fd626a4237d2c10a26834f51ba2b466a3b3a349656,4061,34,Hankel,unresolved person or eponym; contextual source use not established
14_CURRENT_KERNEL_AND_MULTIPLICITY_PROOFS.tex,9926c5b5670777548f15f3fd626a4237d2c10a26834f51ba2b466a3b3a349656,4378,40,Cauchy,unresolved person or eponym; contextual source use not established
14_CURRENT_KERNEL_AND_MULTIPLICITY_PROOFS.tex,9926c5b5670777548f15f3fd626a4237d2c10a26834f51ba2b466a3b3a349656,4378,48,Schwarz,unresolved person or eponym; contextual source use not established
14_CURRENT_KERNEL_AND_MULTIPLICITY_PROOFS.tex,9926c5b5670777548f15f3fd626a4237d2c10a26834f51ba2b466a3b3a349656,4449,38,Gram,unresolved person or eponym; contextual source use not established
14_CURRENT_KERNEL_AND_MULTIPLICITY_PROOFS.tex,9926c5b5670777548f15f3fd626a4237d2c10a26834f51ba2b466a3b3a349656,4959,8,Vandermonde,unresolved person or eponym; contextual source use not established
14_CURRENT_KERNEL_AND_MULTIPLICITY_PROOFS.tex,9926c5b5670777548f15f3fd626a4237d2c10a26834f51ba2b466a3b3a349656,5094,1,Vandermonde,unresolved person or eponym; contextual source use not established
14_CURRENT_KERNEL_AND_MULTIPLICITY_PROOFS.tex,9926c5b5670777548f15f3fd626a4237d2c10a26834f51ba2b466a3b3a349656,5129,17,Vandermonde,unresolved person or eponym; contextual source use not established
14_CURRENT_KERNEL_AND_MULTIPLICITY_PROOFS.tex,9926c5b5670777548f15f3fd626a4237d2c10a26834f51ba2b466a3b3a349656,5209,56,Vandermonde,unresolved person or eponym; contextual source use not established
14_CURRENT_KERNEL_AND_MULTIPLICITY_PROOFS.tex,9926c5b5670777548f15f3fd626a4237d2c10a26834f51ba2b466a3b3a349656,5231,13,Christoffel,unresolved person or eponym; contextual source use not established
14_CURRENT_KERNEL_AND_MULTIPLICITY_PROOFS.tex,9926c5b5670777548f15f3fd626a4237d2c10a26834f51ba2b466a3b3a349656,5231,26,Darboux,unresolved person or eponym; contextual source use not established
14_CURRENT_KERNEL_AND_MULTIPLICITY_PROOFS.tex,9926c5b5670777548f15f3fd626a4237d2c10a26834f51ba2b466a3b3a349656,5308,5,Gram,unresolved person or eponym; contextual source use not established
14_CURRENT_KERNEL_AND_MULTIPLICITY_PROOFS.tex,9926c5b5670777548f15f3fd626a4237d2c10a26834f51ba2b466a3b3a349656,5620,50,Fourier,unresolved person or eponym; contextual source use not established
14_CURRENT_KERNEL_AND_MULTIPLICITY_PROOFS.tex,9926c5b5670777548f15f3fd626a4237d2c10a26834f51ba2b466a3b3a349656,5634,51,Taylor,unresolved person or eponym; contextual source use not established
14_CURRENT_KERNEL_AND_MULTIPLICITY_PROOFS.tex,9926c5b5670777548f15f3fd626a4237d2c10a26834f51ba2b466a3b3a349656,5646,5,Taylor,unresolved person or eponym; contextual source use not established
14_CURRENT_KERNEL_AND_MULTIPLICITY_PROOFS.tex,9926c5b5670777548f15f3fd626a4237d2c10a26834f51ba2b466a3b3a349656,5665,22,Fourier,unresolved person or eponym; contextual source use not established
14_CURRENT_KERNEL_AND_MULTIPLICITY_PROOFS.tex,9926c5b5670777548f15f3fd626a4237d2c10a26834f51ba2b466a3b3a349656,5676,54,Fourier,unresolved person or eponym; contextual source use not established
14_CURRENT_KERNEL_AND_MULTIPLICITY_PROOFS.tex,9926c5b5670777548f15f3fd626a4237d2c10a26834f51ba2b466a3b3a349656,5680,47,Gram,unresolved person or eponym; contextual source use not established
14_CURRENT_KERNEL_AND_MULTIPLICITY_PROOFS.tex,9926c5b5670777548f15f3fd626a4237d2c10a26834f51ba2b466a3b3a349656,5720,47,Gram,unresolved person or eponym; contextual source use not established
14_CURRENT_KERNEL_AND_MULTIPLICITY_PROOFS.tex,9926c5b5670777548f15f3fd626a4237d2c10a26834f51ba2b466a3b3a349656,5871,15,Fourier,unresolved person or eponym; contextual source use not established
14_CURRENT_KERNEL_AND_MULTIPLICITY_PROOFS.tex,9926c5b5670777548f15f3fd626a4237d2c10a26834f51ba2b466a3b3a349656,5900,13,Taylor,unresolved person or eponym; contextual source use not established
14_CURRENT_KERNEL_AND_MULTIPLICITY_PROOFS.tex,9926c5b5670777548f15f3fd626a4237d2c10a26834f51ba2b466a3b3a349656,6124,59,Hilbert,unresolved person or eponym; contextual source use not established
14_CURRENT_KERNEL_AND_MULTIPLICITY_PROOFS.tex,9926c5b5670777548f15f3fd626a4237d2c10a26834f51ba2b466a3b3a349656,6351,28,Gram,unresolved person or eponym; contextual source use not established
14_CURRENT_KERNEL_AND_MULTIPLICITY_PROOFS.tex,9926c5b5670777548f15f3fd626a4237d2c10a26834f51ba2b466a3b3a349656,6378,1,Laplace,unresolved person or eponym; contextual source use not established
14_CURRENT_KERNEL_AND_MULTIPLICITY_PROOFS.tex,9926c5b5670777548f15f3fd626a4237d2c10a26834f51ba2b466a3b3a349656,6468,57,Vandermonde,unresolved person or eponym; contextual source use not established
14_CURRENT_KERNEL_AND_MULTIPLICITY_PROOFS.tex,9926c5b5670777548f15f3fd626a4237d2c10a26834f51ba2b466a3b3a349656,6479,5,Gram,unresolved person or eponym; contextual source use not established
14_CURRENT_KERNEL_AND_MULTIPLICITY_PROOFS.tex,9926c5b5670777548f15f3fd626a4237d2c10a26834f51ba2b466a3b3a349656,6497,32,Vandermonde,unresolved person or eponym; contextual source use not established
14_CURRENT_KERNEL_AND_MULTIPLICITY_PROOFS.tex,9926c5b5670777548f15f3fd626a4237d2c10a26834f51ba2b466a3b3a349656,6523,45,Gram,unresolved person or eponym; contextual source use not established
14_CURRENT_KERNEL_AND_MULTIPLICITY_PROOFS.tex,9926c5b5670777548f15f3fd626a4237d2c10a26834f51ba2b466a3b3a349656,6536,49,Gram,unresolved person or eponym; contextual source use not established
14_CURRENT_KERNEL_AND_MULTIPLICITY_PROOFS.tex,9926c5b5670777548f15f3fd626a4237d2c10a26834f51ba2b466a3b3a349656,6584,1,Fourier,unresolved person or eponym; contextual source use not established
14_CURRENT_KERNEL_AND_MULTIPLICITY_PROOFS.tex,9926c5b5670777548f15f3fd626a4237d2c10a26834f51ba2b466a3b3a349656,6626,1,Parseval,unresolved person or eponym; contextual source use not established
14_CURRENT_KERNEL_AND_MULTIPLICITY_PROOFS.tex,9926c5b5670777548f15f3fd626a4237d2c10a26834f51ba2b466a3b3a349656,6634,26,Gram,unresolved person or eponym; contextual source use not established
14_CURRENT_KERNEL_AND_MULTIPLICITY_PROOFS.tex,9926c5b5670777548f15f3fd626a4237d2c10a26834f51ba2b466a3b3a349656,6636,13,Newton,unresolved person or eponym; contextual source use not established
14_CURRENT_KERNEL_AND_MULTIPLICITY_PROOFS.tex,9926c5b5670777548f15f3fd626a4237d2c10a26834f51ba2b466a3b3a349656,6647,49,Hermite,unresolved person or eponym; contextual source use not established
14_CURRENT_KERNEL_AND_MULTIPLICITY_PROOFS.tex,9926c5b5670777548f15f3fd626a4237d2c10a26834f51ba2b466a3b3a349656,6662,38,Newton,unresolved person or eponym; contextual source use not established
14_CURRENT_KERNEL_AND_MULTIPLICITY_PROOFS.tex,9926c5b5670777548f15f3fd626a4237d2c10a26834f51ba2b466a3b3a349656,6664,51,Newton,unresolved person or eponym; contextual source use not established
14_CURRENT_KERNEL_AND_MULTIPLICITY_PROOFS.tex,9926c5b5670777548f15f3fd626a4237d2c10a26834f51ba2b466a3b3a349656,6678,49,Newton,unresolved person or eponym; contextual source use not established
14_CURRENT_KERNEL_AND_MULTIPLICITY_PROOFS.tex,9926c5b5670777548f15f3fd626a4237d2c10a26834f51ba2b466a3b3a349656,6699,13,Cauchy,unresolved person or eponym; contextual source use not established
14_CURRENT_KERNEL_AND_MULTIPLICITY_PROOFS.tex,9926c5b5670777548f15f3fd626a4237d2c10a26834f51ba2b466a3b3a349656,6704,1,Cauchy,unresolved person or eponym; contextual source use not established
14_CURRENT_KERNEL_AND_MULTIPLICITY_PROOFS.tex,9926c5b5670777548f15f3fd626a4237d2c10a26834f51ba2b466a3b3a349656,6714,1,Cauchy,unresolved person or eponym; contextual source use not established
14_CURRENT_KERNEL_AND_MULTIPLICITY_PROOFS.tex,9926c5b5670777548f15f3fd626a4237d2c10a26834f51ba2b466a3b3a349656,6870,5,Newton,unresolved person or eponym; contextual source use not established
14_CURRENT_KERNEL_AND_MULTIPLICITY_PROOFS.tex,9926c5b5670777548f15f3fd626a4237d2c10a26834f51ba2b466a3b3a349656,6977,19,Leibniz,unresolved person or eponym; contextual source use not established
14_CURRENT_KERNEL_AND_MULTIPLICITY_PROOFS.tex,9926c5b5670777548f15f3fd626a4237d2c10a26834f51ba2b466a3b3a349656,7028,52,Schur,unresolved person or eponym; contextual source use not established
14_CURRENT_KERNEL_AND_MULTIPLICITY_PROOFS.tex,9926c5b5670777548f15f3fd626a4237d2c10a26834f51ba2b466a3b3a349656,7163,1,Newton,unresolved person or eponym; contextual source use not established
14_CURRENT_KERNEL_AND_MULTIPLICITY_PROOFS.tex,9926c5b5670777548f15f3fd626a4237d2c10a26834f51ba2b466a3b3a349656,7179,19,Frobenius,unresolved person or eponym; contextual source use not established
14_CURRENT_KERNEL_AND_MULTIPLICITY_PROOFS.tex,9926c5b5670777548f15f3fd626a4237d2c10a26834f51ba2b466a3b3a349656,7249,13,Newton,unresolved person or eponym; contextual source use not established
14_CURRENT_KERNEL_AND_MULTIPLICITY_PROOFS.tex,9926c5b5670777548f15f3fd626a4237d2c10a26834f51ba2b466a3b3a349656,7286,1,Newton,unresolved person or eponym; contextual source use not established
14_CURRENT_KERNEL_AND_MULTIPLICITY_PROOFS.tex,9926c5b5670777548f15f3fd626a4237d2c10a26834f51ba2b466a3b3a349656,7303,30,Vandermonde,unresolved person or eponym; contextual source use not established
14_CURRENT_KERNEL_AND_MULTIPLICITY_PROOFS.tex,9926c5b5670777548f15f3fd626a4237d2c10a26834f51ba2b466a3b3a349656,7306,50,Gram,unresolved person or eponym; contextual source use not established
14_CURRENT_KERNEL_AND_MULTIPLICITY_PROOFS.tex,9926c5b5670777548f15f3fd626a4237d2c10a26834f51ba2b466a3b3a349656,7454,1,Gram,unresolved person or eponym; contextual source use not established
14_CURRENT_KERNEL_AND_MULTIPLICITY_PROOFS.tex,9926c5b5670777548f15f3fd626a4237d2c10a26834f51ba2b466a3b3a349656,7475,47,Vandermonde,unresolved person or eponym; contextual source use not established
14_CURRENT_KERNEL_AND_MULTIPLICITY_PROOFS.tex,9926c5b5670777548f15f3fd626a4237d2c10a26834f51ba2b466a3b3a349656,7485,9,Taylor,unresolved person or eponym; contextual source use not established
14_CURRENT_KERNEL_AND_MULTIPLICITY_PROOFS.tex,9926c5b5670777548f15f3fd626a4237d2c10a26834f51ba2b466a3b3a349656,7621,51,Schur,unresolved person or eponym; contextual source use not established
14_CURRENT_KERNEL_AND_MULTIPLICITY_PROOFS.tex,9926c5b5670777548f15f3fd626a4237d2c10a26834f51ba2b466a3b3a349656,7633,1,Cauchy,unresolved person or eponym; contextual source use not established
14_CURRENT_KERNEL_AND_MULTIPLICITY_PROOFS.tex,9926c5b5670777548f15f3fd626a4237d2c10a26834f51ba2b466a3b3a349656,7633,9,Schwarz,unresolved person or eponym; contextual source use not established
14_CURRENT_KERNEL_AND_MULTIPLICITY_PROOFS.tex,9926c5b5670777548f15f3fd626a4237d2c10a26834f51ba2b466a3b3a349656,7637,38,Taylor,unresolved person or eponym; contextual source use not established
14_CURRENT_KERNEL_AND_MULTIPLICITY_PROOFS.tex,9926c5b5670777548f15f3fd626a4237d2c10a26834f51ba2b466a3b3a349656,7776,6,Gram,unresolved person or eponym; contextual source use not established
14_CURRENT_KERNEL_AND_MULTIPLICITY_PROOFS.tex,9926c5b5670777548f15f3fd626a4237d2c10a26834f51ba2b466a3b3a349656,7776,57,Gram,unresolved person or eponym; contextual source use not established
14_CURRENT_KERNEL_AND_MULTIPLICITY_PROOFS.tex,9926c5b5670777548f15f3fd626a4237d2c10a26834f51ba2b466a3b3a349656,7779,26,Gram,unresolved person or eponym; contextual source use not established
14_CURRENT_KERNEL_AND_MULTIPLICITY_PROOFS.tex,9926c5b5670777548f15f3fd626a4237d2c10a26834f51ba2b466a3b3a349656,7801,15,Gram,unresolved person or eponym; contextual source use not established
14_CURRENT_KERNEL_AND_MULTIPLICITY_PROOFS.tex,9926c5b5670777548f15f3fd626a4237d2c10a26834f51ba2b466a3b3a349656,7845,60,Vandermonde,unresolved person or eponym; contextual source use not established
14_CURRENT_KERNEL_AND_MULTIPLICITY_PROOFS.tex,9926c5b5670777548f15f3fd626a4237d2c10a26834f51ba2b466a3b3a349656,7919,49,Cauchy,unresolved person or eponym; contextual source use not established
14_CURRENT_KERNEL_AND_MULTIPLICITY_PROOFS.tex,9926c5b5670777548f15f3fd626a4237d2c10a26834f51ba2b466a3b3a349656,7961,33,Neumann,unresolved person or eponym; contextual source use not established
14_CURRENT_KERNEL_AND_MULTIPLICITY_PROOFS.tex,9926c5b5670777548f15f3fd626a4237d2c10a26834f51ba2b466a3b3a349656,7975,43,Cauchy,unresolved person or eponym; contextual source use not established
14_CURRENT_KERNEL_AND_MULTIPLICITY_PROOFS.tex,9926c5b5670777548f15f3fd626a4237d2c10a26834f51ba2b466a3b3a349656,7975,51,Schwarz,unresolved person or eponym; contextual source use not established
14_CURRENT_KERNEL_AND_MULTIPLICITY_PROOFS.tex,9926c5b5670777548f15f3fd626a4237d2c10a26834f51ba2b466a3b3a349656,8059,7,Taylor,unresolved person or eponym; contextual source use not established
14_CURRENT_KERNEL_AND_MULTIPLICITY_PROOFS.tex,9926c5b5670777548f15f3fd626a4237d2c10a26834f51ba2b466a3b3a349656,8060,7,Cauchy,unresolved person or eponym; contextual source use not established
14_CURRENT_KERNEL_AND_MULTIPLICITY_PROOFS.tex,9926c5b5670777548f15f3fd626a4237d2c10a26834f51ba2b466a3b3a349656,8160,46,Hilbert,unresolved person or eponym; contextual source use not established
14_CURRENT_KERNEL_AND_MULTIPLICITY_PROOFS.tex,9926c5b5670777548f15f3fd626a4237d2c10a26834f51ba2b466a3b3a349656,8203,6,Gram,unresolved person or eponym; contextual source use not established
14_CURRENT_KERNEL_AND_MULTIPLICITY_PROOFS.tex,9926c5b5670777548f15f3fd626a4237d2c10a26834f51ba2b466a3b3a349656,8261,51,Vandermonde,unresolved person or eponym; contextual source use not established
14_CURRENT_KERNEL_AND_MULTIPLICITY_PROOFS.tex,9926c5b5670777548f15f3fd626a4237d2c10a26834f51ba2b466a3b3a349656,8320,57,Hilbert,unresolved person or eponym; contextual source use not established
14_CURRENT_KERNEL_AND_MULTIPLICITY_PROOFS.tex,9926c5b5670777548f15f3fd626a4237d2c10a26834f51ba2b466a3b3a349656,8352,15,Gram,unresolved person or eponym; contextual source use not established
14_CURRENT_KERNEL_AND_MULTIPLICITY_PROOFS.tex,9926c5b5670777548f15f3fd626a4237d2c10a26834f51ba2b466a3b3a349656,8355,51,Gram,unresolved person or eponym; contextual source use not established
14_CURRENT_KERNEL_AND_MULTIPLICITY_PROOFS.tex,9926c5b5670777548f15f3fd626a4237d2c10a26834f51ba2b466a3b3a349656,8385,1,Taylor,unresolved person or eponym; contextual source use not established
14_CURRENT_KERNEL_AND_MULTIPLICITY_PROOFS.tex,9926c5b5670777548f15f3fd626a4237d2c10a26834f51ba2b466a3b3a349656,8434,25,Gram,unresolved person or eponym; contextual source use not established
14_CURRENT_KERNEL_AND_MULTIPLICITY_PROOFS.tex,9926c5b5670777548f15f3fd626a4237d2c10a26834f51ba2b466a3b3a349656,8448,31,Hilbert,unresolved person or eponym; contextual source use not established
14_CURRENT_KERNEL_AND_MULTIPLICITY_PROOFS.tex,9926c5b5670777548f15f3fd626a4237d2c10a26834f51ba2b466a3b3a349656,8449,48,Gram,unresolved person or eponym; contextual source use not established
14_CURRENT_KERNEL_AND_MULTIPLICITY_PROOFS.tex,9926c5b5670777548f15f3fd626a4237d2c10a26834f51ba2b466a3b3a349656,8453,9,Gram,unresolved person or eponym; contextual source use not established
14_CURRENT_KERNEL_AND_MULTIPLICITY_PROOFS.tex,9926c5b5670777548f15f3fd626a4237d2c10a26834f51ba2b466a3b3a349656,8558,9,Vandermonde,unresolved person or eponym; contextual source use not established
14_CURRENT_KERNEL_AND_MULTIPLICITY_PROOFS.tex,9926c5b5670777548f15f3fd626a4237d2c10a26834f51ba2b466a3b3a349656,8583,1,Taylor,unresolved person or eponym; contextual source use not established
14_CURRENT_KERNEL_AND_MULTIPLICITY_PROOFS.tex,9926c5b5670777548f15f3fd626a4237d2c10a26834f51ba2b466a3b3a349656,8624,7,Taylor,unresolved person or eponym; contextual source use not established
14_CURRENT_KERNEL_AND_MULTIPLICITY_PROOFS.tex,9926c5b5670777548f15f3fd626a4237d2c10a26834f51ba2b466a3b3a349656,8628,1,Neumann,unresolved person or eponym; contextual source use not established
14_CURRENT_KERNEL_AND_MULTIPLICITY_PROOFS.tex,9926c5b5670777548f15f3fd626a4237d2c10a26834f51ba2b466a3b3a349656,8684,26,Cauchy,unresolved person or eponym; contextual source use not established
14_CURRENT_KERNEL_AND_MULTIPLICITY_PROOFS.tex,9926c5b5670777548f15f3fd626a4237d2c10a26834f51ba2b466a3b3a349656,8837,20,Vandermonde,unresolved person or eponym; contextual source use not established
14_CURRENT_KERNEL_AND_MULTIPLICITY_PROOFS.tex,9926c5b5670777548f15f3fd626a4237d2c10a26834f51ba2b466a3b3a349656,8859,1,Gram,unresolved person or eponym; contextual source use not established
14_CURRENT_KERNEL_AND_MULTIPLICITY_PROOFS.tex,9926c5b5670777548f15f3fd626a4237d2c10a26834f51ba2b466a3b3a349656,8886,7,Gaussian,unresolved person or eponym; contextual source use not established
14_CURRENT_KERNEL_AND_MULTIPLICITY_PROOFS.tex,9926c5b5670777548f15f3fd626a4237d2c10a26834f51ba2b466a3b3a349656,8888,58,Schur,unresolved person or eponym; contextual source use not established
14_CURRENT_KERNEL_AND_MULTIPLICITY_PROOFS.tex,9926c5b5670777548f15f3fd626a4237d2c10a26834f51ba2b466a3b3a349656,8904,5,Schur,unresolved person or eponym; contextual source use not established
14_CURRENT_KERNEL_AND_MULTIPLICITY_PROOFS.tex,9926c5b5670777548f15f3fd626a4237d2c10a26834f51ba2b466a3b3a349656,9052,1,Hilbert,unresolved person or eponym; contextual source use not established
14_CURRENT_KERNEL_AND_MULTIPLICITY_PROOFS.tex,9926c5b5670777548f15f3fd626a4237d2c10a26834f51ba2b466a3b3a349656,9067,51,Gram,unresolved person or eponym; contextual source use not established
14_CURRENT_KERNEL_AND_MULTIPLICITY_PROOFS.tex,9926c5b5670777548f15f3fd626a4237d2c10a26834f51ba2b466a3b3a349656,9076,44,Gram,unresolved person or eponym; contextual source use not established
14_CURRENT_KERNEL_AND_MULTIPLICITY_PROOFS.tex,9926c5b5670777548f15f3fd626a4237d2c10a26834f51ba2b466a3b3a349656,9086,14,Gram,unresolved person or eponym; contextual source use not established
14_CURRENT_KERNEL_AND_MULTIPLICITY_PROOFS.tex,9926c5b5670777548f15f3fd626a4237d2c10a26834f51ba2b466a3b3a349656,9090,32,Gram,unresolved person or eponym; contextual source use not established
14_CURRENT_KERNEL_AND_MULTIPLICITY_PROOFS.tex,9926c5b5670777548f15f3fd626a4237d2c10a26834f51ba2b466a3b3a349656,9107,52,Gram,unresolved person or eponym; contextual source use not established
14_CURRENT_KERNEL_AND_MULTIPLICITY_PROOFS.tex,9926c5b5670777548f15f3fd626a4237d2c10a26834f51ba2b466a3b3a349656,9443,45,Gram,unresolved person or eponym; contextual source use not established
14_CURRENT_KERNEL_AND_MULTIPLICITY_PROOFS.tex,9926c5b5670777548f15f3fd626a4237d2c10a26834f51ba2b466a3b3a349656,9444,50,Schur,unresolved person or eponym; contextual source use not established
14_CURRENT_KERNEL_AND_MULTIPLICITY_PROOFS.tex,9926c5b5670777548f15f3fd626a4237d2c10a26834f51ba2b466a3b3a349656,9452,50,Vandermonde,unresolved person or eponym; contextual source use not established
14_CURRENT_KERNEL_AND_MULTIPLICITY_PROOFS.tex,9926c5b5670777548f15f3fd626a4237d2c10a26834f51ba2b466a3b3a349656,9456,28,Gram,unresolved person or eponym; contextual source use not established
14_CURRENT_KERNEL_AND_MULTIPLICITY_PROOFS.tex,9926c5b5670777548f15f3fd626a4237d2c10a26834f51ba2b466a3b3a349656,9471,5,Vandermonde,unresolved person or eponym; contextual source use not established
14_CURRENT_KERNEL_AND_MULTIPLICITY_PROOFS.tex,9926c5b5670777548f15f3fd626a4237d2c10a26834f51ba2b466a3b3a349656,9505,48,Gram,unresolved person or eponym; contextual source use not established
14_CURRENT_KERNEL_AND_MULTIPLICITY_PROOFS.tex,9926c5b5670777548f15f3fd626a4237d2c10a26834f51ba2b466a3b3a349656,9514,22,Schur,unresolved person or eponym; contextual source use not established
14_CURRENT_KERNEL_AND_MULTIPLICITY_PROOFS.tex,9926c5b5670777548f15f3fd626a4237d2c10a26834f51ba2b466a3b3a349656,9522,7,Gram,unresolved person or eponym; contextual source use not established
14_CURRENT_KERNEL_AND_MULTIPLICITY_PROOFS.tex,9926c5b5670777548f15f3fd626a4237d2c10a26834f51ba2b466a3b3a349656,9523,22,Gram,unresolved person or eponym; contextual source use not established
14_CURRENT_KERNEL_AND_MULTIPLICITY_PROOFS.tex,9926c5b5670777548f15f3fd626a4237d2c10a26834f51ba2b466a3b3a349656,9531,24,Gram,unresolved person or eponym; contextual source use not established
14_CURRENT_KERNEL_AND_MULTIPLICITY_PROOFS.tex,9926c5b5670777548f15f3fd626a4237d2c10a26834f51ba2b466a3b3a349656,9534,52,Schur,unresolved person or eponym; contextual source use not established
14_CURRENT_KERNEL_AND_MULTIPLICITY_PROOFS.tex,9926c5b5670777548f15f3fd626a4237d2c10a26834f51ba2b466a3b3a349656,9567,17,Taylor,unresolved person or eponym; contextual source use not established
14_CURRENT_KERNEL_AND_MULTIPLICITY_PROOFS.tex,9926c5b5670777548f15f3fd626a4237d2c10a26834f51ba2b466a3b3a349656,9691,31,Gram,unresolved person or eponym; contextual source use not established
14_CURRENT_KERNEL_AND_MULTIPLICITY_PROOFS.tex,9926c5b5670777548f15f3fd626a4237d2c10a26834f51ba2b466a3b3a349656,9709,35,Gram,unresolved person or eponym; contextual source use not established
14_CURRENT_KERNEL_AND_MULTIPLICITY_PROOFS.tex,9926c5b5670777548f15f3fd626a4237d2c10a26834f51ba2b466a3b3a349656,9897,23,Gram,unresolved person or eponym; contextual source use not established
14_CURRENT_KERNEL_AND_MULTIPLICITY_PROOFS.tex,9926c5b5670777548f15f3fd626a4237d2c10a26834f51ba2b466a3b3a349656,9918,17,Vandermonde,unresolved person or eponym; contextual source use not established
14_CURRENT_KERNEL_AND_MULTIPLICITY_PROOFS.tex,9926c5b5670777548f15f3fd626a4237d2c10a26834f51ba2b466a3b3a349656,9955,38,Gram,unresolved person or eponym; contextual source use not established
14_CURRENT_KERNEL_AND_MULTIPLICITY_PROOFS.tex,9926c5b5670777548f15f3fd626a4237d2c10a26834f51ba2b466a3b3a349656,9955,51,Schur,unresolved person or eponym; contextual source use not established
14_CURRENT_KERNEL_AND_MULTIPLICITY_PROOFS.tex,9926c5b5670777548f15f3fd626a4237d2c10a26834f51ba2b466a3b3a349656,9958,57,Schur,unresolved person or eponym; contextual source use not established
14_CURRENT_KERNEL_AND_MULTIPLICITY_PROOFS.tex,9926c5b5670777548f15f3fd626a4237d2c10a26834f51ba2b466a3b3a349656,9981,8,Gram,unresolved person or eponym; contextual source use not established
14_CURRENT_KERNEL_AND_MULTIPLICITY_PROOFS.tex,9926c5b5670777548f15f3fd626a4237d2c10a26834f51ba2b466a3b3a349656,10185,61,Gram,unresolved person or eponym; contextual source use not established
14_CURRENT_KERNEL_AND_MULTIPLICITY_PROOFS.tex,9926c5b5670777548f15f3fd626a4237d2c10a26834f51ba2b466a3b3a349656,10197,28,Gram,unresolved person or eponym; contextual source use not established
14_CURRENT_KERNEL_AND_MULTIPLICITY_PROOFS.tex,9926c5b5670777548f15f3fd626a4237d2c10a26834f51ba2b466a3b3a349656,10213,31,Gram,unresolved person or eponym; contextual source use not established
14_CURRENT_KERNEL_AND_MULTIPLICITY_PROOFS.tex,9926c5b5670777548f15f3fd626a4237d2c10a26834f51ba2b466a3b3a349656,10298,61,Euler,unresolved person or eponym; contextual source use not established
14_CURRENT_KERNEL_AND_MULTIPLICITY_PROOFS.tex,9926c5b5670777548f15f3fd626a4237d2c10a26834f51ba2b466a3b3a349656,10308,17,Euler,unresolved person or eponym; contextual source use not established
14_CURRENT_KERNEL_AND_MULTIPLICITY_PROOFS.tex,9926c5b5670777548f15f3fd626a4237d2c10a26834f51ba2b466a3b3a349656,10315,27,Cauchy,unresolved person or eponym; contextual source use not established
14_CURRENT_KERNEL_AND_MULTIPLICITY_PROOFS.tex,9926c5b5670777548f15f3fd626a4237d2c10a26834f51ba2b466a3b3a349656,10319,57,Fourier,unresolved person or eponym; contextual source use not established
14_CURRENT_KERNEL_AND_MULTIPLICITY_PROOFS.tex,9926c5b5670777548f15f3fd626a4237d2c10a26834f51ba2b466a3b3a349656,10320,34,Fourier,unresolved person or eponym; contextual source use not established
14_CURRENT_KERNEL_AND_MULTIPLICITY_PROOFS.tex,9926c5b5670777548f15f3fd626a4237d2c10a26834f51ba2b466a3b3a349656,10353,5,Euler,unresolved person or eponym; contextual source use not established
14_CURRENT_KERNEL_AND_MULTIPLICITY_PROOFS.tex,9926c5b5670777548f15f3fd626a4237d2c10a26834f51ba2b466a3b3a349656,10366,15,Euler,unresolved person or eponym; contextual source use not established
14_CURRENT_KERNEL_AND_MULTIPLICITY_PROOFS.tex,9926c5b5670777548f15f3fd626a4237d2c10a26834f51ba2b466a3b3a349656,10370,57,Euler,unresolved person or eponym; contextual source use not established
14_CURRENT_KERNEL_AND_MULTIPLICITY_PROOFS.tex,9926c5b5670777548f15f3fd626a4237d2c10a26834f51ba2b466a3b3a349656,10416,22,Legendre,unresolved person or eponym; contextual source use not established
14_CURRENT_KERNEL_AND_MULTIPLICITY_PROOFS.tex,9926c5b5670777548f15f3fd626a4237d2c10a26834f51ba2b466a3b3a349656,10430,10,Leibniz,unresolved person or eponym; contextual source use not established
14_CURRENT_KERNEL_AND_MULTIPLICITY_PROOFS.tex,9926c5b5670777548f15f3fd626a4237d2c10a26834f51ba2b466a3b3a349656,10440,1,Cauchy,unresolved person or eponym; contextual source use not established
14_CURRENT_KERNEL_AND_MULTIPLICITY_PROOFS.tex,9926c5b5670777548f15f3fd626a4237d2c10a26834f51ba2b466a3b3a349656,10440,9,Schwarz,unresolved person or eponym; contextual source use not established
14_CURRENT_KERNEL_AND_MULTIPLICITY_PROOFS.tex,9926c5b5670777548f15f3fd626a4237d2c10a26834f51ba2b466a3b3a349656,10455,12,Hilbert,unresolved person or eponym; contextual source use not established
14_CURRENT_KERNEL_AND_MULTIPLICITY_PROOFS.tex,9926c5b5670777548f15f3fd626a4237d2c10a26834f51ba2b466a3b3a349656,10627,57,Gram,unresolved person or eponym; contextual source use not established
14_CURRENT_KERNEL_AND_MULTIPLICITY_PROOFS.tex,9926c5b5670777548f15f3fd626a4237d2c10a26834f51ba2b466a3b3a349656,10634,59,Gram,unresolved person or eponym; contextual source use not established
14_CURRENT_KERNEL_AND_MULTIPLICITY_PROOFS.tex,9926c5b5670777548f15f3fd626a4237d2c10a26834f51ba2b466a3b3a349656,10635,51,Gram,unresolved person or eponym; contextual source use not established
14_CURRENT_KERNEL_AND_MULTIPLICITY_PROOFS.tex,9926c5b5670777548f15f3fd626a4237d2c10a26834f51ba2b466a3b3a349656,10646,50,Gram,unresolved person or eponym; contextual source use not established
14_CURRENT_KERNEL_AND_MULTIPLICITY_PROOFS.tex,9926c5b5670777548f15f3fd626a4237d2c10a26834f51ba2b466a3b3a349656,10650,9,Gram,unresolved person or eponym; contextual source use not established
14_CURRENT_KERNEL_AND_MULTIPLICITY_PROOFS.tex,9926c5b5670777548f15f3fd626a4237d2c10a26834f51ba2b466a3b3a349656,10686,1,Gram,unresolved person or eponym; contextual source use not established
14_CURRENT_KERNEL_AND_MULTIPLICITY_PROOFS.tex,9926c5b5670777548f15f3fd626a4237d2c10a26834f51ba2b466a3b3a349656,10688,10,Gram,unresolved person or eponym; contextual source use not established
14_CURRENT_KERNEL_AND_MULTIPLICITY_PROOFS.tex,9926c5b5670777548f15f3fd626a4237d2c10a26834f51ba2b466a3b3a349656,10688,22,Schur,unresolved person or eponym; contextual source use not established
14_CURRENT_KERNEL_AND_MULTIPLICITY_PROOFS.tex,9926c5b5670777548f15f3fd626a4237d2c10a26834f51ba2b466a3b3a349656,10689,13,Gram,unresolved person or eponym; contextual source use not established
14_CURRENT_KERNEL_AND_MULTIPLICITY_PROOFS.tex,9926c5b5670777548f15f3fd626a4237d2c10a26834f51ba2b466a3b3a349656,11185,46,Cauchy,unresolved person or eponym; contextual source use not established
14_CURRENT_KERNEL_AND_MULTIPLICITY_PROOFS.tex,9926c5b5670777548f15f3fd626a4237d2c10a26834f51ba2b466a3b3a349656,11186,16,Stieltjes,unresolved person or eponym; contextual source use not established
14_CURRENT_KERNEL_AND_MULTIPLICITY_PROOFS.tex,9926c5b5670777548f15f3fd626a4237d2c10a26834f51ba2b466a3b3a349656,11191,44,Tonelli,unresolved person or eponym; contextual source use not established
14_CURRENT_KERNEL_AND_MULTIPLICITY_PROOFS.tex,9926c5b5670777548f15f3fd626a4237d2c10a26834f51ba2b466a3b3a349656,11271,12,Cauchy,unresolved person or eponym; contextual source use not established
14_CURRENT_KERNEL_AND_MULTIPLICITY_PROOFS.tex,9926c5b5670777548f15f3fd626a4237d2c10a26834f51ba2b466a3b3a349656,11292,17,Euler,unresolved person or eponym; contextual source use not established
14_CURRENT_KERNEL_AND_MULTIPLICITY_PROOFS.tex,9926c5b5670777548f15f3fd626a4237d2c10a26834f51ba2b466a3b3a349656,11347,61,Gaussian,unresolved person or eponym; contextual source use not established
14_CURRENT_KERNEL_AND_MULTIPLICITY_PROOFS.tex,9926c5b5670777548f15f3fd626a4237d2c10a26834f51ba2b466a3b3a349656,11348,1,Fourier,unresolved person or eponym; contextual source use not established
14_CURRENT_KERNEL_AND_MULTIPLICITY_PROOFS.tex,9926c5b5670777548f15f3fd626a4237d2c10a26834f51ba2b466a3b3a349656,11355,12,Gaussian,unresolved person or eponym; contextual source use not established
14_CURRENT_KERNEL_AND_MULTIPLICITY_PROOFS.tex,9926c5b5670777548f15f3fd626a4237d2c10a26834f51ba2b466a3b3a349656,11355,21,Fourier,unresolved person or eponym; contextual source use not established
14_CURRENT_KERNEL_AND_MULTIPLICITY_PROOFS.tex,9926c5b5670777548f15f3fd626a4237d2c10a26834f51ba2b466a3b3a349656,11356,8,Gaussian,unresolved person or eponym; contextual source use not established
14_CURRENT_KERNEL_AND_MULTIPLICITY_PROOFS.tex,9926c5b5670777548f15f3fd626a4237d2c10a26834f51ba2b466a3b3a349656,11356,53,Fourier,unresolved person or eponym; contextual source use not established
14_CURRENT_KERNEL_AND_MULTIPLICITY_PROOFS.tex,9926c5b5670777548f15f3fd626a4237d2c10a26834f51ba2b466a3b3a349656,11360,26,Fourier,unresolved person or eponym; contextual source use not established
14_CURRENT_KERNEL_AND_MULTIPLICITY_PROOFS.tex,9926c5b5670777548f15f3fd626a4237d2c10a26834f51ba2b466a3b3a349656,11362,43,Gaussian,unresolved person or eponym; contextual source use not established
14_CURRENT_KERNEL_AND_MULTIPLICITY_PROOFS.tex,9926c5b5670777548f15f3fd626a4237d2c10a26834f51ba2b466a3b3a349656,11363,47,Fourier,unresolved person or eponym; contextual source use not established
14_CURRENT_KERNEL_AND_MULTIPLICITY_PROOFS.tex,9926c5b5670777548f15f3fd626a4237d2c10a26834f51ba2b466a3b3a349656,11419,32,Fourier,unresolved person or eponym; contextual source use not established
14_CURRENT_KERNEL_AND_MULTIPLICITY_PROOFS.tex,9926c5b5670777548f15f3fd626a4237d2c10a26834f51ba2b466a3b3a349656,11530,10,Euler,unresolved person or eponym; contextual source use not established
14_CURRENT_KERNEL_AND_MULTIPLICITY_PROOFS.tex,9926c5b5670777548f15f3fd626a4237d2c10a26834f51ba2b466a3b3a349656,11539,7,Heine,unresolved person or eponym; contextual source use not established
14_CURRENT_KERNEL_AND_MULTIPLICITY_PROOFS.tex,9926c5b5670777548f15f3fd626a4237d2c10a26834f51ba2b466a3b3a349656,11570,14,Euler,unresolved person or eponym; contextual source use not established
14_CURRENT_KERNEL_AND_MULTIPLICITY_PROOFS.tex,9926c5b5670777548f15f3fd626a4237d2c10a26834f51ba2b466a3b3a349656,11601,44,Heine,unresolved person or eponym; contextual source use not established
14_CURRENT_KERNEL_AND_MULTIPLICITY_PROOFS.tex,9926c5b5670777548f15f3fd626a4237d2c10a26834f51ba2b466a3b3a349656,11663,45,Lebesgue,unresolved person or eponym; contextual source use not established
14_CURRENT_KERNEL_AND_MULTIPLICITY_PROOFS.tex,9926c5b5670777548f15f3fd626a4237d2c10a26834f51ba2b466a3b3a349656,11714,61,Gaussian,unresolved person or eponym; contextual source use not established
14_CURRENT_KERNEL_AND_MULTIPLICITY_PROOFS.tex,9926c5b5670777548f15f3fd626a4237d2c10a26834f51ba2b466a3b3a349656,11715,1,Fourier,unresolved person or eponym; contextual source use not established
14_CURRENT_KERNEL_AND_MULTIPLICITY_PROOFS.tex,9926c5b5670777548f15f3fd626a4237d2c10a26834f51ba2b466a3b3a349656,11727,29,Fourier,unresolved person or eponym; contextual source use not established
14_CURRENT_KERNEL_AND_MULTIPLICITY_PROOFS.tex,9926c5b5670777548f15f3fd626a4237d2c10a26834f51ba2b466a3b3a349656,11731,56,Gaussian,unresolved person or eponym; contextual source use not established
14_CURRENT_KERNEL_AND_MULTIPLICITY_PROOFS.tex,9926c5b5670777548f15f3fd626a4237d2c10a26834f51ba2b466a3b3a349656,11761,40,Tonelli,unresolved person or eponym; contextual source use not established
14_CURRENT_KERNEL_AND_MULTIPLICITY_PROOFS.tex,9926c5b5670777548f15f3fd626a4237d2c10a26834f51ba2b466a3b3a349656,11859,54,Heine,unresolved person or eponym; contextual source use not established
14_CURRENT_KERNEL_AND_MULTIPLICITY_PROOFS.tex,9926c5b5670777548f15f3fd626a4237d2c10a26834f51ba2b466a3b3a349656,11874,58,Jensen,unresolved person or eponym; contextual source use not established
14_CURRENT_KERNEL_AND_MULTIPLICITY_PROOFS.tex,9926c5b5670777548f15f3fd626a4237d2c10a26834f51ba2b466a3b3a349656,11940,46,Heine,unresolved person or eponym; contextual source use not established
14_CURRENT_KERNEL_AND_MULTIPLICITY_PROOFS.tex,9926c5b5670777548f15f3fd626a4237d2c10a26834f51ba2b466a3b3a349656,11950,1,Heine,unresolved person or eponym; contextual source use not established
14_CURRENT_KERNEL_AND_MULTIPLICITY_PROOFS.tex,9926c5b5670777548f15f3fd626a4237d2c10a26834f51ba2b466a3b3a349656,11990,37,Euler,unresolved person or eponym; contextual source use not established
14_CURRENT_KERNEL_AND_MULTIPLICITY_PROOFS.tex,9926c5b5670777548f15f3fd626a4237d2c10a26834f51ba2b466a3b3a349656,12082,26,Gram,unresolved person or eponym; contextual source use not established
14_CURRENT_KERNEL_AND_MULTIPLICITY_PROOFS.tex,9926c5b5670777548f15f3fd626a4237d2c10a26834f51ba2b466a3b3a349656,12178,25,Gram,unresolved person or eponym; contextual source use not established
14_CURRENT_KERNEL_AND_MULTIPLICITY_PROOFS.tex,9926c5b5670777548f15f3fd626a4237d2c10a26834f51ba2b466a3b3a349656,12179,52,Gram,unresolved person or eponym; contextual source use not established
14_CURRENT_KERNEL_AND_MULTIPLICITY_PROOFS.tex,9926c5b5670777548f15f3fd626a4237d2c10a26834f51ba2b466a3b3a349656,12181,15,Gram,unresolved person or eponym; contextual source use not established
14_CURRENT_KERNEL_AND_MULTIPLICITY_PROOFS.tex,9926c5b5670777548f15f3fd626a4237d2c10a26834f51ba2b466a3b3a349656,12182,5,Rodrigues,unresolved person or eponym; contextual source use not established
14_CURRENT_KERNEL_AND_MULTIPLICITY_PROOFS.tex,9926c5b5670777548f15f3fd626a4237d2c10a26834f51ba2b466a3b3a349656,12196,22,Gram,unresolved person or eponym; contextual source use not established
14_CURRENT_KERNEL_AND_MULTIPLICITY_PROOFS.tex,9926c5b5670777548f15f3fd626a4237d2c10a26834f51ba2b466a3b3a349656,12196,58,Gram,unresolved person or eponym; contextual source use not established
14_CURRENT_KERNEL_AND_MULTIPLICITY_PROOFS.tex,9926c5b5670777548f15f3fd626a4237d2c10a26834f51ba2b466a3b3a349656,12244,42,Vandermonde,unresolved person or eponym; contextual source use not established
14_CURRENT_KERNEL_AND_MULTIPLICITY_PROOFS.tex,9926c5b5670777548f15f3fd626a4237d2c10a26834f51ba2b466a3b3a349656,12246,1,Heine,unresolved person or eponym; contextual source use not established
14_CURRENT_KERNEL_AND_MULTIPLICITY_PROOFS.tex,9926c5b5670777548f15f3fd626a4237d2c10a26834f51ba2b466a3b3a349656,12257,32,Vandermonde,unresolved person or eponym; contextual source use not established
14_CURRENT_KERNEL_AND_MULTIPLICITY_PROOFS.tex,9926c5b5670777548f15f3fd626a4237d2c10a26834f51ba2b466a3b3a349656,12432,10,Gram,unresolved person or eponym; contextual source use not established
14_CURRENT_KERNEL_AND_MULTIPLICITY_PROOFS.tex,9926c5b5670777548f15f3fd626a4237d2c10a26834f51ba2b466a3b3a349656,12433,1,Gram,unresolved person or eponym; contextual source use not established
14_CURRENT_KERNEL_AND_MULTIPLICITY_PROOFS.tex,9926c5b5670777548f15f3fd626a4237d2c10a26834f51ba2b466a3b3a349656,13017,31,Gram,unresolved person or eponym; contextual source use not established
14_CURRENT_KERNEL_AND_MULTIPLICITY_PROOFS.tex,9926c5b5670777548f15f3fd626a4237d2c10a26834f51ba2b466a3b3a349656,13034,43,Gram,unresolved person or eponym; contextual source use not established
14_CURRENT_KERNEL_AND_MULTIPLICITY_PROOFS.tex,9926c5b5670777548f15f3fd626a4237d2c10a26834f51ba2b466a3b3a349656,13088,18,Gram,unresolved person or eponym; contextual source use not established
14_CURRENT_KERNEL_AND_MULTIPLICITY_PROOFS.tex,9926c5b5670777548f15f3fd626a4237d2c10a26834f51ba2b466a3b3a349656,13107,52,Schur,unresolved person or eponym; contextual source use not established
14_CURRENT_KERNEL_AND_MULTIPLICITY_PROOFS.tex,9926c5b5670777548f15f3fd626a4237d2c10a26834f51ba2b466a3b3a349656,13112,22,Gram,unresolved person or eponym; contextual source use not established
14_CURRENT_KERNEL_AND_MULTIPLICITY_PROOFS.tex,9926c5b5670777548f15f3fd626a4237d2c10a26834f51ba2b466a3b3a349656,13149,1,Gram,unresolved person or eponym; contextual source use not established
14_CURRENT_KERNEL_AND_MULTIPLICITY_PROOFS.tex,9926c5b5670777548f15f3fd626a4237d2c10a26834f51ba2b466a3b3a349656,13157,13,Gram,unresolved person or eponym; contextual source use not established
14_CURRENT_KERNEL_AND_MULTIPLICITY_PROOFS.tex,9926c5b5670777548f15f3fd626a4237d2c10a26834f51ba2b466a3b3a349656,13179,50,Gram,unresolved person or eponym; contextual source use not established
14_CURRENT_KERNEL_AND_MULTIPLICITY_PROOFS.tex,9926c5b5670777548f15f3fd626a4237d2c10a26834f51ba2b466a3b3a349656,13185,26,Vandermonde,unresolved person or eponym; contextual source use not established
14_CURRENT_KERNEL_AND_MULTIPLICITY_PROOFS.tex,9926c5b5670777548f15f3fd626a4237d2c10a26834f51ba2b466a3b3a349656,13188,18,Gram,unresolved person or eponym; contextual source use not established
14_CURRENT_KERNEL_AND_MULTIPLICITY_PROOFS.tex,9926c5b5670777548f15f3fd626a4237d2c10a26834f51ba2b466a3b3a349656,13202,32,Vandermonde,unresolved person or eponym; contextual source use not established
14_CURRENT_KERNEL_AND_MULTIPLICITY_PROOFS.tex,9926c5b5670777548f15f3fd626a4237d2c10a26834f51ba2b466a3b3a349656,13202,44,Gram,unresolved person or eponym; contextual source use not established
14_CURRENT_KERNEL_AND_MULTIPLICITY_PROOFS.tex,9926c5b5670777548f15f3fd626a4237d2c10a26834f51ba2b466a3b3a349656,13207,5,Schur,unresolved person or eponym; contextual source use not established
14_CURRENT_KERNEL_AND_MULTIPLICITY_PROOFS.tex,9926c5b5670777548f15f3fd626a4237d2c10a26834f51ba2b466a3b3a349656,13223,1,Vandermonde,unresolved person or eponym; contextual source use not established
14_CURRENT_KERNEL_AND_MULTIPLICITY_PROOFS.tex,9926c5b5670777548f15f3fd626a4237d2c10a26834f51ba2b466a3b3a349656,13425,19,Gram,unresolved person or eponym; contextual source use not established
14_CURRENT_KERNEL_AND_MULTIPLICITY_PROOFS.tex,9926c5b5670777548f15f3fd626a4237d2c10a26834f51ba2b466a3b3a349656,13516,18,Gram,unresolved person or eponym; contextual source use not established
14_CURRENT_KERNEL_AND_MULTIPLICITY_PROOFS.tex,9926c5b5670777548f15f3fd626a4237d2c10a26834f51ba2b466a3b3a349656,13566,51,Euler,unresolved person or eponym; contextual source use not established
14_CURRENT_KERNEL_AND_MULTIPLICITY_PROOFS.tex,9926c5b5670777548f15f3fd626a4237d2c10a26834f51ba2b466a3b3a349656,13719,1,Cauchy,unresolved person or eponym; contextual source use not established
14_CURRENT_KERNEL_AND_MULTIPLICITY_PROOFS.tex,9926c5b5670777548f15f3fd626a4237d2c10a26834f51ba2b466a3b3a349656,13752,45,Gram,unresolved person or eponym; contextual source use not established
14_CURRENT_KERNEL_AND_MULTIPLICITY_PROOFS.tex,9926c5b5670777548f15f3fd626a4237d2c10a26834f51ba2b466a3b3a349656,13803,11,Cauchy,unresolved person or eponym; contextual source use not established
14_CURRENT_KERNEL_AND_MULTIPLICITY_PROOFS.tex,9926c5b5670777548f15f3fd626a4237d2c10a26834f51ba2b466a3b3a349656,13803,19,Schwarz,unresolved person or eponym; contextual source use not established
14_CURRENT_KERNEL_AND_MULTIPLICITY_PROOFS.tex,9926c5b5670777548f15f3fd626a4237d2c10a26834f51ba2b466a3b3a349656,13874,20,Gram,unresolved person or eponym; contextual source use not established
14_CURRENT_KERNEL_AND_MULTIPLICITY_PROOFS.tex,9926c5b5670777548f15f3fd626a4237d2c10a26834f51ba2b466a3b3a349656,13892,8,Gram,unresolved person or eponym; contextual source use not established
14_CURRENT_KERNEL_AND_MULTIPLICITY_PROOFS.tex,9926c5b5670777548f15f3fd626a4237d2c10a26834f51ba2b466a3b3a349656,13900,1,Legendre,unresolved person or eponym; contextual source use not established
14_CURRENT_KERNEL_AND_MULTIPLICITY_PROOFS.tex,9926c5b5670777548f15f3fd626a4237d2c10a26834f51ba2b466a3b3a349656,13902,21,Rodrigues,unresolved person or eponym; contextual source use not established
14_CURRENT_KERNEL_AND_MULTIPLICITY_PROOFS.tex,9926c5b5670777548f15f3fd626a4237d2c10a26834f51ba2b466a3b3a349656,13912,5,Legendre,unresolved person or eponym; contextual source use not established
14_CURRENT_KERNEL_AND_MULTIPLICITY_PROOFS.tex,9926c5b5670777548f15f3fd626a4237d2c10a26834f51ba2b466a3b3a349656,13912,37,Rodrigues,unresolved person or eponym; contextual source use not established
14_CURRENT_KERNEL_AND_MULTIPLICITY_PROOFS.tex,9926c5b5670777548f15f3fd626a4237d2c10a26834f51ba2b466a3b3a349656,13915,41,Gram,unresolved person or eponym; contextual source use not established
14_CURRENT_KERNEL_AND_MULTIPLICITY_PROOFS.tex,9926c5b5670777548f15f3fd626a4237d2c10a26834f51ba2b466a3b3a349656,14267,31,Gram,unresolved person or eponym; contextual source use not established
14_CURRENT_KERNEL_AND_MULTIPLICITY_PROOFS.tex,9926c5b5670777548f15f3fd626a4237d2c10a26834f51ba2b466a3b3a349656,14286,12,Vandermonde,unresolved person or eponym; contextual source use not established
14_CURRENT_KERNEL_AND_MULTIPLICITY_PROOFS.tex,9926c5b5670777548f15f3fd626a4237d2c10a26834f51ba2b466a3b3a349656,14326,46,Vandermonde,unresolved person or eponym; contextual source use not established
14_CURRENT_KERNEL_AND_MULTIPLICITY_PROOFS.tex,9926c5b5670777548f15f3fd626a4237d2c10a26834f51ba2b466a3b3a349656,14404,28,Hermite,unresolved person or eponym; contextual source use not established
14_CURRENT_KERNEL_AND_MULTIPLICITY_PROOFS.tex,9926c5b5670777548f15f3fd626a4237d2c10a26834f51ba2b466a3b3a349656,14407,65,Gram,unresolved person or eponym; contextual source use not established
14_CURRENT_KERNEL_AND_MULTIPLICITY_PROOFS.tex,9926c5b5670777548f15f3fd626a4237d2c10a26834f51ba2b466a3b3a349656,14432,31,Taylor,unresolved person or eponym; contextual source use not established
14_CURRENT_KERNEL_AND_MULTIPLICITY_PROOFS.tex,9926c5b5670777548f15f3fd626a4237d2c10a26834f51ba2b466a3b3a349656,14486,5,Gram,unresolved person or eponym; contextual source use not established
14_CURRENT_KERNEL_AND_MULTIPLICITY_PROOFS.tex,9926c5b5670777548f15f3fd626a4237d2c10a26834f51ba2b466a3b3a349656,14507,56,Gram,unresolved person or eponym; contextual source use not established
14_CURRENT_KERNEL_AND_MULTIPLICITY_PROOFS.tex,9926c5b5670777548f15f3fd626a4237d2c10a26834f51ba2b466a3b3a349656,14523,5,Taylor,unresolved person or eponym; contextual source use not established
14_CURRENT_KERNEL_AND_MULTIPLICITY_PROOFS.tex,9926c5b5670777548f15f3fd626a4237d2c10a26834f51ba2b466a3b3a349656,14585,45,Gram,unresolved person or eponym; contextual source use not established
14_CURRENT_KERNEL_AND_MULTIPLICITY_PROOFS.tex,9926c5b5670777548f15f3fd626a4237d2c10a26834f51ba2b466a3b3a349656,14610,38,Gram,unresolved person or eponym; contextual source use not established
14_CURRENT_KERNEL_AND_MULTIPLICITY_PROOFS.tex,9926c5b5670777548f15f3fd626a4237d2c10a26834f51ba2b466a3b3a349656,14653,37,Gram,unresolved person or eponym; contextual source use not established
14_CURRENT_KERNEL_AND_MULTIPLICITY_PROOFS.tex,9926c5b5670777548f15f3fd626a4237d2c10a26834f51ba2b466a3b3a349656,15018,1,Gram,unresolved person or eponym; contextual source use not established
14_CURRENT_KERNEL_AND_MULTIPLICITY_PROOFS.tex,9926c5b5670777548f15f3fd626a4237d2c10a26834f51ba2b466a3b3a349656,15103,42,Gram,unresolved person or eponym; contextual source use not established
14_CURRENT_KERNEL_AND_MULTIPLICITY_PROOFS.tex,9926c5b5670777548f15f3fd626a4237d2c10a26834f51ba2b466a3b3a349656,15141,40,Taylor,unresolved person or eponym; contextual source use not established
14_CURRENT_KERNEL_AND_MULTIPLICITY_PROOFS.tex,9926c5b5670777548f15f3fd626a4237d2c10a26834f51ba2b466a3b3a349656,15150,24,Tonelli,unresolved person or eponym; contextual source use not established
14_CURRENT_KERNEL_AND_MULTIPLICITY_PROOFS.tex,9926c5b5670777548f15f3fd626a4237d2c10a26834f51ba2b466a3b3a349656,15211,10,Hermite,unresolved person or eponym; contextual source use not established
14_CURRENT_KERNEL_AND_MULTIPLICITY_PROOFS.tex,9926c5b5670777548f15f3fd626a4237d2c10a26834f51ba2b466a3b3a349656,15215,62,Taylor,unresolved person or eponym; contextual source use not established
14_CURRENT_KERNEL_AND_MULTIPLICITY_PROOFS.tex,9926c5b5670777548f15f3fd626a4237d2c10a26834f51ba2b466a3b3a349656,15251,16,Gram,unresolved person or eponym; contextual source use not established
14_CURRENT_KERNEL_AND_MULTIPLICITY_PROOFS.tex,9926c5b5670777548f15f3fd626a4237d2c10a26834f51ba2b466a3b3a349656,15295,27,Gram,unresolved person or eponym; contextual source use not established
14_CURRENT_KERNEL_AND_MULTIPLICITY_PROOFS.tex,9926c5b5670777548f15f3fd626a4237d2c10a26834f51ba2b466a3b3a349656,15615,49,Schur,unresolved person or eponym; contextual source use not established
14_CURRENT_KERNEL_AND_MULTIPLICITY_PROOFS.tex,9926c5b5670777548f15f3fd626a4237d2c10a26834f51ba2b466a3b3a349656,15625,23,Vandermonde,unresolved person or eponym; contextual source use not established
14_CURRENT_KERNEL_AND_MULTIPLICITY_PROOFS.tex,9926c5b5670777548f15f3fd626a4237d2c10a26834f51ba2b466a3b3a349656,15799,25,Gram,unresolved person or eponym; contextual source use not established
14_CURRENT_KERNEL_AND_MULTIPLICITY_PROOFS.tex,9926c5b5670777548f15f3fd626a4237d2c10a26834f51ba2b466a3b3a349656,15825,54,Gram,unresolved person or eponym; contextual source use not established
14_CURRENT_KERNEL_AND_MULTIPLICITY_PROOFS.tex,9926c5b5670777548f15f3fd626a4237d2c10a26834f51ba2b466a3b3a349656,15956,47,Gram,unresolved person or eponym; contextual source use not established
14_CURRENT_KERNEL_AND_MULTIPLICITY_PROOFS.tex,9926c5b5670777548f15f3fd626a4237d2c10a26834f51ba2b466a3b3a349656,15961,13,Gram,unresolved person or eponym; contextual source use not established
14_CURRENT_KERNEL_AND_MULTIPLICITY_PROOFS.tex,9926c5b5670777548f15f3fd626a4237d2c10a26834f51ba2b466a3b3a349656,15998,22,Taylor,unresolved person or eponym; contextual source use not established
14_CURRENT_KERNEL_AND_MULTIPLICITY_PROOFS.tex,9926c5b5670777548f15f3fd626a4237d2c10a26834f51ba2b466a3b3a349656,16019,27,Taylor,unresolved person or eponym; contextual source use not established
14_CURRENT_KERNEL_AND_MULTIPLICITY_PROOFS.tex,9926c5b5670777548f15f3fd626a4237d2c10a26834f51ba2b466a3b3a349656,16238,30,Fourier,unresolved person or eponym; contextual source use not established
14_CURRENT_KERNEL_AND_MULTIPLICITY_PROOFS.tex,9926c5b5670777548f15f3fd626a4237d2c10a26834f51ba2b466a3b3a349656,16334,45,Vandermonde,unresolved person or eponym; contextual source use not established
14_CURRENT_KERNEL_AND_MULTIPLICITY_PROOFS.tex,9926c5b5670777548f15f3fd626a4237d2c10a26834f51ba2b466a3b3a349656,16337,44,Fourier,unresolved person or eponym; contextual source use not established
14_CURRENT_KERNEL_AND_MULTIPLICITY_PROOFS.tex,9926c5b5670777548f15f3fd626a4237d2c10a26834f51ba2b466a3b3a349656,16457,54,Laurent,unresolved person or eponym; contextual source use not established
14_CURRENT_KERNEL_AND_MULTIPLICITY_PROOFS.tex,9926c5b5670777548f15f3fd626a4237d2c10a26834f51ba2b466a3b3a349656,16671,21,Taylor,unresolved person or eponym; contextual source use not established
14_CURRENT_KERNEL_AND_MULTIPLICITY_PROOFS.tex,9926c5b5670777548f15f3fd626a4237d2c10a26834f51ba2b466a3b3a349656,16783,27,Cauchy,unresolved person or eponym; contextual source use not established
14_CURRENT_KERNEL_AND_MULTIPLICITY_PROOFS.tex,9926c5b5670777548f15f3fd626a4237d2c10a26834f51ba2b466a3b3a349656,16789,1,Cauchy,unresolved person or eponym; contextual source use not established
14_CURRENT_KERNEL_AND_MULTIPLICITY_PROOFS.tex,9926c5b5670777548f15f3fd626a4237d2c10a26834f51ba2b466a3b3a349656,16789,9,Schwarz,unresolved person or eponym; contextual source use not established
14_CURRENT_KERNEL_AND_MULTIPLICITY_PROOFS.tex,9926c5b5670777548f15f3fd626a4237d2c10a26834f51ba2b466a3b3a349656,16843,15,Cauchy,unresolved person or eponym; contextual source use not established
14_CURRENT_KERNEL_AND_MULTIPLICITY_PROOFS.tex,9926c5b5670777548f15f3fd626a4237d2c10a26834f51ba2b466a3b3a349656,16843,23,Schwarz,unresolved person or eponym; contextual source use not established
14_CURRENT_KERNEL_AND_MULTIPLICITY_PROOFS.tex,9926c5b5670777548f15f3fd626a4237d2c10a26834f51ba2b466a3b3a349656,16858,20,Cauchy,unresolved person or eponym; contextual source use not established
14_CURRENT_KERNEL_AND_MULTIPLICITY_PROOFS.tex,9926c5b5670777548f15f3fd626a4237d2c10a26834f51ba2b466a3b3a349656,16858,28,Schwarz,unresolved person or eponym; contextual source use not established
14_CURRENT_KERNEL_AND_MULTIPLICITY_PROOFS.tex,9926c5b5670777548f15f3fd626a4237d2c10a26834f51ba2b466a3b3a349656,16884,5,Gram,unresolved person or eponym; contextual source use not established
14_CURRENT_KERNEL_AND_MULTIPLICITY_PROOFS.tex,9926c5b5670777548f15f3fd626a4237d2c10a26834f51ba2b466a3b3a349656,16893,5,Gram,unresolved person or eponym; contextual source use not established
14_CURRENT_KERNEL_AND_MULTIPLICITY_PROOFS.tex,9926c5b5670777548f15f3fd626a4237d2c10a26834f51ba2b466a3b3a349656,16979,21,Gram,unresolved person or eponym; contextual source use not established
14_CURRENT_KERNEL_AND_MULTIPLICITY_PROOFS.tex,9926c5b5670777548f15f3fd626a4237d2c10a26834f51ba2b466a3b3a349656,17012,13,Gram,unresolved person or eponym; contextual source use not established
14_CURRENT_KERNEL_AND_MULTIPLICITY_PROOFS.tex,9926c5b5670777548f15f3fd626a4237d2c10a26834f51ba2b466a3b3a349656,17024,33,Gram,unresolved person or eponym; contextual source use not established
14_CURRENT_KERNEL_AND_MULTIPLICITY_PROOFS.tex,9926c5b5670777548f15f3fd626a4237d2c10a26834f51ba2b466a3b3a349656,17103,5,Taylor,unresolved person or eponym; contextual source use not established
14_CURRENT_KERNEL_AND_MULTIPLICITY_PROOFS.tex,9926c5b5670777548f15f3fd626a4237d2c10a26834f51ba2b466a3b3a349656,17155,37,Leibniz,unresolved person or eponym; contextual source use not established
14_CURRENT_KERNEL_AND_MULTIPLICITY_PROOFS.tex,9926c5b5670777548f15f3fd626a4237d2c10a26834f51ba2b466a3b3a349656,17170,1,Vandermonde,unresolved person or eponym; contextual source use not established
14_CURRENT_KERNEL_AND_MULTIPLICITY_PROOFS.tex,9926c5b5670777548f15f3fd626a4237d2c10a26834f51ba2b466a3b3a349656,17173,16,Vandermonde,unresolved person or eponym; contextual source use not established
14_CURRENT_KERNEL_AND_MULTIPLICITY_PROOFS.tex,9926c5b5670777548f15f3fd626a4237d2c10a26834f51ba2b466a3b3a349656,17205,32,Taylor,unresolved person or eponym; contextual source use not established
14_CURRENT_KERNEL_AND_MULTIPLICITY_PROOFS.tex,9926c5b5670777548f15f3fd626a4237d2c10a26834f51ba2b466a3b3a349656,17213,34,Vandermonde,unresolved person or eponym; contextual source use not established
14_CURRENT_KERNEL_AND_MULTIPLICITY_PROOFS.tex,9926c5b5670777548f15f3fd626a4237d2c10a26834f51ba2b466a3b3a349656,17242,23,Taylor,unresolved person or eponym; contextual source use not established
14_CURRENT_KERNEL_AND_MULTIPLICITY_PROOFS.tex,9926c5b5670777548f15f3fd626a4237d2c10a26834f51ba2b466a3b3a349656,17252,1,Laurent,unresolved person or eponym; contextual source use not established
14_CURRENT_KERNEL_AND_MULTIPLICITY_PROOFS.tex,9926c5b5670777548f15f3fd626a4237d2c10a26834f51ba2b466a3b3a349656,17261,1,Laurent,unresolved person or eponym; contextual source use not established
14_CURRENT_KERNEL_AND_MULTIPLICITY_PROOFS.tex,9926c5b5670777548f15f3fd626a4237d2c10a26834f51ba2b466a3b3a349656,17266,18,Laurent,unresolved person or eponym; contextual source use not established
14_CURRENT_KERNEL_AND_MULTIPLICITY_PROOFS.tex,9926c5b5670777548f15f3fd626a4237d2c10a26834f51ba2b466a3b3a349656,17289,11,Taylor,unresolved person or eponym; contextual source use not established
14_CURRENT_KERNEL_AND_MULTIPLICITY_PROOFS.tex,9926c5b5670777548f15f3fd626a4237d2c10a26834f51ba2b466a3b3a349656,17299,52,Cauchy,unresolved person or eponym; contextual source use not established
14_CURRENT_KERNEL_AND_MULTIPLICITY_PROOFS.tex,9926c5b5670777548f15f3fd626a4237d2c10a26834f51ba2b466a3b3a349656,17335,14,Cauchy,unresolved person or eponym; contextual source use not established
14_CURRENT_KERNEL_AND_MULTIPLICITY_PROOFS.tex,9926c5b5670777548f15f3fd626a4237d2c10a26834f51ba2b466a3b3a349656,17418,1,Vandermonde,unresolved person or eponym; contextual source use not established
14_CURRENT_KERNEL_AND_MULTIPLICITY_PROOFS.tex,9926c5b5670777548f15f3fd626a4237d2c10a26834f51ba2b466a3b3a349656,17450,1,Hilbert,unresolved person or eponym; contextual source use not established
14_CURRENT_KERNEL_AND_MULTIPLICITY_PROOFS.tex,9926c5b5670777548f15f3fd626a4237d2c10a26834f51ba2b466a3b3a349656,17452,26,Hilbert,unresolved person or eponym; contextual source use not established
14_CURRENT_KERNEL_AND_MULTIPLICITY_PROOFS.tex,9926c5b5670777548f15f3fd626a4237d2c10a26834f51ba2b466a3b3a349656,17453,65,Gram,unresolved person or eponym; contextual source use not established
14_CURRENT_KERNEL_AND_MULTIPLICITY_PROOFS.tex,9926c5b5670777548f15f3fd626a4237d2c10a26834f51ba2b466a3b3a349656,17463,62,Gram,unresolved person or eponym; contextual source use not established
14_CURRENT_KERNEL_AND_MULTIPLICITY_PROOFS.tex,9926c5b5670777548f15f3fd626a4237d2c10a26834f51ba2b466a3b3a349656,17468,38,Schur,unresolved person or eponym; contextual source use not established
14_CURRENT_KERNEL_AND_MULTIPLICITY_PROOFS.tex,9926c5b5670777548f15f3fd626a4237d2c10a26834f51ba2b466a3b3a349656,17475,8,Hilbert,unresolved person or eponym; contextual source use not established
14_CURRENT_KERNEL_AND_MULTIPLICITY_PROOFS.tex,9926c5b5670777548f15f3fd626a4237d2c10a26834f51ba2b466a3b3a349656,17488,34,Gram,unresolved person or eponym; contextual source use not established
14_CURRENT_KERNEL_AND_MULTIPLICITY_PROOFS.tex,9926c5b5670777548f15f3fd626a4237d2c10a26834f51ba2b466a3b3a349656,17517,20,Schur,unresolved person or eponym; contextual source use not established
14_CURRENT_KERNEL_AND_MULTIPLICITY_PROOFS.tex,9926c5b5670777548f15f3fd626a4237d2c10a26834f51ba2b466a3b3a349656,17526,14,Cauchy,unresolved person or eponym; contextual source use not established
14_CURRENT_KERNEL_AND_MULTIPLICITY_PROOFS.tex,9926c5b5670777548f15f3fd626a4237d2c10a26834f51ba2b466a3b3a349656,17526,22,Schwarz,unresolved person or eponym; contextual source use not established
14_CURRENT_KERNEL_AND_MULTIPLICITY_PROOFS.tex,9926c5b5670777548f15f3fd626a4237d2c10a26834f51ba2b466a3b3a349656,17533,66,Taylor,unresolved person or eponym; contextual source use not established
14_CURRENT_KERNEL_AND_MULTIPLICITY_PROOFS.tex,9926c5b5670777548f15f3fd626a4237d2c10a26834f51ba2b466a3b3a349656,17591,40,Gram,unresolved person or eponym; contextual source use not established
14_CURRENT_KERNEL_AND_MULTIPLICITY_PROOFS.tex,9926c5b5670777548f15f3fd626a4237d2c10a26834f51ba2b466a3b3a349656,17600,11,Taylor,unresolved person or eponym; contextual source use not established
14_CURRENT_KERNEL_AND_MULTIPLICITY_PROOFS.tex,9926c5b5670777548f15f3fd626a4237d2c10a26834f51ba2b466a3b3a349656,17677,1,Gram,unresolved person or eponym; contextual source use not established
14_CURRENT_KERNEL_AND_MULTIPLICITY_PROOFS.tex,9926c5b5670777548f15f3fd626a4237d2c10a26834f51ba2b466a3b3a349656,17680,58,Gram,unresolved person or eponym; contextual source use not established
14_CURRENT_KERNEL_AND_MULTIPLICITY_PROOFS.tex,9926c5b5670777548f15f3fd626a4237d2c10a26834f51ba2b466a3b3a349656,17763,30,Gram,unresolved person or eponym; contextual source use not established
14_CURRENT_KERNEL_AND_MULTIPLICITY_PROOFS.tex,9926c5b5670777548f15f3fd626a4237d2c10a26834f51ba2b466a3b3a349656,17784,68,Gram,unresolved person or eponym; contextual source use not established
14_CURRENT_KERNEL_AND_MULTIPLICITY_PROOFS.tex,9926c5b5670777548f15f3fd626a4237d2c10a26834f51ba2b466a3b3a349656,17793,20,Gram,unresolved person or eponym; contextual source use not established
14_CURRENT_KERNEL_AND_MULTIPLICITY_PROOFS.tex,9926c5b5670777548f15f3fd626a4237d2c10a26834f51ba2b466a3b3a349656,17802,15,Gram,unresolved person or eponym; contextual source use not established
14_CURRENT_KERNEL_AND_MULTIPLICITY_PROOFS.tex,9926c5b5670777548f15f3fd626a4237d2c10a26834f51ba2b466a3b3a349656,17808,52,Schur,unresolved person or eponym; contextual source use not established
14_CURRENT_KERNEL_AND_MULTIPLICITY_PROOFS.tex,9926c5b5670777548f15f3fd626a4237d2c10a26834f51ba2b466a3b3a349656,17820,61,Newton,unresolved person or eponym; contextual source use not established
14_CURRENT_KERNEL_AND_MULTIPLICITY_PROOFS.tex,9926c5b5670777548f15f3fd626a4237d2c10a26834f51ba2b466a3b3a349656,18057,1,Euler,unresolved person or eponym; contextual source use not established
14_CURRENT_KERNEL_AND_MULTIPLICITY_PROOFS.tex,9926c5b5670777548f15f3fd626a4237d2c10a26834f51ba2b466a3b3a349656,18089,37,Fourier,unresolved person or eponym; contextual source use not established
14_CURRENT_KERNEL_AND_MULTIPLICITY_PROOFS.tex,9926c5b5670777548f15f3fd626a4237d2c10a26834f51ba2b466a3b3a349656,18095,38,Taylor,unresolved person or eponym; contextual source use not established
14_CURRENT_KERNEL_AND_MULTIPLICITY_PROOFS.tex,9926c5b5670777548f15f3fd626a4237d2c10a26834f51ba2b466a3b3a349656,18104,34,Frobenius,unresolved person or eponym; contextual source use not established
14_CURRENT_KERNEL_AND_MULTIPLICITY_PROOFS.tex,9926c5b5670777548f15f3fd626a4237d2c10a26834f51ba2b466a3b3a349656,18118,61,Gram,unresolved person or eponym; contextual source use not established
14_CURRENT_KERNEL_AND_MULTIPLICITY_PROOFS.tex,9926c5b5670777548f15f3fd626a4237d2c10a26834f51ba2b466a3b3a349656,18123,43,Gram,unresolved person or eponym; contextual source use not established
14_CURRENT_KERNEL_AND_MULTIPLICITY_PROOFS.tex,9926c5b5670777548f15f3fd626a4237d2c10a26834f51ba2b466a3b3a349656,18257,35,Euler,unresolved person or eponym; contextual source use not established
14_CURRENT_KERNEL_AND_MULTIPLICITY_PROOFS.tex,9926c5b5670777548f15f3fd626a4237d2c10a26834f51ba2b466a3b3a349656,18260,46,Schur,unresolved person or eponym; contextual source use not established
14_CURRENT_KERNEL_AND_MULTIPLICITY_PROOFS.tex,9926c5b5670777548f15f3fd626a4237d2c10a26834f51ba2b466a3b3a349656,18293,58,Gram,unresolved person or eponym; contextual source use not established
14_CURRENT_KERNEL_AND_MULTIPLICITY_PROOFS.tex,9926c5b5670777548f15f3fd626a4237d2c10a26834f51ba2b466a3b3a349656,18309,14,Gram,unresolved person or eponym; contextual source use not established
14_CURRENT_KERNEL_AND_MULTIPLICITY_PROOFS.tex,9926c5b5670777548f15f3fd626a4237d2c10a26834f51ba2b466a3b3a349656,18325,59,Schur,unresolved person or eponym; contextual source use not established
14_CURRENT_KERNEL_AND_MULTIPLICITY_PROOFS.tex,9926c5b5670777548f15f3fd626a4237d2c10a26834f51ba2b466a3b3a349656,18334,1,Schur,unresolved person or eponym; contextual source use not established
14_CURRENT_KERNEL_AND_MULTIPLICITY_PROOFS.tex,9926c5b5670777548f15f3fd626a4237d2c10a26834f51ba2b466a3b3a349656,18345,32,Gram,unresolved person or eponym; contextual source use not established
14_CURRENT_KERNEL_AND_MULTIPLICITY_PROOFS.tex,9926c5b5670777548f15f3fd626a4237d2c10a26834f51ba2b466a3b3a349656,18347,13,Gram,unresolved person or eponym; contextual source use not established
14_CURRENT_KERNEL_AND_MULTIPLICITY_PROOFS.tex,9926c5b5670777548f15f3fd626a4237d2c10a26834f51ba2b466a3b3a349656,18398,28,Euler,unresolved person or eponym; contextual source use not established
14_CURRENT_KERNEL_AND_MULTIPLICITY_PROOFS.tex,9926c5b5670777548f15f3fd626a4237d2c10a26834f51ba2b466a3b3a349656,18413,48,Cauchy,unresolved person or eponym; contextual source use not established
14_CURRENT_KERNEL_AND_MULTIPLICITY_PROOFS.tex,9926c5b5670777548f15f3fd626a4237d2c10a26834f51ba2b466a3b3a349656,18446,27,Fourier,unresolved person or eponym; contextual source use not established
14_CURRENT_KERNEL_AND_MULTIPLICITY_PROOFS.tex,9926c5b5670777548f15f3fd626a4237d2c10a26834f51ba2b466a3b3a349656,18503,35,Fubini,unresolved person or eponym; contextual source use not established
14_CURRENT_KERNEL_AND_MULTIPLICITY_PROOFS.tex,9926c5b5670777548f15f3fd626a4237d2c10a26834f51ba2b466a3b3a349656,18568,44,Euler,unresolved person or eponym; contextual source use not established
14_CURRENT_KERNEL_AND_MULTIPLICITY_PROOFS.tex,9926c5b5670777548f15f3fd626a4237d2c10a26834f51ba2b466a3b3a349656,18614,45,Cauchy,unresolved person or eponym; contextual source use not established
14_CURRENT_KERNEL_AND_MULTIPLICITY_PROOFS.tex,9926c5b5670777548f15f3fd626a4237d2c10a26834f51ba2b466a3b3a349656,18633,1,Fourier,unresolved person or eponym; contextual source use not established
14_CURRENT_KERNEL_AND_MULTIPLICITY_PROOFS.tex,9926c5b5670777548f15f3fd626a4237d2c10a26834f51ba2b466a3b3a349656,18657,20,Euler,unresolved person or eponym; contextual source use not established
14_CURRENT_KERNEL_AND_MULTIPLICITY_PROOFS.tex,9926c5b5670777548f15f3fd626a4237d2c10a26834f51ba2b466a3b3a349656,19137,26,Hilbert,unresolved person or eponym; contextual source use not established
14_CURRENT_KERNEL_AND_MULTIPLICITY_PROOFS.tex,9926c5b5670777548f15f3fd626a4237d2c10a26834f51ba2b466a3b3a349656,19143,14,Cauchy,unresolved person or eponym; contextual source use not established
14_CURRENT_KERNEL_AND_MULTIPLICITY_PROOFS.tex,9926c5b5670777548f15f3fd626a4237d2c10a26834f51ba2b466a3b3a349656,19143,22,Binet,unresolved person or eponym; contextual source use not established
14_CURRENT_KERNEL_AND_MULTIPLICITY_PROOFS.tex,9926c5b5670777548f15f3fd626a4237d2c10a26834f51ba2b466a3b3a349656,19184,1,Gram,unresolved person or eponym; contextual source use not established
14_CURRENT_KERNEL_AND_MULTIPLICITY_PROOFS.tex,9926c5b5670777548f15f3fd626a4237d2c10a26834f51ba2b466a3b3a349656,19373,36,Vandermonde,unresolved person or eponym; contextual source use not established
14_CURRENT_KERNEL_AND_MULTIPLICITY_PROOFS.tex,9926c5b5670777548f15f3fd626a4237d2c10a26834f51ba2b466a3b3a349656,19412,30,Gram,unresolved person or eponym; contextual source use not established
14_CURRENT_KERNEL_AND_MULTIPLICITY_PROOFS.tex,9926c5b5670777548f15f3fd626a4237d2c10a26834f51ba2b466a3b3a349656,19487,43,Gram,unresolved person or eponym; contextual source use not established
14_CURRENT_KERNEL_AND_MULTIPLICITY_PROOFS.tex,9926c5b5670777548f15f3fd626a4237d2c10a26834f51ba2b466a3b3a349656,19505,1,Schur,unresolved person or eponym; contextual source use not established
14_CURRENT_KERNEL_AND_MULTIPLICITY_PROOFS.tex,9926c5b5670777548f15f3fd626a4237d2c10a26834f51ba2b466a3b3a349656,19533,17,Gram,unresolved person or eponym; contextual source use not established
14_CURRENT_KERNEL_AND_MULTIPLICITY_PROOFS.tex,9926c5b5670777548f15f3fd626a4237d2c10a26834f51ba2b466a3b3a349656,19540,14,Schur,unresolved person or eponym; contextual source use not established
14_CURRENT_KERNEL_AND_MULTIPLICITY_PROOFS.tex,9926c5b5670777548f15f3fd626a4237d2c10a26834f51ba2b466a3b3a349656,19640,11,Taylor,unresolved person or eponym; contextual source use not established
14_CURRENT_KERNEL_AND_MULTIPLICITY_PROOFS.tex,9926c5b5670777548f15f3fd626a4237d2c10a26834f51ba2b466a3b3a349656,19642,21,Leibniz,unresolved person or eponym; contextual source use not established
14_CURRENT_KERNEL_AND_MULTIPLICITY_PROOFS.tex,9926c5b5670777548f15f3fd626a4237d2c10a26834f51ba2b466a3b3a349656,19645,26,Vandermonde,unresolved person or eponym; contextual source use not established
14_CURRENT_KERNEL_AND_MULTIPLICITY_PROOFS.tex,9926c5b5670777548f15f3fd626a4237d2c10a26834f51ba2b466a3b3a349656,19652,22,Schur,unresolved person or eponym; contextual source use not established
14_CURRENT_KERNEL_AND_MULTIPLICITY_PROOFS.tex,9926c5b5670777548f15f3fd626a4237d2c10a26834f51ba2b466a3b3a349656,19969,15,Hilbert,unresolved person or eponym; contextual source use not established
14_CURRENT_KERNEL_AND_MULTIPLICITY_PROOFS.tex,9926c5b5670777548f15f3fd626a4237d2c10a26834f51ba2b466a3b3a349656,19993,53,Gram,unresolved person or eponym; contextual source use not established
14_CURRENT_KERNEL_AND_MULTIPLICITY_PROOFS.tex,9926c5b5670777548f15f3fd626a4237d2c10a26834f51ba2b466a3b3a349656,19994,31,Schur,unresolved person or eponym; contextual source use not established
14_CURRENT_KERNEL_AND_MULTIPLICITY_PROOFS.tex,9926c5b5670777548f15f3fd626a4237d2c10a26834f51ba2b466a3b3a349656,19995,19,Gram,unresolved person or eponym; contextual source use not established
14_CURRENT_KERNEL_AND_MULTIPLICITY_PROOFS.tex,9926c5b5670777548f15f3fd626a4237d2c10a26834f51ba2b466a3b3a349656,19996,20,Gaussian,unresolved person or eponym; contextual source use not established
14_CURRENT_KERNEL_AND_MULTIPLICITY_PROOFS.tex,9926c5b5670777548f15f3fd626a4237d2c10a26834f51ba2b466a3b3a349656,20075,1,Gram,unresolved person or eponym; contextual source use not established
14_CURRENT_KERNEL_AND_MULTIPLICITY_PROOFS.tex,9926c5b5670777548f15f3fd626a4237d2c10a26834f51ba2b466a3b3a349656,20081,55,Gram,unresolved person or eponym; contextual source use not established
14_CURRENT_KERNEL_AND_MULTIPLICITY_PROOFS.tex,9926c5b5670777548f15f3fd626a4237d2c10a26834f51ba2b466a3b3a349656,20146,24,Gram,unresolved person or eponym; contextual source use not established
14_CURRENT_KERNEL_AND_MULTIPLICITY_PROOFS.tex,9926c5b5670777548f15f3fd626a4237d2c10a26834f51ba2b466a3b3a349656,20178,17,Cauchy,unresolved person or eponym; contextual source use not established
14_CURRENT_KERNEL_AND_MULTIPLICITY_PROOFS.tex,9926c5b5670777548f15f3fd626a4237d2c10a26834f51ba2b466a3b3a349656,20182,46,Cauchy,unresolved person or eponym; contextual source use not established
14_CURRENT_KERNEL_AND_MULTIPLICITY_PROOFS.tex,9926c5b5670777548f15f3fd626a4237d2c10a26834f51ba2b466a3b3a349656,20358,10,Gram,unresolved person or eponym; contextual source use not established
14_CURRENT_KERNEL_AND_MULTIPLICITY_PROOFS.tex,9926c5b5670777548f15f3fd626a4237d2c10a26834f51ba2b466a3b3a349656,20460,35,Vandermonde,unresolved person or eponym; contextual source use not established
14_CURRENT_KERNEL_AND_MULTIPLICITY_PROOFS.tex,9926c5b5670777548f15f3fd626a4237d2c10a26834f51ba2b466a3b3a349656,20472,5,Vandermonde,unresolved person or eponym; contextual source use not established
14_CURRENT_KERNEL_AND_MULTIPLICITY_PROOFS.tex,9926c5b5670777548f15f3fd626a4237d2c10a26834f51ba2b466a3b3a349656,20523,10,Gram,unresolved person or eponym; contextual source use not established
14_CURRENT_KERNEL_AND_MULTIPLICITY_PROOFS.tex,9926c5b5670777548f15f3fd626a4237d2c10a26834f51ba2b466a3b3a349656,20529,5,Gram,unresolved person or eponym; contextual source use not established
14_CURRENT_KERNEL_AND_MULTIPLICITY_PROOFS.tex,9926c5b5670777548f15f3fd626a4237d2c10a26834f51ba2b466a3b3a349656,20565,5,Hilbert,unresolved person or eponym; contextual source use not established
14_CURRENT_KERNEL_AND_MULTIPLICITY_PROOFS.tex,9926c5b5670777548f15f3fd626a4237d2c10a26834f51ba2b466a3b3a349656,20567,36,Hilbert,unresolved person or eponym; contextual source use not established
14_CURRENT_KERNEL_AND_MULTIPLICITY_PROOFS.tex,9926c5b5670777548f15f3fd626a4237d2c10a26834f51ba2b466a3b3a349656,20580,33,Vandermonde,unresolved person or eponym; contextual source use not established
14_CURRENT_KERNEL_AND_MULTIPLICITY_PROOFS.tex,9926c5b5670777548f15f3fd626a4237d2c10a26834f51ba2b466a3b3a349656,20602,48,Vandermonde,unresolved person or eponym; contextual source use not established
14_CURRENT_KERNEL_AND_MULTIPLICITY_PROOFS.tex,9926c5b5670777548f15f3fd626a4237d2c10a26834f51ba2b466a3b3a349656,20617,16,Gram,unresolved person or eponym; contextual source use not established
14_CURRENT_KERNEL_AND_MULTIPLICITY_PROOFS.tex,9926c5b5670777548f15f3fd626a4237d2c10a26834f51ba2b466a3b3a349656,20621,12,Riesz,unresolved person or eponym; contextual source use not established
14_CURRENT_KERNEL_AND_MULTIPLICITY_PROOFS.tex,9926c5b5670777548f15f3fd626a4237d2c10a26834f51ba2b466a3b3a349656,20642,1,Schur,unresolved person or eponym; contextual source use not established
14_CURRENT_KERNEL_AND_MULTIPLICITY_PROOFS.tex,9926c5b5670777548f15f3fd626a4237d2c10a26834f51ba2b466a3b3a349656,20654,57,Gram,unresolved person or eponym; contextual source use not established
14_CURRENT_KERNEL_AND_MULTIPLICITY_PROOFS.tex,9926c5b5670777548f15f3fd626a4237d2c10a26834f51ba2b466a3b3a349656,20699,1,Cauchy,unresolved person or eponym; contextual source use not established
14_CURRENT_KERNEL_AND_MULTIPLICITY_PROOFS.tex,9926c5b5670777548f15f3fd626a4237d2c10a26834f51ba2b466a3b3a349656,20721,48,Gram,unresolved person or eponym; contextual source use not established
14_CURRENT_KERNEL_AND_MULTIPLICITY_PROOFS.tex,9926c5b5670777548f15f3fd626a4237d2c10a26834f51ba2b466a3b3a349656,20776,28,Vandermonde,unresolved person or eponym; contextual source use not established
14_CURRENT_KERNEL_AND_MULTIPLICITY_PROOFS.tex,9926c5b5670777548f15f3fd626a4237d2c10a26834f51ba2b466a3b3a349656,20842,1,Taylor,unresolved person or eponym; contextual source use not established
14_CURRENT_KERNEL_AND_MULTIPLICITY_PROOFS.tex,9926c5b5670777548f15f3fd626a4237d2c10a26834f51ba2b466a3b3a349656,20918,1,Cauchy,unresolved person or eponym; contextual source use not established
14_CURRENT_KERNEL_AND_MULTIPLICITY_PROOFS.tex,9926c5b5670777548f15f3fd626a4237d2c10a26834f51ba2b466a3b3a349656,21216,61,Gram,unresolved person or eponym; contextual source use not established
14_CURRENT_KERNEL_AND_MULTIPLICITY_PROOFS.tex,9926c5b5670777548f15f3fd626a4237d2c10a26834f51ba2b466a3b3a349656,21217,1,Schur,unresolved person or eponym; contextual source use not established
14_CURRENT_KERNEL_AND_MULTIPLICITY_PROOFS.tex,9926c5b5670777548f15f3fd626a4237d2c10a26834f51ba2b466a3b3a349656,21331,37,Gram,unresolved person or eponym; contextual source use not established
14_CURRENT_KERNEL_AND_MULTIPLICITY_PROOFS.tex,9926c5b5670777548f15f3fd626a4237d2c10a26834f51ba2b466a3b3a349656,21482,25,Vandermonde,unresolved person or eponym; contextual source use not established
14_CURRENT_KERNEL_AND_MULTIPLICITY_PROOFS.tex,9926c5b5670777548f15f3fd626a4237d2c10a26834f51ba2b466a3b3a349656,21524,12,Gaussian,unresolved person or eponym; contextual source use not established
14_CURRENT_KERNEL_AND_MULTIPLICITY_PROOFS.tex,9926c5b5670777548f15f3fd626a4237d2c10a26834f51ba2b466a3b3a349656,22187,49,Taylor,unresolved person or eponym; contextual source use not established
14_CURRENT_KERNEL_AND_MULTIPLICITY_PROOFS.tex,9926c5b5670777548f15f3fd626a4237d2c10a26834f51ba2b466a3b3a349656,22227,1,Taylor,unresolved person or eponym; contextual source use not established
14_CURRENT_KERNEL_AND_MULTIPLICITY_PROOFS.tex,9926c5b5670777548f15f3fd626a4237d2c10a26834f51ba2b466a3b3a349656,22301,11,Taylor,unresolved person or eponym; contextual source use not established
14_CURRENT_KERNEL_AND_MULTIPLICITY_PROOFS.tex,9926c5b5670777548f15f3fd626a4237d2c10a26834f51ba2b466a3b3a349656,22382,36,Gram,unresolved person or eponym; contextual source use not established
14_CURRENT_KERNEL_AND_MULTIPLICITY_PROOFS.tex,9926c5b5670777548f15f3fd626a4237d2c10a26834f51ba2b466a3b3a349656,22476,40,Taylor,unresolved person or eponym; contextual source use not established
14_CURRENT_KERNEL_AND_MULTIPLICITY_PROOFS.tex,9926c5b5670777548f15f3fd626a4237d2c10a26834f51ba2b466a3b3a349656,22478,44,Cauchy,unresolved person or eponym; contextual source use not established
14_CURRENT_KERNEL_AND_MULTIPLICITY_PROOFS.tex,9926c5b5670777548f15f3fd626a4237d2c10a26834f51ba2b466a3b3a349656,22594,45,Gram,unresolved person or eponym; contextual source use not established
14_CURRENT_KERNEL_AND_MULTIPLICITY_PROOFS.tex,9926c5b5670777548f15f3fd626a4237d2c10a26834f51ba2b466a3b3a349656,22595,39,Schur,unresolved person or eponym; contextual source use not established
14_CURRENT_KERNEL_AND_MULTIPLICITY_PROOFS.tex,9926c5b5670777548f15f3fd626a4237d2c10a26834f51ba2b466a3b3a349656,22654,1,Schur,unresolved person or eponym; contextual source use not established
14_CURRENT_KERNEL_AND_MULTIPLICITY_PROOFS.tex,9926c5b5670777548f15f3fd626a4237d2c10a26834f51ba2b466a3b3a349656,22710,13,Schur,unresolved person or eponym; contextual source use not established
14_CURRENT_KERNEL_AND_MULTIPLICITY_PROOFS.tex,9926c5b5670777548f15f3fd626a4237d2c10a26834f51ba2b466a3b3a349656,22848,10,Vandermonde,unresolved person or eponym; contextual source use not established
14_CURRENT_KERNEL_AND_MULTIPLICITY_PROOFS.tex,9926c5b5670777548f15f3fd626a4237d2c10a26834f51ba2b466a3b3a349656,22958,30,Vandermonde,unresolved person or eponym; contextual source use not established
14_CURRENT_KERNEL_AND_MULTIPLICITY_PROOFS.tex,9926c5b5670777548f15f3fd626a4237d2c10a26834f51ba2b466a3b3a349656,22971,20,Jacobi,unresolved person or eponym; contextual source use not established
14_CURRENT_KERNEL_AND_MULTIPLICITY_PROOFS.tex,9926c5b5670777548f15f3fd626a4237d2c10a26834f51ba2b466a3b3a349656,22981,8,Jacobi,unresolved person or eponym; contextual source use not established
14_CURRENT_KERNEL_AND_MULTIPLICITY_PROOFS.tex,9926c5b5670777548f15f3fd626a4237d2c10a26834f51ba2b466a3b3a349656,23001,1,Leibniz,unresolved person or eponym; contextual source use not established
14_CURRENT_KERNEL_AND_MULTIPLICITY_PROOFS.tex,9926c5b5670777548f15f3fd626a4237d2c10a26834f51ba2b466a3b3a349656,23009,25,Vandermonde,unresolved person or eponym; contextual source use not established
14_CURRENT_KERNEL_AND_MULTIPLICITY_PROOFS.tex,9926c5b5670777548f15f3fd626a4237d2c10a26834f51ba2b466a3b3a349656,23027,38,Taylor,unresolved person or eponym; contextual source use not established
14_CURRENT_KERNEL_AND_MULTIPLICITY_PROOFS.tex,9926c5b5670777548f15f3fd626a4237d2c10a26834f51ba2b466a3b3a349656,23050,44,Vandermonde,unresolved person or eponym; contextual source use not established
14_CURRENT_KERNEL_AND_MULTIPLICITY_PROOFS.tex,9926c5b5670777548f15f3fd626a4237d2c10a26834f51ba2b466a3b3a349656,23139,49,Gaussian,unresolved person or eponym; contextual source use not established
14_CURRENT_KERNEL_AND_MULTIPLICITY_PROOFS.tex,9926c5b5670777548f15f3fd626a4237d2c10a26834f51ba2b466a3b3a349656,23142,8,Schur,unresolved person or eponym; contextual source use not established
14_CURRENT_KERNEL_AND_MULTIPLICITY_PROOFS.tex,9926c5b5670777548f15f3fd626a4237d2c10a26834f51ba2b466a3b3a349656,23143,16,Schur,unresolved person or eponym; contextual source use not established
14_CURRENT_KERNEL_AND_MULTIPLICITY_PROOFS.tex,9926c5b5670777548f15f3fd626a4237d2c10a26834f51ba2b466a3b3a349656,23151,51,Gram,unresolved person or eponym; contextual source use not established
14_CURRENT_KERNEL_AND_MULTIPLICITY_PROOFS.tex,9926c5b5670777548f15f3fd626a4237d2c10a26834f51ba2b466a3b3a349656,23152,26,Schur,unresolved person or eponym; contextual source use not established
14_CURRENT_KERNEL_AND_MULTIPLICITY_PROOFS.tex,9926c5b5670777548f15f3fd626a4237d2c10a26834f51ba2b466a3b3a349656,23163,47,Vandermonde,unresolved person or eponym; contextual source use not established
14_CURRENT_KERNEL_AND_MULTIPLICITY_PROOFS.tex,9926c5b5670777548f15f3fd626a4237d2c10a26834f51ba2b466a3b3a349656,23165,41,Gram,unresolved person or eponym; contextual source use not established
14_CURRENT_KERNEL_AND_MULTIPLICITY_PROOFS.tex,9926c5b5670777548f15f3fd626a4237d2c10a26834f51ba2b466a3b3a349656,23188,1,Gram,unresolved person or eponym; contextual source use not established
14_CURRENT_KERNEL_AND_MULTIPLICITY_PROOFS.tex,9926c5b5670777548f15f3fd626a4237d2c10a26834f51ba2b466a3b3a349656,23190,19,Schur,unresolved person or eponym; contextual source use not established
14_CURRENT_KERNEL_AND_MULTIPLICITY_PROOFS.tex,9926c5b5670777548f15f3fd626a4237d2c10a26834f51ba2b466a3b3a349656,23195,57,Gram,unresolved person or eponym; contextual source use not established
14_CURRENT_KERNEL_AND_MULTIPLICITY_PROOFS.tex,9926c5b5670777548f15f3fd626a4237d2c10a26834f51ba2b466a3b3a349656,23236,37,Taylor,unresolved person or eponym; contextual source use not established
14_CURRENT_KERNEL_AND_MULTIPLICITY_PROOFS.tex,9926c5b5670777548f15f3fd626a4237d2c10a26834f51ba2b466a3b3a349656,23241,24,Taylor,unresolved person or eponym; contextual source use not established
14_CURRENT_KERNEL_AND_MULTIPLICITY_PROOFS.tex,9926c5b5670777548f15f3fd626a4237d2c10a26834f51ba2b466a3b3a349656,23244,41,Jacobi,unresolved person or eponym; contextual source use not established
14_CURRENT_KERNEL_AND_MULTIPLICITY_PROOFS.tex,9926c5b5670777548f15f3fd626a4237d2c10a26834f51ba2b466a3b3a349656,23250,41,Hilbert,unresolved person or eponym; contextual source use not established
14_CURRENT_KERNEL_AND_MULTIPLICITY_PROOFS.tex,9926c5b5670777548f15f3fd626a4237d2c10a26834f51ba2b466a3b3a349656,23313,50,Vandermonde,unresolved person or eponym; contextual source use not established
14_CURRENT_KERNEL_AND_MULTIPLICITY_PROOFS.tex,9926c5b5670777548f15f3fd626a4237d2c10a26834f51ba2b466a3b3a349656,23314,50,Vandermonde,unresolved person or eponym; contextual source use not established
14_CURRENT_KERNEL_AND_MULTIPLICITY_PROOFS.tex,9926c5b5670777548f15f3fd626a4237d2c10a26834f51ba2b466a3b3a349656,23327,14,Vandermonde,unresolved person or eponym; contextual source use not established
14_CURRENT_KERNEL_AND_MULTIPLICITY_PROOFS.tex,9926c5b5670777548f15f3fd626a4237d2c10a26834f51ba2b466a3b3a349656,23351,43,Gram,unresolved person or eponym; contextual source use not established
14_CURRENT_KERNEL_AND_MULTIPLICITY_PROOFS.tex,9926c5b5670777548f15f3fd626a4237d2c10a26834f51ba2b466a3b3a349656,23353,14,Gram,unresolved person or eponym; contextual source use not established
14_CURRENT_KERNEL_AND_MULTIPLICITY_PROOFS.tex,9926c5b5670777548f15f3fd626a4237d2c10a26834f51ba2b466a3b3a349656,23382,57,Jacobi,unresolved person or eponym; contextual source use not established
14_CURRENT_KERNEL_AND_MULTIPLICITY_PROOFS.tex,9926c5b5670777548f15f3fd626a4237d2c10a26834f51ba2b466a3b3a349656,23385,1,Hadamard,unresolved person or eponym; contextual source use not established
14_CURRENT_KERNEL_AND_MULTIPLICITY_PROOFS.tex,9926c5b5670777548f15f3fd626a4237d2c10a26834f51ba2b466a3b3a349656,23385,12,Gram,unresolved person or eponym; contextual source use not established
14_CURRENT_KERNEL_AND_MULTIPLICITY_PROOFS.tex,9926c5b5670777548f15f3fd626a4237d2c10a26834f51ba2b466a3b3a349656,23398,38,Euler,unresolved person or eponym; contextual source use not established
14_CURRENT_KERNEL_AND_MULTIPLICITY_PROOFS.tex,9926c5b5670777548f15f3fd626a4237d2c10a26834f51ba2b466a3b3a349656,23419,23,Gram,unresolved person or eponym; contextual source use not established
14_CURRENT_KERNEL_AND_MULTIPLICITY_PROOFS.tex,9926c5b5670777548f15f3fd626a4237d2c10a26834f51ba2b466a3b3a349656,23420,22,Gram,unresolved person or eponym; contextual source use not established
14_CURRENT_KERNEL_AND_MULTIPLICITY_PROOFS.tex,9926c5b5670777548f15f3fd626a4237d2c10a26834f51ba2b466a3b3a349656,23424,19,Rodrigues,unresolved person or eponym; contextual source use not established
14_CURRENT_KERNEL_AND_MULTIPLICITY_PROOFS.tex,9926c5b5670777548f15f3fd626a4237d2c10a26834f51ba2b466a3b3a349656,23434,45,Gram,unresolved person or eponym; contextual source use not established
14_CURRENT_KERNEL_AND_MULTIPLICITY_PROOFS.tex,9926c5b5670777548f15f3fd626a4237d2c10a26834f51ba2b466a3b3a349656,23466,1,Cauchy,unresolved person or eponym; contextual source use not established
14_CURRENT_KERNEL_AND_MULTIPLICITY_PROOFS.tex,9926c5b5670777548f15f3fd626a4237d2c10a26834f51ba2b466a3b3a349656,23466,9,Binet,unresolved person or eponym; contextual source use not established
14_CURRENT_KERNEL_AND_MULTIPLICITY_PROOFS.tex,9926c5b5670777548f15f3fd626a4237d2c10a26834f51ba2b466a3b3a349656,23475,24,Hadamard,unresolved person or eponym; contextual source use not established
14_CURRENT_KERNEL_AND_MULTIPLICITY_PROOFS.tex,9926c5b5670777548f15f3fd626a4237d2c10a26834f51ba2b466a3b3a349656,23478,19,Cauchy,unresolved person or eponym; contextual source use not established
14_CURRENT_KERNEL_AND_MULTIPLICITY_PROOFS.tex,9926c5b5670777548f15f3fd626a4237d2c10a26834f51ba2b466a3b3a349656,23478,27,Binet,unresolved person or eponym; contextual source use not established
14_CURRENT_KERNEL_AND_MULTIPLICITY_PROOFS.tex,9926c5b5670777548f15f3fd626a4237d2c10a26834f51ba2b466a3b3a349656,23478,44,Vandermonde,unresolved person or eponym; contextual source use not established
14_CURRENT_KERNEL_AND_MULTIPLICITY_PROOFS.tex,9926c5b5670777548f15f3fd626a4237d2c10a26834f51ba2b466a3b3a349656,23539,6,Gram,unresolved person or eponym; contextual source use not established
14_CURRENT_KERNEL_AND_MULTIPLICITY_PROOFS.tex,9926c5b5670777548f15f3fd626a4237d2c10a26834f51ba2b466a3b3a349656,23541,44,Schur,unresolved person or eponym; contextual source use not established
14_CURRENT_KERNEL_AND_MULTIPLICITY_PROOFS.tex,9926c5b5670777548f15f3fd626a4237d2c10a26834f51ba2b466a3b3a349656,23616,51,Vandermonde,unresolved person or eponym; contextual source use not established
14_CURRENT_KERNEL_AND_MULTIPLICITY_PROOFS.tex,9926c5b5670777548f15f3fd626a4237d2c10a26834f51ba2b466a3b3a349656,23618,49,Leibniz,unresolved person or eponym; contextual source use not established
14_CURRENT_KERNEL_AND_MULTIPLICITY_PROOFS.tex,9926c5b5670777548f15f3fd626a4237d2c10a26834f51ba2b466a3b3a349656,23683,39,Gram,unresolved person or eponym; contextual source use not established
14_CURRENT_KERNEL_AND_MULTIPLICITY_PROOFS.tex,9926c5b5670777548f15f3fd626a4237d2c10a26834f51ba2b466a3b3a349656,23687,1,Schur,unresolved person or eponym; contextual source use not established
14_CURRENT_KERNEL_AND_MULTIPLICITY_PROOFS.tex,9926c5b5670777548f15f3fd626a4237d2c10a26834f51ba2b466a3b3a349656,23700,30,Gram,unresolved person or eponym; contextual source use not established
14_CURRENT_KERNEL_AND_MULTIPLICITY_PROOFS.tex,9926c5b5670777548f15f3fd626a4237d2c10a26834f51ba2b466a3b3a349656,23817,8,Taylor,unresolved person or eponym; contextual source use not established
14_CURRENT_KERNEL_AND_MULTIPLICITY_PROOFS.tex,9926c5b5670777548f15f3fd626a4237d2c10a26834f51ba2b466a3b3a349656,23838,1,Vandermonde,unresolved person or eponym; contextual source use not established
14_CURRENT_KERNEL_AND_MULTIPLICITY_PROOFS.tex,9926c5b5670777548f15f3fd626a4237d2c10a26834f51ba2b466a3b3a349656,23875,18,Gram,unresolved person or eponym; contextual source use not established
14_CURRENT_KERNEL_AND_MULTIPLICITY_PROOFS.tex,9926c5b5670777548f15f3fd626a4237d2c10a26834f51ba2b466a3b3a349656,24011,52,Gram,unresolved person or eponym; contextual source use not established
14_CURRENT_KERNEL_AND_MULTIPLICITY_PROOFS.tex,9926c5b5670777548f15f3fd626a4237d2c10a26834f51ba2b466a3b3a349656,24014,22,Gram,unresolved person or eponym; contextual source use not established
14_CURRENT_KERNEL_AND_MULTIPLICITY_PROOFS.tex,9926c5b5670777548f15f3fd626a4237d2c10a26834f51ba2b466a3b3a349656,24054,22,Gram,unresolved person or eponym; contextual source use not established
14_CURRENT_KERNEL_AND_MULTIPLICITY_PROOFS.tex,9926c5b5670777548f15f3fd626a4237d2c10a26834f51ba2b466a3b3a349656,24174,20,Schur,unresolved person or eponym; contextual source use not established
14_CURRENT_KERNEL_AND_MULTIPLICITY_PROOFS.tex,9926c5b5670777548f15f3fd626a4237d2c10a26834f51ba2b466a3b3a349656,24219,15,Vandermonde,unresolved person or eponym; contextual source use not established
14_CURRENT_KERNEL_AND_MULTIPLICITY_PROOFS.tex,9926c5b5670777548f15f3fd626a4237d2c10a26834f51ba2b466a3b3a349656,24281,35,Gram,unresolved person or eponym; contextual source use not established
14_CURRENT_KERNEL_AND_MULTIPLICITY_PROOFS.tex,9926c5b5670777548f15f3fd626a4237d2c10a26834f51ba2b466a3b3a349656,24327,57,Gram,unresolved person or eponym; contextual source use not established
14_CURRENT_KERNEL_AND_MULTIPLICITY_PROOFS.tex,9926c5b5670777548f15f3fd626a4237d2c10a26834f51ba2b466a3b3a349656,24458,11,Gram,unresolved person or eponym; contextual source use not established
14_CURRENT_KERNEL_AND_MULTIPLICITY_PROOFS.tex,9926c5b5670777548f15f3fd626a4237d2c10a26834f51ba2b466a3b3a349656,24460,28,Gram,unresolved person or eponym; contextual source use not established
14_CURRENT_KERNEL_AND_MULTIPLICITY_PROOFS.tex,9926c5b5670777548f15f3fd626a4237d2c10a26834f51ba2b466a3b3a349656,24687,42,Schur,unresolved person or eponym; contextual source use not established
14_CURRENT_KERNEL_AND_MULTIPLICITY_PROOFS.tex,9926c5b5670777548f15f3fd626a4237d2c10a26834f51ba2b466a3b3a349656,24870,39,Cauchy,unresolved person or eponym; contextual source use not established
14_CURRENT_KERNEL_AND_MULTIPLICITY_PROOFS.tex,9926c5b5670777548f15f3fd626a4237d2c10a26834f51ba2b466a3b3a349656,24870,47,Schwarz,unresolved person or eponym; contextual source use not established
14_CURRENT_KERNEL_AND_MULTIPLICITY_PROOFS.tex,9926c5b5670777548f15f3fd626a4237d2c10a26834f51ba2b466a3b3a349656,24907,40,Schur,unresolved person or eponym; contextual source use not established
14_CURRENT_KERNEL_AND_MULTIPLICITY_PROOFS.tex,9926c5b5670777548f15f3fd626a4237d2c10a26834f51ba2b466a3b3a349656,25023,1,Rodrigues,unresolved person or eponym; contextual source use not established
14_CURRENT_KERNEL_AND_MULTIPLICITY_PROOFS.tex,9926c5b5670777548f15f3fd626a4237d2c10a26834f51ba2b466a3b3a349656,25178,32,Euler,unresolved person or eponym; contextual source use not established
14_CURRENT_KERNEL_AND_MULTIPLICITY_PROOFS.tex,9926c5b5670777548f15f3fd626a4237d2c10a26834f51ba2b466a3b3a349656,25304,1,Schur,unresolved person or eponym; contextual source use not established
14_CURRENT_KERNEL_AND_MULTIPLICITY_PROOFS.tex,9926c5b5670777548f15f3fd626a4237d2c10a26834f51ba2b466a3b3a349656,25400,1,Rodrigues,unresolved person or eponym; contextual source use not established
14_CURRENT_KERNEL_AND_MULTIPLICITY_PROOFS.tex,9926c5b5670777548f15f3fd626a4237d2c10a26834f51ba2b466a3b3a349656,25417,1,Rodrigues,unresolved person or eponym; contextual source use not established
14_CURRENT_KERNEL_AND_MULTIPLICITY_PROOFS.tex,9926c5b5670777548f15f3fd626a4237d2c10a26834f51ba2b466a3b3a349656,25441,31,Rodrigues,unresolved person or eponym; contextual source use not established
14_CURRENT_KERNEL_AND_MULTIPLICITY_PROOFS.tex,9926c5b5670777548f15f3fd626a4237d2c10a26834f51ba2b466a3b3a349656,25527,7,Gram,unresolved person or eponym; contextual source use not established
14_CURRENT_KERNEL_AND_MULTIPLICITY_PROOFS.tex,9926c5b5670777548f15f3fd626a4237d2c10a26834f51ba2b466a3b3a349656,25527,40,Gaussian,unresolved person or eponym; contextual source use not established
14_CURRENT_KERNEL_AND_MULTIPLICITY_PROOFS.tex,9926c5b5670777548f15f3fd626a4237d2c10a26834f51ba2b466a3b3a349656,25528,38,Gram,unresolved person or eponym; contextual source use not established
14_CURRENT_KERNEL_AND_MULTIPLICITY_PROOFS.tex,9926c5b5670777548f15f3fd626a4237d2c10a26834f51ba2b466a3b3a349656,25539,21,Gram,unresolved person or eponym; contextual source use not established
14_CURRENT_KERNEL_AND_MULTIPLICITY_PROOFS.tex,9926c5b5670777548f15f3fd626a4237d2c10a26834f51ba2b466a3b3a349656,25541,1,Schur,unresolved person or eponym; contextual source use not established
14_CURRENT_KERNEL_AND_MULTIPLICITY_PROOFS.tex,9926c5b5670777548f15f3fd626a4237d2c10a26834f51ba2b466a3b3a349656,25542,36,Gram,unresolved person or eponym; contextual source use not established
14_CURRENT_KERNEL_AND_MULTIPLICITY_PROOFS.tex,9926c5b5670777548f15f3fd626a4237d2c10a26834f51ba2b466a3b3a349656,25571,1,Cauchy,unresolved person or eponym; contextual source use not established
14_CURRENT_KERNEL_AND_MULTIPLICITY_PROOFS.tex,9926c5b5670777548f15f3fd626a4237d2c10a26834f51ba2b466a3b3a349656,25571,9,Binet,unresolved person or eponym; contextual source use not established
14_CURRENT_KERNEL_AND_MULTIPLICITY_PROOFS.tex,9926c5b5670777548f15f3fd626a4237d2c10a26834f51ba2b466a3b3a349656,25719,62,Gram,unresolved person or eponym; contextual source use not established
14_CURRENT_KERNEL_AND_MULTIPLICITY_PROOFS.tex,9926c5b5670777548f15f3fd626a4237d2c10a26834f51ba2b466a3b3a349656,25736,5,Gram,unresolved person or eponym; contextual source use not established
14_CURRENT_KERNEL_AND_MULTIPLICITY_PROOFS.tex,9926c5b5670777548f15f3fd626a4237d2c10a26834f51ba2b466a3b3a349656,25768,31,Cauchy,unresolved person or eponym; contextual source use not established
14_CURRENT_KERNEL_AND_MULTIPLICITY_PROOFS.tex,9926c5b5670777548f15f3fd626a4237d2c10a26834f51ba2b466a3b3a349656,25768,39,Schwarz,unresolved person or eponym; contextual source use not established
14_CURRENT_KERNEL_AND_MULTIPLICITY_PROOFS.tex,9926c5b5670777548f15f3fd626a4237d2c10a26834f51ba2b466a3b3a349656,25784,16,Cauchy,unresolved person or eponym; contextual source use not established
14_CURRENT_KERNEL_AND_MULTIPLICITY_PROOFS.tex,9926c5b5670777548f15f3fd626a4237d2c10a26834f51ba2b466a3b3a349656,25784,24,Binet,unresolved person or eponym; contextual source use not established
14_CURRENT_KERNEL_AND_MULTIPLICITY_PROOFS.tex,9926c5b5670777548f15f3fd626a4237d2c10a26834f51ba2b466a3b3a349656,25787,17,Gram,unresolved person or eponym; contextual source use not established
14_CURRENT_KERNEL_AND_MULTIPLICITY_PROOFS.tex,9926c5b5670777548f15f3fd626a4237d2c10a26834f51ba2b466a3b3a349656,25792,36,Schur,unresolved person or eponym; contextual source use not established
14_CURRENT_KERNEL_AND_MULTIPLICITY_PROOFS.tex,9926c5b5670777548f15f3fd626a4237d2c10a26834f51ba2b466a3b3a349656,25855,18,Gram,unresolved person or eponym; contextual source use not established
14_CURRENT_KERNEL_AND_MULTIPLICITY_PROOFS.tex,9926c5b5670777548f15f3fd626a4237d2c10a26834f51ba2b466a3b3a349656,26105,58,Gram,unresolved person or eponym; contextual source use not established
14_CURRENT_KERNEL_AND_MULTIPLICITY_PROOFS.tex,9926c5b5670777548f15f3fd626a4237d2c10a26834f51ba2b466a3b3a349656,26437,35,Gram,unresolved person or eponym; contextual source use not established
14_CURRENT_KERNEL_AND_MULTIPLICITY_PROOFS.tex,9926c5b5670777548f15f3fd626a4237d2c10a26834f51ba2b466a3b3a349656,26467,34,Gram,unresolved person or eponym; contextual source use not established
14_CURRENT_KERNEL_AND_MULTIPLICITY_PROOFS.tex,9926c5b5670777548f15f3fd626a4237d2c10a26834f51ba2b466a3b3a349656,26554,19,Gram,unresolved person or eponym; contextual source use not established
14_CURRENT_KERNEL_AND_MULTIPLICITY_PROOFS.tex,9926c5b5670777548f15f3fd626a4237d2c10a26834f51ba2b466a3b3a349656,26570,45,Gram,unresolved person or eponym; contextual source use not established
14_CURRENT_KERNEL_AND_MULTIPLICITY_PROOFS.tex,9926c5b5670777548f15f3fd626a4237d2c10a26834f51ba2b466a3b3a349656,26830,59,Gram,unresolved person or eponym; contextual source use not established
14_CURRENT_KERNEL_AND_MULTIPLICITY_PROOFS.tex,9926c5b5670777548f15f3fd626a4237d2c10a26834f51ba2b466a3b3a349656,26832,43,Schur,unresolved person or eponym; contextual source use not established
14_CURRENT_KERNEL_AND_MULTIPLICITY_PROOFS.tex,9926c5b5670777548f15f3fd626a4237d2c10a26834f51ba2b466a3b3a349656,26856,43,Gram,unresolved person or eponym; contextual source use not established
14_CURRENT_KERNEL_AND_MULTIPLICITY_PROOFS.tex,9926c5b5670777548f15f3fd626a4237d2c10a26834f51ba2b466a3b3a349656,26863,1,Cauchy,unresolved person or eponym; contextual source use not established
14_CURRENT_KERNEL_AND_MULTIPLICITY_PROOFS.tex,9926c5b5670777548f15f3fd626a4237d2c10a26834f51ba2b466a3b3a349656,26863,9,Schwarz,unresolved person or eponym; contextual source use not established
14_CURRENT_KERNEL_AND_MULTIPLICITY_PROOFS.tex,9926c5b5670777548f15f3fd626a4237d2c10a26834f51ba2b466a3b3a349656,26865,49,Cauchy,unresolved person or eponym; contextual source use not established
14_CURRENT_KERNEL_AND_MULTIPLICITY_PROOFS.tex,9926c5b5670777548f15f3fd626a4237d2c10a26834f51ba2b466a3b3a349656,26865,57,Binet,unresolved person or eponym; contextual source use not established
14_CURRENT_KERNEL_AND_MULTIPLICITY_PROOFS.tex,9926c5b5670777548f15f3fd626a4237d2c10a26834f51ba2b466a3b3a349656,27396,31,Gaussian,unresolved person or eponym; contextual source use not established
14_CURRENT_KERNEL_AND_MULTIPLICITY_PROOFS.tex,9926c5b5670777548f15f3fd626a4237d2c10a26834f51ba2b466a3b3a349656,27413,52,Schur,unresolved person or eponym; contextual source use not established
14_CURRENT_KERNEL_AND_MULTIPLICITY_PROOFS.tex,9926c5b5670777548f15f3fd626a4237d2c10a26834f51ba2b466a3b3a349656,27515,10,Leibniz,unresolved person or eponym; contextual source use not established
14_CURRENT_KERNEL_AND_MULTIPLICITY_PROOFS.tex,9926c5b5670777548f15f3fd626a4237d2c10a26834f51ba2b466a3b3a349656,27784,29,Vandermonde,unresolved person or eponym; contextual source use not established
14_CURRENT_KERNEL_AND_MULTIPLICITY_PROOFS.tex,9926c5b5670777548f15f3fd626a4237d2c10a26834f51ba2b466a3b3a349656,27806,30,Vandermonde,unresolved person or eponym; contextual source use not established
14_CURRENT_KERNEL_AND_MULTIPLICITY_PROOFS.tex,9926c5b5670777548f15f3fd626a4237d2c10a26834f51ba2b466a3b3a349656,27853,12,Vandermonde,unresolved person or eponym; contextual source use not established
14_CURRENT_KERNEL_AND_MULTIPLICITY_PROOFS.tex,9926c5b5670777548f15f3fd626a4237d2c10a26834f51ba2b466a3b3a349656,27964,23,Schur,unresolved person or eponym; contextual source use not established
14_CURRENT_KERNEL_AND_MULTIPLICITY_PROOFS.tex,9926c5b5670777548f15f3fd626a4237d2c10a26834f51ba2b466a3b3a349656,28024,5,Gram,unresolved person or eponym; contextual source use not established
14_CURRENT_KERNEL_AND_MULTIPLICITY_PROOFS.tex,9926c5b5670777548f15f3fd626a4237d2c10a26834f51ba2b466a3b3a349656,28025,30,Schur,unresolved person or eponym; contextual source use not established
14_CURRENT_KERNEL_AND_MULTIPLICITY_PROOFS.tex,9926c5b5670777548f15f3fd626a4237d2c10a26834f51ba2b466a3b3a349656,28112,1,Leibniz,unresolved person or eponym; contextual source use not established
14_CURRENT_KERNEL_AND_MULTIPLICITY_PROOFS.tex,9926c5b5670777548f15f3fd626a4237d2c10a26834f51ba2b466a3b3a349656,28139,18,Taylor,unresolved person or eponym; contextual source use not established
14_CURRENT_KERNEL_AND_MULTIPLICITY_PROOFS.tex,9926c5b5670777548f15f3fd626a4237d2c10a26834f51ba2b466a3b3a349656,28249,10,Vandermonde,unresolved person or eponym; contextual source use not established
14_CURRENT_KERNEL_AND_MULTIPLICITY_PROOFS.tex,9926c5b5670777548f15f3fd626a4237d2c10a26834f51ba2b466a3b3a349656,28296,1,Gram,unresolved person or eponym; contextual source use not established
14_CURRENT_KERNEL_AND_MULTIPLICITY_PROOFS.tex,9926c5b5670777548f15f3fd626a4237d2c10a26834f51ba2b466a3b3a349656,28306,8,Hilbert,unresolved person or eponym; contextual source use not established
14_CURRENT_KERNEL_AND_MULTIPLICITY_PROOFS.tex,9926c5b5670777548f15f3fd626a4237d2c10a26834f51ba2b466a3b3a349656,28306,31,Cauchy,unresolved person or eponym; contextual source use not established
14_CURRENT_KERNEL_AND_MULTIPLICITY_PROOFS.tex,9926c5b5670777548f15f3fd626a4237d2c10a26834f51ba2b466a3b3a349656,28306,39,Schwarz,unresolved person or eponym; contextual source use not established
14_CURRENT_KERNEL_AND_MULTIPLICITY_PROOFS.tex,9926c5b5670777548f15f3fd626a4237d2c10a26834f51ba2b466a3b3a349656,28333,45,Gram,unresolved person or eponym; contextual source use not established
14_CURRENT_KERNEL_AND_MULTIPLICITY_PROOFS.tex,9926c5b5670777548f15f3fd626a4237d2c10a26834f51ba2b466a3b3a349656,28334,17,Hilbert,unresolved person or eponym; contextual source use not established
14_CURRENT_KERNEL_AND_MULTIPLICITY_PROOFS.tex,9926c5b5670777548f15f3fd626a4237d2c10a26834f51ba2b466a3b3a349656,28440,62,Schur,unresolved person or eponym; contextual source use not established
14_CURRENT_KERNEL_AND_MULTIPLICITY_PROOFS.tex,9926c5b5670777548f15f3fd626a4237d2c10a26834f51ba2b466a3b3a349656,28483,48,Gram,unresolved person or eponym; contextual source use not established
14_CURRENT_KERNEL_AND_MULTIPLICITY_PROOFS.tex,9926c5b5670777548f15f3fd626a4237d2c10a26834f51ba2b466a3b3a349656,28484,45,Gram,unresolved person or eponym; contextual source use not established
14_CURRENT_KERNEL_AND_MULTIPLICITY_PROOFS.tex,9926c5b5670777548f15f3fd626a4237d2c10a26834f51ba2b466a3b3a349656,28525,19,Vandermonde,unresolved person or eponym; contextual source use not established
14_CURRENT_KERNEL_AND_MULTIPLICITY_PROOFS.tex,9926c5b5670777548f15f3fd626a4237d2c10a26834f51ba2b466a3b3a349656,28526,48,Leibniz,unresolved person or eponym; contextual source use not established
14_CURRENT_KERNEL_AND_MULTIPLICITY_PROOFS.tex,9926c5b5670777548f15f3fd626a4237d2c10a26834f51ba2b466a3b3a349656,28535,42,Vandermonde,unresolved person or eponym; contextual source use not established
14_CURRENT_KERNEL_AND_MULTIPLICITY_PROOFS.tex,9926c5b5670777548f15f3fd626a4237d2c10a26834f51ba2b466a3b3a349656,28579,11,Gram,unresolved person or eponym; contextual source use not established
14_CURRENT_KERNEL_AND_MULTIPLICITY_PROOFS.tex,9926c5b5670777548f15f3fd626a4237d2c10a26834f51ba2b466a3b3a349656,28609,8,Taylor,unresolved person or eponym; contextual source use not established
14_CURRENT_KERNEL_AND_MULTIPLICITY_PROOFS.tex,9926c5b5670777548f15f3fd626a4237d2c10a26834f51ba2b466a3b3a349656,28614,34,Cauchy,unresolved person or eponym; contextual source use not established
14_CURRENT_KERNEL_AND_MULTIPLICITY_PROOFS.tex,9926c5b5670777548f15f3fd626a4237d2c10a26834f51ba2b466a3b3a349656,28614,42,Schwarz,unresolved person or eponym; contextual source use not established
14_CURRENT_KERNEL_AND_MULTIPLICITY_PROOFS.tex,9926c5b5670777548f15f3fd626a4237d2c10a26834f51ba2b466a3b3a349656,28644,1,Gram,unresolved person or eponym; contextual source use not established
14_CURRENT_KERNEL_AND_MULTIPLICITY_PROOFS.tex,9926c5b5670777548f15f3fd626a4237d2c10a26834f51ba2b466a3b3a349656,28648,28,Gram,unresolved person or eponym; contextual source use not established
14_CURRENT_KERNEL_AND_MULTIPLICITY_PROOFS.tex,9926c5b5670777548f15f3fd626a4237d2c10a26834f51ba2b466a3b3a349656,28649,45,Schur,unresolved person or eponym; contextual source use not established
14_CURRENT_KERNEL_AND_MULTIPLICITY_PROOFS.tex,9926c5b5670777548f15f3fd626a4237d2c10a26834f51ba2b466a3b3a349656,28684,30,Gram,unresolved person or eponym; contextual source use not established
14_CURRENT_KERNEL_AND_MULTIPLICITY_PROOFS.tex,9926c5b5670777548f15f3fd626a4237d2c10a26834f51ba2b466a3b3a349656,28864,42,Schur,unresolved person or eponym; contextual source use not established
14_CURRENT_KERNEL_AND_MULTIPLICITY_PROOFS.tex,9926c5b5670777548f15f3fd626a4237d2c10a26834f51ba2b466a3b3a349656,29013,17,Vandermonde,unresolved person or eponym; contextual source use not established
14_CURRENT_KERNEL_AND_MULTIPLICITY_PROOFS.tex,9926c5b5670777548f15f3fd626a4237d2c10a26834f51ba2b466a3b3a349656,29044,1,Schur,unresolved person or eponym; contextual source use not established
14_CURRENT_KERNEL_AND_MULTIPLICITY_PROOFS.tex,9926c5b5670777548f15f3fd626a4237d2c10a26834f51ba2b466a3b3a349656,29126,46,Taylor,unresolved person or eponym; contextual source use not established
14_CURRENT_KERNEL_AND_MULTIPLICITY_PROOFS.tex,9926c5b5670777548f15f3fd626a4237d2c10a26834f51ba2b466a3b3a349656,29169,34,Vandermonde,unresolved person or eponym; contextual source use not established
14_CURRENT_KERNEL_AND_MULTIPLICITY_PROOFS.tex,9926c5b5670777548f15f3fd626a4237d2c10a26834f51ba2b466a3b3a349656,29205,65,Schur,unresolved person or eponym; contextual source use not established
14_CURRENT_KERNEL_AND_MULTIPLICITY_PROOFS.tex,9926c5b5670777548f15f3fd626a4237d2c10a26834f51ba2b466a3b3a349656,29220,63,Cauchy,unresolved person or eponym; contextual source use not established
14_CURRENT_KERNEL_AND_MULTIPLICITY_PROOFS.tex,9926c5b5670777548f15f3fd626a4237d2c10a26834f51ba2b466a3b3a349656,29293,22,Gram,unresolved person or eponym; contextual source use not established
14_CURRENT_KERNEL_AND_MULTIPLICITY_PROOFS.tex,9926c5b5670777548f15f3fd626a4237d2c10a26834f51ba2b466a3b3a349656,29298,9,Legendre,unresolved person or eponym; contextual source use not established
14_CURRENT_KERNEL_AND_MULTIPLICITY_PROOFS.tex,9926c5b5670777548f15f3fd626a4237d2c10a26834f51ba2b466a3b3a349656,29336,1,Cauchy,unresolved person or eponym; contextual source use not established
14_CURRENT_KERNEL_AND_MULTIPLICITY_PROOFS.tex,9926c5b5670777548f15f3fd626a4237d2c10a26834f51ba2b466a3b3a349656,29454,49,Vandermonde,unresolved person or eponym; contextual source use not established
14_CURRENT_KERNEL_AND_MULTIPLICITY_PROOFS.tex,9926c5b5670777548f15f3fd626a4237d2c10a26834f51ba2b466a3b3a349656,29473,19,Gaussian,unresolved person or eponym; contextual source use not established
14_CURRENT_KERNEL_AND_MULTIPLICITY_PROOFS.tex,9926c5b5670777548f15f3fd626a4237d2c10a26834f51ba2b466a3b3a349656,29496,41,Vandermonde,unresolved person or eponym; contextual source use not established
14_CURRENT_KERNEL_AND_MULTIPLICITY_PROOFS.tex,9926c5b5670777548f15f3fd626a4237d2c10a26834f51ba2b466a3b3a349656,29562,59,Gram,unresolved person or eponym; contextual source use not established
14_CURRENT_KERNEL_AND_MULTIPLICITY_PROOFS.tex,9926c5b5670777548f15f3fd626a4237d2c10a26834f51ba2b466a3b3a349656,29715,39,Laurent,unresolved person or eponym; contextual source use not established
14_CURRENT_KERNEL_AND_MULTIPLICITY_PROOFS.tex,9926c5b5670777548f15f3fd626a4237d2c10a26834f51ba2b466a3b3a349656,29727,15,Laurent,unresolved person or eponym; contextual source use not established
14_CURRENT_KERNEL_AND_MULTIPLICITY_PROOFS.tex,9926c5b5670777548f15f3fd626a4237d2c10a26834f51ba2b466a3b3a349656,29731,9,Laurent,unresolved person or eponym; contextual source use not established
14_CURRENT_KERNEL_AND_MULTIPLICITY_PROOFS.tex,9926c5b5670777548f15f3fd626a4237d2c10a26834f51ba2b466a3b3a349656,30086,1,Neumann,unresolved person or eponym; contextual source use not established
14_CURRENT_KERNEL_AND_MULTIPLICITY_PROOFS.tex,9926c5b5670777548f15f3fd626a4237d2c10a26834f51ba2b466a3b3a349656,30138,52,Vandermonde,unresolved person or eponym; contextual source use not established
14_CURRENT_KERNEL_AND_MULTIPLICITY_PROOFS.tex,9926c5b5670777548f15f3fd626a4237d2c10a26834f51ba2b466a3b3a349656,30200,1,Rouche,unresolved person or eponym; contextual source use not established
14_CURRENT_KERNEL_AND_MULTIPLICITY_PROOFS.tex,9926c5b5670777548f15f3fd626a4237d2c10a26834f51ba2b466a3b3a349656,30252,7,Taylor,unresolved person or eponym; contextual source use not established
14_CURRENT_KERNEL_AND_MULTIPLICITY_PROOFS.tex,9926c5b5670777548f15f3fd626a4237d2c10a26834f51ba2b466a3b3a349656,30291,54,Sylvester,unresolved person or eponym; contextual source use not established
14_CURRENT_KERNEL_AND_MULTIPLICITY_PROOFS.tex,9926c5b5670777548f15f3fd626a4237d2c10a26834f51ba2b466a3b3a349656,30324,15,Gram,unresolved person or eponym; contextual source use not established
14_CURRENT_KERNEL_AND_MULTIPLICITY_PROOFS.tex,9926c5b5670777548f15f3fd626a4237d2c10a26834f51ba2b466a3b3a349656,30325,66,Gram,unresolved person or eponym; contextual source use not established
14_CURRENT_KERNEL_AND_MULTIPLICITY_PROOFS.tex,9926c5b5670777548f15f3fd626a4237d2c10a26834f51ba2b466a3b3a349656,30336,63,Gram,unresolved person or eponym; contextual source use not established
14_CURRENT_KERNEL_AND_MULTIPLICITY_PROOFS.tex,9926c5b5670777548f15f3fd626a4237d2c10a26834f51ba2b466a3b3a349656,30350,28,Schur,unresolved person or eponym; contextual source use not established
14_CURRENT_KERNEL_AND_MULTIPLICITY_PROOFS.tex,9926c5b5670777548f15f3fd626a4237d2c10a26834f51ba2b466a3b3a349656,30357,45,Gram,unresolved person or eponym; contextual source use not established
14_CURRENT_KERNEL_AND_MULTIPLICITY_PROOFS.tex,9926c5b5670777548f15f3fd626a4237d2c10a26834f51ba2b466a3b3a349656,30366,23,Schur,unresolved person or eponym; contextual source use not established
14_CURRENT_KERNEL_AND_MULTIPLICITY_PROOFS.tex,9926c5b5670777548f15f3fd626a4237d2c10a26834f51ba2b466a3b3a349656,30422,46,Schur,unresolved person or eponym; contextual source use not established
14_CURRENT_KERNEL_AND_MULTIPLICITY_PROOFS.tex,9926c5b5670777548f15f3fd626a4237d2c10a26834f51ba2b466a3b3a349656,30425,1,Gram,unresolved person or eponym; contextual source use not established
14_CURRENT_KERNEL_AND_MULTIPLICITY_PROOFS.tex,9926c5b5670777548f15f3fd626a4237d2c10a26834f51ba2b466a3b3a349656,30469,35,Gram,unresolved person or eponym; contextual source use not established
14_CURRENT_KERNEL_AND_MULTIPLICITY_PROOFS.tex,9926c5b5670777548f15f3fd626a4237d2c10a26834f51ba2b466a3b3a349656,30602,5,Leibniz,unresolved person or eponym; contextual source use not established
14_CURRENT_KERNEL_AND_MULTIPLICITY_PROOFS.tex,9926c5b5670777548f15f3fd626a4237d2c10a26834f51ba2b466a3b3a349656,31330,42,Vandermonde,unresolved person or eponym; contextual source use not established
14_CURRENT_KERNEL_AND_MULTIPLICITY_PROOFS.tex,9926c5b5670777548f15f3fd626a4237d2c10a26834f51ba2b466a3b3a349656,31458,1,Leibniz,unresolved person or eponym; contextual source use not established
14_CURRENT_KERNEL_AND_MULTIPLICITY_PROOFS.tex,9926c5b5670777548f15f3fd626a4237d2c10a26834f51ba2b466a3b3a349656,31577,45,Vandermonde,unresolved person or eponym; contextual source use not established
14_CURRENT_KERNEL_AND_MULTIPLICITY_PROOFS.tex,9926c5b5670777548f15f3fd626a4237d2c10a26834f51ba2b466a3b3a349656,31691,26,Cauchy,unresolved person or eponym; contextual source use not established
14_CURRENT_KERNEL_AND_MULTIPLICITY_PROOFS.tex,9926c5b5670777548f15f3fd626a4237d2c10a26834f51ba2b466a3b3a349656,31691,34,Schwarz,unresolved person or eponym; contextual source use not established
14_CURRENT_KERNEL_AND_MULTIPLICITY_PROOFS.tex,9926c5b5670777548f15f3fd626a4237d2c10a26834f51ba2b466a3b3a349656,31736,31,Leibniz,unresolved person or eponym; contextual source use not established
14_CURRENT_KERNEL_AND_MULTIPLICITY_PROOFS.tex,9926c5b5670777548f15f3fd626a4237d2c10a26834f51ba2b466a3b3a349656,31828,44,Hilbert,unresolved person or eponym; contextual source use not established
14_CURRENT_KERNEL_AND_MULTIPLICITY_PROOFS.tex,9926c5b5670777548f15f3fd626a4237d2c10a26834f51ba2b466a3b3a349656,31829,39,Cauchy,unresolved person or eponym; contextual source use not established
14_CURRENT_KERNEL_AND_MULTIPLICITY_PROOFS.tex,9926c5b5670777548f15f3fd626a4237d2c10a26834f51ba2b466a3b3a349656,31829,47,Schwarz,unresolved person or eponym; contextual source use not established
14_CURRENT_KERNEL_AND_MULTIPLICITY_PROOFS.tex,9926c5b5670777548f15f3fd626a4237d2c10a26834f51ba2b466a3b3a349656,31879,34,Gram,unresolved person or eponym; contextual source use not established
14_CURRENT_KERNEL_AND_MULTIPLICITY_PROOFS.tex,9926c5b5670777548f15f3fd626a4237d2c10a26834f51ba2b466a3b3a349656,31880,42,Vandermonde,unresolved person or eponym; contextual source use not established
14_CURRENT_KERNEL_AND_MULTIPLICITY_PROOFS.tex,9926c5b5670777548f15f3fd626a4237d2c10a26834f51ba2b466a3b3a349656,31909,33,Vandermonde,unresolved person or eponym; contextual source use not established
14_CURRENT_KERNEL_AND_MULTIPLICITY_PROOFS.tex,9926c5b5670777548f15f3fd626a4237d2c10a26834f51ba2b466a3b3a349656,31985,47,Hilbert,unresolved person or eponym; contextual source use not established
14_CURRENT_KERNEL_AND_MULTIPLICITY_PROOFS.tex,9926c5b5670777548f15f3fd626a4237d2c10a26834f51ba2b466a3b3a349656,32066,31,Vandermonde,unresolved person or eponym; contextual source use not established
14_CURRENT_KERNEL_AND_MULTIPLICITY_PROOFS.tex,9926c5b5670777548f15f3fd626a4237d2c10a26834f51ba2b466a3b3a349656,32071,52,Gram,unresolved person or eponym; contextual source use not established
14_CURRENT_KERNEL_AND_MULTIPLICITY_PROOFS.tex,9926c5b5670777548f15f3fd626a4237d2c10a26834f51ba2b466a3b3a349656,32270,37,Taylor,unresolved person or eponym; contextual source use not established
14_CURRENT_KERNEL_AND_MULTIPLICITY_PROOFS.tex,9926c5b5670777548f15f3fd626a4237d2c10a26834f51ba2b466a3b3a349656,32325,35,Cauchy,unresolved person or eponym; contextual source use not established
14_CURRENT_KERNEL_AND_MULTIPLICITY_PROOFS.tex,9926c5b5670777548f15f3fd626a4237d2c10a26834f51ba2b466a3b3a349656,32325,43,Schwarz,unresolved person or eponym; contextual source use not established
14_CURRENT_KERNEL_AND_MULTIPLICITY_PROOFS.tex,9926c5b5670777548f15f3fd626a4237d2c10a26834f51ba2b466a3b3a349656,32371,35,Vandermonde,unresolved person or eponym; contextual source use not established
14_CURRENT_KERNEL_AND_MULTIPLICITY_PROOFS.tex,9926c5b5670777548f15f3fd626a4237d2c10a26834f51ba2b466a3b3a349656,32407,10,Gram,unresolved person or eponym; contextual source use not established
14_CURRENT_KERNEL_AND_MULTIPLICITY_PROOFS.tex,9926c5b5670777548f15f3fd626a4237d2c10a26834f51ba2b466a3b3a349656,32482,38,Schur,unresolved person or eponym; contextual source use not established
14_CURRENT_KERNEL_AND_MULTIPLICITY_PROOFS.tex,9926c5b5670777548f15f3fd626a4237d2c10a26834f51ba2b466a3b3a349656,32551,5,Gram,unresolved person or eponym; contextual source use not established
14_CURRENT_KERNEL_AND_MULTIPLICITY_PROOFS.tex,9926c5b5670777548f15f3fd626a4237d2c10a26834f51ba2b466a3b3a349656,32607,51,Gram,unresolved person or eponym; contextual source use not established
14_CURRENT_KERNEL_AND_MULTIPLICITY_PROOFS.tex,9926c5b5670777548f15f3fd626a4237d2c10a26834f51ba2b466a3b3a349656,32617,34,Gram,unresolved person or eponym; contextual source use not established
14_CURRENT_KERNEL_AND_MULTIPLICITY_PROOFS.tex,9926c5b5670777548f15f3fd626a4237d2c10a26834f51ba2b466a3b3a349656,32634,18,Gram,unresolved person or eponym; contextual source use not established
14_CURRENT_KERNEL_AND_MULTIPLICITY_PROOFS.tex,9926c5b5670777548f15f3fd626a4237d2c10a26834f51ba2b466a3b3a349656,32699,22,Vandermonde,unresolved person or eponym; contextual source use not established
14_CURRENT_KERNEL_AND_MULTIPLICITY_PROOFS.tex,9926c5b5670777548f15f3fd626a4237d2c10a26834f51ba2b466a3b3a349656,32714,27,Hilbert,unresolved person or eponym; contextual source use not established
14_CURRENT_KERNEL_AND_MULTIPLICITY_PROOFS.tex,9926c5b5670777548f15f3fd626a4237d2c10a26834f51ba2b466a3b3a349656,32719,33,Vandermonde,unresolved person or eponym; contextual source use not established
14_CURRENT_KERNEL_AND_MULTIPLICITY_PROOFS.tex,9926c5b5670777548f15f3fd626a4237d2c10a26834f51ba2b466a3b3a349656,32743,1,Gram,unresolved person or eponym; contextual source use not established
14_CURRENT_KERNEL_AND_MULTIPLICITY_PROOFS.tex,9926c5b5670777548f15f3fd626a4237d2c10a26834f51ba2b466a3b3a349656,32746,41,Gram,unresolved person or eponym; contextual source use not established
14_CURRENT_KERNEL_AND_MULTIPLICITY_PROOFS.tex,9926c5b5670777548f15f3fd626a4237d2c10a26834f51ba2b466a3b3a349656,32787,58,Gram,unresolved person or eponym; contextual source use not established
14_CURRENT_KERNEL_AND_MULTIPLICITY_PROOFS.tex,9926c5b5670777548f15f3fd626a4237d2c10a26834f51ba2b466a3b3a349656,32794,33,Gram,unresolved person or eponym; contextual source use not established
14_CURRENT_KERNEL_AND_MULTIPLICITY_PROOFS.tex,9926c5b5670777548f15f3fd626a4237d2c10a26834f51ba2b466a3b3a349656,32891,12,Vandermonde,unresolved person or eponym; contextual source use not established
14_CURRENT_KERNEL_AND_MULTIPLICITY_PROOFS.tex,9926c5b5670777548f15f3fd626a4237d2c10a26834f51ba2b466a3b3a349656,32925,29,Gram,unresolved person or eponym; contextual source use not established
14_CURRENT_KERNEL_AND_MULTIPLICITY_PROOFS.tex,9926c5b5670777548f15f3fd626a4237d2c10a26834f51ba2b466a3b3a349656,32944,33,Vandermonde,unresolved person or eponym; contextual source use not established
14_CURRENT_KERNEL_AND_MULTIPLICITY_PROOFS.tex,9926c5b5670777548f15f3fd626a4237d2c10a26834f51ba2b466a3b3a349656,32948,50,Vandermonde,unresolved person or eponym; contextual source use not established
14_CURRENT_KERNEL_AND_MULTIPLICITY_PROOFS.tex,9926c5b5670777548f15f3fd626a4237d2c10a26834f51ba2b466a3b3a349656,32954,39,Gram,unresolved person or eponym; contextual source use not established
14_CURRENT_KERNEL_AND_MULTIPLICITY_PROOFS.tex,9926c5b5670777548f15f3fd626a4237d2c10a26834f51ba2b466a3b3a349656,32968,1,Gram,unresolved person or eponym; contextual source use not established
14_CURRENT_KERNEL_AND_MULTIPLICITY_PROOFS.tex,9926c5b5670777548f15f3fd626a4237d2c10a26834f51ba2b466a3b3a349656,32969,1,Schur,unresolved person or eponym; contextual source use not established
14_CURRENT_KERNEL_AND_MULTIPLICITY_PROOFS.tex,9926c5b5670777548f15f3fd626a4237d2c10a26834f51ba2b466a3b3a349656,32971,1,Gram,unresolved person or eponym; contextual source use not established
14_CURRENT_KERNEL_AND_MULTIPLICITY_PROOFS.tex,9926c5b5670777548f15f3fd626a4237d2c10a26834f51ba2b466a3b3a349656,32975,5,Schur,unresolved person or eponym; contextual source use not established
14_CURRENT_KERNEL_AND_MULTIPLICITY_PROOFS.tex,9926c5b5670777548f15f3fd626a4237d2c10a26834f51ba2b466a3b3a349656,33157,22,Gram,unresolved person or eponym; contextual source use not established
14_CURRENT_KERNEL_AND_MULTIPLICITY_PROOFS.tex,9926c5b5670777548f15f3fd626a4237d2c10a26834f51ba2b466a3b3a349656,33157,46,Gram,unresolved person or eponym; contextual source use not established
14_CURRENT_KERNEL_AND_MULTIPLICITY_PROOFS.tex,9926c5b5670777548f15f3fd626a4237d2c10a26834f51ba2b466a3b3a349656,33162,33,Gram,unresolved person or eponym; contextual source use not established
14_CURRENT_KERNEL_AND_MULTIPLICITY_PROOFS.tex,9926c5b5670777548f15f3fd626a4237d2c10a26834f51ba2b466a3b3a349656,33413,23,Gram,unresolved person or eponym; contextual source use not established
14_CURRENT_KERNEL_AND_MULTIPLICITY_PROOFS.tex,9926c5b5670777548f15f3fd626a4237d2c10a26834f51ba2b466a3b3a349656,33429,1,Schur,unresolved person or eponym; contextual source use not established
14_CURRENT_KERNEL_AND_MULTIPLICITY_PROOFS.tex,9926c5b5670777548f15f3fd626a4237d2c10a26834f51ba2b466a3b3a349656,33440,50,Gram,unresolved person or eponym; contextual source use not established
14_CURRENT_KERNEL_AND_MULTIPLICITY_PROOFS.tex,9926c5b5670777548f15f3fd626a4237d2c10a26834f51ba2b466a3b3a349656,33489,16,Vandermonde,unresolved person or eponym; contextual source use not established
14_CURRENT_KERNEL_AND_MULTIPLICITY_PROOFS.tex,9926c5b5670777548f15f3fd626a4237d2c10a26834f51ba2b466a3b3a349656,33518,15,Vandermonde,unresolved person or eponym; contextual source use not established
14_CURRENT_KERNEL_AND_MULTIPLICITY_PROOFS.tex,9926c5b5670777548f15f3fd626a4237d2c10a26834f51ba2b466a3b3a349656,33526,31,Hilbert,unresolved person or eponym; contextual source use not established
14_CURRENT_KERNEL_AND_MULTIPLICITY_PROOFS.tex,9926c5b5670777548f15f3fd626a4237d2c10a26834f51ba2b466a3b3a349656,33677,25,Schur,unresolved person or eponym; contextual source use not established
14_CURRENT_KERNEL_AND_MULTIPLICITY_PROOFS.tex,9926c5b5670777548f15f3fd626a4237d2c10a26834f51ba2b466a3b3a349656,33761,174,Legendre,unresolved person or eponym; contextual source use not established
14_CURRENT_KERNEL_AND_MULTIPLICITY_PROOFS.tex,9926c5b5670777548f15f3fd626a4237d2c10a26834f51ba2b466a3b3a349656,33761,183,Gram,unresolved person or eponym; contextual source use not established
14_CURRENT_KERNEL_AND_MULTIPLICITY_PROOFS.tex,9926c5b5670777548f15f3fd626a4237d2c10a26834f51ba2b466a3b3a349656,33808,151,Heine,unresolved person or eponym; contextual source use not established
14_CURRENT_KERNEL_AND_MULTIPLICITY_PROOFS.tex,9926c5b5670777548f15f3fd626a4237d2c10a26834f51ba2b466a3b3a349656,33905,213,Vandermonde,unresolved person or eponym; contextual source use not established
14_CURRENT_KERNEL_AND_MULTIPLICITY_PROOFS.tex,9926c5b5670777548f15f3fd626a4237d2c10a26834f51ba2b466a3b3a349656,33905,454,Gram,unresolved person or eponym; contextual source use not established
14_CURRENT_KERNEL_AND_MULTIPLICITY_PROOFS.tex,9926c5b5670777548f15f3fd626a4237d2c10a26834f51ba2b466a3b3a349656,33948,142,Gram,unresolved person or eponym; contextual source use not established
14_CURRENT_KERNEL_AND_MULTIPLICITY_PROOFS.tex,9926c5b5670777548f15f3fd626a4237d2c10a26834f51ba2b466a3b3a349656,33959,246,Gram,unresolved person or eponym; contextual source use not established
14_CURRENT_KERNEL_AND_MULTIPLICITY_PROOFS.tex,9926c5b5670777548f15f3fd626a4237d2c10a26834f51ba2b466a3b3a349656,33959,529,Vandermonde,unresolved person or eponym; contextual source use not established
14_CURRENT_KERNEL_AND_MULTIPLICITY_PROOFS.tex,9926c5b5670777548f15f3fd626a4237d2c10a26834f51ba2b466a3b3a349656,33988,160,Schur,unresolved person or eponym; contextual source use not established
14_CURRENT_KERNEL_AND_MULTIPLICITY_PROOFS.tex,9926c5b5670777548f15f3fd626a4237d2c10a26834f51ba2b466a3b3a349656,34056,216,Schur,unresolved person or eponym; contextual source use not established
14_CURRENT_KERNEL_AND_MULTIPLICITY_PROOFS.tex,9926c5b5670777548f15f3fd626a4237d2c10a26834f51ba2b466a3b3a349656,34090,509,Vandermonde,unresolved person or eponym; contextual source use not established
14_CURRENT_KERNEL_AND_MULTIPLICITY_PROOFS.tex,9926c5b5670777548f15f3fd626a4237d2c10a26834f51ba2b466a3b3a349656,34092,366,Schur,unresolved person or eponym; contextual source use not established
14_CURRENT_KERNEL_AND_MULTIPLICITY_PROOFS.tex,9926c5b5670777548f15f3fd626a4237d2c10a26834f51ba2b466a3b3a349656,34092,461,Schur,unresolved person or eponym; contextual source use not established
14_CURRENT_KERNEL_AND_MULTIPLICITY_PROOFS.tex,9926c5b5670777548f15f3fd626a4237d2c10a26834f51ba2b466a3b3a349656,34196,46,Vandermonde,unresolved person or eponym; contextual source use not established
14_CURRENT_KERNEL_AND_MULTIPLICITY_PROOFS.tex,9926c5b5670777548f15f3fd626a4237d2c10a26834f51ba2b466a3b3a349656,34273,39,Gram,unresolved person or eponym; contextual source use not established
14_CURRENT_KERNEL_AND_MULTIPLICITY_PROOFS.tex,9926c5b5670777548f15f3fd626a4237d2c10a26834f51ba2b466a3b3a349656,34273,56,Schur,unresolved person or eponym; contextual source use not established
14_CURRENT_KERNEL_AND_MULTIPLICITY_PROOFS.tex,9926c5b5670777548f15f3fd626a4237d2c10a26834f51ba2b466a3b3a349656,34290,1,Gram,unresolved person or eponym; contextual source use not established
14_CURRENT_KERNEL_AND_MULTIPLICITY_PROOFS.tex,9926c5b5670777548f15f3fd626a4237d2c10a26834f51ba2b466a3b3a349656,34294,1,Gram,unresolved person or eponym; contextual source use not established
14_CURRENT_KERNEL_AND_MULTIPLICITY_PROOFS.tex,9926c5b5670777548f15f3fd626a4237d2c10a26834f51ba2b466a3b3a349656,34335,1,Schur,unresolved person or eponym; contextual source use not established
14_CURRENT_KERNEL_AND_MULTIPLICITY_PROOFS.tex,9926c5b5670777548f15f3fd626a4237d2c10a26834f51ba2b466a3b3a349656,34354,15,Schur,unresolved person or eponym; contextual source use not established
14_CURRENT_KERNEL_AND_MULTIPLICITY_PROOFS.tex,9926c5b5670777548f15f3fd626a4237d2c10a26834f51ba2b466a3b3a349656,34358,59,Gram,unresolved person or eponym; contextual source use not established
14_CURRENT_KERNEL_AND_MULTIPLICITY_PROOFS.tex,9926c5b5670777548f15f3fd626a4237d2c10a26834f51ba2b466a3b3a349656,34673,38,Vandermonde,unresolved person or eponym; contextual source use not established
14_CURRENT_KERNEL_AND_MULTIPLICITY_PROOFS.tex,9926c5b5670777548f15f3fd626a4237d2c10a26834f51ba2b466a3b3a349656,34686,16,Schur,unresolved person or eponym; contextual source use not established
14_CURRENT_KERNEL_AND_MULTIPLICITY_PROOFS.tex,9926c5b5670777548f15f3fd626a4237d2c10a26834f51ba2b466a3b3a349656,34857,15,Schur,unresolved person or eponym; contextual source use not established
14_CURRENT_KERNEL_AND_MULTIPLICITY_PROOFS.tex,9926c5b5670777548f15f3fd626a4237d2c10a26834f51ba2b466a3b3a349656,34989,35,Schur,unresolved person or eponym; contextual source use not established
14_CURRENT_KERNEL_AND_MULTIPLICITY_PROOFS.tex,9926c5b5670777548f15f3fd626a4237d2c10a26834f51ba2b466a3b3a349656,35154,48,Gram,unresolved person or eponym; contextual source use not established
14_CURRENT_KERNEL_AND_MULTIPLICITY_PROOFS.tex,9926c5b5670777548f15f3fd626a4237d2c10a26834f51ba2b466a3b3a349656,35181,1,Vandermonde,unresolved person or eponym; contextual source use not established
14_CURRENT_KERNEL_AND_MULTIPLICITY_PROOFS.tex,9926c5b5670777548f15f3fd626a4237d2c10a26834f51ba2b466a3b3a349656,35220,1,Leibniz,unresolved person or eponym; contextual source use not established
14_CURRENT_KERNEL_AND_MULTIPLICITY_PROOFS.tex,9926c5b5670777548f15f3fd626a4237d2c10a26834f51ba2b466a3b3a349656,35359,32,Vandermonde,unresolved person or eponym; contextual source use not established
14_CURRENT_KERNEL_AND_MULTIPLICITY_PROOFS.tex,9926c5b5670777548f15f3fd626a4237d2c10a26834f51ba2b466a3b3a349656,35406,1,Schur,unresolved person or eponym; contextual source use not established
14_CURRENT_KERNEL_AND_MULTIPLICITY_PROOFS.tex,9926c5b5670777548f15f3fd626a4237d2c10a26834f51ba2b466a3b3a349656,35465,56,Schur,unresolved person or eponym; contextual source use not established
14_CURRENT_KERNEL_AND_MULTIPLICITY_PROOFS.tex,9926c5b5670777548f15f3fd626a4237d2c10a26834f51ba2b466a3b3a349656,35481,10,Gram,unresolved person or eponym; contextual source use not established
14_CURRENT_KERNEL_AND_MULTIPLICITY_PROOFS.tex,9926c5b5670777548f15f3fd626a4237d2c10a26834f51ba2b466a3b3a349656,35782,12,Tonelli,unresolved person or eponym; contextual source use not established
14_CURRENT_KERNEL_AND_MULTIPLICITY_PROOFS.tex,9926c5b5670777548f15f3fd626a4237d2c10a26834f51ba2b466a3b3a349656,35867,27,Riemann,unresolved person or eponym; contextual source use not established
14_CURRENT_KERNEL_AND_MULTIPLICITY_PROOFS.tex,9926c5b5670777548f15f3fd626a4237d2c10a26834f51ba2b466a3b3a349656,36310,46,Gram,unresolved person or eponym; contextual source use not established
14_CURRENT_KERNEL_AND_MULTIPLICITY_PROOFS.tex,9926c5b5670777548f15f3fd626a4237d2c10a26834f51ba2b466a3b3a349656,36411,1,Gram,unresolved person or eponym; contextual source use not established
14_CURRENT_KERNEL_AND_MULTIPLICITY_PROOFS.tex,9926c5b5670777548f15f3fd626a4237d2c10a26834f51ba2b466a3b3a349656,36561,9,Laurent,unresolved person or eponym; contextual source use not established
14_CURRENT_KERNEL_AND_MULTIPLICITY_PROOFS.tex,9926c5b5670777548f15f3fd626a4237d2c10a26834f51ba2b466a3b3a349656,36719,1,Gauss,unresolved person or eponym; contextual source use not established
14_CURRENT_KERNEL_AND_MULTIPLICITY_PROOFS.tex,9926c5b5670777548f15f3fd626a4237d2c10a26834f51ba2b466a3b3a349656,36734,25,Gauss,unresolved person or eponym; contextual source use not established
14_CURRENT_KERNEL_AND_MULTIPLICITY_PROOFS.tex,9926c5b5670777548f15f3fd626a4237d2c10a26834f51ba2b466a3b3a349656,36934,1,Vandermonde,unresolved person or eponym; contextual source use not established
14_CURRENT_KERNEL_AND_MULTIPLICITY_PROOFS.tex,9926c5b5670777548f15f3fd626a4237d2c10a26834f51ba2b466a3b3a349656,36966,17,Vandermonde,unresolved person or eponym; contextual source use not established
14_CURRENT_KERNEL_AND_MULTIPLICITY_PROOFS.tex,9926c5b5670777548f15f3fd626a4237d2c10a26834f51ba2b466a3b3a349656,36973,12,Gram,unresolved person or eponym; contextual source use not established
14_CURRENT_KERNEL_AND_MULTIPLICITY_PROOFS.tex,9926c5b5670777548f15f3fd626a4237d2c10a26834f51ba2b466a3b3a349656,36993,15,Taylor,unresolved person or eponym; contextual source use not established
14_CURRENT_KERNEL_AND_MULTIPLICITY_PROOFS.tex,9926c5b5670777548f15f3fd626a4237d2c10a26834f51ba2b466a3b3a349656,37005,11,Leibniz,unresolved person or eponym; contextual source use not established
14_CURRENT_KERNEL_AND_MULTIPLICITY_PROOFS.tex,9926c5b5670777548f15f3fd626a4237d2c10a26834f51ba2b466a3b3a349656,37033,20,Gram,unresolved person or eponym; contextual source use not established
14_CURRENT_KERNEL_AND_MULTIPLICITY_PROOFS.tex,9926c5b5670777548f15f3fd626a4237d2c10a26834f51ba2b466a3b3a349656,37058,13,Vandermonde,unresolved person or eponym; contextual source use not established
14_CURRENT_KERNEL_AND_MULTIPLICITY_PROOFS.tex,9926c5b5670777548f15f3fd626a4237d2c10a26834f51ba2b466a3b3a349656,37179,27,Vandermonde,unresolved person or eponym; contextual source use not established
14_CURRENT_KERNEL_AND_MULTIPLICITY_PROOFS.tex,9926c5b5670777548f15f3fd626a4237d2c10a26834f51ba2b466a3b3a349656,37191,33,Euler,unresolved person or eponym; contextual source use not established
14_CURRENT_KERNEL_AND_MULTIPLICITY_PROOFS.tex,9926c5b5670777548f15f3fd626a4237d2c10a26834f51ba2b466a3b3a349656,37192,35,Gram,unresolved person or eponym; contextual source use not established
14_CURRENT_KERNEL_AND_MULTIPLICITY_PROOFS.tex,9926c5b5670777548f15f3fd626a4237d2c10a26834f51ba2b466a3b3a349656,37230,24,Gram,unresolved person or eponym; contextual source use not established
14_CURRENT_KERNEL_AND_MULTIPLICITY_PROOFS.tex,9926c5b5670777548f15f3fd626a4237d2c10a26834f51ba2b466a3b3a349656,37241,1,Gram,unresolved person or eponym; contextual source use not established
14_CURRENT_KERNEL_AND_MULTIPLICITY_PROOFS.tex,9926c5b5670777548f15f3fd626a4237d2c10a26834f51ba2b466a3b3a349656,37245,44,Vandermonde,unresolved person or eponym; contextual source use not established
14_CURRENT_KERNEL_AND_MULTIPLICITY_PROOFS.tex,9926c5b5670777548f15f3fd626a4237d2c10a26834f51ba2b466a3b3a349656,37258,17,Gram,unresolved person or eponym; contextual source use not established
14_CURRENT_KERNEL_AND_MULTIPLICITY_PROOFS.tex,9926c5b5670777548f15f3fd626a4237d2c10a26834f51ba2b466a3b3a349656,37261,5,Gram,unresolved person or eponym; contextual source use not established
14_CURRENT_KERNEL_AND_MULTIPLICITY_PROOFS.tex,9926c5b5670777548f15f3fd626a4237d2c10a26834f51ba2b466a3b3a349656,37262,45,Schur,unresolved person or eponym; contextual source use not established
14_CURRENT_KERNEL_AND_MULTIPLICITY_PROOFS.tex,9926c5b5670777548f15f3fd626a4237d2c10a26834f51ba2b466a3b3a349656,37265,1,Gram,unresolved person or eponym; contextual source use not established
14_CURRENT_KERNEL_AND_MULTIPLICITY_PROOFS.tex,9926c5b5670777548f15f3fd626a4237d2c10a26834f51ba2b466a3b3a349656,37270,14,Vandermonde,unresolved person or eponym; contextual source use not established
14_CURRENT_KERNEL_AND_MULTIPLICITY_PROOFS.tex,9926c5b5670777548f15f3fd626a4237d2c10a26834f51ba2b466a3b3a349656,37433,38,Taylor,unresolved person or eponym; contextual source use not established
14_CURRENT_KERNEL_AND_MULTIPLICITY_PROOFS.tex,9926c5b5670777548f15f3fd626a4237d2c10a26834f51ba2b466a3b3a349656,37456,35,Taylor,unresolved person or eponym; contextual source use not established
14_CURRENT_KERNEL_AND_MULTIPLICITY_PROOFS.tex,9926c5b5670777548f15f3fd626a4237d2c10a26834f51ba2b466a3b3a349656,37541,13,Gram,unresolved person or eponym; contextual source use not established
14_CURRENT_KERNEL_AND_MULTIPLICITY_PROOFS.tex,9926c5b5670777548f15f3fd626a4237d2c10a26834f51ba2b466a3b3a349656,37580,10,Gram,unresolved person or eponym; contextual source use not established
14_CURRENT_KERNEL_AND_MULTIPLICITY_PROOFS.tex,9926c5b5670777548f15f3fd626a4237d2c10a26834f51ba2b466a3b3a349656,37580,45,Schur,unresolved person or eponym; contextual source use not established
14_CURRENT_KERNEL_AND_MULTIPLICITY_PROOFS.tex,9926c5b5670777548f15f3fd626a4237d2c10a26834f51ba2b466a3b3a349656,37581,34,Gram,unresolved person or eponym; contextual source use not established
14_CURRENT_KERNEL_AND_MULTIPLICITY_PROOFS.tex,9926c5b5670777548f15f3fd626a4237d2c10a26834f51ba2b466a3b3a349656,37582,14,Gram,unresolved person or eponym; contextual source use not established
14_CURRENT_KERNEL_AND_MULTIPLICITY_PROOFS.tex,9926c5b5670777548f15f3fd626a4237d2c10a26834f51ba2b466a3b3a349656,37584,26,Gram,unresolved person or eponym; contextual source use not established
14_CURRENT_KERNEL_AND_MULTIPLICITY_PROOFS.tex,9926c5b5670777548f15f3fd626a4237d2c10a26834f51ba2b466a3b3a349656,37585,10,Gram,unresolved person or eponym; contextual source use not established
14_CURRENT_KERNEL_AND_MULTIPLICITY_PROOFS.tex,9926c5b5670777548f15f3fd626a4237d2c10a26834f51ba2b466a3b3a349656,37610,27,Gram,unresolved person or eponym; contextual source use not established
14_CURRENT_KERNEL_AND_MULTIPLICITY_PROOFS.tex,9926c5b5670777548f15f3fd626a4237d2c10a26834f51ba2b466a3b3a349656,37623,35,Gram,unresolved person or eponym; contextual source use not established
14_CURRENT_KERNEL_AND_MULTIPLICITY_PROOFS.tex,9926c5b5670777548f15f3fd626a4237d2c10a26834f51ba2b466a3b3a349656,37650,49,Gram,unresolved person or eponym; contextual source use not established
14_CURRENT_KERNEL_AND_MULTIPLICITY_PROOFS.tex,9926c5b5670777548f15f3fd626a4237d2c10a26834f51ba2b466a3b3a349656,37726,21,Gram,unresolved person or eponym; contextual source use not established
14_CURRENT_KERNEL_AND_MULTIPLICITY_PROOFS.tex,9926c5b5670777548f15f3fd626a4237d2c10a26834f51ba2b466a3b3a349656,37727,28,Gram,unresolved person or eponym; contextual source use not established
14_CURRENT_KERNEL_AND_MULTIPLICITY_PROOFS.tex,9926c5b5670777548f15f3fd626a4237d2c10a26834f51ba2b466a3b3a349656,37739,9,Euler,unresolved person or eponym; contextual source use not established
14_CURRENT_KERNEL_AND_MULTIPLICITY_PROOFS.tex,9926c5b5670777548f15f3fd626a4237d2c10a26834f51ba2b466a3b3a349656,37748,22,Euler,unresolved person or eponym; contextual source use not established
14_CURRENT_KERNEL_AND_MULTIPLICITY_PROOFS.tex,9926c5b5670777548f15f3fd626a4237d2c10a26834f51ba2b466a3b3a349656,37762,48,Schur,unresolved person or eponym; contextual source use not established
14_CURRENT_KERNEL_AND_MULTIPLICITY_PROOFS.tex,9926c5b5670777548f15f3fd626a4237d2c10a26834f51ba2b466a3b3a349656,37816,11,Schur,unresolved person or eponym; contextual source use not established
14_CURRENT_KERNEL_AND_MULTIPLICITY_PROOFS.tex,9926c5b5670777548f15f3fd626a4237d2c10a26834f51ba2b466a3b3a349656,37909,28,Euler,unresolved person or eponym; contextual source use not established
14_CURRENT_KERNEL_AND_MULTIPLICITY_PROOFS.tex,9926c5b5670777548f15f3fd626a4237d2c10a26834f51ba2b466a3b3a349656,38029,18,Gram,unresolved person or eponym; contextual source use not established
14_CURRENT_KERNEL_AND_MULTIPLICITY_PROOFS.tex,9926c5b5670777548f15f3fd626a4237d2c10a26834f51ba2b466a3b3a349656,38160,46,Taylor,unresolved person or eponym; contextual source use not established
14_CURRENT_KERNEL_AND_MULTIPLICITY_PROOFS.tex,9926c5b5670777548f15f3fd626a4237d2c10a26834f51ba2b466a3b3a349656,38178,21,Vandermonde,unresolved person or eponym; contextual source use not established
14_CURRENT_KERNEL_AND_MULTIPLICITY_PROOFS.tex,9926c5b5670777548f15f3fd626a4237d2c10a26834f51ba2b466a3b3a349656,38242,12,Vandermonde,unresolved person or eponym; contextual source use not established
14_CURRENT_KERNEL_AND_MULTIPLICITY_PROOFS.tex,9926c5b5670777548f15f3fd626a4237d2c10a26834f51ba2b466a3b3a349656,38371,32,Vandermonde,unresolved person or eponym; contextual source use not established
14_CURRENT_KERNEL_AND_MULTIPLICITY_PROOFS.tex,9926c5b5670777548f15f3fd626a4237d2c10a26834f51ba2b466a3b3a349656,38381,6,Vandermonde,unresolved person or eponym; contextual source use not established
14_CURRENT_KERNEL_AND_MULTIPLICITY_PROOFS.tex,9926c5b5670777548f15f3fd626a4237d2c10a26834f51ba2b466a3b3a349656,38437,5,Euler,unresolved person or eponym; contextual source use not established
14_CURRENT_KERNEL_AND_MULTIPLICITY_PROOFS.tex,9926c5b5670777548f15f3fd626a4237d2c10a26834f51ba2b466a3b3a349656,38514,12,Gram,unresolved person or eponym; contextual source use not established
14_CURRENT_KERNEL_AND_MULTIPLICITY_PROOFS.tex,9926c5b5670777548f15f3fd626a4237d2c10a26834f51ba2b466a3b3a349656,38518,10,Schur,unresolved person or eponym; contextual source use not established
14_CURRENT_KERNEL_AND_MULTIPLICITY_PROOFS.tex,9926c5b5670777548f15f3fd626a4237d2c10a26834f51ba2b466a3b3a349656,38567,12,Gram,unresolved person or eponym; contextual source use not established
14_CURRENT_KERNEL_AND_MULTIPLICITY_PROOFS.tex,9926c5b5670777548f15f3fd626a4237d2c10a26834f51ba2b466a3b3a349656,38660,1,Cauchy,unresolved person or eponym; contextual source use not established
14_CURRENT_KERNEL_AND_MULTIPLICITY_PROOFS.tex,9926c5b5670777548f15f3fd626a4237d2c10a26834f51ba2b466a3b3a349656,38660,9,Schwarz,unresolved person or eponym; contextual source use not established
14_CURRENT_KERNEL_AND_MULTIPLICITY_PROOFS.tex,9926c5b5670777548f15f3fd626a4237d2c10a26834f51ba2b466a3b3a349656,38729,16,Vandermonde,unresolved person or eponym; contextual source use not established
14_CURRENT_KERNEL_AND_MULTIPLICITY_PROOFS.tex,9926c5b5670777548f15f3fd626a4237d2c10a26834f51ba2b466a3b3a349656,38732,42,Euler,unresolved person or eponym; contextual source use not established
14_CURRENT_KERNEL_AND_MULTIPLICITY_PROOFS.tex,9926c5b5670777548f15f3fd626a4237d2c10a26834f51ba2b466a3b3a349656,38834,24,Vandermonde,unresolved person or eponym; contextual source use not established
14_CURRENT_KERNEL_AND_MULTIPLICITY_PROOFS.tex,9926c5b5670777548f15f3fd626a4237d2c10a26834f51ba2b466a3b3a349656,39005,28,Vandermonde,unresolved person or eponym; contextual source use not established
14_CURRENT_KERNEL_AND_MULTIPLICITY_PROOFS.tex,9926c5b5670777548f15f3fd626a4237d2c10a26834f51ba2b466a3b3a349656,39023,36,Leibniz,unresolved person or eponym; contextual source use not established
14_CURRENT_KERNEL_AND_MULTIPLICITY_PROOFS.tex,9926c5b5670777548f15f3fd626a4237d2c10a26834f51ba2b466a3b3a349656,39104,51,Gauss,unresolved person or eponym; contextual source use not established
14_CURRENT_KERNEL_AND_MULTIPLICITY_PROOFS.tex,9926c5b5670777548f15f3fd626a4237d2c10a26834f51ba2b466a3b3a349656,39112,17,Laurent,unresolved person or eponym; contextual source use not established
14_CURRENT_KERNEL_AND_MULTIPLICITY_PROOFS.tex,9926c5b5670777548f15f3fd626a4237d2c10a26834f51ba2b466a3b3a349656,39165,1,Vandermonde,unresolved person or eponym; contextual source use not established
14_CURRENT_KERNEL_AND_MULTIPLICITY_PROOFS.tex,9926c5b5670777548f15f3fd626a4237d2c10a26834f51ba2b466a3b3a349656,39199,20,Taylor,unresolved person or eponym; contextual source use not established
14_CURRENT_KERNEL_AND_MULTIPLICITY_PROOFS.tex,9926c5b5670777548f15f3fd626a4237d2c10a26834f51ba2b466a3b3a349656,39208,16,Gram,unresolved person or eponym; contextual source use not established
14_CURRENT_KERNEL_AND_MULTIPLICITY_PROOFS.tex,9926c5b5670777548f15f3fd626a4237d2c10a26834f51ba2b466a3b3a349656,39218,39,Gram,unresolved person or eponym; contextual source use not established
14_CURRENT_KERNEL_AND_MULTIPLICITY_PROOFS.tex,9926c5b5670777548f15f3fd626a4237d2c10a26834f51ba2b466a3b3a349656,39327,44,Euler,unresolved person or eponym; contextual source use not established
14_CURRENT_KERNEL_AND_MULTIPLICITY_PROOFS.tex,9926c5b5670777548f15f3fd626a4237d2c10a26834f51ba2b466a3b3a349656,39403,23,Taylor,unresolved person or eponym; contextual source use not established
14_CURRENT_KERNEL_AND_MULTIPLICITY_PROOFS.tex,9926c5b5670777548f15f3fd626a4237d2c10a26834f51ba2b466a3b3a349656,39407,11,Taylor,unresolved person or eponym; contextual source use not established
14_CURRENT_KERNEL_AND_MULTIPLICITY_PROOFS.tex,9926c5b5670777548f15f3fd626a4237d2c10a26834f51ba2b466a3b3a349656,39415,12,Taylor,unresolved person or eponym; contextual source use not established
14_CURRENT_KERNEL_AND_MULTIPLICITY_PROOFS.tex,9926c5b5670777548f15f3fd626a4237d2c10a26834f51ba2b466a3b3a349656,39426,19,Gram,unresolved person or eponym; contextual source use not established
14_CURRENT_KERNEL_AND_MULTIPLICITY_PROOFS.tex,9926c5b5670777548f15f3fd626a4237d2c10a26834f51ba2b466a3b3a349656,39503,1,Vandermonde,unresolved person or eponym; contextual source use not established
14_CURRENT_KERNEL_AND_MULTIPLICITY_PROOFS.tex,9926c5b5670777548f15f3fd626a4237d2c10a26834f51ba2b466a3b3a349656,39508,20,Taylor,unresolved person or eponym; contextual source use not established
14_CURRENT_KERNEL_AND_MULTIPLICITY_PROOFS.tex,9926c5b5670777548f15f3fd626a4237d2c10a26834f51ba2b466a3b3a349656,39553,15,Leibniz,unresolved person or eponym; contextual source use not established
14_CURRENT_KERNEL_AND_MULTIPLICITY_PROOFS.tex,9926c5b5670777548f15f3fd626a4237d2c10a26834f51ba2b466a3b3a349656,39664,36,Taylor,unresolved person or eponym; contextual source use not established
14_CURRENT_KERNEL_AND_MULTIPLICITY_PROOFS.tex,9926c5b5670777548f15f3fd626a4237d2c10a26834f51ba2b466a3b3a349656,39700,1,Hilbert,unresolved person or eponym; contextual source use not established
14_CURRENT_KERNEL_AND_MULTIPLICITY_PROOFS.tex,9926c5b5670777548f15f3fd626a4237d2c10a26834f51ba2b466a3b3a349656,39758,25,Vandermonde,unresolved person or eponym; contextual source use not established
14_CURRENT_KERNEL_AND_MULTIPLICITY_PROOFS.tex,9926c5b5670777548f15f3fd626a4237d2c10a26834f51ba2b466a3b3a349656,39776,10,Vandermonde,unresolved person or eponym; contextual source use not established
14_CURRENT_KERNEL_AND_MULTIPLICITY_PROOFS.tex,9926c5b5670777548f15f3fd626a4237d2c10a26834f51ba2b466a3b3a349656,39807,43,Vandermonde,unresolved person or eponym; contextual source use not established
14_CURRENT_KERNEL_AND_MULTIPLICITY_PROOFS.tex,9926c5b5670777548f15f3fd626a4237d2c10a26834f51ba2b466a3b3a349656,39880,1,Vandermonde,unresolved person or eponym; contextual source use not established
14_CURRENT_KERNEL_AND_MULTIPLICITY_PROOFS.tex,9926c5b5670777548f15f3fd626a4237d2c10a26834f51ba2b466a3b3a349656,39935,22,Vandermonde,unresolved person or eponym; contextual source use not established
14_CURRENT_KERNEL_AND_MULTIPLICITY_PROOFS.tex,9926c5b5670777548f15f3fd626a4237d2c10a26834f51ba2b466a3b3a349656,39999,5,Euler,unresolved person or eponym; contextual source use not established
14_CURRENT_KERNEL_AND_MULTIPLICITY_PROOFS.tex,9926c5b5670777548f15f3fd626a4237d2c10a26834f51ba2b466a3b3a349656,40147,31,Gram,unresolved person or eponym; contextual source use not established
14_CURRENT_KERNEL_AND_MULTIPLICITY_PROOFS.tex,9926c5b5670777548f15f3fd626a4237d2c10a26834f51ba2b466a3b3a349656,40163,28,Schur,unresolved person or eponym; contextual source use not established
14_CURRENT_KERNEL_AND_MULTIPLICITY_PROOFS.tex,9926c5b5670777548f15f3fd626a4237d2c10a26834f51ba2b466a3b3a349656,40165,12,Gram,unresolved person or eponym; contextual source use not established
14_CURRENT_KERNEL_AND_MULTIPLICITY_PROOFS.tex,9926c5b5670777548f15f3fd626a4237d2c10a26834f51ba2b466a3b3a349656,40180,16,Gram,unresolved person or eponym; contextual source use not established
14_CURRENT_KERNEL_AND_MULTIPLICITY_PROOFS.tex,9926c5b5670777548f15f3fd626a4237d2c10a26834f51ba2b466a3b3a349656,40193,28,Gram,unresolved person or eponym; contextual source use not established
14_CURRENT_KERNEL_AND_MULTIPLICITY_PROOFS.tex,9926c5b5670777548f15f3fd626a4237d2c10a26834f51ba2b466a3b3a349656,40196,13,Gram,unresolved person or eponym; contextual source use not established
14_CURRENT_KERNEL_AND_MULTIPLICITY_PROOFS.tex,9926c5b5670777548f15f3fd626a4237d2c10a26834f51ba2b466a3b3a349656,40201,1,Gram,unresolved person or eponym; contextual source use not established
14_CURRENT_KERNEL_AND_MULTIPLICITY_PROOFS.tex,9926c5b5670777548f15f3fd626a4237d2c10a26834f51ba2b466a3b3a349656,40201,31,Gram,unresolved person or eponym; contextual source use not established
14_CURRENT_KERNEL_AND_MULTIPLICITY_PROOFS.tex,9926c5b5670777548f15f3fd626a4237d2c10a26834f51ba2b466a3b3a349656,40205,23,Taylor,unresolved person or eponym; contextual source use not established
14_CURRENT_KERNEL_AND_MULTIPLICITY_PROOFS.tex,9926c5b5670777548f15f3fd626a4237d2c10a26834f51ba2b466a3b3a349656,40210,1,Taylor,unresolved person or eponym; contextual source use not established
14_CURRENT_KERNEL_AND_MULTIPLICITY_PROOFS.tex,9926c5b5670777548f15f3fd626a4237d2c10a26834f51ba2b466a3b3a349656,40271,44,Gram,unresolved person or eponym; contextual source use not established
14_CURRENT_KERNEL_AND_MULTIPLICITY_PROOFS.tex,9926c5b5670777548f15f3fd626a4237d2c10a26834f51ba2b466a3b3a349656,40511,28,Gram,unresolved person or eponym; contextual source use not established
14_CURRENT_KERNEL_AND_MULTIPLICITY_PROOFS.tex,9926c5b5670777548f15f3fd626a4237d2c10a26834f51ba2b466a3b3a349656,40513,23,Schur,unresolved person or eponym; contextual source use not established
14_CURRENT_KERNEL_AND_MULTIPLICITY_PROOFS.tex,9926c5b5670777548f15f3fd626a4237d2c10a26834f51ba2b466a3b3a349656,40540,14,Taylor,unresolved person or eponym; contextual source use not established
14_CURRENT_KERNEL_AND_MULTIPLICITY_PROOFS.tex,9926c5b5670777548f15f3fd626a4237d2c10a26834f51ba2b466a3b3a349656,40544,10,Vandermonde,unresolved person or eponym; contextual source use not established
14_CURRENT_KERNEL_AND_MULTIPLICITY_PROOFS.tex,9926c5b5670777548f15f3fd626a4237d2c10a26834f51ba2b466a3b3a349656,40658,19,Gram,unresolved person or eponym; contextual source use not established
14_CURRENT_KERNEL_AND_MULTIPLICITY_PROOFS.tex,9926c5b5670777548f15f3fd626a4237d2c10a26834f51ba2b466a3b3a349656,40671,1,Gram,unresolved person or eponym; contextual source use not established
14_CURRENT_KERNEL_AND_MULTIPLICITY_PROOFS.tex,9926c5b5670777548f15f3fd626a4237d2c10a26834f51ba2b466a3b3a349656,40681,1,Gram,unresolved person or eponym; contextual source use not established
14_CURRENT_KERNEL_AND_MULTIPLICITY_PROOFS.tex,9926c5b5670777548f15f3fd626a4237d2c10a26834f51ba2b466a3b3a349656,40697,18,Gram,unresolved person or eponym; contextual source use not established
14_CURRENT_KERNEL_AND_MULTIPLICITY_PROOFS.tex,9926c5b5670777548f15f3fd626a4237d2c10a26834f51ba2b466a3b3a349656,40729,14,Vandermonde,unresolved person or eponym; contextual source use not established
14_CURRENT_KERNEL_AND_MULTIPLICITY_PROOFS.tex,9926c5b5670777548f15f3fd626a4237d2c10a26834f51ba2b466a3b3a349656,40940,9,Gram,unresolved person or eponym; contextual source use not established
14_CURRENT_KERNEL_AND_MULTIPLICITY_PROOFS.tex,9926c5b5670777548f15f3fd626a4237d2c10a26834f51ba2b466a3b3a349656,40940,22,Schur,unresolved person or eponym; contextual source use not established
14_CURRENT_KERNEL_AND_MULTIPLICITY_PROOFS.tex,9926c5b5670777548f15f3fd626a4237d2c10a26834f51ba2b466a3b3a349656,40968,64,Gram,unresolved person or eponym; contextual source use not established
14_CURRENT_KERNEL_AND_MULTIPLICITY_PROOFS.tex,9926c5b5670777548f15f3fd626a4237d2c10a26834f51ba2b466a3b3a349656,41001,21,Vandermonde,unresolved person or eponym; contextual source use not established
14_CURRENT_KERNEL_AND_MULTIPLICITY_PROOFS.tex,9926c5b5670777548f15f3fd626a4237d2c10a26834f51ba2b466a3b3a349656,41055,30,Gram,unresolved person or eponym; contextual source use not established
14_CURRENT_KERNEL_AND_MULTIPLICITY_PROOFS.tex,9926c5b5670777548f15f3fd626a4237d2c10a26834f51ba2b466a3b3a349656,41078,1,Vandermonde,unresolved person or eponym; contextual source use not established
14_CURRENT_KERNEL_AND_MULTIPLICITY_PROOFS.tex,9926c5b5670777548f15f3fd626a4237d2c10a26834f51ba2b466a3b3a349656,41097,1,Schur,unresolved person or eponym; contextual source use not established
14_CURRENT_KERNEL_AND_MULTIPLICITY_PROOFS.tex,9926c5b5670777548f15f3fd626a4237d2c10a26834f51ba2b466a3b3a349656,41128,34,Gram,unresolved person or eponym; contextual source use not established
14_CURRENT_KERNEL_AND_MULTIPLICITY_PROOFS.tex,9926c5b5670777548f15f3fd626a4237d2c10a26834f51ba2b466a3b3a349656,41249,17,Gram,unresolved person or eponym; contextual source use not established
14_CURRENT_KERNEL_AND_MULTIPLICITY_PROOFS.tex,9926c5b5670777548f15f3fd626a4237d2c10a26834f51ba2b466a3b3a349656,41262,11,Gram,unresolved person or eponym; contextual source use not established
14_CURRENT_KERNEL_AND_MULTIPLICITY_PROOFS.tex,9926c5b5670777548f15f3fd626a4237d2c10a26834f51ba2b466a3b3a349656,41282,11,Hilbert,unresolved person or eponym; contextual source use not established
14_CURRENT_KERNEL_AND_MULTIPLICITY_PROOFS.tex,9926c5b5670777548f15f3fd626a4237d2c10a26834f51ba2b466a3b3a349656,41296,39,Schur,unresolved person or eponym; contextual source use not established
14_CURRENT_KERNEL_AND_MULTIPLICITY_PROOFS.tex,9926c5b5670777548f15f3fd626a4237d2c10a26834f51ba2b466a3b3a349656,41383,48,Gram,unresolved person or eponym; contextual source use not established
14_CURRENT_KERNEL_AND_MULTIPLICITY_PROOFS.tex,9926c5b5670777548f15f3fd626a4237d2c10a26834f51ba2b466a3b3a349656,41387,55,Gram,unresolved person or eponym; contextual source use not established
14_CURRENT_KERNEL_AND_MULTIPLICITY_PROOFS.tex,9926c5b5670777548f15f3fd626a4237d2c10a26834f51ba2b466a3b3a349656,41443,57,Gram,unresolved person or eponym; contextual source use not established
14_CURRENT_KERNEL_AND_MULTIPLICITY_PROOFS.tex,9926c5b5670777548f15f3fd626a4237d2c10a26834f51ba2b466a3b3a349656,41522,42,Gram,unresolved person or eponym; contextual source use not established
14_CURRENT_KERNEL_AND_MULTIPLICITY_PROOFS.tex,9926c5b5670777548f15f3fd626a4237d2c10a26834f51ba2b466a3b3a349656,41675,8,Gram,unresolved person or eponym; contextual source use not established
14_CURRENT_KERNEL_AND_MULTIPLICITY_PROOFS.tex,9926c5b5670777548f15f3fd626a4237d2c10a26834f51ba2b466a3b3a349656,41861,32,Gram,unresolved person or eponym; contextual source use not established
14_CURRENT_KERNEL_AND_MULTIPLICITY_PROOFS.tex,9926c5b5670777548f15f3fd626a4237d2c10a26834f51ba2b466a3b3a349656,41862,43,Gram,unresolved person or eponym; contextual source use not established
14_CURRENT_KERNEL_AND_MULTIPLICITY_PROOFS.tex,9926c5b5670777548f15f3fd626a4237d2c10a26834f51ba2b466a3b3a349656,41875,51,Gram,unresolved person or eponym; contextual source use not established
14_CURRENT_KERNEL_AND_MULTIPLICITY_PROOFS.tex,9926c5b5670777548f15f3fd626a4237d2c10a26834f51ba2b466a3b3a349656,41889,1,Vandermonde,unresolved person or eponym; contextual source use not established
14_CURRENT_KERNEL_AND_MULTIPLICITY_PROOFS.tex,9926c5b5670777548f15f3fd626a4237d2c10a26834f51ba2b466a3b3a349656,41890,31,Vandermonde,unresolved person or eponym; contextual source use not established
14_CURRENT_KERNEL_AND_MULTIPLICITY_PROOFS.tex,9926c5b5670777548f15f3fd626a4237d2c10a26834f51ba2b466a3b3a349656,41899,13,Schur,unresolved person or eponym; contextual source use not established
14_CURRENT_KERNEL_AND_MULTIPLICITY_PROOFS.tex,9926c5b5670777548f15f3fd626a4237d2c10a26834f51ba2b466a3b3a349656,41900,7,Gram,unresolved person or eponym; contextual source use not established
14_CURRENT_KERNEL_AND_MULTIPLICITY_PROOFS.tex,9926c5b5670777548f15f3fd626a4237d2c10a26834f51ba2b466a3b3a349656,41980,9,Gram,unresolved person or eponym; contextual source use not established
14_CURRENT_KERNEL_AND_MULTIPLICITY_PROOFS.tex,9926c5b5670777548f15f3fd626a4237d2c10a26834f51ba2b466a3b3a349656,41982,26,Gram,unresolved person or eponym; contextual source use not established
14_CURRENT_KERNEL_AND_MULTIPLICITY_PROOFS.tex,9926c5b5670777548f15f3fd626a4237d2c10a26834f51ba2b466a3b3a349656,42086,32,Gram,unresolved person or eponym; contextual source use not established
14_CURRENT_KERNEL_AND_MULTIPLICITY_PROOFS.tex,9926c5b5670777548f15f3fd626a4237d2c10a26834f51ba2b466a3b3a349656,42170,40,Gram,unresolved person or eponym; contextual source use not established
14_CURRENT_KERNEL_AND_MULTIPLICITY_PROOFS.tex,9926c5b5670777548f15f3fd626a4237d2c10a26834f51ba2b466a3b3a349656,42192,56,Gram,unresolved person or eponym; contextual source use not established
14_CURRENT_KERNEL_AND_MULTIPLICITY_PROOFS.tex,9926c5b5670777548f15f3fd626a4237d2c10a26834f51ba2b466a3b3a349656,42275,207,Gram,unresolved person or eponym; contextual source use not established
14_CURRENT_KERNEL_AND_MULTIPLICITY_PROOFS.tex,9926c5b5670777548f15f3fd626a4237d2c10a26834f51ba2b466a3b3a349656,42561,75,Hilbert,unresolved person or eponym; contextual source use not established
14_CURRENT_KERNEL_AND_MULTIPLICITY_PROOFS.tex,9926c5b5670777548f15f3fd626a4237d2c10a26834f51ba2b466a3b3a349656,42933,27,Gram,unresolved person or eponym; contextual source use not established
14_CURRENT_KERNEL_AND_MULTIPLICITY_PROOFS.tex,9926c5b5670777548f15f3fd626a4237d2c10a26834f51ba2b466a3b3a349656,42983,33,Euler,unresolved person or eponym; contextual source use not established
14_CURRENT_KERNEL_AND_MULTIPLICITY_PROOFS.tex,9926c5b5670777548f15f3fd626a4237d2c10a26834f51ba2b466a3b3a349656,42986,56,Gram,unresolved person or eponym; contextual source use not established
14_CURRENT_KERNEL_AND_MULTIPLICITY_PROOFS.tex,9926c5b5670777548f15f3fd626a4237d2c10a26834f51ba2b466a3b3a349656,42995,54,Gram,unresolved person or eponym; contextual source use not established
14_CURRENT_KERNEL_AND_MULTIPLICITY_PROOFS.tex,9926c5b5670777548f15f3fd626a4237d2c10a26834f51ba2b466a3b3a349656,43032,10,Euler,unresolved person or eponym; contextual source use not established
14_CURRENT_KERNEL_AND_MULTIPLICITY_PROOFS.tex,9926c5b5670777548f15f3fd626a4237d2c10a26834f51ba2b466a3b3a349656,43053,23,Schur,unresolved person or eponym; contextual source use not established
14_CURRENT_KERNEL_AND_MULTIPLICITY_PROOFS.tex,9926c5b5670777548f15f3fd626a4237d2c10a26834f51ba2b466a3b3a349656,43074,54,Euler,unresolved person or eponym; contextual source use not established
14_CURRENT_KERNEL_AND_MULTIPLICITY_PROOFS.tex,9926c5b5670777548f15f3fd626a4237d2c10a26834f51ba2b466a3b3a349656,43077,15,Vandermonde,unresolved person or eponym; contextual source use not established
14_CURRENT_KERNEL_AND_MULTIPLICITY_PROOFS.tex,9926c5b5670777548f15f3fd626a4237d2c10a26834f51ba2b466a3b3a349656,43102,39,Euler,unresolved person or eponym; contextual source use not established
14_CURRENT_KERNEL_AND_MULTIPLICITY_PROOFS.tex,9926c5b5670777548f15f3fd626a4237d2c10a26834f51ba2b466a3b3a349656,43107,11,Schur,unresolved person or eponym; contextual source use not established
14_CURRENT_KERNEL_AND_MULTIPLICITY_PROOFS.tex,9926c5b5670777548f15f3fd626a4237d2c10a26834f51ba2b466a3b3a349656,43118,57,Euler,unresolved person or eponym; contextual source use not established
14_CURRENT_KERNEL_AND_MULTIPLICITY_PROOFS.tex,9926c5b5670777548f15f3fd626a4237d2c10a26834f51ba2b466a3b3a349656,43159,10,Schur,unresolved person or eponym; contextual source use not established
14_CURRENT_KERNEL_AND_MULTIPLICITY_PROOFS.tex,9926c5b5670777548f15f3fd626a4237d2c10a26834f51ba2b466a3b3a349656,43225,44,Gram,unresolved person or eponym; contextual source use not established
14_CURRENT_KERNEL_AND_MULTIPLICITY_PROOFS.tex,9926c5b5670777548f15f3fd626a4237d2c10a26834f51ba2b466a3b3a349656,43255,16,Gram,unresolved person or eponym; contextual source use not established
14_CURRENT_KERNEL_AND_MULTIPLICITY_PROOFS.tex,9926c5b5670777548f15f3fd626a4237d2c10a26834f51ba2b466a3b3a349656,43264,38,Gram,unresolved person or eponym; contextual source use not established
14_CURRENT_KERNEL_AND_MULTIPLICITY_PROOFS.tex,9926c5b5670777548f15f3fd626a4237d2c10a26834f51ba2b466a3b3a349656,43264,57,Gram,unresolved person or eponym; contextual source use not established
14_CURRENT_KERNEL_AND_MULTIPLICITY_PROOFS.tex,9926c5b5670777548f15f3fd626a4237d2c10a26834f51ba2b466a3b3a349656,43266,45,Gram,unresolved person or eponym; contextual source use not established
14_CURRENT_KERNEL_AND_MULTIPLICITY_PROOFS.tex,9926c5b5670777548f15f3fd626a4237d2c10a26834f51ba2b466a3b3a349656,43273,10,Taylor,unresolved person or eponym; contextual source use not established
14_CURRENT_KERNEL_AND_MULTIPLICITY_PROOFS.tex,9926c5b5670777548f15f3fd626a4237d2c10a26834f51ba2b466a3b3a349656,43318,33,Taylor,unresolved person or eponym; contextual source use not established
14_CURRENT_KERNEL_AND_MULTIPLICITY_PROOFS.tex,9926c5b5670777548f15f3fd626a4237d2c10a26834f51ba2b466a3b3a349656,43394,1,Schur,unresolved person or eponym; contextual source use not established
14_CURRENT_KERNEL_AND_MULTIPLICITY_PROOFS.tex,9926c5b5670777548f15f3fd626a4237d2c10a26834f51ba2b466a3b3a349656,43446,36,Gram,unresolved person or eponym; contextual source use not established
14_CURRENT_KERNEL_AND_MULTIPLICITY_PROOFS.tex,9926c5b5670777548f15f3fd626a4237d2c10a26834f51ba2b466a3b3a349656,43528,17,Gram,unresolved person or eponym; contextual source use not established
14_CURRENT_KERNEL_AND_MULTIPLICITY_PROOFS.tex,9926c5b5670777548f15f3fd626a4237d2c10a26834f51ba2b466a3b3a349656,43559,26,Gram,unresolved person or eponym; contextual source use not established
14_CURRENT_KERNEL_AND_MULTIPLICITY_PROOFS.tex,9926c5b5670777548f15f3fd626a4237d2c10a26834f51ba2b466a3b3a349656,43831,3,Vandermonde,unresolved person or eponym; contextual source use not established
14_CURRENT_KERNEL_AND_MULTIPLICITY_PROOFS.tex,9926c5b5670777548f15f3fd626a4237d2c10a26834f51ba2b466a3b3a349656,43835,17,Vandermonde,unresolved person or eponym; contextual source use not established
14_CURRENT_KERNEL_AND_MULTIPLICITY_PROOFS.tex,9926c5b5670777548f15f3fd626a4237d2c10a26834f51ba2b466a3b3a349656,43836,5,Leibniz,unresolved person or eponym; contextual source use not established
14_CURRENT_KERNEL_AND_MULTIPLICITY_PROOFS.tex,9926c5b5670777548f15f3fd626a4237d2c10a26834f51ba2b466a3b3a349656,43914,40,Vandermonde,unresolved person or eponym; contextual source use not established
14_CURRENT_KERNEL_AND_MULTIPLICITY_PROOFS.tex,9926c5b5670777548f15f3fd626a4237d2c10a26834f51ba2b466a3b3a349656,43978,40,Gram,unresolved person or eponym; contextual source use not established
14_CURRENT_KERNEL_AND_MULTIPLICITY_PROOFS.tex,9926c5b5670777548f15f3fd626a4237d2c10a26834f51ba2b466a3b3a349656,43995,13,Schur,unresolved person or eponym; contextual source use not established
14_CURRENT_KERNEL_AND_MULTIPLICITY_PROOFS.tex,9926c5b5670777548f15f3fd626a4237d2c10a26834f51ba2b466a3b3a349656,44044,53,Schur,unresolved person or eponym; contextual source use not established
14_CURRENT_KERNEL_AND_MULTIPLICITY_PROOFS.tex,9926c5b5670777548f15f3fd626a4237d2c10a26834f51ba2b466a3b3a349656,44256,10,Gram,unresolved person or eponym; contextual source use not established
14_CURRENT_KERNEL_AND_MULTIPLICITY_PROOFS.tex,9926c5b5670777548f15f3fd626a4237d2c10a26834f51ba2b466a3b3a349656,44319,46,Taylor,unresolved person or eponym; contextual source use not established
14_CURRENT_KERNEL_AND_MULTIPLICITY_PROOFS.tex,9926c5b5670777548f15f3fd626a4237d2c10a26834f51ba2b466a3b3a349656,44338,43,Vandermonde,unresolved person or eponym; contextual source use not established
14_CURRENT_KERNEL_AND_MULTIPLICITY_PROOFS.tex,9926c5b5670777548f15f3fd626a4237d2c10a26834f51ba2b466a3b3a349656,44385,10,Taylor,unresolved person or eponym; contextual source use not established
14_CURRENT_KERNEL_AND_MULTIPLICITY_PROOFS.tex,9926c5b5670777548f15f3fd626a4237d2c10a26834f51ba2b466a3b3a349656,44389,35,Taylor,unresolved person or eponym; contextual source use not established
14_CURRENT_KERNEL_AND_MULTIPLICITY_PROOFS.tex,9926c5b5670777548f15f3fd626a4237d2c10a26834f51ba2b466a3b3a349656,44403,38,Vandermonde,unresolved person or eponym; contextual source use not established
14_CURRENT_KERNEL_AND_MULTIPLICITY_PROOFS.tex,9926c5b5670777548f15f3fd626a4237d2c10a26834f51ba2b466a3b3a349656,44466,33,Gram,unresolved person or eponym; contextual source use not established
14_CURRENT_KERNEL_AND_MULTIPLICITY_PROOFS.tex,9926c5b5670777548f15f3fd626a4237d2c10a26834f51ba2b466a3b3a349656,44477,1,Schur,unresolved person or eponym; contextual source use not established
14_CURRENT_KERNEL_AND_MULTIPLICITY_PROOFS.tex,9926c5b5670777548f15f3fd626a4237d2c10a26834f51ba2b466a3b3a349656,44500,1,Schur,unresolved person or eponym; contextual source use not established
14_CURRENT_KERNEL_AND_MULTIPLICITY_PROOFS.tex,9926c5b5670777548f15f3fd626a4237d2c10a26834f51ba2b466a3b3a349656,44620,30,Taylor,unresolved person or eponym; contextual source use not established
14_CURRENT_KERNEL_AND_MULTIPLICITY_PROOFS.tex,9926c5b5670777548f15f3fd626a4237d2c10a26834f51ba2b466a3b3a349656,44685,59,Taylor,unresolved person or eponym; contextual source use not established
14_CURRENT_KERNEL_AND_MULTIPLICITY_PROOFS.tex,9926c5b5670777548f15f3fd626a4237d2c10a26834f51ba2b466a3b3a349656,44688,15,Taylor,unresolved person or eponym; contextual source use not established
14_CURRENT_KERNEL_AND_MULTIPLICITY_PROOFS.tex,9926c5b5670777548f15f3fd626a4237d2c10a26834f51ba2b466a3b3a349656,44723,26,Gram,unresolved person or eponym; contextual source use not established
14_CURRENT_KERNEL_AND_MULTIPLICITY_PROOFS.tex,9926c5b5670777548f15f3fd626a4237d2c10a26834f51ba2b466a3b3a349656,44794,19,Gram,unresolved person or eponym; contextual source use not established
14_CURRENT_KERNEL_AND_MULTIPLICITY_PROOFS.tex,9926c5b5670777548f15f3fd626a4237d2c10a26834f51ba2b466a3b3a349656,44832,36,Gram,unresolved person or eponym; contextual source use not established
14_CURRENT_KERNEL_AND_MULTIPLICITY_PROOFS.tex,9926c5b5670777548f15f3fd626a4237d2c10a26834f51ba2b466a3b3a349656,44862,26,Gram,unresolved person or eponym; contextual source use not established
14_CURRENT_KERNEL_AND_MULTIPLICITY_PROOFS.tex,9926c5b5670777548f15f3fd626a4237d2c10a26834f51ba2b466a3b3a349656,44864,26,Gram,unresolved person or eponym; contextual source use not established
14_CURRENT_KERNEL_AND_MULTIPLICITY_PROOFS.tex,9926c5b5670777548f15f3fd626a4237d2c10a26834f51ba2b466a3b3a349656,44899,53,Gram,unresolved person or eponym; contextual source use not established
14_CURRENT_KERNEL_AND_MULTIPLICITY_PROOFS.tex,9926c5b5670777548f15f3fd626a4237d2c10a26834f51ba2b466a3b3a349656,44995,28,Gram,unresolved person or eponym; contextual source use not established
14_CURRENT_KERNEL_AND_MULTIPLICITY_PROOFS.tex,9926c5b5670777548f15f3fd626a4237d2c10a26834f51ba2b466a3b3a349656,44996,16,Gram,unresolved person or eponym; contextual source use not established
14_CURRENT_KERNEL_AND_MULTIPLICITY_PROOFS.tex,9926c5b5670777548f15f3fd626a4237d2c10a26834f51ba2b466a3b3a349656,45004,23,Gram,unresolved person or eponym; contextual source use not established
14_CURRENT_KERNEL_AND_MULTIPLICITY_PROOFS.tex,9926c5b5670777548f15f3fd626a4237d2c10a26834f51ba2b466a3b3a349656,45008,1,Gram,unresolved person or eponym; contextual source use not established
14_CURRENT_KERNEL_AND_MULTIPLICITY_PROOFS.tex,9926c5b5670777548f15f3fd626a4237d2c10a26834f51ba2b466a3b3a349656,45011,12,Schur,unresolved person or eponym; contextual source use not established
14_CURRENT_KERNEL_AND_MULTIPLICITY_PROOFS.tex,9926c5b5670777548f15f3fd626a4237d2c10a26834f51ba2b466a3b3a349656,45157,1,Gram,unresolved person or eponym; contextual source use not established
14_CURRENT_KERNEL_AND_MULTIPLICITY_PROOFS.tex,9926c5b5670777548f15f3fd626a4237d2c10a26834f51ba2b466a3b3a349656,45317,55,Gram,unresolved person or eponym; contextual source use not established
14_CURRENT_KERNEL_AND_MULTIPLICITY_PROOFS.tex,9926c5b5670777548f15f3fd626a4237d2c10a26834f51ba2b466a3b3a349656,45321,28,Gram,unresolved person or eponym; contextual source use not established
14_CURRENT_KERNEL_AND_MULTIPLICITY_PROOFS.tex,9926c5b5670777548f15f3fd626a4237d2c10a26834f51ba2b466a3b3a349656,45346,41,Gram,unresolved person or eponym; contextual source use not established
14_CURRENT_KERNEL_AND_MULTIPLICITY_PROOFS.tex,9926c5b5670777548f15f3fd626a4237d2c10a26834f51ba2b466a3b3a349656,45346,58,Schur,unresolved person or eponym; contextual source use not established
14_CURRENT_KERNEL_AND_MULTIPLICITY_PROOFS.tex,9926c5b5670777548f15f3fd626a4237d2c10a26834f51ba2b466a3b3a349656,45495,16,Taylor,unresolved person or eponym; contextual source use not established
14_CURRENT_KERNEL_AND_MULTIPLICITY_PROOFS.tex,9926c5b5670777548f15f3fd626a4237d2c10a26834f51ba2b466a3b3a349656,45497,19,Taylor,unresolved person or eponym; contextual source use not established
14_CURRENT_KERNEL_AND_MULTIPLICITY_PROOFS.tex,9926c5b5670777548f15f3fd626a4237d2c10a26834f51ba2b466a3b3a349656,45583,60,Taylor,unresolved person or eponym; contextual source use not established
14_CURRENT_KERNEL_AND_MULTIPLICITY_PROOFS.tex,9926c5b5670777548f15f3fd626a4237d2c10a26834f51ba2b466a3b3a349656,45673,7,Gram,unresolved person or eponym; contextual source use not established
14_CURRENT_KERNEL_AND_MULTIPLICITY_PROOFS.tex,9926c5b5670777548f15f3fd626a4237d2c10a26834f51ba2b466a3b3a349656,45674,41,Schur,unresolved person or eponym; contextual source use not established
14_CURRENT_KERNEL_AND_MULTIPLICITY_PROOFS.tex,9926c5b5670777548f15f3fd626a4237d2c10a26834f51ba2b466a3b3a349656,45697,23,Schur,unresolved person or eponym; contextual source use not established
14_CURRENT_KERNEL_AND_MULTIPLICITY_PROOFS.tex,9926c5b5670777548f15f3fd626a4237d2c10a26834f51ba2b466a3b3a349656,45759,22,Gram,unresolved person or eponym; contextual source use not established
14_CURRENT_KERNEL_AND_MULTIPLICITY_PROOFS.tex,9926c5b5670777548f15f3fd626a4237d2c10a26834f51ba2b466a3b3a349656,45761,24,Gram,unresolved person or eponym; contextual source use not established
14_CURRENT_KERNEL_AND_MULTIPLICITY_PROOFS.tex,9926c5b5670777548f15f3fd626a4237d2c10a26834f51ba2b466a3b3a349656,45762,24,Gram,unresolved person or eponym; contextual source use not established
14_CURRENT_KERNEL_AND_MULTIPLICITY_PROOFS.tex,9926c5b5670777548f15f3fd626a4237d2c10a26834f51ba2b466a3b3a349656,45763,24,Gram,unresolved person or eponym; contextual source use not established
14_CURRENT_KERNEL_AND_MULTIPLICITY_PROOFS.tex,9926c5b5670777548f15f3fd626a4237d2c10a26834f51ba2b466a3b3a349656,45828,29,Gram,unresolved person or eponym; contextual source use not established
14_CURRENT_KERNEL_AND_MULTIPLICITY_PROOFS.tex,9926c5b5670777548f15f3fd626a4237d2c10a26834f51ba2b466a3b3a349656,45842,58,Gram,unresolved person or eponym; contextual source use not established
14_CURRENT_KERNEL_AND_MULTIPLICITY_PROOFS.tex,9926c5b5670777548f15f3fd626a4237d2c10a26834f51ba2b466a3b3a349656,45864,17,Euler,unresolved person or eponym; contextual source use not established
14_CURRENT_KERNEL_AND_MULTIPLICITY_PROOFS.tex,9926c5b5670777548f15f3fd626a4237d2c10a26834f51ba2b466a3b3a349656,45928,1,Hadamard,unresolved person or eponym; contextual source use not established
14_CURRENT_KERNEL_AND_MULTIPLICITY_PROOFS.tex,9926c5b5670777548f15f3fd626a4237d2c10a26834f51ba2b466a3b3a349656,45931,41,Gram,unresolved person or eponym; contextual source use not established
14_CURRENT_KERNEL_AND_MULTIPLICITY_PROOFS.tex,9926c5b5670777548f15f3fd626a4237d2c10a26834f51ba2b466a3b3a349656,45948,1,Vandermonde,unresolved person or eponym; contextual source use not established
14_CURRENT_KERNEL_AND_MULTIPLICITY_PROOFS.tex,9926c5b5670777548f15f3fd626a4237d2c10a26834f51ba2b466a3b3a349656,45948,30,Fubini,unresolved person or eponym; contextual source use not established
14_CURRENT_KERNEL_AND_MULTIPLICITY_PROOFS.tex,9926c5b5670777548f15f3fd626a4237d2c10a26834f51ba2b466a3b3a349656,45956,1,Vandermonde,unresolved person or eponym; contextual source use not established
14_CURRENT_KERNEL_AND_MULTIPLICITY_PROOFS.tex,9926c5b5670777548f15f3fd626a4237d2c10a26834f51ba2b466a3b3a349656,45995,29,Gram,unresolved person or eponym; contextual source use not established
14_CURRENT_KERNEL_AND_MULTIPLICITY_PROOFS.tex,9926c5b5670777548f15f3fd626a4237d2c10a26834f51ba2b466a3b3a349656,46000,47,Gram,unresolved person or eponym; contextual source use not established
14_CURRENT_KERNEL_AND_MULTIPLICITY_PROOFS.tex,9926c5b5670777548f15f3fd626a4237d2c10a26834f51ba2b466a3b3a349656,46036,1,Cauchy,unresolved person or eponym; contextual source use not established
14_CURRENT_KERNEL_AND_MULTIPLICITY_PROOFS.tex,9926c5b5670777548f15f3fd626a4237d2c10a26834f51ba2b466a3b3a349656,46036,9,Schwarz,unresolved person or eponym; contextual source use not established
14_CURRENT_KERNEL_AND_MULTIPLICITY_PROOFS.tex,9926c5b5670777548f15f3fd626a4237d2c10a26834f51ba2b466a3b3a349656,46047,1,Cauchy,unresolved person or eponym; contextual source use not established
14_CURRENT_KERNEL_AND_MULTIPLICITY_PROOFS.tex,9926c5b5670777548f15f3fd626a4237d2c10a26834f51ba2b466a3b3a349656,46066,12,Gram,unresolved person or eponym; contextual source use not established
14_CURRENT_KERNEL_AND_MULTIPLICITY_PROOFS.tex,9926c5b5670777548f15f3fd626a4237d2c10a26834f51ba2b466a3b3a349656,46067,14,Gram,unresolved person or eponym; contextual source use not established
14_CURRENT_KERNEL_AND_MULTIPLICITY_PROOFS.tex,9926c5b5670777548f15f3fd626a4237d2c10a26834f51ba2b466a3b3a349656,46067,39,Gram,unresolved person or eponym; contextual source use not established
14_CURRENT_KERNEL_AND_MULTIPLICITY_PROOFS.tex,9926c5b5670777548f15f3fd626a4237d2c10a26834f51ba2b466a3b3a349656,46071,27,Gram,unresolved person or eponym; contextual source use not established
14_CURRENT_KERNEL_AND_MULTIPLICITY_PROOFS.tex,9926c5b5670777548f15f3fd626a4237d2c10a26834f51ba2b466a3b3a349656,46073,28,Gram,unresolved person or eponym; contextual source use not established
14_CURRENT_KERNEL_AND_MULTIPLICITY_PROOFS.tex,9926c5b5670777548f15f3fd626a4237d2c10a26834f51ba2b466a3b3a349656,46167,52,Toeplitz,unresolved person or eponym; contextual source use not established
14_CURRENT_KERNEL_AND_MULTIPLICITY_PROOFS.tex,9926c5b5670777548f15f3fd626a4237d2c10a26834f51ba2b466a3b3a349656,46217,5,Euler,unresolved person or eponym; contextual source use not established
14_CURRENT_KERNEL_AND_MULTIPLICITY_PROOFS.tex,9926c5b5670777548f15f3fd626a4237d2c10a26834f51ba2b466a3b3a349656,46227,16,Fourier,unresolved person or eponym; contextual source use not established
14_CURRENT_KERNEL_AND_MULTIPLICITY_PROOFS.tex,9926c5b5670777548f15f3fd626a4237d2c10a26834f51ba2b466a3b3a349656,46228,35,Fourier,unresolved person or eponym; contextual source use not established
14_CURRENT_KERNEL_AND_MULTIPLICITY_PROOFS.tex,9926c5b5670777548f15f3fd626a4237d2c10a26834f51ba2b466a3b3a349656,46229,63,Gaussian,unresolved person or eponym; contextual source use not established
14_CURRENT_KERNEL_AND_MULTIPLICITY_PROOFS.tex,9926c5b5670777548f15f3fd626a4237d2c10a26834f51ba2b466a3b3a349656,46240,59,Fourier,unresolved person or eponym; contextual source use not established
14_CURRENT_KERNEL_AND_MULTIPLICITY_PROOFS.tex,9926c5b5670777548f15f3fd626a4237d2c10a26834f51ba2b466a3b3a349656,46261,42,Hilbert,unresolved person or eponym; contextual source use not established
14_CURRENT_KERNEL_AND_MULTIPLICITY_PROOFS.tex,9926c5b5670777548f15f3fd626a4237d2c10a26834f51ba2b466a3b3a349656,46265,53,Toeplitz,unresolved person or eponym; contextual source use not established
14_CURRENT_KERNEL_AND_MULTIPLICITY_PROOFS.tex,9926c5b5670777548f15f3fd626a4237d2c10a26834f51ba2b466a3b3a349656,46363,10,Taylor,unresolved person or eponym; contextual source use not established
14_CURRENT_KERNEL_AND_MULTIPLICITY_PROOFS.tex,9926c5b5670777548f15f3fd626a4237d2c10a26834f51ba2b466a3b3a349656,46394,51,Toeplitz,unresolved person or eponym; contextual source use not established
14_CURRENT_KERNEL_AND_MULTIPLICITY_PROOFS.tex,9926c5b5670777548f15f3fd626a4237d2c10a26834f51ba2b466a3b3a349656,46402,49,Laurent,unresolved person or eponym; contextual source use not established
14_CURRENT_KERNEL_AND_MULTIPLICITY_PROOFS.tex,9926c5b5670777548f15f3fd626a4237d2c10a26834f51ba2b466a3b3a349656,46447,35,Taylor,unresolved person or eponym; contextual source use not established
14_CURRENT_KERNEL_AND_MULTIPLICITY_PROOFS.tex,9926c5b5670777548f15f3fd626a4237d2c10a26834f51ba2b466a3b3a349656,46477,35,Taylor,unresolved person or eponym; contextual source use not established
14_CURRENT_KERNEL_AND_MULTIPLICITY_PROOFS.tex,9926c5b5670777548f15f3fd626a4237d2c10a26834f51ba2b466a3b3a349656,46492,39,Toeplitz,unresolved person or eponym; contextual source use not established
14_CURRENT_KERNEL_AND_MULTIPLICITY_PROOFS.tex,9926c5b5670777548f15f3fd626a4237d2c10a26834f51ba2b466a3b3a349656,46497,1,Cauchy,unresolved person or eponym; contextual source use not established
14_CURRENT_KERNEL_AND_MULTIPLICITY_PROOFS.tex,9926c5b5670777548f15f3fd626a4237d2c10a26834f51ba2b466a3b3a349656,46618,16,Gram,unresolved person or eponym; contextual source use not established
14_CURRENT_KERNEL_AND_MULTIPLICITY_PROOFS.tex,9926c5b5670777548f15f3fd626a4237d2c10a26834f51ba2b466a3b3a349656,46712,57,Gram,unresolved person or eponym; contextual source use not established
14_CURRENT_KERNEL_AND_MULTIPLICITY_PROOFS.tex,9926c5b5670777548f15f3fd626a4237d2c10a26834f51ba2b466a3b3a349656,46715,57,Gram,unresolved person or eponym; contextual source use not established
14_CURRENT_KERNEL_AND_MULTIPLICITY_PROOFS.tex,9926c5b5670777548f15f3fd626a4237d2c10a26834f51ba2b466a3b3a349656,46726,58,Gram,unresolved person or eponym; contextual source use not established
14_CURRENT_KERNEL_AND_MULTIPLICITY_PROOFS.tex,9926c5b5670777548f15f3fd626a4237d2c10a26834f51ba2b466a3b3a349656,46736,15,Schur,unresolved person or eponym; contextual source use not established
14_CURRENT_KERNEL_AND_MULTIPLICITY_PROOFS.tex,9926c5b5670777548f15f3fd626a4237d2c10a26834f51ba2b466a3b3a349656,46752,11,Schur,unresolved person or eponym; contextual source use not established
14_CURRENT_KERNEL_AND_MULTIPLICITY_PROOFS.tex,9926c5b5670777548f15f3fd626a4237d2c10a26834f51ba2b466a3b3a349656,46766,53,Toeplitz,unresolved person or eponym; contextual source use not established
14_CURRENT_KERNEL_AND_MULTIPLICITY_PROOFS.tex,9926c5b5670777548f15f3fd626a4237d2c10a26834f51ba2b466a3b3a349656,46902,19,Leibniz,unresolved person or eponym; contextual source use not established
14_CURRENT_KERNEL_AND_MULTIPLICITY_PROOFS.tex,9926c5b5670777548f15f3fd626a4237d2c10a26834f51ba2b466a3b3a349656,47147,41,Vandermonde,unresolved person or eponym; contextual source use not established
14_CURRENT_KERNEL_AND_MULTIPLICITY_PROOFS.tex,9926c5b5670777548f15f3fd626a4237d2c10a26834f51ba2b466a3b3a349656,47184,18,Gram,unresolved person or eponym; contextual source use not established
14_CURRENT_KERNEL_AND_MULTIPLICITY_PROOFS.tex,9926c5b5670777548f15f3fd626a4237d2c10a26834f51ba2b466a3b3a349656,47186,41,Schur,unresolved person or eponym; contextual source use not established
14_CURRENT_KERNEL_AND_MULTIPLICITY_PROOFS.tex,9926c5b5670777548f15f3fd626a4237d2c10a26834f51ba2b466a3b3a349656,47269,5,Gram,unresolved person or eponym; contextual source use not established
14_CURRENT_KERNEL_AND_MULTIPLICITY_PROOFS.tex,9926c5b5670777548f15f3fd626a4237d2c10a26834f51ba2b466a3b3a349656,47306,55,Gram,unresolved person or eponym; contextual source use not established
14_CURRENT_KERNEL_AND_MULTIPLICITY_PROOFS.tex,9926c5b5670777548f15f3fd626a4237d2c10a26834f51ba2b466a3b3a349656,47314,43,Schur,unresolved person or eponym; contextual source use not established
14_CURRENT_KERNEL_AND_MULTIPLICITY_PROOFS.tex,9926c5b5670777548f15f3fd626a4237d2c10a26834f51ba2b466a3b3a349656,47527,32,Gram,unresolved person or eponym; contextual source use not established
14_CURRENT_KERNEL_AND_MULTIPLICITY_PROOFS.tex,9926c5b5670777548f15f3fd626a4237d2c10a26834f51ba2b466a3b3a349656,47591,34,Gram,unresolved person or eponym; contextual source use not established
14_CURRENT_KERNEL_AND_MULTIPLICITY_PROOFS.tex,9926c5b5670777548f15f3fd626a4237d2c10a26834f51ba2b466a3b3a349656,47606,42,Gram,unresolved person or eponym; contextual source use not established
14_CURRENT_KERNEL_AND_MULTIPLICITY_PROOFS.tex,9926c5b5670777548f15f3fd626a4237d2c10a26834f51ba2b466a3b3a349656,47607,64,Gram,unresolved person or eponym; contextual source use not established
14_CURRENT_KERNEL_AND_MULTIPLICITY_PROOFS.tex,9926c5b5670777548f15f3fd626a4237d2c10a26834f51ba2b466a3b3a349656,47673,34,Euler,unresolved person or eponym; contextual source use not established
14_CURRENT_KERNEL_AND_MULTIPLICITY_PROOFS.tex,9926c5b5670777548f15f3fd626a4237d2c10a26834f51ba2b466a3b3a349656,47674,37,Fourier,unresolved person or eponym; contextual source use not established
14_CURRENT_KERNEL_AND_MULTIPLICITY_PROOFS.tex,9926c5b5670777548f15f3fd626a4237d2c10a26834f51ba2b466a3b3a349656,47679,22,Fourier,unresolved person or eponym; contextual source use not established
14_CURRENT_KERNEL_AND_MULTIPLICITY_PROOFS.tex,9926c5b5670777548f15f3fd626a4237d2c10a26834f51ba2b466a3b3a349656,47679,55,Fourier,unresolved person or eponym; contextual source use not established
14_CURRENT_KERNEL_AND_MULTIPLICITY_PROOFS.tex,9926c5b5670777548f15f3fd626a4237d2c10a26834f51ba2b466a3b3a349656,47722,63,Gram,unresolved person or eponym; contextual source use not established
14_CURRENT_KERNEL_AND_MULTIPLICITY_PROOFS.tex,9926c5b5670777548f15f3fd626a4237d2c10a26834f51ba2b466a3b3a349656,47729,60,Gauss,unresolved person or eponym; contextual source use not established
14_CURRENT_KERNEL_AND_MULTIPLICITY_PROOFS.tex,9926c5b5670777548f15f3fd626a4237d2c10a26834f51ba2b466a3b3a349656,47732,41,Laurent,unresolved person or eponym; contextual source use not established
14_CURRENT_KERNEL_AND_MULTIPLICITY_PROOFS.tex,9926c5b5670777548f15f3fd626a4237d2c10a26834f51ba2b466a3b3a349656,47762,7,Vandermonde,unresolved person or eponym; contextual source use not established
14_CURRENT_KERNEL_AND_MULTIPLICITY_PROOFS.tex,9926c5b5670777548f15f3fd626a4237d2c10a26834f51ba2b466a3b3a349656,47821,25,Gram,unresolved person or eponym; contextual source use not established
14_CURRENT_KERNEL_AND_MULTIPLICITY_PROOFS.tex,9926c5b5670777548f15f3fd626a4237d2c10a26834f51ba2b466a3b3a349656,47823,5,Cauchy,unresolved person or eponym; contextual source use not established
14_CURRENT_KERNEL_AND_MULTIPLICITY_PROOFS.tex,9926c5b5670777548f15f3fd626a4237d2c10a26834f51ba2b466a3b3a349656,47823,13,Binet,unresolved person or eponym; contextual source use not established
14_CURRENT_KERNEL_AND_MULTIPLICITY_PROOFS.tex,9926c5b5670777548f15f3fd626a4237d2c10a26834f51ba2b466a3b3a349656,47869,9,Gram,unresolved person or eponym; contextual source use not established
14_CURRENT_KERNEL_AND_MULTIPLICITY_PROOFS.tex,9926c5b5670777548f15f3fd626a4237d2c10a26834f51ba2b466a3b3a349656,47869,31,Gram,unresolved person or eponym; contextual source use not established
14_CURRENT_KERNEL_AND_MULTIPLICITY_PROOFS.tex,9926c5b5670777548f15f3fd626a4237d2c10a26834f51ba2b466a3b3a349656,47959,23,Gram,unresolved person or eponym; contextual source use not established
14_CURRENT_KERNEL_AND_MULTIPLICITY_PROOFS.tex,9926c5b5670777548f15f3fd626a4237d2c10a26834f51ba2b466a3b3a349656,47961,5,Schur,unresolved person or eponym; contextual source use not established
14_CURRENT_KERNEL_AND_MULTIPLICITY_PROOFS.tex,9926c5b5670777548f15f3fd626a4237d2c10a26834f51ba2b466a3b3a349656,47963,5,Gram,unresolved person or eponym; contextual source use not established
14_CURRENT_KERNEL_AND_MULTIPLICITY_PROOFS.tex,9926c5b5670777548f15f3fd626a4237d2c10a26834f51ba2b466a3b3a349656,47993,20,Gram,unresolved person or eponym; contextual source use not established
14_CURRENT_KERNEL_AND_MULTIPLICITY_PROOFS.tex,9926c5b5670777548f15f3fd626a4237d2c10a26834f51ba2b466a3b3a349656,47994,29,Gram,unresolved person or eponym; contextual source use not established
14_CURRENT_KERNEL_AND_MULTIPLICITY_PROOFS.tex,9926c5b5670777548f15f3fd626a4237d2c10a26834f51ba2b466a3b3a349656,47998,8,Gram,unresolved person or eponym; contextual source use not established
14_CURRENT_KERNEL_AND_MULTIPLICITY_PROOFS.tex,9926c5b5670777548f15f3fd626a4237d2c10a26834f51ba2b466a3b3a349656,47998,45,Gram,unresolved person or eponym; contextual source use not established
14_CURRENT_KERNEL_AND_MULTIPLICITY_PROOFS.tex,9926c5b5670777548f15f3fd626a4237d2c10a26834f51ba2b466a3b3a349656,47999,20,Gram,unresolved person or eponym; contextual source use not established
14_CURRENT_KERNEL_AND_MULTIPLICITY_PROOFS.tex,9926c5b5670777548f15f3fd626a4237d2c10a26834f51ba2b466a3b3a349656,48006,61,Gram,unresolved person or eponym; contextual source use not established
14_CURRENT_KERNEL_AND_MULTIPLICITY_PROOFS.tex,9926c5b5670777548f15f3fd626a4237d2c10a26834f51ba2b466a3b3a349656,48108,54,Gram,unresolved person or eponym; contextual source use not established
14_CURRENT_KERNEL_AND_MULTIPLICITY_PROOFS.tex,9926c5b5670777548f15f3fd626a4237d2c10a26834f51ba2b466a3b3a349656,48150,8,Gram,unresolved person or eponym; contextual source use not established
14_CURRENT_KERNEL_AND_MULTIPLICITY_PROOFS.tex,9926c5b5670777548f15f3fd626a4237d2c10a26834f51ba2b466a3b3a349656,48161,29,Gram,unresolved person or eponym; contextual source use not established
14_CURRENT_KERNEL_AND_MULTIPLICITY_PROOFS.tex,9926c5b5670777548f15f3fd626a4237d2c10a26834f51ba2b466a3b3a349656,48190,29,Gram,unresolved person or eponym; contextual source use not established
14_CURRENT_KERNEL_AND_MULTIPLICITY_PROOFS.tex,9926c5b5670777548f15f3fd626a4237d2c10a26834f51ba2b466a3b3a349656,48219,1,Gram,unresolved person or eponym; contextual source use not established
14_CURRENT_KERNEL_AND_MULTIPLICITY_PROOFS.tex,9926c5b5670777548f15f3fd626a4237d2c10a26834f51ba2b466a3b3a349656,48224,35,Gram,unresolved person or eponym; contextual source use not established
14_CURRENT_KERNEL_AND_MULTIPLICITY_PROOFS.tex,9926c5b5670777548f15f3fd626a4237d2c10a26834f51ba2b466a3b3a349656,48306,14,Taylor,unresolved person or eponym; contextual source use not established
14_CURRENT_KERNEL_AND_MULTIPLICITY_PROOFS.tex,9926c5b5670777548f15f3fd626a4237d2c10a26834f51ba2b466a3b3a349656,48334,32,Taylor,unresolved person or eponym; contextual source use not established
14_CURRENT_KERNEL_AND_MULTIPLICITY_PROOFS.tex,9926c5b5670777548f15f3fd626a4237d2c10a26834f51ba2b466a3b3a349656,48336,48,Taylor,unresolved person or eponym; contextual source use not established
14_CURRENT_KERNEL_AND_MULTIPLICITY_PROOFS.tex,9926c5b5670777548f15f3fd626a4237d2c10a26834f51ba2b466a3b3a349656,48412,48,Taylor,unresolved person or eponym; contextual source use not established
14_CURRENT_KERNEL_AND_MULTIPLICITY_PROOFS.tex,9926c5b5670777548f15f3fd626a4237d2c10a26834f51ba2b466a3b3a349656,48473,24,Gram,unresolved person or eponym; contextual source use not established
14_CURRENT_KERNEL_AND_MULTIPLICITY_PROOFS.tex,9926c5b5670777548f15f3fd626a4237d2c10a26834f51ba2b466a3b3a349656,48517,47,Taylor,unresolved person or eponym; contextual source use not established
14_CURRENT_KERNEL_AND_MULTIPLICITY_PROOFS.tex,9926c5b5670777548f15f3fd626a4237d2c10a26834f51ba2b466a3b3a349656,48550,19,Gram,unresolved person or eponym; contextual source use not established
14_CURRENT_KERNEL_AND_MULTIPLICITY_PROOFS.tex,9926c5b5670777548f15f3fd626a4237d2c10a26834f51ba2b466a3b3a349656,48562,5,Riesz,unresolved person or eponym; contextual source use not established
14_CURRENT_KERNEL_AND_MULTIPLICITY_PROOFS.tex,9926c5b5670777548f15f3fd626a4237d2c10a26834f51ba2b466a3b3a349656,48571,38,Gram,unresolved person or eponym; contextual source use not established
14_CURRENT_KERNEL_AND_MULTIPLICITY_PROOFS.tex,9926c5b5670777548f15f3fd626a4237d2c10a26834f51ba2b466a3b3a349656,48605,1,Vandermonde,unresolved person or eponym; contextual source use not established
14_CURRENT_KERNEL_AND_MULTIPLICITY_PROOFS.tex,9926c5b5670777548f15f3fd626a4237d2c10a26834f51ba2b466a3b3a349656,48653,41,Vandermonde,unresolved person or eponym; contextual source use not established
14_CURRENT_KERNEL_AND_MULTIPLICITY_PROOFS.tex,9926c5b5670777548f15f3fd626a4237d2c10a26834f51ba2b466a3b3a349656,48655,15,Vandermonde,unresolved person or eponym; contextual source use not established
14_CURRENT_KERNEL_AND_MULTIPLICITY_PROOFS.tex,9926c5b5670777548f15f3fd626a4237d2c10a26834f51ba2b466a3b3a349656,48706,59,Gram,unresolved person or eponym; contextual source use not established
14_CURRENT_KERNEL_AND_MULTIPLICITY_PROOFS.tex,9926c5b5670777548f15f3fd626a4237d2c10a26834f51ba2b466a3b3a349656,48720,40,Gram,unresolved person or eponym; contextual source use not established
14_CURRENT_KERNEL_AND_MULTIPLICITY_PROOFS.tex,9926c5b5670777548f15f3fd626a4237d2c10a26834f51ba2b466a3b3a349656,48786,38,Taylor,unresolved person or eponym; contextual source use not established
14_CURRENT_KERNEL_AND_MULTIPLICITY_PROOFS.tex,9926c5b5670777548f15f3fd626a4237d2c10a26834f51ba2b466a3b3a349656,48793,31,Taylor,unresolved person or eponym; contextual source use not established
14_CURRENT_KERNEL_AND_MULTIPLICITY_PROOFS.tex,9926c5b5670777548f15f3fd626a4237d2c10a26834f51ba2b466a3b3a349656,48796,15,Taylor,unresolved person or eponym; contextual source use not established
14_CURRENT_KERNEL_AND_MULTIPLICITY_PROOFS.tex,9926c5b5670777548f15f3fd626a4237d2c10a26834f51ba2b466a3b3a349656,48821,35,Taylor,unresolved person or eponym; contextual source use not established
14_CURRENT_KERNEL_AND_MULTIPLICITY_PROOFS.tex,9926c5b5670777548f15f3fd626a4237d2c10a26834f51ba2b466a3b3a349656,48828,1,Taylor,unresolved person or eponym; contextual source use not established
14_CURRENT_KERNEL_AND_MULTIPLICITY_PROOFS.tex,9926c5b5670777548f15f3fd626a4237d2c10a26834f51ba2b466a3b3a349656,48842,20,Vandermonde,unresolved person or eponym; contextual source use not established
14_CURRENT_KERNEL_AND_MULTIPLICITY_PROOFS.tex,9926c5b5670777548f15f3fd626a4237d2c10a26834f51ba2b466a3b3a349656,48844,31,Vandermonde,unresolved person or eponym; contextual source use not established
14_CURRENT_KERNEL_AND_MULTIPLICITY_PROOFS.tex,9926c5b5670777548f15f3fd626a4237d2c10a26834f51ba2b466a3b3a349656,48939,52,Gram,unresolved person or eponym; contextual source use not established
14_CURRENT_KERNEL_AND_MULTIPLICITY_PROOFS.tex,9926c5b5670777548f15f3fd626a4237d2c10a26834f51ba2b466a3b3a349656,48942,1,Gram,unresolved person or eponym; contextual source use not established
14_CURRENT_KERNEL_AND_MULTIPLICITY_PROOFS.tex,9926c5b5670777548f15f3fd626a4237d2c10a26834f51ba2b466a3b3a349656,48943,14,Gram,unresolved person or eponym; contextual source use not established
14_CURRENT_KERNEL_AND_MULTIPLICITY_PROOFS.tex,9926c5b5670777548f15f3fd626a4237d2c10a26834f51ba2b466a3b3a349656,49101,39,Taylor,unresolved person or eponym; contextual source use not established
14_CURRENT_KERNEL_AND_MULTIPLICITY_PROOFS.tex,9926c5b5670777548f15f3fd626a4237d2c10a26834f51ba2b466a3b3a349656,49127,31,Gram,unresolved person or eponym; contextual source use not established
14_CURRENT_KERNEL_AND_MULTIPLICITY_PROOFS.tex,9926c5b5670777548f15f3fd626a4237d2c10a26834f51ba2b466a3b3a349656,49138,49,Taylor,unresolved person or eponym; contextual source use not established
14_CURRENT_KERNEL_AND_MULTIPLICITY_PROOFS.tex,9926c5b5670777548f15f3fd626a4237d2c10a26834f51ba2b466a3b3a349656,49151,9,Taylor,unresolved person or eponym; contextual source use not established
14_CURRENT_KERNEL_AND_MULTIPLICITY_PROOFS.tex,9926c5b5670777548f15f3fd626a4237d2c10a26834f51ba2b466a3b3a349656,49155,25,Vandermonde,unresolved person or eponym; contextual source use not established
14_CURRENT_KERNEL_AND_MULTIPLICITY_PROOFS.tex,9926c5b5670777548f15f3fd626a4237d2c10a26834f51ba2b466a3b3a349656,49156,22,Vandermonde,unresolved person or eponym; contextual source use not established
14_CURRENT_KERNEL_AND_MULTIPLICITY_PROOFS.tex,9926c5b5670777548f15f3fd626a4237d2c10a26834f51ba2b466a3b3a349656,49321,1,Gram,unresolved person or eponym; contextual source use not established
14_CURRENT_KERNEL_AND_MULTIPLICITY_PROOFS.tex,9926c5b5670777548f15f3fd626a4237d2c10a26834f51ba2b466a3b3a349656,49326,33,Gram,unresolved person or eponym; contextual source use not established
14_CURRENT_KERNEL_AND_MULTIPLICITY_PROOFS.tex,9926c5b5670777548f15f3fd626a4237d2c10a26834f51ba2b466a3b3a349656,49329,40,Gram,unresolved person or eponym; contextual source use not established
14_CURRENT_KERNEL_AND_MULTIPLICITY_PROOFS.tex,9926c5b5670777548f15f3fd626a4237d2c10a26834f51ba2b466a3b3a349656,49449,43,Gram,unresolved person or eponym; contextual source use not established
14_CURRENT_KERNEL_AND_MULTIPLICITY_PROOFS.tex,9926c5b5670777548f15f3fd626a4237d2c10a26834f51ba2b466a3b3a349656,49456,37,Gram,unresolved person or eponym; contextual source use not established
14_CURRENT_KERNEL_AND_MULTIPLICITY_PROOFS.tex,9926c5b5670777548f15f3fd626a4237d2c10a26834f51ba2b466a3b3a349656,49624,11,Schur,unresolved person or eponym; contextual source use not established
14_CURRENT_KERNEL_AND_MULTIPLICITY_PROOFS.tex,9926c5b5670777548f15f3fd626a4237d2c10a26834f51ba2b466a3b3a349656,49830,27,Gram,unresolved person or eponym; contextual source use not established
14_CURRENT_KERNEL_AND_MULTIPLICITY_PROOFS.tex,9926c5b5670777548f15f3fd626a4237d2c10a26834f51ba2b466a3b3a349656,49834,28,Gram,unresolved person or eponym; contextual source use not established
14_CURRENT_KERNEL_AND_MULTIPLICITY_PROOFS.tex,9926c5b5670777548f15f3fd626a4237d2c10a26834f51ba2b466a3b3a349656,49842,24,Schur,unresolved person or eponym; contextual source use not established
14_CURRENT_KERNEL_AND_MULTIPLICITY_PROOFS.tex,9926c5b5670777548f15f3fd626a4237d2c10a26834f51ba2b466a3b3a349656,49943,34,Schur,unresolved person or eponym; contextual source use not established
14_CURRENT_KERNEL_AND_MULTIPLICITY_PROOFS.tex,9926c5b5670777548f15f3fd626a4237d2c10a26834f51ba2b466a3b3a349656,49944,1,Taylor,unresolved person or eponym; contextual source use not established
14_CURRENT_KERNEL_AND_MULTIPLICITY_PROOFS.tex,9926c5b5670777548f15f3fd626a4237d2c10a26834f51ba2b466a3b3a349656,49996,44,Gram,unresolved person or eponym; contextual source use not established
14_CURRENT_KERNEL_AND_MULTIPLICITY_PROOFS.tex,9926c5b5670777548f15f3fd626a4237d2c10a26834f51ba2b466a3b3a349656,50017,29,Taylor,unresolved person or eponym; contextual source use not established
14_CURRENT_KERNEL_AND_MULTIPLICITY_PROOFS.tex,9926c5b5670777548f15f3fd626a4237d2c10a26834f51ba2b466a3b3a349656,50079,61,Gram,unresolved person or eponym; contextual source use not established
14_CURRENT_KERNEL_AND_MULTIPLICITY_PROOFS.tex,9926c5b5670777548f15f3fd626a4237d2c10a26834f51ba2b466a3b3a349656,50178,15,Gram,unresolved person or eponym; contextual source use not established
14_CURRENT_KERNEL_AND_MULTIPLICITY_PROOFS.tex,9926c5b5670777548f15f3fd626a4237d2c10a26834f51ba2b466a3b3a349656,50269,38,Gram,unresolved person or eponym; contextual source use not established
14_CURRENT_KERNEL_AND_MULTIPLICITY_PROOFS.tex,9926c5b5670777548f15f3fd626a4237d2c10a26834f51ba2b466a3b3a349656,50273,50,Gram,unresolved person or eponym; contextual source use not established
14_CURRENT_KERNEL_AND_MULTIPLICITY_PROOFS.tex,9926c5b5670777548f15f3fd626a4237d2c10a26834f51ba2b466a3b3a349656,50303,1,Gram,unresolved person or eponym; contextual source use not established
14_CURRENT_KERNEL_AND_MULTIPLICITY_PROOFS.tex,9926c5b5670777548f15f3fd626a4237d2c10a26834f51ba2b466a3b3a349656,50399,41,Gram,unresolved person or eponym; contextual source use not established
14_CURRENT_KERNEL_AND_MULTIPLICITY_PROOFS.tex,9926c5b5670777548f15f3fd626a4237d2c10a26834f51ba2b466a3b3a349656,50420,23,Gram,unresolved person or eponym; contextual source use not established
14_CURRENT_KERNEL_AND_MULTIPLICITY_PROOFS.tex,9926c5b5670777548f15f3fd626a4237d2c10a26834f51ba2b466a3b3a349656,50600,26,Jacobi,unresolved person or eponym; contextual source use not established
14_CURRENT_KERNEL_AND_MULTIPLICITY_PROOFS.tex,9926c5b5670777548f15f3fd626a4237d2c10a26834f51ba2b466a3b3a349656,50604,11,Gram,unresolved person or eponym; contextual source use not established
14_CURRENT_KERNEL_AND_MULTIPLICITY_PROOFS.tex,9926c5b5670777548f15f3fd626a4237d2c10a26834f51ba2b466a3b3a349656,50913,13,Gram,unresolved person or eponym; contextual source use not established
14_CURRENT_KERNEL_AND_MULTIPLICITY_PROOFS.tex,9926c5b5670777548f15f3fd626a4237d2c10a26834f51ba2b466a3b3a349656,51115,54,Gram,unresolved person or eponym; contextual source use not established
14_CURRENT_KERNEL_AND_MULTIPLICITY_PROOFS.tex,9926c5b5670777548f15f3fd626a4237d2c10a26834f51ba2b466a3b3a349656,51142,30,Jacobi,unresolved person or eponym; contextual source use not established
14_CURRENT_KERNEL_AND_MULTIPLICITY_PROOFS.tex,9926c5b5670777548f15f3fd626a4237d2c10a26834f51ba2b466a3b3a349656,51143,7,Gram,unresolved person or eponym; contextual source use not established
14_CURRENT_KERNEL_AND_MULTIPLICITY_PROOFS.tex,9926c5b5670777548f15f3fd626a4237d2c10a26834f51ba2b466a3b3a349656,51311,30,Schur,unresolved person or eponym; contextual source use not established
14_CURRENT_KERNEL_AND_MULTIPLICITY_PROOFS.tex,9926c5b5670777548f15f3fd626a4237d2c10a26834f51ba2b466a3b3a349656,51377,23,Gram,unresolved person or eponym; contextual source use not established
14_CURRENT_KERNEL_AND_MULTIPLICITY_PROOFS.tex,9926c5b5670777548f15f3fd626a4237d2c10a26834f51ba2b466a3b3a349656,51503,33,Laguerre,unresolved person or eponym; contextual source use not established
14_CURRENT_KERNEL_AND_MULTIPLICITY_PROOFS.tex,9926c5b5670777548f15f3fd626a4237d2c10a26834f51ba2b466a3b3a349656,51509,25,Rodrigues,unresolved person or eponym; contextual source use not established
14_CURRENT_KERNEL_AND_MULTIPLICITY_PROOFS.tex,9926c5b5670777548f15f3fd626a4237d2c10a26834f51ba2b466a3b3a349656,51520,182,Cauchy,unresolved person or eponym; contextual source use not established
14_CURRENT_KERNEL_AND_MULTIPLICITY_PROOFS.tex,9926c5b5670777548f15f3fd626a4237d2c10a26834f51ba2b466a3b3a349656,51520,190,Schwarz,unresolved person or eponym; contextual source use not established
14_CURRENT_KERNEL_AND_MULTIPLICITY_PROOFS.tex,9926c5b5670777548f15f3fd626a4237d2c10a26834f51ba2b466a3b3a349656,51628,566,Schur,unresolved person or eponym; contextual source use not established
14_CURRENT_KERNEL_AND_MULTIPLICITY_PROOFS.tex,9926c5b5670777548f15f3fd626a4237d2c10a26834f51ba2b466a3b3a349656,51641,87,Laguerre,unresolved person or eponym; contextual source use not established
14_CURRENT_KERNEL_AND_MULTIPLICITY_PROOFS.tex,9926c5b5670777548f15f3fd626a4237d2c10a26834f51ba2b466a3b3a349656,51651,5,Gram,unresolved person or eponym; contextual source use not established
14_CURRENT_KERNEL_AND_MULTIPLICITY_PROOFS.tex,9926c5b5670777548f15f3fd626a4237d2c10a26834f51ba2b466a3b3a349656,51714,62,Stirling,unresolved person or eponym; contextual source use not established
14_CURRENT_KERNEL_AND_MULTIPLICITY_PROOFS.tex,9926c5b5670777548f15f3fd626a4237d2c10a26834f51ba2b466a3b3a349656,51746,34,Gram,unresolved person or eponym; contextual source use not established
14_CURRENT_KERNEL_AND_MULTIPLICITY_PROOFS.tex,9926c5b5670777548f15f3fd626a4237d2c10a26834f51ba2b466a3b3a349656,51754,248,Taylor,unresolved person or eponym; contextual source use not established
14_CURRENT_KERNEL_AND_MULTIPLICITY_PROOFS.tex,9926c5b5670777548f15f3fd626a4237d2c10a26834f51ba2b466a3b3a349656,51779,109,Taylor,unresolved person or eponym; contextual source use not established
14_CURRENT_KERNEL_AND_MULTIPLICITY_PROOFS.tex,9926c5b5670777548f15f3fd626a4237d2c10a26834f51ba2b466a3b3a349656,51785,5,Taylor,unresolved person or eponym; contextual source use not established
14_CURRENT_KERNEL_AND_MULTIPLICITY_PROOFS.tex,9926c5b5670777548f15f3fd626a4237d2c10a26834f51ba2b466a3b3a349656,51787,16,Gram,unresolved person or eponym; contextual source use not established
14_CURRENT_KERNEL_AND_MULTIPLICITY_PROOFS.tex,9926c5b5670777548f15f3fd626a4237d2c10a26834f51ba2b466a3b3a349656,51854,88,Gram,unresolved person or eponym; contextual source use not established
14_CURRENT_KERNEL_AND_MULTIPLICITY_PROOFS.tex,9926c5b5670777548f15f3fd626a4237d2c10a26834f51ba2b466a3b3a349656,51956,223,Gram,unresolved person or eponym; contextual source use not established
14_CURRENT_KERNEL_AND_MULTIPLICITY_PROOFS.tex,9926c5b5670777548f15f3fd626a4237d2c10a26834f51ba2b466a3b3a349656,51956,275,Schur,unresolved person or eponym; contextual source use not established
14_CURRENT_KERNEL_AND_MULTIPLICITY_PROOFS.tex,9926c5b5670777548f15f3fd626a4237d2c10a26834f51ba2b466a3b3a349656,52211,3,Chebyshev,unresolved person or eponym; contextual source use not established
14_CURRENT_KERNEL_AND_MULTIPLICITY_PROOFS.tex,9926c5b5670777548f15f3fd626a4237d2c10a26834f51ba2b466a3b3a349656,52332,14,Laguerre,unresolved person or eponym; contextual source use not established
14_CURRENT_KERNEL_AND_MULTIPLICITY_PROOFS.tex,9926c5b5670777548f15f3fd626a4237d2c10a26834f51ba2b466a3b3a349656,52514,1,Taylor,unresolved person or eponym; contextual source use not established
14_CURRENT_KERNEL_AND_MULTIPLICITY_PROOFS.tex,9926c5b5670777548f15f3fd626a4237d2c10a26834f51ba2b466a3b3a349656,52570,66,Schur,unresolved person or eponym; contextual source use not established
14_CURRENT_KERNEL_AND_MULTIPLICITY_PROOFS.tex,9926c5b5670777548f15f3fd626a4237d2c10a26834f51ba2b466a3b3a349656,52586,44,Gram,unresolved person or eponym; contextual source use not established
14_CURRENT_KERNEL_AND_MULTIPLICITY_PROOFS.tex,9926c5b5670777548f15f3fd626a4237d2c10a26834f51ba2b466a3b3a349656,52763,47,Gram,unresolved person or eponym; contextual source use not established
14_CURRENT_KERNEL_AND_MULTIPLICITY_PROOFS.tex,9926c5b5670777548f15f3fd626a4237d2c10a26834f51ba2b466a3b3a349656,52865,10,Taylor,unresolved person or eponym; contextual source use not established
14_CURRENT_KERNEL_AND_MULTIPLICITY_PROOFS.tex,9926c5b5670777548f15f3fd626a4237d2c10a26834f51ba2b466a3b3a349656,53007,1,Cauchy,unresolved person or eponym; contextual source use not established
14_CURRENT_KERNEL_AND_MULTIPLICITY_PROOFS.tex,9926c5b5670777548f15f3fd626a4237d2c10a26834f51ba2b466a3b3a349656,53007,9,Schwarz,unresolved person or eponym; contextual source use not established
14_CURRENT_KERNEL_AND_MULTIPLICITY_PROOFS.tex,9926c5b5670777548f15f3fd626a4237d2c10a26834f51ba2b466a3b3a349656,53028,14,Cauchy,unresolved person or eponym; contextual source use not established
14_CURRENT_KERNEL_AND_MULTIPLICITY_PROOFS.tex,9926c5b5670777548f15f3fd626a4237d2c10a26834f51ba2b466a3b3a349656,53038,7,Cauchy,unresolved person or eponym; contextual source use not established
14_CURRENT_KERNEL_AND_MULTIPLICITY_PROOFS.tex,9926c5b5670777548f15f3fd626a4237d2c10a26834f51ba2b466a3b3a349656,53038,15,Schwarz,unresolved person or eponym; contextual source use not established
14_CURRENT_KERNEL_AND_MULTIPLICITY_PROOFS.tex,9926c5b5670777548f15f3fd626a4237d2c10a26834f51ba2b466a3b3a349656,53042,49,Tonelli,unresolved person or eponym; contextual source use not established
14_CURRENT_KERNEL_AND_MULTIPLICITY_PROOFS.tex,9926c5b5670777548f15f3fd626a4237d2c10a26834f51ba2b466a3b3a349656,53086,36,Tonelli,unresolved person or eponym; contextual source use not established
14_CURRENT_KERNEL_AND_MULTIPLICITY_PROOFS.tex,9926c5b5670777548f15f3fd626a4237d2c10a26834f51ba2b466a3b3a349656,53624,19,Vandermonde,unresolved person or eponym; contextual source use not established
14_CURRENT_KERNEL_AND_MULTIPLICITY_PROOFS.tex,9926c5b5670777548f15f3fd626a4237d2c10a26834f51ba2b466a3b3a349656,53715,1,Vandermonde,unresolved person or eponym; contextual source use not established
14_CURRENT_KERNEL_AND_MULTIPLICITY_PROOFS.tex,9926c5b5670777548f15f3fd626a4237d2c10a26834f51ba2b466a3b3a349656,53751,32,Vandermonde,unresolved person or eponym; contextual source use not established
14_CURRENT_KERNEL_AND_MULTIPLICITY_PROOFS.tex,9926c5b5670777548f15f3fd626a4237d2c10a26834f51ba2b466a3b3a349656,53806,36,Gram,unresolved person or eponym; contextual source use not established
14_CURRENT_KERNEL_AND_MULTIPLICITY_PROOFS.tex,9926c5b5670777548f15f3fd626a4237d2c10a26834f51ba2b466a3b3a349656,53836,9,Gaussian,unresolved person or eponym; contextual source use not established
14_CURRENT_KERNEL_AND_MULTIPLICITY_PROOFS.tex,9926c5b5670777548f15f3fd626a4237d2c10a26834f51ba2b466a3b3a349656,53947,49,Gram,unresolved person or eponym; contextual source use not established
14_CURRENT_KERNEL_AND_MULTIPLICITY_PROOFS.tex,9926c5b5670777548f15f3fd626a4237d2c10a26834f51ba2b466a3b3a349656,53951,59,Schur,unresolved person or eponym; contextual source use not established
14_CURRENT_KERNEL_AND_MULTIPLICITY_PROOFS.tex,9926c5b5670777548f15f3fd626a4237d2c10a26834f51ba2b466a3b3a349656,54024,42,Vandermonde,unresolved person or eponym; contextual source use not established
14_CURRENT_KERNEL_AND_MULTIPLICITY_PROOFS.tex,9926c5b5670777548f15f3fd626a4237d2c10a26834f51ba2b466a3b3a349656,54025,29,Leibniz,unresolved person or eponym; contextual source use not established
14_CURRENT_KERNEL_AND_MULTIPLICITY_PROOFS.tex,9926c5b5670777548f15f3fd626a4237d2c10a26834f51ba2b466a3b3a349656,54064,54,Vandermonde,unresolved person or eponym; contextual source use not established
14_CURRENT_KERNEL_AND_MULTIPLICITY_PROOFS.tex,9926c5b5670777548f15f3fd626a4237d2c10a26834f51ba2b466a3b3a349656,54079,34,Taylor,unresolved person or eponym; contextual source use not established
14_CURRENT_KERNEL_AND_MULTIPLICITY_PROOFS.tex,9926c5b5670777548f15f3fd626a4237d2c10a26834f51ba2b466a3b3a349656,54102,1,Vandermonde,unresolved person or eponym; contextual source use not established
14_CURRENT_KERNEL_AND_MULTIPLICITY_PROOFS.tex,9926c5b5670777548f15f3fd626a4237d2c10a26834f51ba2b466a3b3a349656,54119,16,Gauss,unresolved person or eponym; contextual source use not established
14_CURRENT_KERNEL_AND_MULTIPLICITY_PROOFS.tex,9926c5b5670777548f15f3fd626a4237d2c10a26834f51ba2b466a3b3a349656,54142,66,Gauss,unresolved person or eponym; contextual source use not established
14_CURRENT_KERNEL_AND_MULTIPLICITY_PROOFS.tex,9926c5b5670777548f15f3fd626a4237d2c10a26834f51ba2b466a3b3a349656,54145,5,Laurent,unresolved person or eponym; contextual source use not established
14_CURRENT_KERNEL_AND_MULTIPLICITY_PROOFS.tex,9926c5b5670777548f15f3fd626a4237d2c10a26834f51ba2b466a3b3a349656,54283,7,Leibniz,unresolved person or eponym; contextual source use not established
14_CURRENT_KERNEL_AND_MULTIPLICITY_PROOFS.tex,9926c5b5670777548f15f3fd626a4237d2c10a26834f51ba2b466a3b3a349656,54301,60,Taylor,unresolved person or eponym; contextual source use not established
14_CURRENT_KERNEL_AND_MULTIPLICITY_PROOFS.tex,9926c5b5670777548f15f3fd626a4237d2c10a26834f51ba2b466a3b3a349656,54334,59,Vandermonde,unresolved person or eponym; contextual source use not established
14_CURRENT_KERNEL_AND_MULTIPLICITY_PROOFS.tex,9926c5b5670777548f15f3fd626a4237d2c10a26834f51ba2b466a3b3a349656,54336,31,Taylor,unresolved person or eponym; contextual source use not established
14_CURRENT_KERNEL_AND_MULTIPLICITY_PROOFS.tex,9926c5b5670777548f15f3fd626a4237d2c10a26834f51ba2b466a3b3a349656,54596,24,Taylor,unresolved person or eponym; contextual source use not established
14_CURRENT_KERNEL_AND_MULTIPLICITY_PROOFS.tex,9926c5b5670777548f15f3fd626a4237d2c10a26834f51ba2b466a3b3a349656,54597,47,Vandermonde,unresolved person or eponym; contextual source use not established
14_CURRENT_KERNEL_AND_MULTIPLICITY_PROOFS.tex,9926c5b5670777548f15f3fd626a4237d2c10a26834f51ba2b466a3b3a349656,54621,5,Vandermonde,unresolved person or eponym; contextual source use not established
14_CURRENT_KERNEL_AND_MULTIPLICITY_PROOFS.tex,9926c5b5670777548f15f3fd626a4237d2c10a26834f51ba2b466a3b3a349656,54630,14,Leibniz,unresolved person or eponym; contextual source use not established
14_CURRENT_KERNEL_AND_MULTIPLICITY_PROOFS.tex,9926c5b5670777548f15f3fd626a4237d2c10a26834f51ba2b466a3b3a349656,54690,44,Schur,unresolved person or eponym; contextual source use not established
14_CURRENT_KERNEL_AND_MULTIPLICITY_PROOFS.tex,9926c5b5670777548f15f3fd626a4237d2c10a26834f51ba2b466a3b3a349656,54750,43,Gram,unresolved person or eponym; contextual source use not established
14_CURRENT_KERNEL_AND_MULTIPLICITY_PROOFS.tex,9926c5b5670777548f15f3fd626a4237d2c10a26834f51ba2b466a3b3a349656,54845,57,Taylor,unresolved person or eponym; contextual source use not established
14_CURRENT_KERNEL_AND_MULTIPLICITY_PROOFS.tex,9926c5b5670777548f15f3fd626a4237d2c10a26834f51ba2b466a3b3a349656,55122,14,Taylor,unresolved person or eponym; contextual source use not established
14_CURRENT_KERNEL_AND_MULTIPLICITY_PROOFS.tex,9926c5b5670777548f15f3fd626a4237d2c10a26834f51ba2b466a3b3a349656,55196,21,Schur,unresolved person or eponym; contextual source use not established
14_CURRENT_KERNEL_AND_MULTIPLICITY_PROOFS.tex,9926c5b5670777548f15f3fd626a4237d2c10a26834f51ba2b466a3b3a349656,55201,24,Gram,unresolved person or eponym; contextual source use not established
14_CURRENT_KERNEL_AND_MULTIPLICITY_PROOFS.tex,9926c5b5670777548f15f3fd626a4237d2c10a26834f51ba2b466a3b3a349656,55211,28,Gram,unresolved person or eponym; contextual source use not established
14_CURRENT_KERNEL_AND_MULTIPLICITY_PROOFS.tex,9926c5b5670777548f15f3fd626a4237d2c10a26834f51ba2b466a3b3a349656,55219,7,Gram,unresolved person or eponym; contextual source use not established
14_CURRENT_KERNEL_AND_MULTIPLICITY_PROOFS.tex,9926c5b5670777548f15f3fd626a4237d2c10a26834f51ba2b466a3b3a349656,55530,5,Gram,unresolved person or eponym; contextual source use not established
14_CURRENT_KERNEL_AND_MULTIPLICITY_PROOFS.tex,9926c5b5670777548f15f3fd626a4237d2c10a26834f51ba2b466a3b3a349656,55530,48,Gram,unresolved person or eponym; contextual source use not established
14_CURRENT_KERNEL_AND_MULTIPLICITY_PROOFS.tex,9926c5b5670777548f15f3fd626a4237d2c10a26834f51ba2b466a3b3a349656,55549,10,Taylor,unresolved person or eponym; contextual source use not established
14_CURRENT_KERNEL_AND_MULTIPLICITY_PROOFS.tex,9926c5b5670777548f15f3fd626a4237d2c10a26834f51ba2b466a3b3a349656,55551,11,Vandermonde,unresolved person or eponym; contextual source use not established
14_CURRENT_KERNEL_AND_MULTIPLICITY_PROOFS.tex,9926c5b5670777548f15f3fd626a4237d2c10a26834f51ba2b466a3b3a349656,55553,1,Vandermonde,unresolved person or eponym; contextual source use not established
14_CURRENT_KERNEL_AND_MULTIPLICITY_PROOFS.tex,9926c5b5670777548f15f3fd626a4237d2c10a26834f51ba2b466a3b3a349656,55560,14,Taylor,unresolved person or eponym; contextual source use not established
14_CURRENT_KERNEL_AND_MULTIPLICITY_PROOFS.tex,9926c5b5670777548f15f3fd626a4237d2c10a26834f51ba2b466a3b3a349656,55564,19,Taylor,unresolved person or eponym; contextual source use not established
14_CURRENT_KERNEL_AND_MULTIPLICITY_PROOFS.tex,9926c5b5670777548f15f3fd626a4237d2c10a26834f51ba2b466a3b3a349656,55717,30,Taylor,unresolved person or eponym; contextual source use not established
14_CURRENT_KERNEL_AND_MULTIPLICITY_PROOFS.tex,9926c5b5670777548f15f3fd626a4237d2c10a26834f51ba2b466a3b3a349656,55724,30,Taylor,unresolved person or eponym; contextual source use not established
14_CURRENT_KERNEL_AND_MULTIPLICITY_PROOFS.tex,9926c5b5670777548f15f3fd626a4237d2c10a26834f51ba2b466a3b3a349656,55725,63,Vandermonde,unresolved person or eponym; contextual source use not established
14_CURRENT_KERNEL_AND_MULTIPLICITY_PROOFS.tex,9926c5b5670777548f15f3fd626a4237d2c10a26834f51ba2b466a3b3a349656,55727,1,Vandermonde,unresolved person or eponym; contextual source use not established
14_CURRENT_KERNEL_AND_MULTIPLICITY_PROOFS.tex,9926c5b5670777548f15f3fd626a4237d2c10a26834f51ba2b466a3b3a349656,55951,27,Hankel,unresolved person or eponym; contextual source use not established
14_CURRENT_KERNEL_AND_MULTIPLICITY_PROOFS.tex,9926c5b5670777548f15f3fd626a4237d2c10a26834f51ba2b466a3b3a349656,55951,77,Hankel,unresolved person or eponym; contextual source use not established
14_CURRENT_KERNEL_AND_MULTIPLICITY_PROOFS.tex,9926c5b5670777548f15f3fd626a4237d2c10a26834f51ba2b466a3b3a349656,55968,239,Jensen,unresolved person or eponym; contextual source use not established
14_CURRENT_KERNEL_AND_MULTIPLICITY_PROOFS.tex,9926c5b5670777548f15f3fd626a4237d2c10a26834f51ba2b466a3b3a349656,55991,99,Taylor,unresolved person or eponym; contextual source use not established
14_CURRENT_KERNEL_AND_MULTIPLICITY_PROOFS.tex,9926c5b5670777548f15f3fd626a4237d2c10a26834f51ba2b466a3b3a349656,55993,19,Jensen,unresolved person or eponym; contextual source use not established
14_CURRENT_KERNEL_AND_MULTIPLICITY_PROOFS.tex,9926c5b5670777548f15f3fd626a4237d2c10a26834f51ba2b466a3b3a349656,56029,62,Stirling,unresolved person or eponym; contextual source use not established
14_CURRENT_KERNEL_AND_MULTIPLICITY_PROOFS.tex,9926c5b5670777548f15f3fd626a4237d2c10a26834f51ba2b466a3b3a349656,56156,54,Gaussian,unresolved person or eponym; contextual source use not established
14_CURRENT_KERNEL_AND_MULTIPLICITY_PROOFS.tex,9926c5b5670777548f15f3fd626a4237d2c10a26834f51ba2b466a3b3a349656,56160,371,Stirling,unresolved person or eponym; contextual source use not established
14_CURRENT_KERNEL_AND_MULTIPLICITY_PROOFS.tex,9926c5b5670777548f15f3fd626a4237d2c10a26834f51ba2b466a3b3a349656,56162,191,Stirling,unresolved person or eponym; contextual source use not established
14_CURRENT_KERNEL_AND_MULTIPLICITY_PROOFS.tex,9926c5b5670777548f15f3fd626a4237d2c10a26834f51ba2b466a3b3a349656,56162,262,Jensen,unresolved person or eponym; contextual source use not established
14_CURRENT_KERNEL_AND_MULTIPLICITY_PROOFS.tex,9926c5b5670777548f15f3fd626a4237d2c10a26834f51ba2b466a3b3a349656,56187,73,Jensen,unresolved person or eponym; contextual source use not established
14_CURRENT_KERNEL_AND_MULTIPLICITY_PROOFS.tex,9926c5b5670777548f15f3fd626a4237d2c10a26834f51ba2b466a3b3a349656,56248,56,Legendre,unresolved person or eponym; contextual source use not established
14_CURRENT_KERNEL_AND_MULTIPLICITY_PROOFS.tex,9926c5b5670777548f15f3fd626a4237d2c10a26834f51ba2b466a3b3a349656,56255,58,Legendre,unresolved person or eponym; contextual source use not established
14_CURRENT_KERNEL_AND_MULTIPLICITY_PROOFS.tex,9926c5b5670777548f15f3fd626a4237d2c10a26834f51ba2b466a3b3a349656,56299,39,Jensen,unresolved person or eponym; contextual source use not established
14_CURRENT_KERNEL_AND_MULTIPLICITY_PROOFS.tex,9926c5b5670777548f15f3fd626a4237d2c10a26834f51ba2b466a3b3a349656,56299,171,Fubini,unresolved person or eponym; contextual source use not established
14_CURRENT_KERNEL_AND_MULTIPLICITY_PROOFS.tex,9926c5b5670777548f15f3fd626a4237d2c10a26834f51ba2b466a3b3a349656,56305,84,Jensen,unresolved person or eponym; contextual source use not established
14_CURRENT_KERNEL_AND_MULTIPLICITY_PROOFS.tex,9926c5b5670777548f15f3fd626a4237d2c10a26834f51ba2b466a3b3a349656,56382,208,Stirling,unresolved person or eponym; contextual source use not established
14_CURRENT_KERNEL_AND_MULTIPLICITY_PROOFS.tex,9926c5b5670777548f15f3fd626a4237d2c10a26834f51ba2b466a3b3a349656,56797,165,Legendre,unresolved person or eponym; contextual source use not established
14_CURRENT_KERNEL_AND_MULTIPLICITY_PROOFS.tex,9926c5b5670777548f15f3fd626a4237d2c10a26834f51ba2b466a3b3a349656,56799,229,Gram,unresolved person or eponym; contextual source use not established
14_CURRENT_KERNEL_AND_MULTIPLICITY_PROOFS.tex,9926c5b5670777548f15f3fd626a4237d2c10a26834f51ba2b466a3b3a349656,56840,43,Jensen,unresolved person or eponym; contextual source use not established
14_CURRENT_KERNEL_AND_MULTIPLICITY_PROOFS.tex,9926c5b5670777548f15f3fd626a4237d2c10a26834f51ba2b466a3b3a349656,56876,14,Stirling,unresolved person or eponym; contextual source use not established
14_CURRENT_KERNEL_AND_MULTIPLICITY_PROOFS.tex,9926c5b5670777548f15f3fd626a4237d2c10a26834f51ba2b466a3b3a349656,56927,198,Gram,unresolved person or eponym; contextual source use not established
14_CURRENT_KERNEL_AND_MULTIPLICITY_PROOFS.tex,9926c5b5670777548f15f3fd626a4237d2c10a26834f51ba2b466a3b3a349656,56957,68,Gram,unresolved person or eponym; contextual source use not established
14_CURRENT_KERNEL_AND_MULTIPLICITY_PROOFS.tex,9926c5b5670777548f15f3fd626a4237d2c10a26834f51ba2b466a3b3a349656,57133,26,Plancherel,unresolved person or eponym; contextual source use not established
14_CURRENT_KERNEL_AND_MULTIPLICITY_PROOFS.tex,9926c5b5670777548f15f3fd626a4237d2c10a26834f51ba2b466a3b3a349656,57134,5,Legendre,unresolved person or eponym; contextual source use not established
14_CURRENT_KERNEL_AND_MULTIPLICITY_PROOFS.tex,9926c5b5670777548f15f3fd626a4237d2c10a26834f51ba2b466a3b3a349656,57135,33,Rodrigues,unresolved person or eponym; contextual source use not established
14_CURRENT_KERNEL_AND_MULTIPLICITY_PROOFS.tex,9926c5b5670777548f15f3fd626a4237d2c10a26834f51ba2b466a3b3a349656,57196,52,Taylor,unresolved person or eponym; contextual source use not established
14_CURRENT_KERNEL_AND_MULTIPLICITY_PROOFS.tex,9926c5b5670777548f15f3fd626a4237d2c10a26834f51ba2b466a3b3a349656,57302,58,Legendre,unresolved person or eponym; contextual source use not established
14_CURRENT_KERNEL_AND_MULTIPLICITY_PROOFS.tex,9926c5b5670777548f15f3fd626a4237d2c10a26834f51ba2b466a3b3a349656,57302,82,Rodrigues,unresolved person or eponym; contextual source use not established
14_CURRENT_KERNEL_AND_MULTIPLICITY_PROOFS.tex,9926c5b5670777548f15f3fd626a4237d2c10a26834f51ba2b466a3b3a349656,57398,16,Riemann,unresolved person or eponym; contextual source use not established
14_CURRENT_KERNEL_AND_MULTIPLICITY_PROOFS.tex,9926c5b5670777548f15f3fd626a4237d2c10a26834f51ba2b466a3b3a349656,57512,18,Laguerre,unresolved person or eponym; contextual source use not established
14_CURRENT_KERNEL_AND_MULTIPLICITY_PROOFS.tex,9926c5b5670777548f15f3fd626a4237d2c10a26834f51ba2b466a3b3a349656,57528,18,Rodrigues,unresolved person or eponym; contextual source use not established
14_CURRENT_KERNEL_AND_MULTIPLICITY_PROOFS.tex,9926c5b5670777548f15f3fd626a4237d2c10a26834f51ba2b466a3b3a349656,57529,1,Laguerre,unresolved person or eponym; contextual source use not established
14_CURRENT_KERNEL_AND_MULTIPLICITY_PROOFS.tex,9926c5b5670777548f15f3fd626a4237d2c10a26834f51ba2b466a3b3a349656,57561,1,Cauchy,unresolved person or eponym; contextual source use not established
14_CURRENT_KERNEL_AND_MULTIPLICITY_PROOFS.tex,9926c5b5670777548f15f3fd626a4237d2c10a26834f51ba2b466a3b3a349656,57561,9,Schwarz,unresolved person or eponym; contextual source use not established
14_CURRENT_KERNEL_AND_MULTIPLICITY_PROOFS.tex,9926c5b5670777548f15f3fd626a4237d2c10a26834f51ba2b466a3b3a349656,57569,36,Laguerre,unresolved person or eponym; contextual source use not established
14_CURRENT_KERNEL_AND_MULTIPLICITY_PROOFS.tex,9926c5b5670777548f15f3fd626a4237d2c10a26834f51ba2b466a3b3a349656,57574,1,Cauchy,unresolved person or eponym; contextual source use not established
14_CURRENT_KERNEL_AND_MULTIPLICITY_PROOFS.tex,9926c5b5670777548f15f3fd626a4237d2c10a26834f51ba2b466a3b3a349656,57574,9,Schwarz,unresolved person or eponym; contextual source use not established
14_CURRENT_KERNEL_AND_MULTIPLICITY_PROOFS.tex,9926c5b5670777548f15f3fd626a4237d2c10a26834f51ba2b466a3b3a349656,57713,69,Jensen,unresolved person or eponym; contextual source use not established
14_CURRENT_KERNEL_AND_MULTIPLICITY_PROOFS.tex,9926c5b5670777548f15f3fd626a4237d2c10a26834f51ba2b466a3b3a349656,57731,13,Jensen,unresolved person or eponym; contextual source use not established
14_CURRENT_KERNEL_AND_MULTIPLICITY_PROOFS.tex,9926c5b5670777548f15f3fd626a4237d2c10a26834f51ba2b466a3b3a349656,57752,19,Stirling,unresolved person or eponym; contextual source use not established
14_CURRENT_KERNEL_AND_MULTIPLICITY_PROOFS.tex,9926c5b5670777548f15f3fd626a4237d2c10a26834f51ba2b466a3b3a349656,57804,57,Taylor,unresolved person or eponym; contextual source use not established
14_CURRENT_KERNEL_AND_MULTIPLICITY_PROOFS.tex,9926c5b5670777548f15f3fd626a4237d2c10a26834f51ba2b466a3b3a349656,57825,21,Gram,unresolved person or eponym; contextual source use not established
14_CURRENT_KERNEL_AND_MULTIPLICITY_PROOFS.tex,9926c5b5670777548f15f3fd626a4237d2c10a26834f51ba2b466a3b3a349656,57972,52,Taylor,unresolved person or eponym; contextual source use not established
14_CURRENT_KERNEL_AND_MULTIPLICITY_PROOFS.tex,9926c5b5670777548f15f3fd626a4237d2c10a26834f51ba2b466a3b3a349656,57979,7,Gram,unresolved person or eponym; contextual source use not established
14_CURRENT_KERNEL_AND_MULTIPLICITY_PROOFS.tex,9926c5b5670777548f15f3fd626a4237d2c10a26834f51ba2b466a3b3a349656,57984,26,Jensen,unresolved person or eponym; contextual source use not established
14_CURRENT_KERNEL_AND_MULTIPLICITY_PROOFS.tex,9926c5b5670777548f15f3fd626a4237d2c10a26834f51ba2b466a3b3a349656,58001,66,Jensen,unresolved person or eponym; contextual source use not established
14_CURRENT_KERNEL_AND_MULTIPLICITY_PROOFS.tex,9926c5b5670777548f15f3fd626a4237d2c10a26834f51ba2b466a3b3a349656,58013,29,Stirling,unresolved person or eponym; contextual source use not established
16_PR32_FORMAL_SOURCE_AND_PROOFS.md,bf3bae1671ca07c241fe0112cc89b2f82a036864e2d5f9d32458f2c389d28371,28,318,Hankel,unresolved person or eponym; contextual source use not established
16_PR32_FORMAL_SOURCE_AND_PROOFS.md,bf3bae1671ca07c241fe0112cc89b2f82a036864e2d5f9d32458f2c389d28371,39,62,Gram,unresolved person or eponym; contextual source use not established
16_PR32_FORMAL_SOURCE_AND_PROOFS.md,bf3bae1671ca07c241fe0112cc89b2f82a036864e2d5f9d32458f2c389d28371,41,32,Gram,unresolved person or eponym; contextual source use not established
16_PR32_FORMAL_SOURCE_AND_PROOFS.md,bf3bae1671ca07c241fe0112cc89b2f82a036864e2d5f9d32458f2c389d28371,55,131,Gram,unresolved person or eponym; contextual source use not established
16_PR32_FORMAL_SOURCE_AND_PROOFS.md,bf3bae1671ca07c241fe0112cc89b2f82a036864e2d5f9d32458f2c389d28371,55,173,Gram,unresolved person or eponym; contextual source use not established
16_PR32_FORMAL_SOURCE_AND_PROOFS.md,bf3bae1671ca07c241fe0112cc89b2f82a036864e2d5f9d32458f2c389d28371,55,485,Gram,unresolved person or eponym; contextual source use not established
16_PR32_FORMAL_SOURCE_AND_PROOFS.md,bf3bae1671ca07c241fe0112cc89b2f82a036864e2d5f9d32458f2c389d28371,163,62,Gram,unresolved person or eponym; contextual source use not established
16_PR32_FORMAL_SOURCE_AND_PROOFS.md,bf3bae1671ca07c241fe0112cc89b2f82a036864e2d5f9d32458f2c389d28371,213,245,Fourier,unresolved person or eponym; contextual source use not established
16_PR32_FORMAL_SOURCE_AND_PROOFS.md,bf3bae1671ca07c241fe0112cc89b2f82a036864e2d5f9d32458f2c389d28371,213,276,Gram,unresolved person or eponym; contextual source use not established
16_PR32_FORMAL_SOURCE_AND_PROOFS.md,bf3bae1671ca07c241fe0112cc89b2f82a036864e2d5f9d32458f2c389d28371,268,231,Gram,unresolved person or eponym; contextual source use not established
16_PR32_FORMAL_SOURCE_AND_PROOFS.md,bf3bae1671ca07c241fe0112cc89b2f82a036864e2d5f9d32458f2c389d28371,276,183,Gram,unresolved person or eponym; contextual source use not established
16_PR32_FORMAL_SOURCE_AND_PROOFS.md,bf3bae1671ca07c241fe0112cc89b2f82a036864e2d5f9d32458f2c389d28371,295,69,Gram,unresolved person or eponym; contextual source use not established
16_PR32_FORMAL_SOURCE_AND_PROOFS.md,bf3bae1671ca07c241fe0112cc89b2f82a036864e2d5f9d32458f2c389d28371,419,82,Gram,unresolved person or eponym; contextual source use not established
16_PR32_FORMAL_SOURCE_AND_PROOFS.md,bf3bae1671ca07c241fe0112cc89b2f82a036864e2d5f9d32458f2c389d28371,476,36,Gram,unresolved person or eponym; contextual source use not established
16_PR32_FORMAL_SOURCE_AND_PROOFS.md,bf3bae1671ca07c241fe0112cc89b2f82a036864e2d5f9d32458f2c389d28371,484,46,Gram,unresolved person or eponym; contextual source use not established
16_PR32_FORMAL_SOURCE_AND_PROOFS.md,bf3bae1671ca07c241fe0112cc89b2f82a036864e2d5f9d32458f2c389d28371,492,58,Gram,unresolved person or eponym; contextual source use not established
16_PR32_FORMAL_SOURCE_AND_PROOFS.md,bf3bae1671ca07c241fe0112cc89b2f82a036864e2d5f9d32458f2c389d28371,624,26,Gram,unresolved person or eponym; contextual source use not established
16_PR32_FORMAL_SOURCE_AND_PROOFS.md,bf3bae1671ca07c241fe0112cc89b2f82a036864e2d5f9d32458f2c389d28371,685,26,Gram,unresolved person or eponym; contextual source use not established
16_PR32_FORMAL_SOURCE_AND_PROOFS.md,bf3bae1671ca07c241fe0112cc89b2f82a036864e2d5f9d32458f2c389d28371,740,66,Gram,unresolved person or eponym; contextual source use not established
16_PR32_FORMAL_SOURCE_AND_PROOFS.md,bf3bae1671ca07c241fe0112cc89b2f82a036864e2d5f9d32458f2c389d28371,1306,46,Gram,unresolved person or eponym; contextual source use not established
17_FULL_PRIMITIVE_CONNECTING_PROOFS.tex,b113b4b325407ca941025753e4e2e8d943232a1bda725e9eb1484b51143c4de4,78,3,Vandermonde,unresolved person or eponym; contextual source use not established
17_FULL_PRIMITIVE_CONNECTING_PROOFS.tex,b113b4b325407ca941025753e4e2e8d943232a1bda725e9eb1484b51143c4de4,82,17,Vandermonde,unresolved person or eponym; contextual source use not established
17_FULL_PRIMITIVE_CONNECTING_PROOFS.tex,b113b4b325407ca941025753e4e2e8d943232a1bda725e9eb1484b51143c4de4,83,5,Leibniz,unresolved person or eponym; contextual source use not established
17_FULL_PRIMITIVE_CONNECTING_PROOFS.tex,b113b4b325407ca941025753e4e2e8d943232a1bda725e9eb1484b51143c4de4,161,40,Vandermonde,unresolved person or eponym; contextual source use not established
17_FULL_PRIMITIVE_CONNECTING_PROOFS.tex,b113b4b325407ca941025753e4e2e8d943232a1bda725e9eb1484b51143c4de4,234,53,Schur,unresolved person or eponym; contextual source use not established
17_FULL_PRIMITIVE_CONNECTING_PROOFS.tex,b113b4b325407ca941025753e4e2e8d943232a1bda725e9eb1484b51143c4de4,446,10,Gram,unresolved person or eponym; contextual source use not established
17_FULL_PRIMITIVE_CONNECTING_PROOFS.tex,b113b4b325407ca941025753e4e2e8d943232a1bda725e9eb1484b51143c4de4,504,46,Taylor,unresolved person or eponym; contextual source use not established
17_FULL_PRIMITIVE_CONNECTING_PROOFS.tex,b113b4b325407ca941025753e4e2e8d943232a1bda725e9eb1484b51143c4de4,523,43,Vandermonde,unresolved person or eponym; contextual source use not established
17_FULL_PRIMITIVE_CONNECTING_PROOFS.tex,b113b4b325407ca941025753e4e2e8d943232a1bda725e9eb1484b51143c4de4,570,10,Taylor,unresolved person or eponym; contextual source use not established
17_FULL_PRIMITIVE_CONNECTING_PROOFS.tex,b113b4b325407ca941025753e4e2e8d943232a1bda725e9eb1484b51143c4de4,574,35,Taylor,unresolved person or eponym; contextual source use not established
17_FULL_PRIMITIVE_CONNECTING_PROOFS.tex,b113b4b325407ca941025753e4e2e8d943232a1bda725e9eb1484b51143c4de4,588,38,Vandermonde,unresolved person or eponym; contextual source use not established
17_FULL_PRIMITIVE_CONNECTING_PROOFS.tex,b113b4b325407ca941025753e4e2e8d943232a1bda725e9eb1484b51143c4de4,651,33,Gram,unresolved person or eponym; contextual source use not established
17_FULL_PRIMITIVE_CONNECTING_PROOFS.tex,b113b4b325407ca941025753e4e2e8d943232a1bda725e9eb1484b51143c4de4,662,1,Schur,unresolved person or eponym; contextual source use not established
17_FULL_PRIMITIVE_CONNECTING_PROOFS.tex,b113b4b325407ca941025753e4e2e8d943232a1bda725e9eb1484b51143c4de4,685,1,Schur,unresolved person or eponym; contextual source use not established
17_FULL_PRIMITIVE_CONNECTING_PROOFS.tex,b113b4b325407ca941025753e4e2e8d943232a1bda725e9eb1484b51143c4de4,776,19,Gram,unresolved person or eponym; contextual source use not established
17_FULL_PRIMITIVE_CONNECTING_PROOFS.tex,b113b4b325407ca941025753e4e2e8d943232a1bda725e9eb1484b51143c4de4,814,36,Gram,unresolved person or eponym; contextual source use not established
17_FULL_PRIMITIVE_CONNECTING_PROOFS.tex,b113b4b325407ca941025753e4e2e8d943232a1bda725e9eb1484b51143c4de4,844,26,Gram,unresolved person or eponym; contextual source use not established
17_FULL_PRIMITIVE_CONNECTING_PROOFS.tex,b113b4b325407ca941025753e4e2e8d943232a1bda725e9eb1484b51143c4de4,846,26,Gram,unresolved person or eponym; contextual source use not established
17_FULL_PRIMITIVE_CONNECTING_PROOFS.tex,b113b4b325407ca941025753e4e2e8d943232a1bda725e9eb1484b51143c4de4,881,53,Gram,unresolved person or eponym; contextual source use not established
17_FULL_PRIMITIVE_CONNECTING_PROOFS.tex,b113b4b325407ca941025753e4e2e8d943232a1bda725e9eb1484b51143c4de4,904,28,Gram,unresolved person or eponym; contextual source use not established
17_FULL_PRIMITIVE_CONNECTING_PROOFS.tex,b113b4b325407ca941025753e4e2e8d943232a1bda725e9eb1484b51143c4de4,905,16,Gram,unresolved person or eponym; contextual source use not established
17_FULL_PRIMITIVE_CONNECTING_PROOFS.tex,b113b4b325407ca941025753e4e2e8d943232a1bda725e9eb1484b51143c4de4,913,23,Gram,unresolved person or eponym; contextual source use not established
17_FULL_PRIMITIVE_CONNECTING_PROOFS.tex,b113b4b325407ca941025753e4e2e8d943232a1bda725e9eb1484b51143c4de4,917,1,Gram,unresolved person or eponym; contextual source use not established
17_FULL_PRIMITIVE_CONNECTING_PROOFS.tex,b113b4b325407ca941025753e4e2e8d943232a1bda725e9eb1484b51143c4de4,920,12,Schur,unresolved person or eponym; contextual source use not established
17_FULL_PRIMITIVE_CONNECTING_PROOFS.tex,b113b4b325407ca941025753e4e2e8d943232a1bda725e9eb1484b51143c4de4,1051,60,Taylor,unresolved person or eponym; contextual source use not established
17_FULL_PRIMITIVE_CONNECTING_PROOFS.tex,b113b4b325407ca941025753e4e2e8d943232a1bda725e9eb1484b51143c4de4,1141,7,Gram,unresolved person or eponym; contextual source use not established
17_FULL_PRIMITIVE_CONNECTING_PROOFS.tex,b113b4b325407ca941025753e4e2e8d943232a1bda725e9eb1484b51143c4de4,1142,41,Schur,unresolved person or eponym; contextual source use not established
17_FULL_PRIMITIVE_CONNECTING_PROOFS.tex,b113b4b325407ca941025753e4e2e8d943232a1bda725e9eb1484b51143c4de4,1165,23,Schur,unresolved person or eponym; contextual source use not established
17_FULL_PRIMITIVE_CONNECTING_PROOFS.tex,b113b4b325407ca941025753e4e2e8d943232a1bda725e9eb1484b51143c4de4,1227,22,Gram,unresolved person or eponym; contextual source use not established
17_FULL_PRIMITIVE_CONNECTING_PROOFS.tex,b113b4b325407ca941025753e4e2e8d943232a1bda725e9eb1484b51143c4de4,1229,24,Gram,unresolved person or eponym; contextual source use not established
17_FULL_PRIMITIVE_CONNECTING_PROOFS.tex,b113b4b325407ca941025753e4e2e8d943232a1bda725e9eb1484b51143c4de4,1230,24,Gram,unresolved person or eponym; contextual source use not established
17_FULL_PRIMITIVE_CONNECTING_PROOFS.tex,b113b4b325407ca941025753e4e2e8d943232a1bda725e9eb1484b51143c4de4,1231,24,Gram,unresolved person or eponym; contextual source use not established
17_FULL_PRIMITIVE_CONNECTING_PROOFS.tex,b113b4b325407ca941025753e4e2e8d943232a1bda725e9eb1484b51143c4de4,1291,29,Gram,unresolved person or eponym; contextual source use not established
17_FULL_PRIMITIVE_CONNECTING_PROOFS.tex,b113b4b325407ca941025753e4e2e8d943232a1bda725e9eb1484b51143c4de4,1305,58,Gram,unresolved person or eponym; contextual source use not established
17_FULL_PRIMITIVE_CONNECTING_PROOFS.tex,b113b4b325407ca941025753e4e2e8d943232a1bda725e9eb1484b51143c4de4,1327,17,Euler,unresolved person or eponym; contextual source use not established
17_FULL_PRIMITIVE_CONNECTING_PROOFS.tex,b113b4b325407ca941025753e4e2e8d943232a1bda725e9eb1484b51143c4de4,1391,1,Hadamard,unresolved person or eponym; contextual source use not established
17_FULL_PRIMITIVE_CONNECTING_PROOFS.tex,b113b4b325407ca941025753e4e2e8d943232a1bda725e9eb1484b51143c4de4,1394,41,Gram,unresolved person or eponym; contextual source use not established
17_FULL_PRIMITIVE_CONNECTING_PROOFS.tex,b113b4b325407ca941025753e4e2e8d943232a1bda725e9eb1484b51143c4de4,1411,1,Vandermonde,unresolved person or eponym; contextual source use not established
17_FULL_PRIMITIVE_CONNECTING_PROOFS.tex,b113b4b325407ca941025753e4e2e8d943232a1bda725e9eb1484b51143c4de4,1411,30,Fubini,unresolved person or eponym; contextual source use not established
17_FULL_PRIMITIVE_CONNECTING_PROOFS.tex,b113b4b325407ca941025753e4e2e8d943232a1bda725e9eb1484b51143c4de4,1419,1,Vandermonde,unresolved person or eponym; contextual source use not established
17_FULL_PRIMITIVE_CONNECTING_PROOFS.tex,b113b4b325407ca941025753e4e2e8d943232a1bda725e9eb1484b51143c4de4,1458,29,Gram,unresolved person or eponym; contextual source use not established
17_FULL_PRIMITIVE_CONNECTING_PROOFS.tex,b113b4b325407ca941025753e4e2e8d943232a1bda725e9eb1484b51143c4de4,1463,47,Gram,unresolved person or eponym; contextual source use not established
17_FULL_PRIMITIVE_CONNECTING_PROOFS.tex,b113b4b325407ca941025753e4e2e8d943232a1bda725e9eb1484b51143c4de4,1499,1,Cauchy,unresolved person or eponym; contextual source use not established
17_FULL_PRIMITIVE_CONNECTING_PROOFS.tex,b113b4b325407ca941025753e4e2e8d943232a1bda725e9eb1484b51143c4de4,1499,9,Schwarz,unresolved person or eponym; contextual source use not established
17_FULL_PRIMITIVE_CONNECTING_PROOFS.tex,b113b4b325407ca941025753e4e2e8d943232a1bda725e9eb1484b51143c4de4,1510,1,Cauchy,unresolved person or eponym; contextual source use not established
17_FULL_PRIMITIVE_CONNECTING_PROOFS.tex,b113b4b325407ca941025753e4e2e8d943232a1bda725e9eb1484b51143c4de4,1529,12,Gram,unresolved person or eponym; contextual source use not established
17_FULL_PRIMITIVE_CONNECTING_PROOFS.tex,b113b4b325407ca941025753e4e2e8d943232a1bda725e9eb1484b51143c4de4,1530,14,Gram,unresolved person or eponym; contextual source use not established
17_FULL_PRIMITIVE_CONNECTING_PROOFS.tex,b113b4b325407ca941025753e4e2e8d943232a1bda725e9eb1484b51143c4de4,1530,39,Gram,unresolved person or eponym; contextual source use not established
17_FULL_PRIMITIVE_CONNECTING_PROOFS.tex,b113b4b325407ca941025753e4e2e8d943232a1bda725e9eb1484b51143c4de4,1534,27,Gram,unresolved person or eponym; contextual source use not established
17_FULL_PRIMITIVE_CONNECTING_PROOFS.tex,b113b4b325407ca941025753e4e2e8d943232a1bda725e9eb1484b51143c4de4,1536,28,Gram,unresolved person or eponym; contextual source use not established
17_FULL_PRIMITIVE_CONNECTING_PROOFS.tex,b113b4b325407ca941025753e4e2e8d943232a1bda725e9eb1484b51143c4de4,1625,52,Toeplitz,unresolved person or eponym; contextual source use not established
17_FULL_PRIMITIVE_CONNECTING_PROOFS.tex,b113b4b325407ca941025753e4e2e8d943232a1bda725e9eb1484b51143c4de4,1675,5,Euler,unresolved person or eponym; contextual source use not established
17_FULL_PRIMITIVE_CONNECTING_PROOFS.tex,b113b4b325407ca941025753e4e2e8d943232a1bda725e9eb1484b51143c4de4,1685,16,Fourier,unresolved person or eponym; contextual source use not established
17_FULL_PRIMITIVE_CONNECTING_PROOFS.tex,b113b4b325407ca941025753e4e2e8d943232a1bda725e9eb1484b51143c4de4,1686,35,Fourier,unresolved person or eponym; contextual source use not established
17_FULL_PRIMITIVE_CONNECTING_PROOFS.tex,b113b4b325407ca941025753e4e2e8d943232a1bda725e9eb1484b51143c4de4,1687,63,Gaussian,unresolved person or eponym; contextual source use not established
17_FULL_PRIMITIVE_CONNECTING_PROOFS.tex,b113b4b325407ca941025753e4e2e8d943232a1bda725e9eb1484b51143c4de4,1698,59,Fourier,unresolved person or eponym; contextual source use not established
17_FULL_PRIMITIVE_CONNECTING_PROOFS.tex,b113b4b325407ca941025753e4e2e8d943232a1bda725e9eb1484b51143c4de4,1719,42,Hilbert,unresolved person or eponym; contextual source use not established
17_FULL_PRIMITIVE_CONNECTING_PROOFS.tex,b113b4b325407ca941025753e4e2e8d943232a1bda725e9eb1484b51143c4de4,1723,53,Toeplitz,unresolved person or eponym; contextual source use not established
17_FULL_PRIMITIVE_CONNECTING_PROOFS.tex,b113b4b325407ca941025753e4e2e8d943232a1bda725e9eb1484b51143c4de4,1821,10,Taylor,unresolved person or eponym; contextual source use not established
17_FULL_PRIMITIVE_CONNECTING_PROOFS.tex,b113b4b325407ca941025753e4e2e8d943232a1bda725e9eb1484b51143c4de4,1852,51,Toeplitz,unresolved person or eponym; contextual source use not established
17_FULL_PRIMITIVE_CONNECTING_PROOFS.tex,b113b4b325407ca941025753e4e2e8d943232a1bda725e9eb1484b51143c4de4,1860,49,Laurent,unresolved person or eponym; contextual source use not established
17_FULL_PRIMITIVE_CONNECTING_PROOFS.tex,b113b4b325407ca941025753e4e2e8d943232a1bda725e9eb1484b51143c4de4,1905,35,Taylor,unresolved person or eponym; contextual source use not established
17_FULL_PRIMITIVE_CONNECTING_PROOFS.tex,b113b4b325407ca941025753e4e2e8d943232a1bda725e9eb1484b51143c4de4,1935,35,Taylor,unresolved person or eponym; contextual source use not established
17_FULL_PRIMITIVE_CONNECTING_PROOFS.tex,b113b4b325407ca941025753e4e2e8d943232a1bda725e9eb1484b51143c4de4,1950,39,Toeplitz,unresolved person or eponym; contextual source use not established
17_FULL_PRIMITIVE_CONNECTING_PROOFS.tex,b113b4b325407ca941025753e4e2e8d943232a1bda725e9eb1484b51143c4de4,1955,1,Cauchy,unresolved person or eponym; contextual source use not established
17_FULL_PRIMITIVE_CONNECTING_PROOFS.tex,b113b4b325407ca941025753e4e2e8d943232a1bda725e9eb1484b51143c4de4,2076,16,Gram,unresolved person or eponym; contextual source use not established
17_FULL_PRIMITIVE_CONNECTING_PROOFS.tex,b113b4b325407ca941025753e4e2e8d943232a1bda725e9eb1484b51143c4de4,2170,57,Gram,unresolved person or eponym; contextual source use not established
17_FULL_PRIMITIVE_CONNECTING_PROOFS.tex,b113b4b325407ca941025753e4e2e8d943232a1bda725e9eb1484b51143c4de4,2173,57,Gram,unresolved person or eponym; contextual source use not established
17_FULL_PRIMITIVE_CONNECTING_PROOFS.tex,b113b4b325407ca941025753e4e2e8d943232a1bda725e9eb1484b51143c4de4,2184,58,Gram,unresolved person or eponym; contextual source use not established
17_FULL_PRIMITIVE_CONNECTING_PROOFS.tex,b113b4b325407ca941025753e4e2e8d943232a1bda725e9eb1484b51143c4de4,2194,15,Schur,unresolved person or eponym; contextual source use not established
17_FULL_PRIMITIVE_CONNECTING_PROOFS.tex,b113b4b325407ca941025753e4e2e8d943232a1bda725e9eb1484b51143c4de4,2210,11,Schur,unresolved person or eponym; contextual source use not established
17_FULL_PRIMITIVE_CONNECTING_PROOFS.tex,b113b4b325407ca941025753e4e2e8d943232a1bda725e9eb1484b51143c4de4,2224,53,Toeplitz,unresolved person or eponym; contextual source use not established
17_FULL_PRIMITIVE_CONNECTING_PROOFS.tex,b113b4b325407ca941025753e4e2e8d943232a1bda725e9eb1484b51143c4de4,2355,19,Leibniz,unresolved person or eponym; contextual source use not established
17_FULL_PRIMITIVE_CONNECTING_PROOFS.tex,b113b4b325407ca941025753e4e2e8d943232a1bda725e9eb1484b51143c4de4,2600,41,Vandermonde,unresolved person or eponym; contextual source use not established
17_FULL_PRIMITIVE_CONNECTING_PROOFS.tex,b113b4b325407ca941025753e4e2e8d943232a1bda725e9eb1484b51143c4de4,2637,18,Gram,unresolved person or eponym; contextual source use not established
17_FULL_PRIMITIVE_CONNECTING_PROOFS.tex,b113b4b325407ca941025753e4e2e8d943232a1bda725e9eb1484b51143c4de4,2639,41,Schur,unresolved person or eponym; contextual source use not established
17_FULL_PRIMITIVE_CONNECTING_PROOFS.tex,b113b4b325407ca941025753e4e2e8d943232a1bda725e9eb1484b51143c4de4,2722,5,Gram,unresolved person or eponym; contextual source use not established
17_FULL_PRIMITIVE_CONNECTING_PROOFS.tex,b113b4b325407ca941025753e4e2e8d943232a1bda725e9eb1484b51143c4de4,2759,55,Gram,unresolved person or eponym; contextual source use not established
17_FULL_PRIMITIVE_CONNECTING_PROOFS.tex,b113b4b325407ca941025753e4e2e8d943232a1bda725e9eb1484b51143c4de4,2767,43,Schur,unresolved person or eponym; contextual source use not established
17_FULL_PRIMITIVE_CONNECTING_PROOFS.tex,b113b4b325407ca941025753e4e2e8d943232a1bda725e9eb1484b51143c4de4,2966,42,Gram,unresolved person or eponym; contextual source use not established
17_FULL_PRIMITIVE_CONNECTING_PROOFS.tex,b113b4b325407ca941025753e4e2e8d943232a1bda725e9eb1484b51143c4de4,2967,64,Gram,unresolved person or eponym; contextual source use not established
17_FULL_PRIMITIVE_CONNECTING_PROOFS.tex,b113b4b325407ca941025753e4e2e8d943232a1bda725e9eb1484b51143c4de4,3033,34,Euler,unresolved person or eponym; contextual source use not established
17_FULL_PRIMITIVE_CONNECTING_PROOFS.tex,b113b4b325407ca941025753e4e2e8d943232a1bda725e9eb1484b51143c4de4,3034,37,Fourier,unresolved person or eponym; contextual source use not established
17_FULL_PRIMITIVE_CONNECTING_PROOFS.tex,b113b4b325407ca941025753e4e2e8d943232a1bda725e9eb1484b51143c4de4,3039,22,Fourier,unresolved person or eponym; contextual source use not established
17_FULL_PRIMITIVE_CONNECTING_PROOFS.tex,b113b4b325407ca941025753e4e2e8d943232a1bda725e9eb1484b51143c4de4,3039,55,Fourier,unresolved person or eponym; contextual source use not established
17_FULL_PRIMITIVE_CONNECTING_PROOFS.tex,b113b4b325407ca941025753e4e2e8d943232a1bda725e9eb1484b51143c4de4,3082,63,Gram,unresolved person or eponym; contextual source use not established
17_FULL_PRIMITIVE_CONNECTING_PROOFS.tex,b113b4b325407ca941025753e4e2e8d943232a1bda725e9eb1484b51143c4de4,3089,60,Gauss,unresolved person or eponym; contextual source use not established
17_FULL_PRIMITIVE_CONNECTING_PROOFS.tex,b113b4b325407ca941025753e4e2e8d943232a1bda725e9eb1484b51143c4de4,3092,41,Laurent,unresolved person or eponym; contextual source use not established
17_FULL_PRIMITIVE_CONNECTING_PROOFS.tex,b113b4b325407ca941025753e4e2e8d943232a1bda725e9eb1484b51143c4de4,3122,7,Vandermonde,unresolved person or eponym; contextual source use not established
17_FULL_PRIMITIVE_CONNECTING_PROOFS.tex,b113b4b325407ca941025753e4e2e8d943232a1bda725e9eb1484b51143c4de4,3181,25,Gram,unresolved person or eponym; contextual source use not established
17_FULL_PRIMITIVE_CONNECTING_PROOFS.tex,b113b4b325407ca941025753e4e2e8d943232a1bda725e9eb1484b51143c4de4,3183,5,Cauchy,unresolved person or eponym; contextual source use not established
17_FULL_PRIMITIVE_CONNECTING_PROOFS.tex,b113b4b325407ca941025753e4e2e8d943232a1bda725e9eb1484b51143c4de4,3183,13,Binet,unresolved person or eponym; contextual source use not established
17_FULL_PRIMITIVE_CONNECTING_PROOFS.tex,b113b4b325407ca941025753e4e2e8d943232a1bda725e9eb1484b51143c4de4,3229,9,Gram,unresolved person or eponym; contextual source use not established
17_FULL_PRIMITIVE_CONNECTING_PROOFS.tex,b113b4b325407ca941025753e4e2e8d943232a1bda725e9eb1484b51143c4de4,3229,31,Gram,unresolved person or eponym; contextual source use not established
17_FULL_PRIMITIVE_CONNECTING_PROOFS.tex,b113b4b325407ca941025753e4e2e8d943232a1bda725e9eb1484b51143c4de4,3319,23,Gram,unresolved person or eponym; contextual source use not established
17_FULL_PRIMITIVE_CONNECTING_PROOFS.tex,b113b4b325407ca941025753e4e2e8d943232a1bda725e9eb1484b51143c4de4,3321,5,Schur,unresolved person or eponym; contextual source use not established
17_FULL_PRIMITIVE_CONNECTING_PROOFS.tex,b113b4b325407ca941025753e4e2e8d943232a1bda725e9eb1484b51143c4de4,3323,5,Gram,unresolved person or eponym; contextual source use not established
17_FULL_PRIMITIVE_CONNECTING_PROOFS.tex,b113b4b325407ca941025753e4e2e8d943232a1bda725e9eb1484b51143c4de4,3348,20,Gram,unresolved person or eponym; contextual source use not established
17_FULL_PRIMITIVE_CONNECTING_PROOFS.tex,b113b4b325407ca941025753e4e2e8d943232a1bda725e9eb1484b51143c4de4,3349,29,Gram,unresolved person or eponym; contextual source use not established
17_FULL_PRIMITIVE_CONNECTING_PROOFS.tex,b113b4b325407ca941025753e4e2e8d943232a1bda725e9eb1484b51143c4de4,3353,8,Gram,unresolved person or eponym; contextual source use not established
17_FULL_PRIMITIVE_CONNECTING_PROOFS.tex,b113b4b325407ca941025753e4e2e8d943232a1bda725e9eb1484b51143c4de4,3353,45,Gram,unresolved person or eponym; contextual source use not established
17_FULL_PRIMITIVE_CONNECTING_PROOFS.tex,b113b4b325407ca941025753e4e2e8d943232a1bda725e9eb1484b51143c4de4,3354,20,Gram,unresolved person or eponym; contextual source use not established
17_FULL_PRIMITIVE_CONNECTING_PROOFS.tex,b113b4b325407ca941025753e4e2e8d943232a1bda725e9eb1484b51143c4de4,3361,61,Gram,unresolved person or eponym; contextual source use not established
17_FULL_PRIMITIVE_CONNECTING_PROOFS.tex,b113b4b325407ca941025753e4e2e8d943232a1bda725e9eb1484b51143c4de4,3463,54,Gram,unresolved person or eponym; contextual source use not established
17_FULL_PRIMITIVE_CONNECTING_PROOFS.tex,b113b4b325407ca941025753e4e2e8d943232a1bda725e9eb1484b51143c4de4,3505,8,Gram,unresolved person or eponym; contextual source use not established
17_FULL_PRIMITIVE_CONNECTING_PROOFS.tex,b113b4b325407ca941025753e4e2e8d943232a1bda725e9eb1484b51143c4de4,3516,29,Gram,unresolved person or eponym; contextual source use not established
17_FULL_PRIMITIVE_CONNECTING_PROOFS.tex,b113b4b325407ca941025753e4e2e8d943232a1bda725e9eb1484b51143c4de4,3545,29,Gram,unresolved person or eponym; contextual source use not established
17_FULL_PRIMITIVE_CONNECTING_PROOFS.tex,b113b4b325407ca941025753e4e2e8d943232a1bda725e9eb1484b51143c4de4,3574,1,Gram,unresolved person or eponym; contextual source use not established
17_FULL_PRIMITIVE_CONNECTING_PROOFS.tex,b113b4b325407ca941025753e4e2e8d943232a1bda725e9eb1484b51143c4de4,3579,35,Gram,unresolved person or eponym; contextual source use not established
17_FULL_PRIMITIVE_CONNECTING_PROOFS.tex,b113b4b325407ca941025753e4e2e8d943232a1bda725e9eb1484b51143c4de4,3661,14,Taylor,unresolved person or eponym; contextual source use not established
17_FULL_PRIMITIVE_CONNECTING_PROOFS.tex,b113b4b325407ca941025753e4e2e8d943232a1bda725e9eb1484b51143c4de4,3689,32,Taylor,unresolved person or eponym; contextual source use not established
17_FULL_PRIMITIVE_CONNECTING_PROOFS.tex,b113b4b325407ca941025753e4e2e8d943232a1bda725e9eb1484b51143c4de4,3691,48,Taylor,unresolved person or eponym; contextual source use not established
