2026-09-12T21:39:41.2537321Z Current runner version: '2.337.0'
2026-09-12T21:39:41.2557329Z ##[group]Runner Image Provisioner
2026-09-12T21:39:41.2558120Z Hosted Compute Agent
2026-09-12T21:39:41.2558624Z Version: 20260828.587
2026-09-12T21:39:41.2559189Z Commit: abac92662cab4cc7352de4f9f9d2e2419aad9c29
2026-09-12T21:39:41.2559846Z Build Date: 2026-08-28T16:44:25Z
2026-09-12T21:39:41.2560421Z Worker ID: {bda61e47-dc58-4f60-9777-d2fd1b7e5b81}
2026-09-12T21:39:41.2561059Z Azure Region: westus3
2026-09-12T21:39:41.2561544Z ##[endgroup]
2026-09-12T21:39:41.2563034Z ##[group]Operating System
2026-09-12T21:39:41.2563655Z Ubuntu
2026-09-12T21:39:41.2564099Z 24.04.5
2026-09-12T21:39:41.2564586Z LTS
2026-09-12T21:39:41.2565029Z ##[endgroup]
2026-09-12T21:39:41.2565490Z ##[group]Runner Image
2026-09-12T21:39:41.2566078Z Image: ubuntu-24.04
2026-09-12T21:39:41.2566560Z Version: 20260907.300.1
2026-09-12T21:39:41.2567653Z Included Software: https://github.com/actions/runner-images/blob/ubuntu24/20260907.300/images/ubuntu/Ubuntu2404-Readme.md
2026-09-12T21:39:41.2569193Z Image Release: https://github.com/actions/runner-images/releases/tag/ubuntu24%2F20260907.300
2026-09-12T21:39:41.2570118Z ##[endgroup]
2026-09-12T21:39:41.2571047Z ##[group]GITHUB_TOKEN Permissions
2026-09-12T21:39:41.2573044Z Contents: read
2026-09-12T21:39:41.2573559Z Metadata: read
2026-09-12T21:39:41.2574172Z ##[endgroup]
2026-09-12T21:39:41.2575844Z Secret source: Actions
2026-09-12T21:39:41.2576645Z Cache mode: write
2026-09-12T21:39:41.2577227Z Prepare workflow directory
2026-09-12T21:39:41.2932132Z Prepare all required actions
2026-09-12T21:39:41.2971163Z Getting action download info
2026-09-12T21:39:41.5803712Z Download action repository 'actions/checkout@3d3c42e5aac5ba805825da76410c181273ba90b1' (SHA:3d3c42e5aac5ba805825da76410c181273ba90b1)
2026-09-12T21:39:41.7507145Z Complete job name: conormal
2026-09-12T21:39:41.8170136Z ##[group]Run actions/checkout@3d3c42e5aac5ba805825da76410c181273ba90b1
2026-09-12T21:39:41.8170963Z with:
2026-09-12T21:39:41.8171324Z   persist-credentials: false
2026-09-12T21:39:41.8171848Z   repository: KokunoYumeto/zeta-function-research-reader
2026-09-12T21:39:41.8175412Z   token: ***
2026-09-12T21:39:41.8175771Z   ssh-strict: true
2026-09-12T21:39:41.8176127Z   ssh-user: git
2026-09-12T21:39:41.8176469Z   clean: true
2026-09-12T21:39:41.8176831Z   sparse-checkout-cone-mode: true
2026-09-12T21:39:41.8177250Z   fetch-depth: 1
2026-09-12T21:39:41.8177608Z   fetch-tags: false
2026-09-12T21:39:41.8177961Z   show-progress: true
2026-09-12T21:39:41.8178322Z   lfs: false
2026-09-12T21:39:41.8178650Z   submodules: false
2026-09-12T21:39:41.8179009Z   set-safe-directory: true
2026-09-12T21:39:41.8179419Z   allow-unsafe-pr-checkout: false
2026-09-12T21:39:41.8180050Z env:
2026-09-12T21:39:41.8180374Z   LEAN_NUM_THREADS: 2
2026-09-12T21:39:41.8180731Z ##[endgroup]
2026-09-12T21:39:41.8966562Z Syncing repository: KokunoYumeto/zeta-function-research-reader
2026-09-12T21:39:41.8968959Z ##[group]Getting Git version info
2026-09-12T21:39:41.8970210Z Working directory is '/home/runner/work/zeta-function-research-reader/zeta-function-research-reader'
2026-09-12T21:39:41.8971938Z [command]/usr/bin/git version
2026-09-12T21:39:41.9037201Z git version 2.55.0
2026-09-12T21:39:41.9066961Z ##[endgroup]
2026-09-12T21:39:41.9073281Z Temporarily overriding HOME='/home/runner/work/_temp/081a5e40-526e-476e-935e-4fd1781d4185' before making global git config changes
2026-09-12T21:39:41.9074400Z Adding repository directory to the temporary git global config as a safe directory
2026-09-12T21:39:41.9075497Z [command]/usr/bin/git config --global --add safe.directory /home/runner/work/zeta-function-research-reader/zeta-function-research-reader
2026-09-12T21:39:41.9112850Z Deleting the contents of '/home/runner/work/zeta-function-research-reader/zeta-function-research-reader'
2026-09-12T21:39:41.9119760Z ##[group]Determining repository object format
2026-09-12T21:39:41.9121250Z ##[endgroup]
2026-09-12T21:39:41.9123018Z ##[group]Initializing the repository
2026-09-12T21:39:41.9124488Z [command]/usr/bin/git init /home/runner/work/zeta-function-research-reader/zeta-function-research-reader
2026-09-12T21:39:41.9249149Z hint: Using 'master' as the name for the initial branch. This default branch name
2026-09-12T21:39:41.9250069Z hint: will change to "main" in Git 3.0. To configure the initial branch name
2026-09-12T21:39:41.9250879Z hint: to use in all of your new repositories, which will suppress this warning,
2026-09-12T21:39:41.9251478Z hint: call:
2026-09-12T21:39:41.9254526Z hint:
2026-09-12T21:39:41.9255404Z hint: 	git config --global init.defaultBranch <name>
2026-09-12T21:39:41.9256421Z hint:
2026-09-12T21:39:41.9257160Z hint: Names commonly chosen instead of 'master' are 'main', 'trunk' and
2026-09-12T21:39:41.9258304Z hint: 'development'. The just-created branch can be renamed via this command:
2026-09-12T21:39:41.9259236Z hint:
2026-09-12T21:39:41.9259746Z hint: 	git branch -m <name>
2026-09-12T21:39:41.9260322Z hint:
2026-09-12T21:39:41.9261082Z hint: Disable this message with "git config set advice.defaultBranchName false"
2026-09-12T21:39:41.9263092Z Initialized empty Git repository in /home/runner/work/zeta-function-research-reader/zeta-function-research-reader/.git/
2026-09-12T21:39:41.9266319Z [command]/usr/bin/git remote add origin https://github.com/KokunoYumeto/zeta-function-research-reader
2026-09-12T21:39:41.9308422Z ##[endgroup]
2026-09-12T21:39:41.9309639Z ##[group]Disabling automatic garbage collection
2026-09-12T21:39:41.9311154Z [command]/usr/bin/git config --local gc.auto 0
2026-09-12T21:39:41.9341533Z ##[endgroup]
2026-09-12T21:39:41.9344211Z ##[group]Setting up auth
2026-09-12T21:39:41.9344891Z Removing SSH command configuration
2026-09-12T21:39:41.9347672Z [command]/usr/bin/git config --local --name-only --get-regexp core\.sshCommand
2026-09-12T21:39:41.9383023Z [command]/usr/bin/git submodule foreach --recursive sh -c "git config --local --name-only --get-regexp 'core\.sshCommand' && git config --local --unset-all 'core.sshCommand' || :"
2026-09-12T21:39:41.9732277Z Removing HTTP extra header
2026-09-12T21:39:41.9736977Z [command]/usr/bin/git config --local --name-only --get-regexp http\.https\:\/\/github\.com\/\.extraheader
2026-09-12T21:39:41.9766621Z [command]/usr/bin/git submodule foreach --recursive sh -c "git config --local --name-only --get-regexp 'http\.https\:\/\/github\.com\/\.extraheader' && git config --local --unset-all 'http.https://github.com/.extraheader' || :"
2026-09-12T21:39:41.9951756Z Removing includeIf entries pointing to credentials config files
2026-09-12T21:39:41.9956085Z [command]/usr/bin/git config --local --name-only --get-regexp ^includeIf\.gitdir:
2026-09-12T21:39:41.9987190Z [command]/usr/bin/git submodule foreach --recursive git config --local --show-origin --name-only --get-regexp remote.origin.url
2026-09-12T21:39:42.0180403Z [command]/usr/bin/git config --file /home/runner/work/_temp/git-credentials-f2539363-8900-4545-9473-5a52a8377253.config http.https://github.com/.extraheader AUTHORIZATION: basic ***
2026-09-12T21:39:42.0213674Z [command]/usr/bin/git config --local includeIf.gitdir:/home/runner/work/zeta-function-research-reader/zeta-function-research-reader/.git.path /home/runner/work/_temp/git-credentials-f2539363-8900-4545-9473-5a52a8377253.config
2026-09-12T21:39:42.0241015Z [command]/usr/bin/git config --local includeIf.gitdir:/home/runner/work/zeta-function-research-reader/zeta-function-research-reader/.git/worktrees/*.path /home/runner/work/_temp/git-credentials-f2539363-8900-4545-9473-5a52a8377253.config
2026-09-12T21:39:42.0272068Z [command]/usr/bin/git config --local includeIf.gitdir:/github/workspace/.git.path /github/runner_temp/git-credentials-f2539363-8900-4545-9473-5a52a8377253.config
2026-09-12T21:39:42.0301856Z [command]/usr/bin/git config --local includeIf.gitdir:/github/workspace/.git/worktrees/*.path /github/runner_temp/git-credentials-f2539363-8900-4545-9473-5a52a8377253.config
2026-09-12T21:39:42.0328203Z ##[endgroup]
2026-09-12T21:39:42.0329068Z ##[group]Fetching the repository
2026-09-12T21:39:42.0334984Z [command]/usr/bin/git -c protocol.version=2 fetch --no-tags --prune --no-recurse-submodules --depth=1 origin +fa4be32f87a9a90f3c02a07f7790dea95a1e7b0f:refs/remotes/origin/main
2026-09-12T21:39:45.0351805Z From https://github.com/KokunoYumeto/zeta-function-research-reader
2026-09-12T21:39:45.0353668Z  * [new ref]         fa4be32f87a9a90f3c02a07f7790dea95a1e7b0f -> origin/main
2026-09-12T21:39:45.0358565Z [command]/usr/bin/git branch --list --remote origin/main
2026-09-12T21:39:45.0383917Z   origin/main
2026-09-12T21:39:45.0389775Z [command]/usr/bin/git rev-parse refs/remotes/origin/main
2026-09-12T21:39:45.0411955Z fa4be32f87a9a90f3c02a07f7790dea95a1e7b0f
2026-09-12T21:39:45.0415761Z ##[endgroup]
2026-09-12T21:39:45.0416670Z ##[group]Determining the checkout info
2026-09-12T21:39:45.0417853Z ##[endgroup]
2026-09-12T21:39:45.0419865Z [command]/usr/bin/git sparse-checkout disable
2026-09-12T21:39:45.0466623Z [command]/usr/bin/git config --local --unset-all extensions.worktreeConfig
2026-09-12T21:39:45.0495310Z ##[group]Checking out the ref
2026-09-12T21:39:45.0498052Z [command]/usr/bin/git checkout --progress --force -B main refs/remotes/origin/main
2026-09-12T21:39:45.3638491Z Switched to a new branch 'main'
2026-09-12T21:39:45.3642093Z branch 'main' set up to track 'origin/main'.
2026-09-12T21:39:45.3665969Z ##[endgroup]
2026-09-12T21:39:45.3709741Z [command]/usr/bin/git log -1 --format=%H
2026-09-12T21:39:45.3733992Z fa4be32f87a9a90f3c02a07f7790dea95a1e7b0f
2026-09-12T21:39:45.3740881Z ##[group]Removing auth
2026-09-12T21:39:45.3741278Z Removing SSH command configuration
2026-09-12T21:39:45.3744266Z [command]/usr/bin/git config --local --name-only --get-regexp core\.sshCommand
2026-09-12T21:39:45.3773769Z [command]/usr/bin/git submodule foreach --recursive sh -c "git config --local --name-only --get-regexp 'core\.sshCommand' && git config --local --unset-all 'core.sshCommand' || :"
2026-09-12T21:39:45.3967508Z Removing HTTP extra header
2026-09-12T21:39:45.3970694Z [command]/usr/bin/git config --local --name-only --get-regexp http\.https\:\/\/github\.com\/\.extraheader
2026-09-12T21:39:45.4004355Z [command]/usr/bin/git submodule foreach --recursive sh -c "git config --local --name-only --get-regexp 'http\.https\:\/\/github\.com\/\.extraheader' && git config --local --unset-all 'http.https://github.com/.extraheader' || :"
2026-09-12T21:39:45.4194447Z Removing includeIf entries pointing to credentials config files
2026-09-12T21:39:45.4196922Z [command]/usr/bin/git config --local --name-only --get-regexp ^includeIf\.gitdir:
2026-09-12T21:39:45.4222923Z includeif.gitdir:/home/runner/work/zeta-function-research-reader/zeta-function-research-reader/.git.path
2026-09-12T21:39:45.4224069Z includeif.gitdir:/home/runner/work/zeta-function-research-reader/zeta-function-research-reader/.git/worktrees/*.path
2026-09-12T21:39:45.4224982Z includeif.gitdir:/github/workspace/.git.path
2026-09-12T21:39:45.4225490Z includeif.gitdir:/github/workspace/.git/worktrees/*.path
2026-09-12T21:39:45.4230440Z [command]/usr/bin/git config --local --get-all includeif.gitdir:/home/runner/work/zeta-function-research-reader/zeta-function-research-reader/.git.path
2026-09-12T21:39:45.4252924Z /home/runner/work/_temp/git-credentials-f2539363-8900-4545-9473-5a52a8377253.config
2026-09-12T21:39:45.4260087Z [command]/usr/bin/git config --local --unset includeif.gitdir:/home/runner/work/zeta-function-research-reader/zeta-function-research-reader/.git.path \/home\/runner\/work\/_temp\/git\-credentials\-f2539363\-8900\-4545\-9473\-5a52a8377253\.config
2026-09-12T21:39:45.4314220Z [command]/usr/bin/git config --local --get-all includeif.gitdir:/home/runner/work/zeta-function-research-reader/zeta-function-research-reader/.git/worktrees/*.path
2026-09-12T21:39:45.4337419Z /home/runner/work/_temp/git-credentials-f2539363-8900-4545-9473-5a52a8377253.config
2026-09-12T21:39:45.4344053Z [command]/usr/bin/git config --local --unset includeif.gitdir:/home/runner/work/zeta-function-research-reader/zeta-function-research-reader/.git/worktrees/*.path \/home\/runner\/work\/_temp\/git\-credentials\-f2539363\-8900\-4545\-9473\-5a52a8377253\.config
2026-09-12T21:39:45.4371695Z [command]/usr/bin/git config --local --get-all includeif.gitdir:/github/workspace/.git.path
2026-09-12T21:39:45.4405324Z /github/runner_temp/git-credentials-f2539363-8900-4545-9473-5a52a8377253.config
2026-09-12T21:39:45.4406981Z [command]/usr/bin/git config --local --unset includeif.gitdir:/github/workspace/.git.path \/github\/runner_temp\/git\-credentials\-f2539363\-8900\-4545\-9473\-5a52a8377253\.config
2026-09-12T21:39:45.4449213Z [command]/usr/bin/git config --local --get-all includeif.gitdir:/github/workspace/.git/worktrees/*.path
2026-09-12T21:39:45.4481141Z /github/runner_temp/git-credentials-f2539363-8900-4545-9473-5a52a8377253.config
2026-09-12T21:39:45.4486625Z [command]/usr/bin/git config --local --unset includeif.gitdir:/github/workspace/.git/worktrees/*.path \/github\/runner_temp\/git\-credentials\-f2539363\-8900\-4545\-9473\-5a52a8377253\.config
2026-09-12T21:39:45.4516471Z [command]/usr/bin/git submodule foreach --recursive git config --local --show-origin --name-only --get-regexp remote.origin.url
2026-09-12T21:39:45.4705373Z Removing credentials config '/home/runner/work/_temp/git-credentials-f2539363-8900-4545-9473-5a52a8377253.config'
2026-09-12T21:39:45.4710877Z ##[endgroup]
2026-09-12T21:39:45.4866925Z ##[group]Run set -euo pipefail
2026-09-12T21:39:45.4867286Z [36;1mset -euo pipefail[0m
2026-09-12T21:39:45.4867570Z [36;1mpython3 check_tau_recovery.py --prepare[0m
2026-09-12T21:39:45.4867887Z [36;1mpython3 check_boundary.py[0m
2026-09-12T21:39:45.4868184Z [36;1mpython3 check_boundary_integration.py --prepare[0m
2026-09-12T21:39:45.4868479Z [36;1mpython3 check_frontier.py[0m
2026-09-12T21:39:45.4868736Z [36;1mpython3 check_conormal_cyclic.py[0m
2026-09-12T21:39:45.4869160Z [36;1mpython3 -m unittest -v test_boundary_integration.py test_tau_recovery.py test_derived_checker.py[0m
2026-09-12T21:39:45.4869728Z [36;1mpython3 -O -m unittest -v test_boundary_integration.py test_tau_recovery.py test_derived_checker.py[0m
2026-09-12T21:39:45.4906294Z shell: /usr/bin/bash --noprofile --norc -e -o pipefail {0}
2026-09-12T21:39:45.4906626Z env:
2026-09-12T21:39:45.4906824Z   LEAN_NUM_THREADS: 2
2026-09-12T21:39:45.4907041Z ##[endgroup]
2026-09-12T21:39:45.5338081Z {
2026-09-12T21:39:45.5338537Z   "modules": 7,
2026-09-12T21:39:45.5338861Z   "selected_targets": 87,
2026-09-12T21:39:45.5339203Z   "source_sha256": {
2026-09-12T21:39:45.5339622Z     "SplitZeroTauAdjunction.lean": "2abfb7466a1c309956e6df66ffab5bd78611932db794d0d27f7b47f25036eed6",
2026-09-12T21:39:45.5340269Z     "SplitZeroTauBase.lean": "88a3a944ad115e65142a679fbeee6fa810c7021fd55996d9d94de6ec79844691",
2026-09-12T21:39:45.5340875Z     "SplitZeroTauChart.lean": "6f5ac7f281e782ead0002603ecc07c984725187221623749e7bcaa794882bea1",
2026-09-12T21:39:45.5341539Z     "SplitZeroTauDual.lean": "343e6df95265ba2cb6f808696ed11952b57ecfcf2f9dfe08c5e709c5221f3865",
2026-09-12T21:39:45.5342181Z     "SplitZeroTauHomotopy.lean": "a5078da033f35df6a7757401b216b80687ecca7fc3ce56f5781ddb3dfff344f9",
2026-09-12T21:39:45.5343092Z     "SplitZeroTauRetraction.lean": "f13ea8a551ef2616169df5ae2aa2f7e2f2aedd00ac545ed2a59f722975baa1cf",
2026-09-12T21:39:45.5343771Z     "SplitZeroTauTopology.lean": "6557b4493aa33d815be533423b22b16dff4ee56cb694f1c6bc767c4a9112e674"
2026-09-12T21:39:45.5344186Z   }
2026-09-12T21:39:45.5344378Z }
2026-09-12T21:39:45.5687836Z {
2026-09-12T21:39:45.5688120Z   "modules": 5,
2026-09-12T21:39:45.5688378Z   "selected_targets": 38,
2026-09-12T21:39:45.5688645Z   "source_sha256": {
2026-09-12T21:39:45.5689138Z     "SplitZeroBoundaryControl.lean": "78bd445b8efcde4e8e58bc489a574195f3606df9335eaeff659d0dac419343f7",
2026-09-12T21:39:45.5689861Z     "SplitZeroControlCompression.lean": "9149de8bbaaf132569b5b61ec9e07b058d5d295e8f9a305fd70651831191aa10",
2026-09-12T21:39:45.5690545Z     "SplitZeroKrylovStep.lean": "9f4902c3376bc3c3b92e3eedb4a67ca6a05b06dc2a0cea1fd2e558a0a2f2d225",
2026-09-12T21:39:45.5691211Z     "SplitZeroRelationLayer.lean": "719da6c00cc0e9fd828bc53753980314e2a442c27cb96ccede84c80b4c9c0578",
2026-09-12T21:39:45.5692084Z     "SplitZeroSupportChange.lean": "e245230b06d099fcf4c41948813a7f4d278379287506eca4293f28aa18957a26"
2026-09-12T21:39:45.5692477Z   }
2026-09-12T21:39:45.5692770Z }
2026-09-12T21:39:45.6051513Z {
2026-09-12T21:39:45.6051920Z   "modules": 6,
2026-09-12T21:39:45.6052255Z   "selected_targets": 68,
2026-09-12T21:39:45.6052523Z   "source_sha256": {
2026-09-12T21:39:45.6053216Z     "SplitZeroBoundaryIntegration.lean": "9161bdd49e5f8934444ef192cb2345ec0cdb5131d9f5573b6396f2211b4fa128",
2026-09-12T21:39:45.6053903Z     "SplitZeroJointHomotopy.lean": "d060d6640824f08a1f50dc84be6b04a82f0c4fc04660930d3aaea2a8472a1358",
2026-09-12T21:39:45.6054579Z     "SplitZeroOrthogonalControl.lean": "5343d1b5a84ea38b6c1b20c44557f717fc62275177ddaf340f2fb3ffe806b434",
2026-09-12T21:39:45.6055245Z     "SplitZeroRankTwoControl.lean": "f49f8057e5f0051cefa9eaa1324b6e7165a5b946086d964033ed64fdbba92700",
2026-09-12T21:39:45.6055942Z     "SplitZeroRelationLayerIntegration.lean": "79630bdf03f1db40b523af0671e94769011b4a31cab68be8ccf763b1cca3b762",
2026-09-12T21:39:45.6056687Z     "SplitZeroSupportChangeIntegration.lean": "bde4993930f8a13c2ade6540c7f27f0a963e4d894406b0a46a540c5680ba7577"
2026-09-12T21:39:45.6057121Z   }
2026-09-12T21:39:45.6057547Z }
2026-09-12T21:39:45.6392208Z {
2026-09-12T21:39:45.6392703Z   "modules": 5,
2026-09-12T21:39:45.6393031Z   "selected_targets": 40,
2026-09-12T21:39:45.6393388Z   "source_sha256": {
2026-09-12T21:39:45.6394055Z     "SplitZeroFrontierEstimate.lean": "eee78082cdbfc70c56f95cd1075a3255877b04c72b9dca7fb15f958e1f24eaaf",
2026-09-12T21:39:45.6395047Z     "SplitZeroIncidenceEstimate.lean": "c84a8ed3d2c38f9279267f8d7176862b4c5befe1f91b409856ee76901b2f5000",
2026-09-12T21:39:45.6396001Z     "SplitZeroMetricRestriction.lean": "62138bb45b5a5ca8cf79c19be13649638690a34cf5292bae02bfb57dac2b7f30",
2026-09-12T21:39:45.6396968Z     "SplitZeroProjectedHomology.lean": "0659b565a791964c6c06dac557ea90f255bca4aaae5f17c2495ea561d77e1148",
2026-09-12T21:39:45.6398060Z     "SplitZeroSignedProjector.lean": "1c80150b4e249c7bd09815e4dbe16a4f71756400846178e90b0687e8f473a9f1"
2026-09-12T21:39:45.6398729Z   }
2026-09-12T21:39:45.6399009Z }
2026-09-12T21:39:45.6711992Z {
2026-09-12T21:39:45.6712410Z   "modules": 2,
2026-09-12T21:39:45.6712990Z   "selected_targets": 29,
2026-09-12T21:39:45.6713337Z   "source_sha256": {
2026-09-12T21:39:45.6713976Z     "SplitZeroConormalTower.lean": "0817bccbc362699b54b3cb3f6e1ea6bcc417ac9cabd35df3285af940ea6d5580",
2026-09-12T21:39:45.6714923Z     "SplitZeroCyclicDepth.lean": "97764365d88970910ecd6f12cd3d5f1fbf268a7c8939f34d529ed6c97b424463"
2026-09-12T21:39:45.6715532Z   }
2026-09-12T21:39:45.6715798Z }
2026-09-12T21:39:45.7587789Z test_audit_accept_and_reject (test_boundary_integration.BoundaryTests.test_audit_accept_and_reject) ... ok
2026-09-12T21:39:45.7588640Z test_compressed_characteristic_polynomial (test_boundary_integration.BoundaryTests.test_compressed_characteristic_polynomial) ... ok
2026-09-12T21:39:45.7641696Z test_full_four_mask_lift (test_boundary_integration.BoundaryTests.test_full_four_mask_lift) ... ok
2026-09-12T21:39:45.7657774Z test_manifest_negative_controls (test_boundary_integration.BoundaryTests.test_manifest_negative_controls) ... ok
2026-09-12T21:39:45.7662367Z test_original_layer_coordinate (test_boundary_integration.BoundaryTests.test_original_layer_coordinate) ... ok
2026-09-12T21:39:45.7677106Z test_orthogonal_minimum_is_not_arbitrary_metric (test_boundary_integration.BoundaryTests.test_orthogonal_minimum_is_not_arbitrary_metric) ... ok
2026-09-12T21:39:45.7681506Z test_rank_two_from_actual_vectors (test_boundary_integration.BoundaryTests.test_rank_two_from_actual_vectors) ... ok
2026-09-12T21:39:45.7686565Z test_accept (test_tau_recovery.TauTests.test_accept) ... ok
2026-09-12T21:39:45.7691076Z test_comments_not_proof_escapes (test_tau_recovery.TauTests.test_comments_not_proof_escapes) ... ok
2026-09-12T21:39:45.7697259Z test_reject_duplicate_targets (test_tau_recovery.TauTests.test_reject_duplicate_targets) ... ok
2026-09-12T21:39:45.7717910Z test_reject_escape (test_tau_recovery.TauTests.test_reject_escape) ... ok
2026-09-12T21:39:45.7722213Z test_reject_missing_source (test_tau_recovery.TauTests.test_reject_missing_source) ... ok
2026-09-12T21:39:45.7727157Z test_reject_module_mismatch (test_tau_recovery.TauTests.test_reject_module_mismatch) ... ok
2026-09-12T21:39:45.7728234Z test_bad_axioms (test_derived_checker.DerivedCheckerTests.test_bad_axioms) ... ok
2026-09-12T21:39:45.7728981Z test_bad_targets (test_derived_checker.DerivedCheckerTests.test_bad_targets) ... ok
2026-09-12T21:39:45.7729706Z test_duplicate (test_derived_checker.DerivedCheckerTests.test_duplicate) ... ok
2026-09-12T21:39:45.7730358Z test_empty (test_derived_checker.DerivedCheckerTests.test_empty) ... ok
2026-09-12T21:39:45.7818000Z test_manifest (test_derived_checker.DerivedCheckerTests.test_manifest) ... ok
2026-09-12T21:39:45.7818703Z test_missing (test_derived_checker.DerivedCheckerTests.test_missing) ... ok
2026-09-12T21:39:45.7821642Z test_missing_source (test_derived_checker.DerivedCheckerTests.test_missing_source) ... ok
2026-09-12T21:39:45.7822393Z test_nested_comments (test_derived_checker.DerivedCheckerTests.test_nested_comments) ... ok
2026-09-12T21:39:45.7823458Z test_no_axioms (test_derived_checker.DerivedCheckerTests.test_no_axioms) ... ok
2026-09-12T21:39:45.7824000Z test_standard (test_derived_checker.DerivedCheckerTests.test_standard) ... ok
2026-09-12T21:39:45.7824494Z test_unclosed_comment (test_derived_checker.DerivedCheckerTests.test_unclosed_comment) ... ok
2026-09-12T21:39:45.7824975Z test_unexpected (test_derived_checker.DerivedCheckerTests.test_unexpected) ... ok
2026-09-12T21:39:45.7825236Z 
2026-09-12T21:39:45.7825370Z ----------------------------------------------------------------------
2026-09-12T21:39:45.7825712Z Ran 25 tests in 0.024s
2026-09-12T21:39:45.7825828Z 
2026-09-12T21:39:45.7825936Z OK
2026-09-12T21:39:46.2770992Z test_audit_accept_and_reject (test_boundary_integration.BoundaryTests.test_audit_accept_and_reject) ... ok
2026-09-12T21:39:46.2847840Z test_compressed_characteristic_polynomial (test_boundary_integration.BoundaryTests.test_compressed_characteristic_polynomial) ... ok
2026-09-12T21:39:46.2849151Z test_full_four_mask_lift (test_boundary_integration.BoundaryTests.test_full_four_mask_lift) ... ok
2026-09-12T21:39:46.2866105Z test_manifest_negative_controls (test_boundary_integration.BoundaryTests.test_manifest_negative_controls) ... ok
2026-09-12T21:39:46.2870645Z test_original_layer_coordinate (test_boundary_integration.BoundaryTests.test_original_layer_coordinate) ... ok
2026-09-12T21:39:46.2885940Z test_orthogonal_minimum_is_not_arbitrary_metric (test_boundary_integration.BoundaryTests.test_orthogonal_minimum_is_not_arbitrary_metric) ... ok
2026-09-12T21:39:46.2890399Z test_rank_two_from_actual_vectors (test_boundary_integration.BoundaryTests.test_rank_two_from_actual_vectors) ... ok
2026-09-12T21:39:46.2895691Z test_accept (test_tau_recovery.TauTests.test_accept) ... ok
2026-09-12T21:39:46.2900234Z test_comments_not_proof_escapes (test_tau_recovery.TauTests.test_comments_not_proof_escapes) ... ok
2026-09-12T21:39:46.2905611Z test_reject_duplicate_targets (test_tau_recovery.TauTests.test_reject_duplicate_targets) ... ok
2026-09-12T21:39:46.2926266Z test_reject_escape (test_tau_recovery.TauTests.test_reject_escape) ... ok
2026-09-12T21:39:46.2930597Z test_reject_missing_source (test_tau_recovery.TauTests.test_reject_missing_source) ... ok
2026-09-12T21:39:46.2935673Z test_reject_module_mismatch (test_tau_recovery.TauTests.test_reject_module_mismatch) ... ok
2026-09-12T21:39:46.2936770Z test_bad_axioms (test_derived_checker.DerivedCheckerTests.test_bad_axioms) ... ok
2026-09-12T21:39:46.2937549Z test_bad_targets (test_derived_checker.DerivedCheckerTests.test_bad_targets) ... ok
2026-09-12T21:39:46.2938243Z test_duplicate (test_derived_checker.DerivedCheckerTests.test_duplicate) ... ok
2026-09-12T21:39:46.2938885Z test_empty (test_derived_checker.DerivedCheckerTests.test_empty) ... ok
2026-09-12T21:39:46.3029165Z test_manifest (test_derived_checker.DerivedCheckerTests.test_manifest) ... ok
2026-09-12T21:39:46.3029849Z test_missing (test_derived_checker.DerivedCheckerTests.test_missing) ... ok
2026-09-12T21:39:46.3033074Z test_missing_source (test_derived_checker.DerivedCheckerTests.test_missing_source) ... ok
2026-09-12T21:39:46.3033791Z test_nested_comments (test_derived_checker.DerivedCheckerTests.test_nested_comments) ... ok
2026-09-12T21:39:46.3034410Z test_no_axioms (test_derived_checker.DerivedCheckerTests.test_no_axioms) ... ok
2026-09-12T21:39:46.3035072Z test_standard (test_derived_checker.DerivedCheckerTests.test_standard) ... ok
2026-09-12T21:39:46.3035544Z test_unclosed_comment (test_derived_checker.DerivedCheckerTests.test_unclosed_comment) ... ok
2026-09-12T21:39:46.3036022Z test_unexpected (test_derived_checker.DerivedCheckerTests.test_unexpected) ... ok
2026-09-12T21:39:46.3036270Z 
2026-09-12T21:39:46.3036416Z ----------------------------------------------------------------------
2026-09-12T21:39:46.3036726Z Ran 25 tests in 0.027s
2026-09-12T21:39:46.3036850Z 
2026-09-12T21:39:46.3036966Z OK
2026-09-12T21:39:46.3149109Z ##[group]Run set -euo pipefail
2026-09-12T21:39:46.3149378Z [36;1mset -euo pipefail[0m
2026-09-12T21:39:46.3149729Z [36;1mchecker=../../workbenches/tau-conormal-cyclic-formal/check_depth_models.py[0m
2026-09-12T21:39:46.3150110Z [36;1mpython3 "$checker" --json DepthModels.normal.json[0m
2026-09-12T21:39:46.3150432Z [36;1mpython3 -O "$checker" --json DepthModels.optimized.json[0m
2026-09-12T21:39:46.3150765Z [36;1mcmp DepthModels.normal.json DepthModels.optimized.json[0m
2026-09-12T21:39:46.3151142Z [36;1mif python3 "$checker" --self-test-failure >DepthModels.negative.log 2>&1; then[0m
2026-09-12T21:39:46.3151534Z [36;1m  echo 'negative control unexpectedly passed'; exit 1[0m
2026-09-12T21:39:46.3151792Z [36;1mfi[0m
2026-09-12T21:39:46.3152102Z [36;1mif python3 -O "$checker" --self-test-failure >DepthModels.negative.optimized.log 2>&1; then[0m
2026-09-12T21:39:46.3152715Z [36;1m  echo 'optimized negative control unexpectedly passed'; exit 1[0m
2026-09-12T21:39:46.3153047Z [36;1mfi[0m
2026-09-12T21:39:46.3153288Z [36;1mgrep 'intentional negative control' DepthModels.negative.log[0m
2026-09-12T21:39:46.3153671Z [36;1mgrep 'intentional negative control' DepthModels.negative.optimized.log[0m
2026-09-12T21:39:46.3186841Z shell: /usr/bin/bash --noprofile --norc -e -o pipefail {0}
2026-09-12T21:39:46.3187114Z env:
2026-09-12T21:39:46.3187275Z   LEAN_NUM_THREADS: 2
2026-09-12T21:39:46.3187451Z ##[endgroup]
2026-09-12T21:39:46.3649829Z test_01_degree_bound_and_attainment (__main__.ExactDepth.test_01_degree_bound_and_attainment) ... ok
2026-09-12T21:39:46.3720141Z test_02_actual_nilpotent_sum (__main__.ExactDepth.test_02_actual_nilpotent_sum) ... ok
2026-09-12T21:39:46.3724340Z test_03_top_coefficient_is_retained (__main__.ExactDepth.test_03_top_coefficient_is_retained) ... ok
2026-09-12T21:39:46.3725402Z test_04_collided_maximum_can_change_tuple (__main__.ExactDepth.test_04_collided_maximum_can_change_tuple) ... ok
2026-09-12T21:39:46.3726293Z test_05_not_the_power_of_first_relation (__main__.ExactDepth.test_05_not_the_power_of_first_relation) ... ok
2026-09-12T21:39:46.4058870Z test_06_derivative_and_transition_divisibility (__main__.ExactDepth.test_06_derivative_and_transition_divisibility) ... ok
2026-09-12T21:39:46.4060567Z test_07_empty_packet_is_the_zero_arithmetic_quotient (__main__.ExactDepth.test_07_empty_packet_is_the_zero_arithmetic_quotient) ... ok
2026-09-12T21:39:46.4065307Z test_08_dimension_of_local_power_quotient (__main__.ExactDepth.test_08_dimension_of_local_power_quotient) ... ok
2026-09-12T21:39:46.4065829Z 
2026-09-12T21:39:46.4066005Z ----------------------------------------------------------------------
2026-09-12T21:39:46.4066369Z Ran 8 tests in 0.046s
2026-09-12T21:39:46.4066523Z 
2026-09-12T21:39:46.4066615Z OK
2026-09-12T21:39:46.4068624Z {"errors": 0, "failures": 0, "scope": "Exact finite local monomial and polynomial calibrations, not an analytic certificate", "success": true, "tests_run": 8}
2026-09-12T21:39:46.6294266Z test_01_degree_bound_and_attainment (__main__.ExactDepth.test_01_degree_bound_and_attainment) ... ok
2026-09-12T21:39:46.6364336Z test_02_actual_nilpotent_sum (__main__.ExactDepth.test_02_actual_nilpotent_sum) ... ok
2026-09-12T21:39:46.6368062Z test_03_top_coefficient_is_retained (__main__.ExactDepth.test_03_top_coefficient_is_retained) ... ok
2026-09-12T21:39:46.6369111Z test_04_collided_maximum_can_change_tuple (__main__.ExactDepth.test_04_collided_maximum_can_change_tuple) ... ok
2026-09-12T21:39:46.6369793Z test_05_not_the_power_of_first_relation (__main__.ExactDepth.test_05_not_the_power_of_first_relation) ... ok
2026-09-12T21:39:46.6708222Z test_06_derivative_and_transition_divisibility (__main__.ExactDepth.test_06_derivative_and_transition_divisibility) ... ok
2026-09-12T21:39:46.6710258Z test_07_empty_packet_is_the_zero_arithmetic_quotient (__main__.ExactDepth.test_07_empty_packet_is_the_zero_arithmetic_quotient) ... ok
2026-09-12T21:39:46.6715617Z test_08_dimension_of_local_power_quotient (__main__.ExactDepth.test_08_dimension_of_local_power_quotient) ... ok
2026-09-12T21:39:46.6716113Z 
2026-09-12T21:39:46.6716275Z ----------------------------------------------------------------------
2026-09-12T21:39:46.6716646Z Ran 8 tests in 0.047s
2026-09-12T21:39:46.6716803Z 
2026-09-12T21:39:46.6716899Z OK
2026-09-12T21:39:46.6718411Z {"errors": 0, "failures": 0, "scope": "Exact finite local monomial and polynomial calibrations, not an analytic certificate", "success": true, "tests_run": 8}
2026-09-12T21:39:47.0416687Z     def runTest(self): self.assertEqual(1,2,'intentional negative control')
2026-09-12T21:39:47.0417087Z AssertionError: 1 != 2 : intentional negative control
2026-09-12T21:39:47.0427778Z     def runTest(self): self.assertEqual(1,2,'intentional negative control')
2026-09-12T21:39:47.0428195Z AssertionError: 1 != 2 : intentional negative control
2026-09-12T21:39:47.0456058Z ##[group]Run set -euo pipefail
2026-09-12T21:39:47.0456327Z [36;1mset -euo pipefail[0m
2026-09-12T21:39:47.0456525Z [36;1mpython3 prepare.py[0m
2026-09-12T21:39:47.0457129Z [36;1mcurl --proto '=https' --tlsv1.2 -sSf https://raw.githubusercontent.com/leanprover/elan/0e36a07b9bbcc5381fa6250df109f9a4f94d7bac/elan-init.sh -o "$RUNNER_TEMP/elan-init.sh"[0m
2026-09-12T21:39:47.0457813Z [36;1msh "$RUNNER_TEMP/elan-init.sh" -y --default-toolchain none[0m
2026-09-12T21:39:47.0458115Z [36;1mexport PATH="$HOME/.elan/bin:$PATH"[0m
2026-09-12T21:39:47.0458362Z [36;1mecho "$HOME/.elan/bin" >> "$GITHUB_PATH"[0m
2026-09-12T21:39:47.0458593Z [36;1mlean --version[0m
2026-09-12T21:39:47.0458886Z [36;1mlake update >ConormalSetup.log 2>&1 || { tail -80 ConormalSetup.log; exit 1; }[0m
2026-09-12T21:39:47.0459371Z [36;1mtest "$(git -C .lake/packages/mathlib rev-parse HEAD)" = fabf563a7c95a166b8d7b6efca11c8b4dc9d911f[0m
2026-09-12T21:39:47.0459876Z [36;1mlake exe cache get >>ConormalSetup.log 2>&1 || { tail -80 ConormalSetup.log; exit 1; }[0m
2026-09-12T21:39:47.0492283Z shell: /usr/bin/bash --noprofile --norc -e -o pipefail {0}
2026-09-12T21:39:47.0492645Z env:
2026-09-12T21:39:47.0492808Z   LEAN_NUM_THREADS: 2
2026-09-12T21:39:47.0492987Z ##[endgroup]
2026-09-12T21:39:47.6834270Z Original SplitZero verified: ff991f7383922e71cdf0e4a3bc85e89e18f808ef; 7366 bytes
2026-09-12T21:39:47.8223170Z info: downloading installer
2026-09-12T21:39:49.1858337Z info: downloading https://releases.lean-lang.org/lean4/v4.31.0/lean-4.31.0-linux.tar.zst
2026-09-12T21:39:54.1346255Z info: installing /home/runner/.elan/toolchains/leanprover--lean4---v4.31.0
2026-09-12T21:40:04.4075430Z Lean (version 4.31.0, x86_64-unknown-linux-gnu, commit 68218e876d2a38b1985b8590fff244a83c321783, Release)
2026-09-12T21:41:38.5940760Z ##[group]Run set -euo pipefail
2026-09-12T21:41:38.5941054Z [36;1mset -euo pipefail[0m
2026-09-12T21:41:38.5941383Z [36;1mlake -KmaxJobs=2 build >ConormalPrior.log 2>&1 || { cat ConormalPrior.log; exit 1; }[0m
2026-09-12T21:41:38.5941751Z [36;1mtail -25 ConormalPrior.log[0m
2026-09-12T21:41:38.5942316Z [36;1mfor list in TAU_RECOVERY_MODULES.txt BOUNDARY_MODULES.txt BOUNDARY_INTEGRATION_MODULES.txt FRONTIER_MODULES.txt; do[0m
2026-09-12T21:41:38.5942981Z [36;1m  while IFS= read -r name; do[0m
2026-09-12T21:41:38.5943205Z [36;1m    test -n "$name" || continue[0m
2026-09-12T21:41:38.5943429Z [36;1m    echo "=== inherited $name ==="[0m
2026-09-12T21:41:38.5943816Z [36;1m    lake env lean --trust=0 -DwarningAsError=true -o ".lake/build/lib/lean/$name.olean" "$name.lean"[0m
2026-09-12T21:41:38.5944194Z [36;1m  done < "$list"[0m
2026-09-12T21:41:38.5944382Z [36;1mdone[0m
2026-09-12T21:41:38.5979331Z shell: /usr/bin/bash --noprofile --norc -e -o pipefail {0}
2026-09-12T21:41:38.5979637Z env:
2026-09-12T21:41:38.5979798Z   LEAN_NUM_THREADS: 2
2026-09-12T21:41:38.5979976Z ##[endgroup]
2026-09-12T21:42:21.6735779Z ✔ [8558/8582] Built SplitZero (4.7s)
2026-09-12T21:42:21.6736250Z ✔ [8559/8582] Built SplitZeroExtension (4.0s)
2026-09-12T21:42:21.6736744Z ✔ [8561/8582] Built SplitZeroPresentation (3.0s)
2026-09-12T21:42:21.6737178Z ✔ [8563/8582] Built SplitZeroFibres (5.1s)
2026-09-12T21:42:21.6737560Z ✔ [8565/8582] Built SplitZeroMaps (3.0s)
2026-09-12T21:42:21.6737947Z ✔ [8567/8582] Built SplitZeroReconstruction (6.2s)
2026-09-12T21:42:21.6738392Z ✔ [8569/8582] Built SplitZeroFiniteJets (7.4s)
2026-09-12T21:42:21.6738681Z ✔ [8571/8582] Built SplitZeroSynchronization (4.3s)
2026-09-12T21:42:21.6738963Z ✔ [8573/8582] Built SplitZeroRecovery (3.9s)
2026-09-12T21:42:21.6739220Z ✔ [8575/8582] Built SplitZeroHomology (5.7s)
2026-09-12T21:42:21.6739558Z ✔ [8577/8582] Built SplitZeroInternalQuotient (4.8s)
2026-09-12T21:42:21.6740072Z ✔ [8579/8582] Built SplitZeroHomologyExample (3.9s)
2026-09-12T21:42:21.6740500Z ✔ [8581/8582] Built SplitZeroComplex (4.3s)
2026-09-12T21:42:21.6740855Z Build completed successfully (8582 jobs).
2026-09-12T21:42:21.6741315Z === inherited SplitZeroTauBase ===
2026-09-12T21:42:26.5324308Z === inherited SplitZeroTauChart ===
2026-09-12T21:42:33.4354886Z === inherited SplitZeroTauDual ===
2026-09-12T21:42:39.7586944Z === inherited SplitZeroTauAdjunction ===
2026-09-12T21:42:46.3357262Z === inherited SplitZeroTauHomotopy ===
2026-09-12T21:42:51.7292820Z === inherited SplitZeroTauRetraction ===
2026-09-12T21:42:58.1696626Z === inherited SplitZeroTauTopology ===
2026-09-12T21:43:02.8452185Z === inherited SplitZeroSupportChange ===
2026-09-12T21:43:08.4276724Z === inherited SplitZeroRelationLayer ===
2026-09-12T21:43:13.7814402Z === inherited SplitZeroBoundaryControl ===
2026-09-12T21:43:19.6353299Z === inherited SplitZeroControlCompression ===
2026-09-12T21:43:24.8909348Z === inherited SplitZeroKrylovStep ===
2026-09-12T21:43:29.8509472Z === inherited SplitZeroSupportChangeIntegration ===
2026-09-12T21:43:35.4560662Z === inherited SplitZeroRelationLayerIntegration ===
2026-09-12T21:43:41.3391701Z === inherited SplitZeroRankTwoControl ===
2026-09-12T21:43:44.2676481Z === inherited SplitZeroOrthogonalControl ===
2026-09-12T21:43:47.1841325Z === inherited SplitZeroJointHomotopy ===
2026-09-12T21:43:53.1386320Z === inherited SplitZeroBoundaryIntegration ===
2026-09-12T21:43:58.1977800Z === inherited SplitZeroFrontierEstimate ===
2026-09-12T21:44:03.6512002Z === inherited SplitZeroIncidenceEstimate ===
2026-09-12T21:44:08.4841658Z === inherited SplitZeroMetricRestriction ===
2026-09-12T21:44:13.4202496Z === inherited SplitZeroSignedProjector ===
2026-09-12T21:44:18.9777633Z === inherited SplitZeroProjectedHomology ===
2026-09-12T21:44:24.2324686Z ##[group]Run set -uo pipefail
2026-09-12T21:44:24.2324949Z [36;1mset -uo pipefail[0m
2026-09-12T21:44:24.2325134Z [36;1mstatus=0[0m
2026-09-12T21:44:24.2325310Z [36;1mwhile IFS= read -r name; do[0m
2026-09-12T21:44:24.2325527Z [36;1m  test -n "$name" || continue[0m
2026-09-12T21:44:24.2325736Z [36;1m  echo "=== $name ==="[0m
2026-09-12T21:44:24.2326154Z [36;1m  if ! lake env lean --trust=0 -DwarningAsError=true -o ".lake/build/lib/lean/$name.olean" "$name.lean"; then status=1; fi[0m
2026-09-12T21:44:24.2326736Z [36;1mdone < CONORMAL_CYCLIC_MODULES.txt[0m
2026-09-12T21:44:24.2326954Z [36;1mexit "$status"[0m
2026-09-12T21:44:24.2390007Z shell: /usr/bin/bash --noprofile --norc -e -o pipefail {0}
2026-09-12T21:44:24.2390288Z env:
2026-09-12T21:44:24.2390448Z   LEAN_NUM_THREADS: 2
2026-09-12T21:44:24.2390619Z ##[endgroup]
2026-09-12T21:44:24.2445816Z === SplitZeroConormalTower ===
2026-09-12T21:44:29.6916615Z === SplitZeroCyclicDepth ===
2026-09-12T21:44:32.2687361Z ##[group]Run set -euo pipefail
2026-09-12T21:44:32.2687730Z [36;1mset -euo pipefail[0m
2026-09-12T21:44:32.2688659Z [36;1mcat TAU_RECOVERY_MODULES.txt BOUNDARY_MODULES.txt BOUNDARY_INTEGRATION_MODULES.txt FRONTIER_MODULES.txt CONORMAL_CYCLIC_MODULES.txt | awk 'NF && !seen[$0]++ {print "import " $0}' > JointConormalCyclic.lean[0m
2026-09-12T21:44:32.2689787Z [36;1mlake env lean --trust=0 -DwarningAsError=true JointConormalCyclic.lean[0m
2026-09-12T21:44:32.2690536Z [36;1mlake env lean --trust=0 -DwarningAsError=true AuditConormalCyclic.lean | tee AuditConormalCyclic.log[0m
2026-09-12T21:44:32.2691262Z [36;1mpython3 check_conormal_cyclic.py AuditConormalCyclic.log[0m
2026-09-12T21:44:32.2691875Z [36;1mlake env lean --trust=0 -DwarningAsError=true AuditFrontier.lean >AuditFrontier.log[0m
2026-09-12T21:44:32.2692448Z [36;1mpython3 check_frontier.py AuditFrontier.log[0m
2026-09-12T21:44:32.2693328Z [36;1mlake env lean --trust=0 -DwarningAsError=true AuditBoundaryIntegration.lean >AuditBoundaryIntegration.log[0m
2026-09-12T21:44:32.2694141Z [36;1mpython3 check_boundary_integration.py AuditBoundaryIntegration.log[0m
2026-09-12T21:44:32.2694801Z [36;1mlake env lean --trust=0 -DwarningAsError=true AuditBoundary.lean >AuditBoundary.log[0m
2026-09-12T21:44:32.2695380Z [36;1mpython3 check_boundary.py AuditBoundary.log[0m
2026-09-12T21:44:32.2695966Z [36;1mlake env lean --trust=0 -DwarningAsError=true AuditTauRecovery.lean >AuditTauRecovery.log[0m
2026-09-12T21:44:32.2696603Z [36;1mpython3 check_tau_recovery.py AuditTauRecovery.log[0m
2026-09-12T21:44:32.2697038Z [36;1mpython3 check_derived.py --prepare[0m
2026-09-12T21:44:32.2697551Z [36;1mlake env lean --trust=0 -DwarningAsError=true AuditDerived.lean >AuditDerived.log[0m
2026-09-12T21:44:32.2698096Z [36;1mpython3 check_derived.py AuditDerived.log[0m
2026-09-12T21:44:32.2698603Z [36;1mlake env lean --trust=0 -DwarningAsError=true Audit.lean >Audit.log[0m
2026-09-12T21:44:32.2699077Z [36;1mpython3 check_axioms.py Audit.log[0m
2026-09-12T21:44:32.2736219Z shell: /usr/bin/bash --noprofile --norc -e -o pipefail {0}
2026-09-12T21:44:32.2736496Z env:
2026-09-12T21:44:32.2736660Z   LEAN_NUM_THREADS: 2
2026-09-12T21:44:32.2736837Z ##[endgroup]
2026-09-12T21:44:40.7891940Z 'SplitZero.ConormalTower.level' depends on axioms: [propext, Classical.choice, Quot.sound]
2026-09-12T21:44:40.7893294Z 'SplitZero.ConormalTower.deriv_mem_pow' depends on axioms: [propext, Classical.choice, Quot.sound]
2026-09-12T21:44:40.7894049Z 'SplitZero.ConormalTower.descended' depends on axioms: [propext, Classical.choice, Quot.sound]
2026-09-12T21:44:40.7894777Z 'SplitZero.ConormalTower.descended_mk' depends on axioms: [propext, Classical.choice, Quot.sound]
2026-09-12T21:44:40.7895509Z 'SplitZero.ConormalTower.projection' depends on axioms: [propext, Classical.choice, Quot.sound]
2026-09-12T21:44:40.7896256Z 'SplitZero.ConormalTower.tower_square' depends on axioms: [propext, Classical.choice, Quot.sound]
2026-09-12T21:44:40.7897082Z 'SplitZero.ConormalTower.conormal_product' depends on axioms: [propext, Classical.choice, Quot.sound]
2026-09-12T21:44:40.7897912Z 'SplitZero.ConormalTower.multiplier_rule' depends on axioms: [propext, Classical.choice, Quot.sound]
2026-09-12T21:44:40.7898739Z 'SplitZero.ConormalTower.top_level_zero' depends on axioms: [propext, Classical.choice, Quot.sound]
2026-09-12T21:44:40.7899309Z 'SplitZero.ConormalTower.cyclicLevel' depends on axioms: [propext, Classical.choice, Quot.sound]
2026-09-12T21:44:40.7899788Z 'SplitZero.ConormalTower.evaluation' depends on axioms: [propext, Classical.choice, Quot.sound]
2026-09-12T21:44:40.7900531Z 'SplitZero.ConormalTower.evaluation_injective' depends on axioms: [propext, Classical.choice, Quot.sound]
2026-09-12T21:44:40.7901066Z 'SplitZero.ConormalTower.polynomial_chain_rule' depends on axioms: [propext, Classical.choice, Quot.sound]
2026-09-12T21:44:40.7901603Z 'SplitZero.ConormalTower.cyclicDerivative' depends on axioms: [propext, Classical.choice, Quot.sound]
2026-09-12T21:44:40.7902276Z 'SplitZero.ConormalTower.cyclic_square' depends on axioms: [propext, Classical.choice, Quot.sound]
2026-09-12T21:44:40.7902940Z 'SplitZero.ConormalTower.cyclic_unit_rule' depends on axioms: [propext, Classical.choice, Quot.sound]
2026-09-12T21:44:40.7903397Z 'SplitZero.CyclicDepth.Admissible' depends on axioms: [propext, Quot.sound]
2026-09-12T21:44:40.7903818Z 'SplitZero.CyclicDepth.admissible_of_floor_sum' depends on axioms: [propext, Quot.sound]
2026-09-12T21:44:40.7904249Z 'SplitZero.CyclicDepth.floor_sum_of_admissible' depends on axioms: [propext, Quot.sound]
2026-09-12T21:44:40.7904693Z 'SplitZero.CyclicDepth.admissible_iff_floor_sum' depends on axioms: [propext, Quot.sound]
2026-09-12T21:44:40.7905116Z 'SplitZero.CyclicDepth.ceiling' depends on axioms: [propext, Quot.sound]
2026-09-12T21:44:40.7905535Z 'SplitZero.CyclicDepth.degree_le' depends on axioms: [propext, Classical.choice, Quot.sound]
2026-09-12T21:44:40.7905926Z 'SplitZero.CyclicDepth.extremal' does not depend on any axioms
2026-09-12T21:44:40.7906348Z 'SplitZero.CyclicDepth.extremal_admissible' depends on axioms: [propext, Classical.choice, Quot.sound]
2026-09-12T21:44:40.7906859Z 'SplitZero.CyclicDepth.extremal_degree' depends on axioms: [propext, Classical.choice, Quot.sound]
2026-09-12T21:44:40.7907349Z 'SplitZero.CyclicDepth.attained_maximum' depends on axioms: [propext, Classical.choice, Quot.sound]
2026-09-12T21:44:40.7907856Z 'SplitZero.CyclicDepth.floor_attained_maximum' depends on axioms: [propext, Classical.choice, Quot.sound]
2026-09-12T21:44:40.7908309Z 'SplitZero.CyclicDepth.localOrder' depends on axioms: [propext, Quot.sound]
2026-09-12T21:44:40.7908718Z 'SplitZero.CyclicDepth.localOrder_step' depends on axioms: [propext, Quot.sound]
2026-09-12T21:44:41.0044850Z {
2026-09-12T21:44:41.0045136Z   "axioms": {
2026-09-12T21:44:41.0045456Z     "SplitZero.ConormalTower.conormal_product": [
2026-09-12T21:44:41.0045858Z       "Classical.choice",
2026-09-12T21:44:41.0046127Z       "Quot.sound",
2026-09-12T21:44:41.0046341Z       "propext"
2026-09-12T21:44:41.0046504Z     ],
2026-09-12T21:44:41.0046704Z     "SplitZero.ConormalTower.cyclicDerivative": [
2026-09-12T21:44:41.0046954Z       "Classical.choice",
2026-09-12T21:44:41.0047131Z       "Quot.sound",
2026-09-12T21:44:41.0047293Z       "propext"
2026-09-12T21:44:41.0047441Z     ],
2026-09-12T21:44:41.0047619Z     "SplitZero.ConormalTower.cyclicLevel": [
2026-09-12T21:44:41.0047841Z       "Classical.choice",
2026-09-12T21:44:41.0048011Z       "Quot.sound",
2026-09-12T21:44:41.0048164Z       "propext"
2026-09-12T21:44:41.0048316Z     ],
2026-09-12T21:44:41.0048501Z     "SplitZero.ConormalTower.cyclic_square": [
2026-09-12T21:44:41.0048720Z       "Classical.choice",
2026-09-12T21:44:41.0048888Z       "Quot.sound",
2026-09-12T21:44:41.0049039Z       "propext"
2026-09-12T21:44:41.0049187Z     ],
2026-09-12T21:44:41.0049357Z     "SplitZero.ConormalTower.cyclic_unit_rule": [
2026-09-12T21:44:41.0049581Z       "Classical.choice",
2026-09-12T21:44:41.0049751Z       "Quot.sound",
2026-09-12T21:44:41.0049912Z       "propext"
2026-09-12T21:44:41.0050060Z     ],
2026-09-12T21:44:41.0050231Z     "SplitZero.ConormalTower.deriv_mem_pow": [
2026-09-12T21:44:41.0050451Z       "Classical.choice",
2026-09-12T21:44:41.0050618Z       "Quot.sound",
2026-09-12T21:44:41.0050768Z       "propext"
2026-09-12T21:44:41.0050912Z     ],
2026-09-12T21:44:41.0051078Z     "SplitZero.ConormalTower.descended": [
2026-09-12T21:44:41.0051299Z       "Classical.choice",
2026-09-12T21:44:41.0051490Z       "Quot.sound",
2026-09-12T21:44:41.0051647Z       "propext"
2026-09-12T21:44:41.0051792Z     ],
2026-09-12T21:44:41.0052214Z     "SplitZero.ConormalTower.descended_mk": [
2026-09-12T21:44:41.0052441Z       "Classical.choice",
2026-09-12T21:44:41.0052824Z       "Quot.sound",
2026-09-12T21:44:41.0052979Z       "propext"
2026-09-12T21:44:41.0053127Z     ],
2026-09-12T21:44:41.0053292Z     "SplitZero.ConormalTower.evaluation": [
2026-09-12T21:44:41.0053510Z       "Classical.choice",
2026-09-12T21:44:41.0053673Z       "Quot.sound",
2026-09-12T21:44:41.0053970Z       "propext"
2026-09-12T21:44:41.0054118Z     ],
2026-09-12T21:44:41.0054302Z     "SplitZero.ConormalTower.evaluation_injective": [
2026-09-12T21:44:41.0054538Z       "Classical.choice",
2026-09-12T21:44:41.0054711Z       "Quot.sound",
2026-09-12T21:44:41.0054861Z       "propext"
2026-09-12T21:44:41.0055008Z     ],
2026-09-12T21:44:41.0055168Z     "SplitZero.ConormalTower.level": [
2026-09-12T21:44:41.0055382Z       "Classical.choice",
2026-09-12T21:44:41.0055558Z       "Quot.sound",
2026-09-12T21:44:41.0055719Z       "propext"
2026-09-12T21:44:41.0055877Z     ],
2026-09-12T21:44:41.0056054Z     "SplitZero.ConormalTower.multiplier_rule": [
2026-09-12T21:44:41.0056288Z       "Classical.choice",
2026-09-12T21:44:41.0056456Z       "Quot.sound",
2026-09-12T21:44:41.0056607Z       "propext"
2026-09-12T21:44:41.0056750Z     ],
2026-09-12T21:44:41.0056937Z     "SplitZero.ConormalTower.polynomial_chain_rule": [
2026-09-12T21:44:41.0057177Z       "Classical.choice",
2026-09-12T21:44:41.0057345Z       "Quot.sound",
2026-09-12T21:44:41.0057502Z       "propext"
2026-09-12T21:44:41.0057644Z     ],
2026-09-12T21:44:41.0057810Z     "SplitZero.ConormalTower.projection": [
2026-09-12T21:44:41.0058027Z       "Classical.choice",
2026-09-12T21:44:41.0058195Z       "Quot.sound",
2026-09-12T21:44:41.0058347Z       "propext"
2026-09-12T21:44:41.0058489Z     ],
2026-09-12T21:44:41.0058649Z     "SplitZero.ConormalTower.top_level_zero": [
2026-09-12T21:44:41.0058871Z       "Classical.choice",
2026-09-12T21:44:41.0059036Z       "Quot.sound",
2026-09-12T21:44:41.0059184Z       "propext"
2026-09-12T21:44:41.0059333Z     ],
2026-09-12T21:44:41.0059500Z     "SplitZero.ConormalTower.tower_square": [
2026-09-12T21:44:41.0059717Z       "Classical.choice",
2026-09-12T21:44:41.0059878Z       "Quot.sound",
2026-09-12T21:44:41.0060026Z       "propext"
2026-09-12T21:44:41.0060166Z     ],
2026-09-12T21:44:41.0060328Z     "SplitZero.CyclicDepth.Admissible": [
2026-09-12T21:44:41.0060533Z       "Quot.sound",
2026-09-12T21:44:41.0060684Z       "propext"
2026-09-12T21:44:41.0060828Z     ],
2026-09-12T21:44:41.0061009Z     "SplitZero.CyclicDepth.admissible_iff_floor_sum": [
2026-09-12T21:44:41.0061241Z       "Quot.sound",
2026-09-12T21:44:41.0061394Z       "propext"
2026-09-12T21:44:41.0061536Z     ],
2026-09-12T21:44:41.0061712Z     "SplitZero.CyclicDepth.admissible_of_floor_sum": [
2026-09-12T21:44:41.0061940Z       "Quot.sound",
2026-09-12T21:44:41.0062097Z       "propext"
2026-09-12T21:44:41.0062241Z     ],
2026-09-12T21:44:41.0062410Z     "SplitZero.CyclicDepth.attained_maximum": [
2026-09-12T21:44:41.0062868Z       "Classical.choice",
2026-09-12T21:44:41.0063054Z       "Quot.sound",
2026-09-12T21:44:41.0063208Z       "propext"
2026-09-12T21:44:41.0063355Z     ],
2026-09-12T21:44:41.0063515Z     "SplitZero.CyclicDepth.ceiling": [
2026-09-12T21:44:41.0063731Z       "Quot.sound",
2026-09-12T21:44:41.0063906Z       "propext"
2026-09-12T21:44:41.0064048Z     ],
2026-09-12T21:44:41.0064208Z     "SplitZero.CyclicDepth.degree_le": [
2026-09-12T21:44:41.0064430Z       "Classical.choice",
2026-09-12T21:44:41.0064600Z       "Quot.sound",
2026-09-12T21:44:41.0064749Z       "propext"
2026-09-12T21:44:41.0064893Z     ],
2026-09-12T21:44:41.0065050Z     "SplitZero.CyclicDepth.extremal": [],
2026-09-12T21:44:41.0065290Z     "SplitZero.CyclicDepth.extremal_admissible": [
2026-09-12T21:44:41.0065519Z       "Classical.choice",
2026-09-12T21:44:41.0065682Z       "Quot.sound",
2026-09-12T21:44:41.0065834Z       "propext"
2026-09-12T21:44:41.0065975Z     ],
2026-09-12T21:44:41.0066141Z     "SplitZero.CyclicDepth.extremal_degree": [
2026-09-12T21:44:41.0066512Z       "Classical.choice",
2026-09-12T21:44:41.0066675Z       "Quot.sound",
2026-09-12T21:44:41.0066825Z       "propext"
2026-09-12T21:44:41.0066967Z     ],
2026-09-12T21:44:41.0067146Z     "SplitZero.CyclicDepth.floor_attained_maximum": [
2026-09-12T21:44:41.0067377Z       "Classical.choice",
2026-09-12T21:44:41.0067541Z       "Quot.sound",
2026-09-12T21:44:41.0067690Z       "propext"
2026-09-12T21:44:41.0068026Z     ],
2026-09-12T21:44:41.0068205Z     "SplitZero.CyclicDepth.floor_sum_of_admissible": [
2026-09-12T21:44:41.0068428Z       "Quot.sound",
2026-09-12T21:44:41.0068576Z       "propext"
2026-09-12T21:44:41.0068716Z     ],
2026-09-12T21:44:41.0068872Z     "SplitZero.CyclicDepth.localOrder": [
2026-09-12T21:44:41.0069196Z       "Quot.sound",
2026-09-12T21:44:41.0069474Z       "propext"
2026-09-12T21:44:41.0069617Z     ],
2026-09-12T21:44:41.0069780Z     "SplitZero.CyclicDepth.localOrder_step": [
2026-09-12T21:44:41.0069990Z       "Quot.sound",
2026-09-12T21:44:41.0070145Z       "propext"
2026-09-12T21:44:41.0070290Z     ]
2026-09-12T21:44:41.0070431Z   },
2026-09-12T21:44:41.0070573Z   "modules": 2,
2026-09-12T21:44:41.0070735Z   "selected_targets": 29,
2026-09-12T21:44:41.0070915Z   "source_sha256": {
2026-09-12T21:44:41.0071262Z     "SplitZeroConormalTower.lean": "0817bccbc362699b54b3cb3f6e1ea6bcc417ac9cabd35df3285af940ea6d5580",
2026-09-12T21:44:41.0071823Z     "SplitZeroCyclicDepth.lean": "97764365d88970910ecd6f12cd3d5f1fbf268a7c8939f34d529ed6c97b424463"
2026-09-12T21:44:41.0072165Z   }
2026-09-12T21:44:41.0072309Z }
2026-09-12T21:44:45.4186004Z {
2026-09-12T21:44:45.4186524Z   "axioms": {
2026-09-12T21:44:45.4186829Z     "SplitZero.FrontierEstimate.cross_abs": [
2026-09-12T21:44:45.4187197Z       "Classical.choice",
2026-09-12T21:44:45.4187444Z       "Quot.sound",
2026-09-12T21:44:45.4187677Z       "propext"
2026-09-12T21:44:45.4187884Z     ],
2026-09-12T21:44:45.4188132Z     "SplitZero.FrontierEstimate.cross_bound": [
2026-09-12T21:44:45.4188489Z       "Classical.choice",
2026-09-12T21:44:45.4188764Z       "Quot.sound",
2026-09-12T21:44:45.4188973Z       "propext"
2026-09-12T21:44:45.4189178Z     ],
2026-09-12T21:44:45.4189453Z     "SplitZero.FrontierEstimate.cross_bound_product": [
2026-09-12T21:44:45.4189801Z       "Classical.choice",
2026-09-12T21:44:45.4190036Z       "Quot.sound",
2026-09-12T21:44:45.4190242Z       "propext"
2026-09-12T21:44:45.4190474Z     ],
2026-09-12T21:44:45.4190734Z     "SplitZero.FrontierEstimate.map_bound": [
2026-09-12T21:44:45.4191058Z       "Classical.choice",
2026-09-12T21:44:45.4191311Z       "Quot.sound",
2026-09-12T21:44:45.4191527Z       "propext"
2026-09-12T21:44:45.4191721Z     ],
2026-09-12T21:44:45.4191976Z     "SplitZero.FrontierEstimate.old_boundary_bound": [
2026-09-12T21:44:45.4192328Z       "Classical.choice",
2026-09-12T21:44:45.4192755Z       "Quot.sound",
2026-09-12T21:44:45.4192986Z       "propext"
2026-09-12T21:44:45.4193190Z     ],
2026-09-12T21:44:45.4193461Z     "SplitZero.FrontierEstimate.restrict_bound": [
2026-09-12T21:44:45.4193824Z       "Classical.choice",
2026-09-12T21:44:45.4194068Z       "Quot.sound",
2026-09-12T21:44:45.4194279Z       "propext"
2026-09-12T21:44:45.4194487Z     ],
2026-09-12T21:44:45.4194733Z     "SplitZero.FrontierEstimate.two_sided": [
2026-09-12T21:44:45.4195077Z       "Classical.choice",
2026-09-12T21:44:45.4195314Z       "Quot.sound",
2026-09-12T21:44:45.4195530Z       "propext"
2026-09-12T21:44:45.4195746Z     ],
2026-09-12T21:44:45.4196017Z     "SplitZero.IncidenceEstimate.diagonal_bound": [
2026-09-12T21:44:45.4196374Z       "Classical.choice",
2026-09-12T21:44:45.4196619Z       "Quot.sound",
2026-09-12T21:44:45.4196831Z       "propext"
2026-09-12T21:44:45.4197031Z     ],
2026-09-12T21:44:45.4197288Z     "SplitZero.IncidenceEstimate.norm_sum_sq": [
2026-09-12T21:44:45.4197635Z       "Classical.choice",
2026-09-12T21:44:45.4197877Z       "Quot.sound",
2026-09-12T21:44:45.4198093Z       "propext"
2026-09-12T21:44:45.4198299Z     ],
2026-09-12T21:44:45.4198562Z     "SplitZero.IncidenceEstimate.raising_bound": [
2026-09-12T21:44:45.4199217Z       "Classical.choice",
2026-09-12T21:44:45.4199506Z       "Quot.sound",
2026-09-12T21:44:45.4199715Z       "propext"
2026-09-12T21:44:45.4199909Z     ],
2026-09-12T21:44:45.4200212Z     "SplitZero.IncidenceEstimate.raising_lowering_identity": [
2026-09-12T21:44:45.4200623Z       "Classical.choice",
2026-09-12T21:44:45.4200893Z       "Quot.sound",
2026-09-12T21:44:45.4201298Z       "propext"
2026-09-12T21:44:45.4201528Z     ],
2026-09-12T21:44:45.4201830Z     "SplitZero.MetricRestriction.complementary_trace": [
2026-09-12T21:44:45.4202218Z       "Classical.choice",
2026-09-12T21:44:45.4202468Z       "Quot.sound",
2026-09-12T21:44:45.4202841Z       "propext"
2026-09-12T21:44:45.4203056Z     ],
2026-09-12T21:44:45.4203341Z     "SplitZero.MetricRestriction.coordinate_inverse": [
2026-09-12T21:44:45.4203720Z       "Classical.choice",
2026-09-12T21:44:45.4203969Z       "Quot.sound",
2026-09-12T21:44:45.4204198Z       "propext"
2026-09-12T21:44:45.4204407Z     ],
2026-09-12T21:44:45.4204705Z     "SplitZero.MetricRestriction.inverse_compression": [
2026-09-12T21:44:45.4205103Z       "Classical.choice",
2026-09-12T21:44:45.4205362Z       "Quot.sound",
2026-09-12T21:44:45.4205590Z       "propext"
2026-09-12T21:44:45.4205797Z     ],
2026-09-12T21:44:45.4206096Z     "SplitZero.MetricRestriction.kernel_congruence": [
2026-09-12T21:44:45.4206479Z       "Classical.choice",
2026-09-12T21:44:45.4206741Z       "Quot.sound",
2026-09-12T21:44:45.4206973Z       "propext"
2026-09-12T21:44:45.4207186Z     ],
2026-09-12T21:44:45.4207475Z     "SplitZero.MetricRestriction.primal_compression": [
2026-09-12T21:44:45.4207851Z       "Classical.choice",
2026-09-12T21:44:45.4208098Z       "Quot.sound",
2026-09-12T21:44:45.4208300Z       "propext"
2026-09-12T21:44:45.4208494Z     ],
2026-09-12T21:44:45.4208799Z     "SplitZero.ProjectedHomology.Data.homologyEquiv": [
2026-09-12T21:44:45.4209210Z       "Classical.choice",
2026-09-12T21:44:45.4209463Z       "Quot.sound",
2026-09-12T21:44:45.4209694Z       "propext"
2026-09-12T21:44:45.4209921Z     ],
2026-09-12T21:44:45.4210252Z     "SplitZero.ProjectedHomology.Data.homologyEquiv_class": [
2026-09-12T21:44:45.4210675Z       "Classical.choice",
2026-09-12T21:44:45.4210915Z       "Quot.sound",
2026-09-12T21:44:45.4211120Z       "propext"
2026-09-12T21:44:45.4211322Z     ],
2026-09-12T21:44:45.4211616Z     "SplitZero.ProjectedHomology.Data.include_project": [
2026-09-12T21:44:45.4212007Z       "Classical.choice",
2026-09-12T21:44:45.4212251Z       "Quot.sound",
2026-09-12T21:44:45.4212468Z       "propext"
2026-09-12T21:44:45.4212791Z     ],
2026-09-12T21:44:45.4213070Z     "SplitZero.ProjectedHomology.Data.inclusion": [
2026-09-12T21:44:45.4213436Z       "Quot.sound",
2026-09-12T21:44:45.4213656Z       "propext"
2026-09-12T21:44:45.4213871Z     ],
2026-09-12T21:44:45.4214158Z     "SplitZero.ProjectedHomology.Data.project_include": [
2026-09-12T21:44:45.4214546Z       "Classical.choice",
2026-09-12T21:44:45.4214796Z       "Quot.sound",
2026-09-12T21:44:45.4215023Z       "propext"
2026-09-12T21:44:45.4215234Z     ],
2026-09-12T21:44:45.4215528Z     "SplitZero.ProjectedHomology.Data.projection": [
2026-09-12T21:44:45.4215907Z       "Quot.sound",
2026-09-12T21:44:45.4216133Z       "propext"
2026-09-12T21:44:45.4216344Z     ],
2026-09-12T21:44:45.4216643Z     "SplitZero.ProjectedHomology.Data.window": [
2026-09-12T21:44:45.4216996Z       "Quot.sound",
2026-09-12T21:44:45.4217225Z       "propext"
2026-09-12T21:44:45.4217427Z     ],
2026-09-12T21:44:45.4217713Z     "SplitZero.ProjectedHomology.averageHomologyEquiv": [
2026-09-12T21:44:45.4218102Z       "Classical.choice",
2026-09-12T21:44:45.4218356Z       "Quot.sound",
2026-09-12T21:44:45.4218582Z       "propext"
2026-09-12T21:44:45.4218796Z     ],
2026-09-12T21:44:45.4219045Z     "SplitZero.ProjectedHomology.fixed": [
2026-09-12T21:44:45.4219369Z       "propext"
2026-09-12T21:44:45.4219581Z     ],
2026-09-12T21:44:45.4219856Z     "SplitZero.ProjectedHomology.ofAverage": [
2026-09-12T21:44:45.4220226Z       "Classical.choice",
2026-09-12T21:44:45.4220673Z       "Quot.sound",
2026-09-12T21:44:45.4220908Z       "propext"
2026-09-12T21:44:45.4221129Z     ],
2026-09-12T21:44:45.4221440Z     "SplitZero.SignedProjector.Action.averageChain": [
2026-09-12T21:44:45.4221838Z       "Classical.choice",
2026-09-12T21:44:45.4222092Z       "Quot.sound",
2026-09-12T21:44:45.4222302Z       "propext"
2026-09-12T21:44:45.4222529Z     ],
2026-09-12T21:44:45.4223137Z     "SplitZero.SignedProjector.Action.complementHomology": [
2026-09-12T21:44:45.4223572Z       "Classical.choice",
2026-09-12T21:44:45.4223826Z       "Quot.sound",
2026-09-12T21:44:45.4224052Z       "propext"
2026-09-12T21:44:45.4224271Z     ],
2026-09-12T21:44:45.4224596Z     "SplitZero.SignedProjector.Action.complement_idempotent": [
2026-09-12T21:44:45.4225023Z       "Classical.choice",
2026-09-12T21:44:45.4225269Z       "Quot.sound",
2026-09-12T21:44:45.4225507Z       "propext"
2026-09-12T21:44:45.4225731Z     ],
2026-09-12T21:44:45.4226080Z     "SplitZero.SignedProjector.Action.homology_decomposition": [
2026-09-12T21:44:45.4226520Z       "Classical.choice",
2026-09-12T21:44:45.4226799Z       "Quot.sound",
2026-09-12T21:44:45.4227042Z       "propext"
2026-09-12T21:44:45.4227245Z     ],
2026-09-12T21:44:45.4227567Z     "SplitZero.SignedProjector.Action.homology_idempotent": [
2026-09-12T21:44:45.4227979Z       "Classical.choice",
2026-09-12T21:44:45.4228248Z       "Quot.sound",
2026-09-12T21:44:45.4228490Z       "propext"
2026-09-12T21:44:45.4228711Z     ],
2026-09-12T21:44:45.4229016Z     "SplitZero.SignedProjector.Action.invariant_class": [
2026-09-12T21:44:45.4229405Z       "Classical.choice",
2026-09-12T21:44:45.4229644Z       "Quot.sound",
2026-09-12T21:44:45.4229868Z       "propext"
2026-09-12T21:44:45.4230076Z     ],
2026-09-12T21:44:45.4230343Z     "SplitZero.SignedProjector.average_apply": [
2026-09-12T21:44:45.4230702Z       "Classical.choice",
2026-09-12T21:44:45.4230954Z       "Quot.sound",
2026-09-12T21:44:45.4231176Z       "propext"
2026-09-12T21:44:45.4231390Z     ],
2026-09-12T21:44:45.4231668Z     "SplitZero.SignedProjector.average_idempotent": [
2026-09-12T21:44:45.4232047Z       "Classical.choice",
2026-09-12T21:44:45.4232284Z       "Quot.sound",
2026-09-12T21:44:45.4232495Z       "propext"
2026-09-12T21:44:45.4232844Z     ],
2026-09-12T21:44:45.4233088Z     "SplitZero.SignedProjector.average_natural": [
2026-09-12T21:44:45.4233422Z       "Classical.choice",
2026-09-12T21:44:45.4233688Z       "Quot.sound",
2026-09-12T21:44:45.4233923Z       "propext"
2026-09-12T21:44:45.4234130Z     ],
2026-09-12T21:44:45.4234376Z     "SplitZero.SignedProjector.preserves_invariant": [
2026-09-12T21:44:45.4234719Z       "Classical.choice",
2026-09-12T21:44:45.4234968Z       "Quot.sound",
2026-09-12T21:44:45.4235222Z       "propext"
2026-09-12T21:44:45.4235454Z     ],
2026-09-12T21:44:45.4235707Z     "SplitZero.SignedProjector.signed_average_apply": [
2026-09-12T21:44:45.4236048Z       "Classical.choice",
2026-09-12T21:44:45.4236284Z       "Quot.sound",
2026-09-12T21:44:45.4236492Z       "propext"
2026-09-12T21:44:45.4236695Z     ],
2026-09-12T21:44:45.4236938Z     "SplitZero.SignedProjector.top_double_sign": [
2026-09-12T21:44:45.4237259Z       "Classical.choice",
2026-09-12T21:44:45.4237483Z       "Quot.sound",
2026-09-12T21:44:45.4237688Z       "propext"
2026-09-12T21:44:45.4237883Z     ],
2026-09-12T21:44:45.4238150Z     "SplitZero.SignedProjector.top_preserves_invariant": [
2026-09-12T21:44:45.4238502Z       "Classical.choice",
2026-09-12T21:44:45.4238729Z       "Quot.sound",
2026-09-12T21:44:45.4238925Z       "propext"
2026-09-12T21:44:45.4239114Z     ],
2026-09-12T21:44:45.4239337Z     "SplitZero.SignedProjector.twist": [
2026-09-12T21:44:45.4239633Z       "Classical.choice",
2026-09-12T21:44:45.4239878Z       "Quot.sound",
2026-09-12T21:44:45.4240101Z       "propext"
2026-09-12T21:44:45.4240314Z     ]
2026-09-12T21:44:45.4240493Z   },
2026-09-12T21:44:45.4240682Z   "modules": 5,
2026-09-12T21:44:45.4240890Z   "selected_targets": 40,
2026-09-12T21:44:45.4241129Z   "source_sha256": {
2026-09-12T21:44:45.4241792Z     "SplitZeroFrontierEstimate.lean": "eee78082cdbfc70c56f95cd1075a3255877b04c72b9dca7fb15f958e1f24eaaf",
2026-09-12T21:44:45.4242726Z     "SplitZeroIncidenceEstimate.lean": "c84a8ed3d2c38f9279267f8d7176862b4c5befe1f91b409856ee76901b2f5000",
2026-09-12T21:44:45.4243576Z     "SplitZeroMetricRestriction.lean": "62138bb45b5a5ca8cf79c19be13649638690a34cf5292bae02bfb57dac2b7f30",
2026-09-12T21:44:45.4244656Z     "SplitZeroProjectedHomology.lean": "0659b565a791964c6c06dac557ea90f255bca4aaae5f17c2495ea561d77e1148",
2026-09-12T21:44:45.4245535Z     "SplitZeroSignedProjector.lean": "1c80150b4e249c7bd09815e4dbe16a4f71756400846178e90b0687e8f473a9f1"
2026-09-12T21:44:45.4246103Z   }
2026-09-12T21:44:45.4246298Z }
2026-09-12T21:44:49.8661728Z {
2026-09-12T21:44:49.8661952Z   "axioms": {
2026-09-12T21:44:49.8662240Z     "SplitZero.BoundaryIntegration.allPacketHomotopies": [
2026-09-12T21:44:49.8662713Z       "Classical.choice",
2026-09-12T21:44:49.8662929Z       "Quot.sound",
2026-09-12T21:44:49.8663131Z       "propext"
2026-09-12T21:44:49.8663285Z     ],
2026-09-12T21:44:49.8663523Z     "SplitZero.BoundaryIntegration.packetProjector_idempotent": [
2026-09-12T21:44:49.8663803Z       "Quot.sound",
2026-09-12T21:44:49.8663968Z       "propext"
2026-09-12T21:44:49.8664119Z     ],
2026-09-12T21:44:49.8664322Z     "SplitZero.BoundaryIntegration.packet_annihilator": [
2026-09-12T21:44:49.8664577Z       "Quot.sound",
2026-09-12T21:44:49.8664743Z       "propext"
2026-09-12T21:44:49.8664888Z     ],
2026-09-12T21:44:49.8665087Z     "SplitZero.BoundaryIntegration.projector_commutator": [
2026-09-12T21:44:49.8665337Z       "Quot.sound",
2026-09-12T21:44:49.8665487Z       "propext"
2026-09-12T21:44:49.8665626Z     ],
2026-09-12T21:44:49.8665840Z     "SplitZero.BoundaryIntegration.quotientTransportLift": [
2026-09-12T21:44:49.8666111Z       "Classical.choice",
2026-09-12T21:44:49.8666282Z       "Quot.sound",
2026-09-12T21:44:49.8666441Z       "propext"
2026-09-12T21:44:49.8666587Z     ],
2026-09-12T21:44:49.8666817Z     "SplitZero.BoundaryIntegration.quotientTransport_fibre_zero": [
2026-09-12T21:44:49.8667097Z       "Classical.choice",
2026-09-12T21:44:49.8667260Z       "Quot.sound",
2026-09-12T21:44:49.8667405Z       "propext"
2026-09-12T21:44:49.8667546Z     ],
2026-09-12T21:44:49.8667763Z     "SplitZero.BoundaryIntegration.quotientTransport_not_absent": [
2026-09-12T21:44:49.8668039Z       "Classical.choice",
2026-09-12T21:44:49.8668207Z       "Quot.sound",
2026-09-12T21:44:49.8668356Z       "propext"
2026-09-12T21:44:49.8668502Z     ],
2026-09-12T21:44:49.8668707Z     "SplitZero.BoundaryIntegration.representative_jets": [
2026-09-12T21:44:49.8668966Z       "Classical.choice",
2026-09-12T21:44:49.8669129Z       "Quot.sound",
2026-09-12T21:44:49.8669277Z       "propext"
2026-09-12T21:44:49.8669418Z     ],
2026-09-12T21:44:49.8669587Z     "SplitZero.JointHomotopy.activeDiagram": [
2026-09-12T21:44:49.8669812Z       "Classical.choice",
2026-09-12T21:44:49.8669973Z       "Quot.sound",
2026-09-12T21:44:49.8670125Z       "propext"
2026-09-12T21:44:49.8670264Z     ],
2026-09-12T21:44:49.8670432Z     "SplitZero.JointHomotopy.classifiedLift": [
2026-09-12T21:44:49.8670655Z       "Classical.choice",
2026-09-12T21:44:49.8670822Z       "Quot.sound",
2026-09-12T21:44:49.8670967Z       "propext"
2026-09-12T21:44:49.8671105Z     ],
2026-09-12T21:44:49.8671270Z     "SplitZero.JointHomotopy.differential": [
2026-09-12T21:44:49.8671498Z       "Classical.choice",
2026-09-12T21:44:49.8671667Z       "Quot.sound",
2026-09-12T21:44:49.8671824Z       "propext"
2026-09-12T21:44:49.8671974Z     ],
2026-09-12T21:44:49.8672135Z     "SplitZero.JointHomotopy.le_sync": [
2026-09-12T21:44:49.8672343Z       "Classical.choice",
2026-09-12T21:44:49.8672511Z       "Quot.sound",
2026-09-12T21:44:49.8672802Z       "propext"
2026-09-12T21:44:49.8672950Z     ],
2026-09-12T21:44:49.8673115Z     "SplitZero.JointHomotopy.legDiagram": [
2026-09-12T21:44:49.8673355Z       "Classical.choice",
2026-09-12T21:44:49.8673517Z       "Quot.sound",
2026-09-12T21:44:49.8674048Z       "propext"
2026-09-12T21:44:49.8674185Z     ],
2026-09-12T21:44:49.8674341Z     "SplitZero.JointHomotopy.lift": [
2026-09-12T21:44:49.8674544Z       "Classical.choice",
2026-09-12T21:44:49.8674705Z       "Quot.sound",
2026-09-12T21:44:49.8674854Z       "propext"
2026-09-12T21:44:49.8675006Z     ],
2026-09-12T21:44:49.8675181Z     "SplitZero.JointHomotopy.lifted_boundary": [
2026-09-12T21:44:49.8675635Z       "Classical.choice",
2026-09-12T21:44:49.8675805Z       "Quot.sound",
2026-09-12T21:44:49.8675955Z       "propext"
2026-09-12T21:44:49.8676098Z     ],
2026-09-12T21:44:49.8676263Z     "SplitZero.JointHomotopy.lifted_cycle": [
2026-09-12T21:44:49.8676478Z       "Classical.choice",
2026-09-12T21:44:49.8676641Z       "Quot.sound",
2026-09-12T21:44:49.8676791Z       "propext"
2026-09-12T21:44:49.8676936Z     ],
2026-09-12T21:44:49.8677099Z     "SplitZero.JointHomotopy.syncActive": [
2026-09-12T21:44:49.8677317Z       "Classical.choice",
2026-09-12T21:44:49.8677479Z       "Quot.sound",
2026-09-12T21:44:49.8677632Z       "propext"
2026-09-12T21:44:49.8677775Z     ],
2026-09-12T21:44:49.8677943Z     "SplitZero.JointHomotopy.syncIndex": [
2026-09-12T21:44:49.8678152Z       "Classical.choice",
2026-09-12T21:44:49.8678313Z       "Quot.sound",
2026-09-12T21:44:49.8678459Z       "propext"
2026-09-12T21:44:49.8678598Z     ],
2026-09-12T21:44:49.8678755Z     "SplitZero.JointHomotopy.syncLeg": [
2026-09-12T21:44:49.8678962Z       "Classical.choice",
2026-09-12T21:44:49.8679122Z       "Quot.sound",
2026-09-12T21:44:49.8679274Z       "propext"
2026-09-12T21:44:49.8679413Z     ],
2026-09-12T21:44:49.8679586Z     "SplitZero.OrthogonalControl.gram_downdate": [
2026-09-12T21:44:49.8679821Z       "Classical.choice",
2026-09-12T21:44:49.8679991Z       "Quot.sound",
2026-09-12T21:44:49.8680141Z       "propext"
2026-09-12T21:44:49.8680282Z     ],
2026-09-12T21:44:49.8680488Z     "SplitZero.OrthogonalControl.gram_downdate_rank_le_one": [
2026-09-12T21:44:49.8680746Z       "Classical.choice",
2026-09-12T21:44:49.8680914Z       "Quot.sound",
2026-09-12T21:44:49.8681063Z       "propext"
2026-09-12T21:44:49.8681207Z     ],
2026-09-12T21:44:49.8681409Z     "SplitZero.OrthogonalControl.gram_minimum_decomposition": [
2026-09-12T21:44:49.8681670Z       "Classical.choice",
2026-09-12T21:44:49.8681830Z       "Quot.sound",
2026-09-12T21:44:49.8681975Z       "propext"
2026-09-12T21:44:49.8682117Z     ],
2026-09-12T21:44:49.8682311Z     "SplitZero.OrthogonalControl.gram_minimum_posSemidef": [
2026-09-12T21:44:49.8682696Z       "Classical.choice",
2026-09-12T21:44:49.8682892Z       "Quot.sound",
2026-09-12T21:44:49.8683037Z       "propext"
2026-09-12T21:44:49.8683177Z     ],
2026-09-12T21:44:49.8683375Z     "SplitZero.OrthogonalControl.gram_posDef_of_source_jets": [
2026-09-12T21:44:49.8683628Z       "Classical.choice",
2026-09-12T21:44:49.8683789Z       "Quot.sound",
2026-09-12T21:44:49.8683935Z       "propext"
2026-09-12T21:44:49.8684074Z     ],
2026-09-12T21:44:49.8684248Z     "SplitZero.OrthogonalControl.green_identity": [
2026-09-12T21:44:49.8684481Z       "Classical.choice",
2026-09-12T21:44:49.8684641Z       "Quot.sound",
2026-09-12T21:44:49.8684786Z       "propext"
2026-09-12T21:44:49.8684925Z     ],
2026-09-12T21:44:49.8685095Z     "SplitZero.OrthogonalControl.next_row_zero": [
2026-09-12T21:44:49.8685317Z       "Classical.choice",
2026-09-12T21:44:49.8685482Z       "Quot.sound",
2026-09-12T21:44:49.8685629Z       "propext"
2026-09-12T21:44:49.8685768Z     ],
2026-09-12T21:44:49.8685964Z     "SplitZero.OrthogonalControl.one_new_relation_control": [
2026-09-12T21:44:49.8686215Z       "Classical.choice",
2026-09-12T21:44:49.8686379Z       "Quot.sound",
2026-09-12T21:44:49.8686526Z       "propext"
2026-09-12T21:44:49.8686666Z     ],
2026-09-12T21:44:49.8686872Z     "SplitZero.OrthogonalControl.one_new_relation_rank_le_two": [
2026-09-12T21:44:49.8687135Z       "Classical.choice",
2026-09-12T21:44:49.8687297Z       "Quot.sound",
2026-09-12T21:44:49.8687448Z       "propext"
2026-09-12T21:44:49.8687589Z     ],
2026-09-12T21:44:49.8687920Z     "SplitZero.OrthogonalControl.pythagorean_pair": [
2026-09-12T21:44:49.8688159Z       "Classical.choice",
2026-09-12T21:44:49.8688324Z       "Quot.sound",
2026-09-12T21:44:49.8688471Z       "propext"
2026-09-12T21:44:49.8688614Z     ],
2026-09-12T21:44:49.8688800Z     "SplitZero.OrthogonalControl.residual_orthogonal": [
2026-09-12T21:44:49.8689040Z       "Classical.choice",
2026-09-12T21:44:49.8689311Z       "Quot.sound",
2026-09-12T21:44:49.8689462Z       "propext"
2026-09-12T21:44:49.8689605Z     ],
2026-09-12T21:44:49.8689812Z     "SplitZero.OrthogonalControl.residual_relation_invariant": [
2026-09-12T21:44:49.8690077Z       "Classical.choice",
2026-09-12T21:44:49.8690245Z       "Quot.sound",
2026-09-12T21:44:49.8690391Z       "propext"
2026-09-12T21:44:49.8690531Z     ],
2026-09-12T21:44:49.8690735Z     "SplitZero.OrthogonalControl.weight_defect_one_layer": [
2026-09-12T21:44:49.8690998Z       "Classical.choice",
2026-09-12T21:44:49.8691164Z       "Quot.sound",
2026-09-12T21:44:49.8691313Z       "propext"
2026-09-12T21:44:49.8691454Z     ],
2026-09-12T21:44:49.8691628Z     "SplitZero.RankTwoControl.compressed_det": [
2026-09-12T21:44:49.8691858Z       "Classical.choice",
2026-09-12T21:44:49.8692020Z       "Quot.sound",
2026-09-12T21:44:49.8692169Z       "propext"
2026-09-12T21:44:49.8692309Z     ],
2026-09-12T21:44:49.8692490Z     "SplitZero.RankTwoControl.compressed_real_root": [
2026-09-12T21:44:49.8692858Z       "Classical.choice",
2026-09-12T21:44:49.8693021Z       "Quot.sound",
2026-09-12T21:44:49.8693168Z       "propext"
2026-09-12T21:44:49.8693309Z     ],
2026-09-12T21:44:49.8693488Z     "SplitZero.RankTwoControl.eigenvector_transfer": [
2026-09-12T21:44:49.8693718Z       "Classical.choice",
2026-09-12T21:44:49.8693881Z       "Quot.sound",
2026-09-12T21:44:49.8694031Z       "propext"
2026-09-12T21:44:49.8694170Z     ],
2026-09-12T21:44:49.8694336Z     "SplitZero.RankTwoControl.factorization": [
2026-09-12T21:44:49.8694562Z       "Classical.choice",
2026-09-12T21:44:49.8694724Z       "Quot.sound",
2026-09-12T21:44:49.8694875Z       "propext"
2026-09-12T21:44:49.8695014Z     ],
2026-09-12T21:44:49.8695175Z     "SplitZero.RankTwoControl.hermitian": [
2026-09-12T21:44:49.8695391Z       "Classical.choice",
2026-09-12T21:44:49.8695552Z       "Quot.sound",
2026-09-12T21:44:49.8695697Z       "propext"
2026-09-12T21:44:49.8695835Z     ],
2026-09-12T21:44:49.8696006Z     "SplitZero.RankTwoControl.max_abs_roots": [
2026-09-12T21:44:49.8696221Z       "Classical.choice",
2026-09-12T21:44:49.8696386Z       "Quot.sound",
2026-09-12T21:44:49.8696532Z       "propext"
2026-09-12T21:44:49.8696675Z     ],
2026-09-12T21:44:49.8696862Z     "SplitZero.RankTwoControl.nonzero_eigenvalues_iff": [
2026-09-12T21:44:49.8697104Z       "Classical.choice",
2026-09-12T21:44:49.8697266Z       "Quot.sound",
2026-09-12T21:44:49.8697413Z       "propext"
2026-09-12T21:44:49.8697552Z     ],
2026-09-12T21:44:49.8697742Z     "SplitZero.RankTwoControl.normalized_factorization": [
2026-09-12T21:44:49.8697994Z       "Classical.choice",
2026-09-12T21:44:49.8698160Z       "Quot.sound",
2026-09-12T21:44:49.8698312Z       "propext"
2026-09-12T21:44:49.8698456Z     ],
2026-09-12T21:44:49.8698635Z     "SplitZero.RankTwoControl.radicand_nonnegative": [
2026-09-12T21:44:49.8698862Z       "Classical.choice",
2026-09-12T21:44:49.8699024Z       "Quot.sound",
2026-09-12T21:44:49.8699169Z       "propext"
2026-09-12T21:44:49.8699308Z     ],
2026-09-12T21:44:49.8699481Z     "SplitZero.RankTwoControl.rank_le_two": [
2026-09-12T21:44:49.8699696Z       "Classical.choice",
2026-09-12T21:44:49.8699859Z       "Quot.sound",
2026-09-12T21:44:49.8700007Z       "propext"
2026-09-12T21:44:49.8700146Z     ],
2026-09-12T21:44:49.8700304Z     "SplitZero.RankTwoControl.real_roots": [
2026-09-12T21:44:49.8700515Z       "Classical.choice",
2026-09-12T21:44:49.8700676Z       "Quot.sound",
2026-09-12T21:44:49.8700826Z       "propext"
2026-09-12T21:44:49.8700965Z     ],
2026-09-12T21:44:49.8701213Z     "SplitZero.RankTwoControl.symmetric_allowance": [
2026-09-12T21:44:49.8701695Z       "Classical.choice",
2026-09-12T21:44:49.8701925Z       "Quot.sound",
2026-09-12T21:44:49.8702135Z       "propext"
2026-09-12T21:44:49.8702343Z     ],
2026-09-12T21:44:49.8702744Z     "SplitZero.RankTwoControl.trace_zero_allowance": [
2026-09-12T21:44:49.8703100Z       "Classical.choice",
2026-09-12T21:44:49.8703449Z       "Quot.sound",
2026-09-12T21:44:49.8703756Z       "propext"
2026-09-12T21:44:49.8703996Z     ],
2026-09-12T21:44:49.8704421Z     "SplitZero.Reconstruction.Hom.reindexed": [
2026-09-12T21:44:49.8704644Z       "Quot.sound",
2026-09-12T21:44:49.8704812Z       "propext"
2026-09-12T21:44:49.8705076Z     ],
2026-09-12T21:44:49.8705457Z     "SplitZero.Reconstruction.Hom.reindexed_total": [
2026-09-12T21:44:49.8705812Z       "Quot.sound",
2026-09-12T21:44:49.8706103Z       "propext"
2026-09-12T21:44:49.8706398Z     ],
2026-09-12T21:44:49.8706704Z     "SplitZero.Reconstruction.ReindexedHom.killed_fibre": [
2026-09-12T21:44:49.8707046Z       "Quot.sound",
2026-09-12T21:44:49.8707390Z       "propext"
2026-09-12T21:44:49.8707672Z     ],
2026-09-12T21:44:49.8708034Z     "SplitZero.Reconstruction.ReindexedHom.killed_not_absent": [
2026-09-12T21:44:49.8708413Z       "Quot.sound",
2026-09-12T21:44:49.8708651Z       "propext"
2026-09-12T21:44:49.8708955Z     ],
2026-09-12T21:44:49.8709296Z     "SplitZero.Reconstruction.ReindexedHom.supported_zero": [
2026-09-12T21:44:49.8709685Z       "Quot.sound",
2026-09-12T21:44:49.8709962Z       "propext"
2026-09-12T21:44:49.8718916Z     ],
2026-09-12T21:44:49.8719187Z     "SplitZero.Reconstruction.ReindexedHom.total": [
2026-09-12T21:44:49.8719452Z       "Quot.sound",
2026-09-12T21:44:49.8719624Z       "propext"
2026-09-12T21:44:49.8719778Z     ],
2026-09-12T21:44:49.8719982Z     "SplitZero.Reconstruction.supportIndex_monotone": [
2026-09-12T21:44:49.8720232Z       "propext"
2026-09-12T21:44:49.8720382Z     ],
2026-09-12T21:44:49.8720553Z     "SplitZero.RelationLayer.boundary_class": [
2026-09-12T21:44:49.8720789Z       "Classical.choice",
2026-09-12T21:44:49.8720978Z       "Quot.sound",
2026-09-12T21:44:49.8721129Z       "propext"
2026-09-12T21:44:49.8721276Z     ],
2026-09-12T21:44:49.8721454Z     "SplitZero.RelationLayer.boundary_dies_next": [
2026-09-12T21:44:49.8721830Z       "Classical.choice",
2026-09-12T21:44:49.8722010Z       "Quot.sound",
2026-09-12T21:44:49.8722171Z       "propext"
2026-09-12T21:44:49.8722320Z     ],
2026-09-12T21:44:49.8722519Z     "SplitZero.RelationLayer.class_smul_nonzero_iff": [
2026-09-12T21:44:49.8722934Z       "Classical.choice",
2026-09-12T21:44:49.8723105Z       "Quot.sound",
2026-09-12T21:44:49.8723256Z       "propext"
2026-09-12T21:44:49.8723401Z     ],
2026-09-12T21:44:49.8723569Z     "SplitZero.RelationLayer.derivative": [
2026-09-12T21:44:49.8723785Z       "Classical.choice",
2026-09-12T21:44:49.8723950Z       "Quot.sound",
2026-09-12T21:44:49.8724097Z       "propext"
2026-09-12T21:44:49.8724238Z     ],
2026-09-12T21:44:49.8724445Z     "SplitZero.RelationLayer.derivative_eq_data_derivative": [
2026-09-12T21:44:49.8724716Z       "Classical.choice",
2026-09-12T21:44:49.8724879Z       "Quot.sound",
2026-09-12T21:44:49.8725027Z       "propext"
2026-09-12T21:44:49.8725167Z     ],
2026-09-12T21:44:49.8725333Z     "SplitZero.RelationLayer.derivative_mk": [
2026-09-12T21:44:49.8725557Z       "Classical.choice",
2026-09-12T21:44:49.8725719Z       "Quot.sound",
2026-09-12T21:44:49.8725865Z       "propext"
2026-09-12T21:44:49.8726007Z     ],
2026-09-12T21:44:49.8726188Z     "SplitZero.RelationLayer.kernelEquiv": [
2026-09-12T21:44:49.8726413Z       "Classical.choice",
2026-09-12T21:44:49.8726589Z       "Quot.sound",
2026-09-12T21:44:49.8726739Z       "propext"
2026-09-12T21:44:49.8726882Z     ],
2026-09-12T21:44:49.8727059Z     "SplitZero.RelationLayer.layerMap_bijective": [
2026-09-12T21:44:49.8727293Z       "Classical.choice",
2026-09-12T21:44:49.8727458Z       "Quot.sound",
2026-09-12T21:44:49.8727607Z       "propext"
2026-09-12T21:44:49.8727750Z     ],
2026-09-12T21:44:49.8727936Z     "SplitZero.RelationLayer.oneNewRelationEquiv": [
2026-09-12T21:44:49.8728373Z       "Classical.choice",
2026-09-12T21:44:49.8728547Z       "Quot.sound",
2026-09-12T21:44:49.8728700Z       "propext"
2026-09-12T21:44:49.8728842Z     ],
2026-09-12T21:44:49.8729038Z     "SplitZero.RelationLayer.oneNewRelationEquiv_apply": [
2026-09-12T21:44:49.8729289Z       "Classical.choice",
2026-09-12T21:44:49.8729453Z       "Quot.sound",
2026-09-12T21:44:49.8729602Z       "propext"
2026-09-12T21:44:49.8729850Z     ],
2026-09-12T21:44:49.8730040Z     "SplitZero.RelationLayer.orthogonalLayerEquiv": [
2026-09-12T21:44:49.8730287Z       "Classical.choice",
2026-09-12T21:44:49.8730452Z       "Quot.sound",
2026-09-12T21:44:49.8730600Z       "propext"
2026-09-12T21:44:49.8730740Z     ],
2026-09-12T21:44:49.8730944Z     "SplitZero.RelationLayer.orthogonalLayerEquiv_apply": [
2026-09-12T21:44:49.8731200Z       "Classical.choice",
2026-09-12T21:44:49.8731361Z       "Quot.sound",
2026-09-12T21:44:49.8731509Z       "propext"
2026-09-12T21:44:49.8731648Z     ],
2026-09-12T21:44:49.8731839Z     "SplitZero.RelationLayer.scalarKernel_bijective": [
2026-09-12T21:44:49.8732076Z       "Classical.choice",
2026-09-12T21:44:49.8732239Z       "Quot.sound",
2026-09-12T21:44:49.8732388Z       "propext"
2026-09-12T21:44:49.8732528Z     ],
2026-09-12T21:44:49.8732849Z     "SplitZero.RelationLayer.transport": [
2026-09-12T21:44:49.8733067Z       "Classical.choice",
2026-09-12T21:44:49.8733232Z       "Quot.sound",
2026-09-12T21:44:49.8733386Z       "propext"
2026-09-12T21:44:49.8733532Z     ],
2026-09-12T21:44:49.8733732Z     "SplitZero.RelationLayer.transport_eq_data_transition": [
2026-09-12T21:44:49.8733987Z       "Classical.choice",
2026-09-12T21:44:49.8734153Z       "Quot.sound",
2026-09-12T21:44:49.8734302Z       "propext"
2026-09-12T21:44:49.8734454Z     ],
2026-09-12T21:44:49.8734636Z     "SplitZero.RelationLayer.transport_kills_iff": [
2026-09-12T21:44:49.8734867Z       "Classical.choice",
2026-09-12T21:44:49.8735031Z       "Quot.sound",
2026-09-12T21:44:49.8735188Z       "propext"
2026-09-12T21:44:49.8735334Z     ]
2026-09-12T21:44:49.8735469Z   },
2026-09-12T21:44:49.8735612Z   "modules": 6,
2026-09-12T21:44:49.8735769Z   "selected_targets": 68,
2026-09-12T21:44:49.8735940Z   "source_sha256": {
2026-09-12T21:44:49.8736294Z     "SplitZeroBoundaryIntegration.lean": "9161bdd49e5f8934444ef192cb2345ec0cdb5131d9f5573b6396f2211b4fa128",
2026-09-12T21:44:49.8736838Z     "SplitZeroJointHomotopy.lean": "d060d6640824f08a1f50dc84be6b04a82f0c4fc04660930d3aaea2a8472a1358",
2026-09-12T21:44:49.8737366Z     "SplitZeroOrthogonalControl.lean": "5343d1b5a84ea38b6c1b20c44557f717fc62275177ddaf340f2fb3ffe806b434",
2026-09-12T21:44:49.8737915Z     "SplitZeroRankTwoControl.lean": "f49f8057e5f0051cefa9eaa1324b6e7165a5b946086d964033ed64fdbba92700",
2026-09-12T21:44:49.8738493Z     "SplitZeroRelationLayerIntegration.lean": "79630bdf03f1db40b523af0671e94769011b4a31cab68be8ccf763b1cca3b762",
2026-09-12T21:44:49.8739077Z     "SplitZeroSupportChangeIntegration.lean": "bde4993930f8a13c2ade6540c7f27f0a963e4d894406b0a46a540c5680ba7577"
2026-09-12T21:44:49.8739460Z   }
2026-09-12T21:44:49.8739597Z }
2026-09-12T21:44:54.2420373Z {
2026-09-12T21:44:54.2420664Z   "axioms": {
2026-09-12T21:44:54.2421030Z     "SplitZero.BoundaryControl.Data.boundary_apply": [
2026-09-12T21:44:54.2421441Z       "Classical.choice",
2026-09-12T21:44:54.2421711Z       "Quot.sound",
2026-09-12T21:44:54.2421947Z       "propext"
2026-09-12T21:44:54.2422165Z     ],
2026-09-12T21:44:54.2422523Z     "SplitZero.BoundaryControl.Data.boundary_quotient": [
2026-09-12T21:44:54.2423062Z       "Classical.choice",
2026-09-12T21:44:54.2423323Z       "Quot.sound",
2026-09-12T21:44:54.2423481Z       "propext"
2026-09-12T21:44:54.2423628Z     ],
2026-09-12T21:44:54.2423825Z     "SplitZero.BoundaryControl.Data.control_boundary": [
2026-09-12T21:44:54.2424070Z       "Classical.choice",
2026-09-12T21:44:54.2424236Z       "Quot.sound",
2026-09-12T21:44:54.2424392Z       "propext"
2026-09-12T21:44:54.2424545Z     ],
2026-09-12T21:44:54.2424735Z     "SplitZero.BoundaryControl.Data.control_cross": [
2026-09-12T21:44:54.2425330Z       "Classical.choice",
2026-09-12T21:44:54.2425510Z       "Quot.sound",
2026-09-12T21:44:54.2425664Z       "propext"
2026-09-12T21:44:54.2425814Z     ],
2026-09-12T21:44:54.2426000Z     "SplitZero.BoundaryControl.Data.gram_downdate": [
2026-09-12T21:44:54.2426244Z       "Classical.choice",
2026-09-12T21:44:54.2426414Z       "Quot.sound",
2026-09-12T21:44:54.2426563Z       "propext"
2026-09-12T21:44:54.2426827Z     ],
2026-09-12T21:44:54.2427042Z     "SplitZero.BoundaryControl.Data.next_pair_representative": [
2026-09-12T21:44:54.2427309Z       "Classical.choice",
2026-09-12T21:44:54.2427472Z       "Quot.sound",
2026-09-12T21:44:54.2427626Z       "propext"
2026-09-12T21:44:54.2427767Z     ],
2026-09-12T21:44:54.2427950Z     "SplitZero.BoundaryControl.Data.rank_two_formula": [
2026-09-12T21:44:54.2428187Z       "Classical.choice",
2026-09-12T21:44:54.2428349Z       "Quot.sound",
2026-09-12T21:44:54.2428498Z       "propext"
2026-09-12T21:44:54.2428638Z     ],
2026-09-12T21:44:54.2428831Z     "SplitZero.BoundaryControl.Data.representative": [
2026-09-12T21:44:54.2429089Z       "Classical.choice",
2026-09-12T21:44:54.2429251Z       "Quot.sound",
2026-09-12T21:44:54.2429398Z       "propext"
2026-09-12T21:44:54.2429539Z     ],
2026-09-12T21:44:54.2429752Z     "SplitZero.BoundaryControl.Data.representative_orthogonal": [
2026-09-12T21:44:54.2430023Z       "Classical.choice",
2026-09-12T21:44:54.2430191Z       "Quot.sound",
2026-09-12T21:44:54.2430341Z       "propext"
2026-09-12T21:44:54.2430481Z     ],
2026-09-12T21:44:54.2430686Z     "SplitZero.ControlCompression.compressed_determinant": [
2026-09-12T21:44:54.2430956Z       "Classical.choice",
2026-09-12T21:44:54.2431125Z       "Quot.sound",
2026-09-12T21:44:54.2431276Z       "propext"
2026-09-12T21:44:54.2431417Z     ],
2026-09-12T21:44:54.2431629Z     "SplitZero.ControlCompression.control_matrix_rank_le_two": [
2026-09-12T21:44:54.2431899Z       "Classical.choice",
2026-09-12T21:44:54.2432072Z       "Quot.sound",
2026-09-12T21:44:54.2432232Z       "propext"
2026-09-12T21:44:54.2432381Z     ],
2026-09-12T21:44:54.2432777Z     "SplitZero.ControlCompression.cross_factorization": [
2026-09-12T21:44:54.2433169Z       "Classical.choice",
2026-09-12T21:44:54.2433429Z       "Quot.sound",
2026-09-12T21:44:54.2433624Z       "propext"
2026-09-12T21:44:54.2433775Z     ],
2026-09-12T21:44:54.2433952Z     "SplitZero.ControlCompression.exact_radius": [
2026-09-12T21:44:54.2434193Z       "Classical.choice",
2026-09-12T21:44:54.2434360Z       "Quot.sound",
2026-09-12T21:44:54.2434510Z       "propext"
2026-09-12T21:44:54.2434654Z     ],
2026-09-12T21:44:54.2434855Z     "SplitZero.ControlCompression.nonzero_eigen_transfer": [
2026-09-12T21:44:54.2435121Z       "Classical.choice",
2026-09-12T21:44:54.2435292Z       "Quot.sound",
2026-09-12T21:44:54.2435443Z       "propext"
2026-09-12T21:44:54.2435591Z     ],
2026-09-12T21:44:54.2435768Z     "SplitZero.ControlCompression.rank_le_two": [
2026-09-12T21:44:54.2435999Z       "Classical.choice",
2026-09-12T21:44:54.2436172Z       "Quot.sound",
2026-09-12T21:44:54.2436321Z       "propext"
2026-09-12T21:44:54.2436464Z     ],
2026-09-12T21:44:54.2436635Z     "SplitZero.ControlCompression.real_roots": [
2026-09-12T21:44:54.2436857Z       "Classical.choice",
2026-09-12T21:44:54.2437026Z       "Quot.sound",
2026-09-12T21:44:54.2437172Z       "propext"
2026-09-12T21:44:54.2437314Z     ],
2026-09-12T21:44:54.2437499Z     "SplitZero.ControlCompression.traceless_radius": [
2026-09-12T21:44:54.2437737Z       "Classical.choice",
2026-09-12T21:44:54.2437901Z       "Quot.sound",
2026-09-12T21:44:54.2438050Z       "propext"
2026-09-12T21:44:54.2438191Z     ],
2026-09-12T21:44:54.2438361Z     "SplitZero.KrylovStep.escape_of_expansion": [
2026-09-12T21:44:54.2438579Z       "Classical.choice",
2026-09-12T21:44:54.2438742Z       "Quot.sound",
2026-09-12T21:44:54.2438890Z       "propext"
2026-09-12T21:44:54.2439033Z     ],
2026-09-12T21:44:54.2439203Z     "SplitZero.KrylovStep.lastResidual_ne_zero": [
2026-09-12T21:44:54.2439568Z       "Classical.choice",
2026-09-12T21:44:54.2439731Z       "Quot.sound",
2026-09-12T21:44:54.2439881Z       "propext"
2026-09-12T21:44:54.2440026Z     ],
2026-09-12T21:44:54.2440191Z     "SplitZero.KrylovStep.toBoundaryData": [
2026-09-12T21:44:54.2440405Z       "Classical.choice",
2026-09-12T21:44:54.2440567Z       "Quot.sound",
2026-09-12T21:44:54.2440713Z       "propext"
2026-09-12T21:44:54.2440853Z     ],
2026-09-12T21:44:54.2441124Z     "SplitZero.Reconstruction.HomOver.promote": [
2026-09-12T21:44:54.2441354Z       "Quot.sound",
2026-09-12T21:44:54.2441501Z       "propext"
2026-09-12T21:44:54.2441641Z     ],
2026-09-12T21:44:54.2441829Z     "SplitZero.Reconstruction.HomOver.promote_apply": [
2026-09-12T21:44:54.2442065Z       "Quot.sound",
2026-09-12T21:44:54.2442214Z       "propext"
2026-09-12T21:44:54.2442355Z     ],
2026-09-12T21:44:54.2442520Z     "SplitZero.Reconstruction.HomOver.total": [
2026-09-12T21:44:54.2442837Z       "Quot.sound",
2026-09-12T21:44:54.2442986Z       "propext"
2026-09-12T21:44:54.2443163Z     ],
2026-09-12T21:44:54.2443342Z     "SplitZero.Reconstruction.HomOver.total_comp": [
2026-09-12T21:44:54.2443570Z       "Quot.sound",
2026-09-12T21:44:54.2443718Z       "propext"
2026-09-12T21:44:54.2443857Z     ],
2026-09-12T21:44:54.2444044Z     "SplitZero.Reconstruction.HomOver.total_fibre_zero": [
2026-09-12T21:44:54.2444284Z       "Quot.sound",
2026-09-12T21:44:54.2444434Z       "propext"
2026-09-12T21:44:54.2444579Z     ],
2026-09-12T21:44:54.2444767Z     "SplitZero.Reconstruction.HomOver.total_support": [
2026-09-12T21:44:54.2444996Z       "Quot.sound",
2026-09-12T21:44:54.2445142Z       "propext"
2026-09-12T21:44:54.2445282Z     ],
2026-09-12T21:44:54.2445470Z     "SplitZero.Reconstruction.SupportMap.monotone": [
2026-09-12T21:44:54.2445704Z       "propext"
2026-09-12T21:44:54.2445843Z     ],
2026-09-12T21:44:54.2446011Z     "SplitZero.RelationLayer.Data.defect_class": [
2026-09-12T21:44:54.2446237Z       "Classical.choice",
2026-09-12T21:44:54.2446403Z       "Quot.sound",
2026-09-12T21:44:54.2446559Z       "propext"
2026-09-12T21:44:54.2446699Z     ],
2026-09-12T21:44:54.2446873Z     "SplitZero.RelationLayer.Data.derivative": [
2026-09-12T21:44:54.2447097Z       "Classical.choice",
2026-09-12T21:44:54.2447259Z       "Quot.sound",
2026-09-12T21:44:54.2447406Z       "propext"
2026-09-12T21:44:54.2447548Z     ],
2026-09-12T21:44:54.2447722Z     "SplitZero.RelationLayer.Data.derivative_mk": [
2026-09-12T21:44:54.2447958Z       "Classical.choice",
2026-09-12T21:44:54.2448122Z       "Quot.sound",
2026-09-12T21:44:54.2448269Z       "propext"
2026-09-12T21:44:54.2448409Z     ],
2026-09-12T21:44:54.2448578Z     "SplitZero.RelationLayer.Data.descend": [
2026-09-12T21:44:54.2448800Z       "Classical.choice",
2026-09-12T21:44:54.2448962Z       "Quot.sound",
2026-09-12T21:44:54.2449108Z       "propext"
2026-09-12T21:44:54.2449248Z     ],
2026-09-12T21:44:54.2449419Z     "SplitZero.RelationLayer.Data.layerEquiv": [
2026-09-12T21:44:54.2449640Z       "Classical.choice",
2026-09-12T21:44:54.2449811Z       "Quot.sound",
2026-09-12T21:44:54.2449959Z       "propext"
2026-09-12T21:44:54.2450098Z     ],
2026-09-12T21:44:54.2450268Z     "SplitZero.RelationLayer.Data.layerEquiv_mk": [
2026-09-12T21:44:54.2450497Z       "Classical.choice",
2026-09-12T21:44:54.2450662Z       "Quot.sound",
2026-09-12T21:44:54.2450815Z       "propext"
2026-09-12T21:44:54.2450956Z     ],
2026-09-12T21:44:54.2451143Z     "SplitZero.RelationLayer.Data.residualOnUpper": [
2026-09-12T21:44:54.2451381Z       "Classical.choice",
2026-09-12T21:44:54.2451544Z       "Quot.sound",
2026-09-12T21:44:54.2451693Z       "propext"
2026-09-12T21:44:54.2451831Z     ],
2026-09-12T21:44:54.2452021Z     "SplitZero.RelationLayer.Data.retained_then_killed": [
2026-09-12T21:44:54.2452268Z       "Classical.choice",
2026-09-12T21:44:54.2452434Z       "Quot.sound",
2026-09-12T21:44:54.2452666Z       "propext"
2026-09-12T21:44:54.2452810Z     ],
2026-09-12T21:44:54.2452987Z     "SplitZero.RelationLayer.Data.transition": [
2026-09-12T21:44:54.2453213Z       "Classical.choice",
2026-09-12T21:44:54.2453497Z       "Quot.sound",
2026-09-12T21:44:54.2453651Z       "propext"
2026-09-12T21:44:54.2453798Z     ],
2026-09-12T21:44:54.2453992Z     "SplitZero.RelationLayer.Data.transition_kills_iff": [
2026-09-12T21:44:54.2454235Z       "Classical.choice",
2026-09-12T21:44:54.2454400Z       "Quot.sound",
2026-09-12T21:44:54.2454548Z       "propext"
2026-09-12T21:44:54.2454690Z     ],
2026-09-12T21:44:54.2455029Z     "SplitZero.RelationLayer.orthogonalData": [
2026-09-12T21:44:54.2455266Z       "Classical.choice",
2026-09-12T21:44:54.2455431Z       "Quot.sound",
2026-09-12T21:44:54.2455578Z       "propext"
2026-09-12T21:44:54.2455721Z     ]
2026-09-12T21:44:54.2455859Z   },
2026-09-12T21:44:54.2456000Z   "modules": 5,
2026-09-12T21:44:54.2456153Z   "selected_targets": 38,
2026-09-12T21:44:54.2456321Z   "source_sha256": {
2026-09-12T21:44:54.2456665Z     "SplitZeroBoundaryControl.lean": "78bd445b8efcde4e8e58bc489a574195f3606df9335eaeff659d0dac419343f7",
2026-09-12T21:44:54.2457220Z     "SplitZeroControlCompression.lean": "9149de8bbaaf132569b5b61ec9e07b058d5d295e8f9a305fd70651831191aa10",
2026-09-12T21:44:54.2457745Z     "SplitZeroKrylovStep.lean": "9f4902c3376bc3c3b92e3eedb4a67ca6a05b06dc2a0cea1fd2e558a0a2f2d225",
2026-09-12T21:44:54.2458270Z     "SplitZeroRelationLayer.lean": "719da6c00cc0e9fd828bc53753980314e2a442c27cb96ccede84c80b4c9c0578",
2026-09-12T21:44:54.2458779Z     "SplitZeroSupportChange.lean": "e245230b06d099fcf4c41948813a7f4d278379287506eca4293f28aa18957a26"
2026-09-12T21:44:54.2459114Z   }
2026-09-12T21:44:54.2459253Z }
2026-09-12T21:44:58.6753293Z {
2026-09-12T21:44:58.6753565Z   "axioms": {
2026-09-12T21:44:58.6753877Z     "SplitZero.TauBase.arithmetic_square": [
2026-09-12T21:44:58.6754252Z       "Classical.choice",
2026-09-12T21:44:58.6754518Z       "Quot.sound",
2026-09-12T21:44:58.6754770Z       "propext"
2026-09-12T21:44:58.6754992Z     ],
2026-09-12T21:44:58.6755225Z     "SplitZero.TauBase.basePrime": [
2026-09-12T21:44:58.6755540Z       "Classical.choice",
2026-09-12T21:44:58.6755820Z       "Quot.sound",
2026-09-12T21:44:58.6756037Z       "propext"
2026-09-12T21:44:58.6756252Z     ],
2026-09-12T21:44:58.6756490Z     "SplitZero.TauBase.basePrime_unique": [
2026-09-12T21:44:58.6756808Z       "Classical.choice",
2026-09-12T21:44:58.6757049Z       "Quot.sound",
2026-09-12T21:44:58.6757272Z       "propext"
2026-09-12T21:44:58.6757484Z     ],
2026-09-12T21:44:58.6757734Z     "SplitZero.TauBase.prime_inverse_image": [
2026-09-12T21:44:58.6758062Z       "Classical.choice",
2026-09-12T21:44:58.6758294Z       "Quot.sound",
2026-09-12T21:44:58.6758506Z       "propext"
2026-09-12T21:44:58.6758715Z     ],
2026-09-12T21:44:58.6758978Z     "SplitZero.TauBase.related_empty_tau": [
2026-09-12T21:44:58.6759334Z       "Classical.choice",
2026-09-12T21:44:58.6759609Z       "Quot.sound",
2026-09-12T21:44:58.6759847Z       "propext"
2026-09-12T21:44:58.6760072Z     ],
2026-09-12T21:44:58.6760322Z     "SplitZero.TauBase.structural": [
2026-09-12T21:44:58.6760658Z       "Classical.choice",
2026-09-12T21:44:58.6760930Z       "Quot.sound",
2026-09-12T21:44:58.6761168Z       "propext"
2026-09-12T21:44:58.6761391Z     ],
2026-09-12T21:44:58.6761656Z     "SplitZero.TauBase.structural_natural": [
2026-09-12T21:44:58.6762013Z       "Classical.choice",
2026-09-12T21:44:58.6762277Z       "Quot.sound",
2026-09-12T21:44:58.6762509Z       "propext"
2026-09-12T21:44:58.6762868Z     ],
2026-09-12T21:44:58.6763163Z     "SplitZero.TauBase.structural_preserves_preaddition": [
2026-09-12T21:44:58.6763572Z       "Classical.choice",
2026-09-12T21:44:58.6763831Z       "Quot.sound",
2026-09-12T21:44:58.6764065Z       "propext"
2026-09-12T21:44:58.6764272Z     ],
2026-09-12T21:44:58.6764501Z     "SplitZero.TauBase.structural_unique": [
2026-09-12T21:44:58.6764822Z       "Classical.choice",
2026-09-12T21:44:58.6765131Z       "Quot.sound",
2026-09-12T21:44:58.6765355Z       "propext"
2026-09-12T21:44:58.6765569Z     ],
2026-09-12T21:44:58.6765798Z     "SplitZero.TauBase.tau_e_retained": [
2026-09-12T21:44:58.6768264Z       "Classical.choice",
2026-09-12T21:44:58.6768549Z       "Quot.sound",
2026-09-12T21:44:58.6768796Z       "propext"
2026-09-12T21:44:58.6769034Z     ],
2026-09-12T21:44:58.6769312Z     "SplitZero.TauBase.units_not_idempotent": [
2026-09-12T21:44:58.6769662Z       "Classical.choice",
2026-09-12T21:44:58.6769922Z       "Quot.sound",
2026-09-12T21:44:58.6770164Z       "propext"
2026-09-12T21:44:58.6770394Z     ],
2026-09-12T21:44:58.6770859Z     "SplitZero.TauChart.Diagram.compatibleMaps": [
2026-09-12T21:44:58.6771235Z       "Quot.sound",
2026-09-12T21:44:58.6771467Z       "propext"
2026-09-12T21:44:58.6771670Z     ],
2026-09-12T21:44:58.6771900Z     "SplitZero.TauChart.Diagram.compose": [
2026-09-12T21:44:58.6772233Z       "Quot.sound",
2026-09-12T21:44:58.6772500Z       "propext"
2026-09-12T21:44:58.6772860Z     ],
2026-09-12T21:44:58.6773133Z     "SplitZero.TauChart.Diagram.compose_assoc": [
2026-09-12T21:44:58.6773509Z       "Quot.sound",
2026-09-12T21:44:58.6773751Z       "propext"
2026-09-12T21:44:58.6773986Z     ],
2026-09-12T21:44:58.6774238Z     "SplitZero.TauChart.Diagram.degreeOne": [
2026-09-12T21:44:58.6774553Z       "Quot.sound",
2026-09-12T21:44:58.6774802Z       "propext"
2026-09-12T21:44:58.6775014Z     ],
2026-09-12T21:44:58.6775276Z     "SplitZero.TauChart.Diagram.degreeOneMap": [
2026-09-12T21:44:58.6775637Z       "Classical.choice",
2026-09-12T21:44:58.6775889Z       "Quot.sound",
2026-09-12T21:44:58.6776117Z       "propext"
2026-09-12T21:44:58.6776327Z     ],
2026-09-12T21:44:58.6776582Z     "SplitZero.TauChart.Diagram.degreeZero": [
2026-09-12T21:44:58.6776918Z       "Quot.sound",
2026-09-12T21:44:58.6777210Z       "propext"
2026-09-12T21:44:58.6777421Z     ],
2026-09-12T21:44:58.6777723Z     "SplitZero.TauChart.Diagram.restriction_homotopy": [
2026-09-12T21:44:58.6778130Z       "Classical.choice",
2026-09-12T21:44:58.6778393Z       "Quot.sound",
2026-09-12T21:44:58.6778628Z       "propext"
2026-09-12T21:44:58.6778855Z     ],
2026-09-12T21:44:58.6779164Z     "SplitZero.TauChart.Diagram.restriction_on_sections": [
2026-09-12T21:44:58.6779572Z       "Quot.sound",
2026-09-12T21:44:58.6779795Z       "propext"
2026-09-12T21:44:58.6780012Z     ],
2026-09-12T21:44:58.6780302Z     "SplitZero.TauChart.Diagram.sections_extend_iff": [
2026-09-12T21:44:58.6780668Z       "Quot.sound",
2026-09-12T21:44:58.6780901Z       "propext"
2026-09-12T21:44:58.6781119Z     ],
2026-09-12T21:44:58.6781391Z     "SplitZero.TauChart.adjointDifferential": [
2026-09-12T21:44:58.6781752Z       "Quot.sound",
2026-09-12T21:44:58.6781989Z       "propext"
2026-09-12T21:44:58.6782203Z     ],
2026-09-12T21:44:58.6782447Z     "SplitZero.TauChart.adjunction_square": [
2026-09-12T21:44:58.6782923Z       "Quot.sound",
2026-09-12T21:44:58.6783167Z       "propext"
2026-09-12T21:44:58.6783387Z     ],
2026-09-12T21:44:58.6783657Z     "SplitZero.TauChart.cofreeEta_injective": [
2026-09-12T21:44:58.6784030Z       "Classical.choice",
2026-09-12T21:44:58.6784304Z       "Quot.sound",
2026-09-12T21:44:58.6784532Z       "propext"
2026-09-12T21:44:58.6784757Z     ],
2026-09-12T21:44:58.6785022Z     "SplitZero.TauChart.cofreePair_injective": [
2026-09-12T21:44:58.6785382Z       "Classical.choice",
2026-09-12T21:44:58.6785642Z       "Quot.sound",
2026-09-12T21:44:58.6785882Z       "propext"
2026-09-12T21:44:58.6786088Z     ],
2026-09-12T21:44:58.6786349Z     "SplitZero.TauChart.degreeOneDualEquiv": [
2026-09-12T21:44:58.6786716Z       "Classical.choice",
2026-09-12T21:44:58.6786983Z       "Quot.sound",
2026-09-12T21:44:58.6787211Z       "propext"
2026-09-12T21:44:58.6787423Z     ],
2026-09-12T21:44:58.6787714Z     "SplitZero.TauChart.degreeOneDualEquiv_apply": [
2026-09-12T21:44:58.6788103Z       "Classical.choice",
2026-09-12T21:44:58.6788382Z       "Quot.sound",
2026-09-12T21:44:58.6788620Z       "propext"
2026-09-12T21:44:58.6788849Z     ],
2026-09-12T21:44:58.6789104Z     "SplitZero.TauChart.dualDifferential": [
2026-09-12T21:44:58.6789450Z       "Quot.sound",
2026-09-12T21:44:58.6789687Z       "propext"
2026-09-12T21:44:58.6789888Z     ],
2026-09-12T21:44:58.6790327Z     "SplitZero.TauChart.dualDifferential_zero_iff": [
2026-09-12T21:44:58.6790691Z       "Classical.choice",
2026-09-12T21:44:58.6790956Z       "Quot.sound",
2026-09-12T21:44:58.6791186Z       "propext"
2026-09-12T21:44:58.6791403Z     ],
2026-09-12T21:44:58.6791650Z     "SplitZero.TauChart.duality_square": [
2026-09-12T21:44:58.6791970Z       "Quot.sound",
2026-09-12T21:44:58.6792183Z       "propext"
2026-09-12T21:44:58.6792512Z     ],
2026-09-12T21:44:58.6792868Z     "SplitZero.TauChart.homEtaEquiv": [
2026-09-12T21:44:58.6793192Z       "Quot.sound",
2026-09-12T21:44:58.6793411Z       "propext"
2026-09-12T21:44:58.6793618Z     ],
2026-09-12T21:44:58.6793853Z     "SplitZero.TauChart.homPairEquiv": [
2026-09-12T21:44:58.6794163Z       "Quot.sound",
2026-09-12T21:44:58.6794385Z       "propext"
2026-09-12T21:44:58.6794598Z     ],
2026-09-12T21:44:58.6794865Z     "SplitZero.TauChart.simpleInclusion_comp": [
2026-09-12T21:44:58.6795216Z       "Quot.sound",
2026-09-12T21:44:58.6795429Z       "propext"
2026-09-12T21:44:58.6795626Z     ],
2026-09-12T21:44:58.6795853Z     "SplitZero.TauChart.toBase": [
2026-09-12T21:44:58.6796178Z       "Classical.choice",
2026-09-12T21:44:58.6796442Z       "Quot.sound",
2026-09-12T21:44:58.6796641Z       "propext"
2026-09-12T21:44:58.6796834Z     ],
2026-09-12T21:44:58.6797039Z     "SplitZero.TauDual.doubleDual": [
2026-09-12T21:44:58.6797332Z       "Quot.sound",
2026-09-12T21:44:58.6797568Z       "propext"
2026-09-12T21:44:58.6797794Z     ],
2026-09-12T21:44:58.6797995Z     "SplitZero.TauDual.evaluate": [
2026-09-12T21:44:58.6798263Z       "Quot.sound",
2026-09-12T21:44:58.6798479Z       "propext"
2026-09-12T21:44:58.6798669Z     ],
2026-09-12T21:44:58.6798888Z     "SplitZero.TauDual.evaluate_natural": [
2026-09-12T21:44:58.6799180Z       "Quot.sound",
2026-09-12T21:44:58.6799382Z       "propext"
2026-09-12T21:44:58.6799575Z     ],
2026-09-12T21:44:58.6799783Z     "SplitZero.TauDual.opposite": [
2026-09-12T21:44:58.6800061Z       "Quot.sound",
2026-09-12T21:44:58.6800272Z       "propext"
2026-09-12T21:44:58.6800465Z     ],
2026-09-12T21:44:58.6800673Z     "SplitZero.TauDual.precompose": [
2026-09-12T21:44:58.6800947Z       "Quot.sound",
2026-09-12T21:44:58.6801146Z       "propext"
2026-09-12T21:44:58.6801333Z     ],
2026-09-12T21:44:58.6801551Z     "SplitZero.TauDual.precompose_comp": [
2026-09-12T21:44:58.6801838Z       "Quot.sound",
2026-09-12T21:44:58.6802051Z       "propext"
2026-09-12T21:44:58.6802270Z     ],
2026-09-12T21:44:58.6802732Z     "SplitZero.TauDual.precompose_injective_of_surjective": [
2026-09-12T21:44:58.6803092Z       "Quot.sound",
2026-09-12T21:44:58.6803293Z       "propext"
2026-09-12T21:44:58.6803490Z     ],
2026-09-12T21:44:58.6803721Z     "SplitZero.TauDual.quotientDualEquiv": [
2026-09-12T21:44:58.6804035Z       "Classical.choice",
2026-09-12T21:44:58.6804275Z       "Quot.sound",
2026-09-12T21:44:58.6804503Z       "propext"
2026-09-12T21:44:58.6804697Z     ],
2026-09-12T21:44:58.6804913Z     "SplitZero.TauDual.twistedAction": [
2026-09-12T21:44:58.6805202Z       "Quot.sound",
2026-09-12T21:44:58.6805421Z       "propext"
2026-09-12T21:44:58.6805621Z     ],
2026-09-12T21:44:58.6805853Z     "SplitZero.TauDual.twisted_evaluation": [
2026-09-12T21:44:58.6806181Z       "Quot.sound",
2026-09-12T21:44:58.6806403Z       "propext"
2026-09-12T21:44:58.6806617Z     ],
2026-09-12T21:44:58.6806899Z     "SplitZero.TauDual.twisted_preserves_annihilator": [
2026-09-12T21:44:58.6807278Z       "Quot.sound",
2026-09-12T21:44:58.6807508Z       "propext"
2026-09-12T21:44:58.6807724Z     ],
2026-09-12T21:44:58.6808029Z     "SplitZero.TauHomotopy.annihilatorHomotopyEquiv": [
2026-09-12T21:44:58.6808433Z       "Classical.choice",
2026-09-12T21:44:58.6808694Z       "Quot.sound",
2026-09-12T21:44:58.6808921Z       "propext"
2026-09-12T21:44:58.6809137Z     ],
2026-09-12T21:44:58.6809401Z     "SplitZero.TauHomotopy.boundary_vanishing_iff": [
2026-09-12T21:44:58.6809736Z       "Quot.sound",
2026-09-12T21:44:58.6809885Z       "propext"
2026-09-12T21:44:58.6810028Z     ],
2026-09-12T21:44:58.6810438Z     "SplitZero.TauHomotopy.chart_differential": [
2026-09-12T21:44:58.6810676Z       "Classical.choice",
2026-09-12T21:44:58.6810851Z       "Quot.sound",
2026-09-12T21:44:58.6811010Z       "propext"
2026-09-12T21:44:58.6811158Z     ],
2026-09-12T21:44:58.6811349Z     "SplitZero.TauHomotopy.cochainHomotopyEquiv": [
2026-09-12T21:44:58.6811597Z       "Classical.choice",
2026-09-12T21:44:58.6811874Z       "Quot.sound",
2026-09-12T21:44:58.6812041Z       "propext"
2026-09-12T21:44:58.6812191Z     ],
2026-09-12T21:44:58.6812359Z     "SplitZero.TauHomotopy.delta_range": [
2026-09-12T21:44:58.6812739Z       "Classical.choice",
2026-09-12T21:44:58.6812947Z       "Quot.sound",
2026-09-12T21:44:58.6813100Z       "propext"
2026-09-12T21:44:58.6813246Z     ],
2026-09-12T21:44:58.6813423Z     "SplitZero.TauHomotopy.difference_is_cycle": [
2026-09-12T21:44:58.6813650Z       "Quot.sound",
2026-09-12T21:44:58.6813801Z       "propext"
2026-09-12T21:44:58.6813945Z     ],
2026-09-12T21:44:58.6814130Z     "SplitZero.TauHomotopy.difference_nonzero": [
2026-09-12T21:44:58.6814351Z       "Quot.sound",
2026-09-12T21:44:58.6814499Z       "propext"
2026-09-12T21:44:58.6814639Z     ],
2026-09-12T21:44:58.6814807Z     "SplitZero.TauHomotopy.leg_agreement_iff": [
2026-09-12T21:44:58.6815026Z       "Quot.sound",
2026-09-12T21:44:58.6815174Z       "propext"
2026-09-12T21:44:58.6815317Z     ],
2026-09-12T21:44:58.6815490Z     "SplitZero.TauHomotopy.thetaDiagram": [
2026-09-12T21:44:58.6815701Z       "Quot.sound",
2026-09-12T21:44:58.6815849Z       "propext"
2026-09-12T21:44:58.6815992Z     ],
2026-09-12T21:44:58.6816164Z     "SplitZero.TauHomotopy.two_lifts_difference": [
2026-09-12T21:44:58.6816395Z       "Quot.sound",
2026-09-12T21:44:58.6816542Z       "propext"
2026-09-12T21:44:58.6816685Z     ],
2026-09-12T21:44:58.6816891Z     "SplitZero.TauRetraction.Data.Operator.block_section": [
2026-09-12T21:44:58.6817154Z       "Classical.choice",
2026-09-12T21:44:58.6817323Z       "Quot.sound",
2026-09-12T21:44:58.6817477Z       "propext"
2026-09-12T21:44:58.6817618Z     ],
2026-09-12T21:44:58.6817816Z     "SplitZero.TauRetraction.Data.Operator.changed_block": [
2026-09-12T21:44:58.6818069Z       "Classical.choice",
2026-09-12T21:44:58.6818236Z       "Quot.sound",
2026-09-12T21:44:58.6818389Z       "propext"
2026-09-12T21:44:58.6818530Z     ],
2026-09-12T21:44:58.6818757Z     "SplitZero.TauRetraction.Data.Operator.changed_equivariant_iff": [
2026-09-12T21:44:58.6819047Z       "Classical.choice",
2026-09-12T21:44:58.6819212Z       "Quot.sound",
2026-09-12T21:44:58.6819361Z       "propext"
2026-09-12T21:44:58.6819502Z     ],
2026-09-12T21:44:58.6819689Z     "SplitZero.TauRetraction.Data.Operator.defect": [
2026-09-12T21:44:58.6819963Z       "Classical.choice",
2026-09-12T21:44:58.6820198Z       "Quot.sound",
2026-09-12T21:44:58.6820402Z       "propext"
2026-09-12T21:44:58.6820617Z     ],
2026-09-12T21:44:58.6820844Z     "SplitZero.TauRetraction.Data.Operator.defect_comp": [
2026-09-12T21:44:58.6821093Z       "Classical.choice",
2026-09-12T21:44:58.6821278Z       "Quot.sound",
2026-09-12T21:44:58.6821432Z       "propext"
2026-09-12T21:44:58.6821583Z     ],
2026-09-12T21:44:58.6821795Z     "SplitZero.TauRetraction.Data.Operator.defect_continuous": [
2026-09-12T21:44:58.6822069Z       "Classical.choice",
2026-09-12T21:44:58.6822238Z       "Quot.sound",
2026-09-12T21:44:58.6822389Z       "propext"
2026-09-12T21:44:58.6822650Z     ],
2026-09-12T21:44:58.6822878Z     "SplitZero.TauRetraction.Data.Operator.onQuotient": [
2026-09-12T21:44:58.6823132Z       "Classical.choice",
2026-09-12T21:44:58.6823301Z       "Quot.sound",
2026-09-12T21:44:58.6823453Z       "propext"
2026-09-12T21:44:58.6823601Z     ],
2026-09-12T21:44:58.6823812Z     "SplitZero.TauRetraction.Data.Operator.onQuotient_comp": [
2026-09-12T21:44:58.6824078Z       "Classical.choice",
2026-09-12T21:44:58.6824244Z       "Quot.sound",
2026-09-12T21:44:58.6824399Z       "propext"
2026-09-12T21:44:58.6824542Z     ],
2026-09-12T21:44:58.6824761Z     "SplitZero.TauRetraction.Data.Operator.quotient_continuous": [
2026-09-12T21:44:58.6825174Z       "Classical.choice",
2026-09-12T21:44:58.6825347Z       "Quot.sound",
2026-09-12T21:44:58.6825498Z       "propext"
2026-09-12T21:44:58.6825642Z     ],
2026-09-12T21:44:58.6825846Z     "SplitZero.TauRetraction.Data.changeSection_continuous": [
2026-09-12T21:44:58.6826109Z       "Classical.choice",
2026-09-12T21:44:58.6826273Z       "Quot.sound",
2026-09-12T21:44:58.6826522Z       "propext"
2026-09-12T21:44:58.6826666Z     ],
2026-09-12T21:44:58.6826871Z     "SplitZero.TauRetraction.Data.changeSection_injective": [
2026-09-12T21:44:58.6827135Z       "Classical.choice",
2026-09-12T21:44:58.6827303Z       "Quot.sound",
2026-09-12T21:44:58.6827464Z       "propext"
2026-09-12T21:44:58.6827617Z     ],
2026-09-12T21:44:58.6827794Z     "SplitZero.TauRetraction.Data.closed_range": [
2026-09-12T21:44:58.6828029Z       "Classical.choice",
2026-09-12T21:44:58.6828193Z       "Quot.sound",
2026-09-12T21:44:58.6828344Z       "propext"
2026-09-12T21:44:58.6828492Z     ],
2026-09-12T21:44:58.6828661Z     "SplitZero.TauRetraction.Data.decompose": [
2026-09-12T21:44:58.6828889Z       "Classical.choice",
2026-09-12T21:44:58.6829053Z       "Quot.sound",
2026-09-12T21:44:58.6829203Z       "propext"
2026-09-12T21:44:58.6829347Z     ],
2026-09-12T21:44:58.6829532Z     "SplitZero.TauRetraction.Data.ker_projection": [
2026-09-12T21:44:58.6829768Z       "Classical.choice",
2026-09-12T21:44:58.6829945Z       "Quot.sound",
2026-09-12T21:44:58.6830094Z       "propext"
2026-09-12T21:44:58.6830237Z     ],
2026-09-12T21:44:58.6830411Z     "SplitZero.TauRetraction.Data.lambda_section": [
2026-09-12T21:44:58.6830640Z       "Classical.choice",
2026-09-12T21:44:58.6830805Z       "Quot.sound",
2026-09-12T21:44:58.6830955Z       "propext"
2026-09-12T21:44:58.6831102Z     ],
2026-09-12T21:44:58.6831309Z     "SplitZero.TauRetraction.Data.normalize_representative": [
2026-09-12T21:44:58.6831573Z       "Classical.choice",
2026-09-12T21:44:58.6831742Z       "Quot.sound",
2026-09-12T21:44:58.6831907Z       "propext"
2026-09-12T21:44:58.6832066Z     ],
2026-09-12T21:44:58.6832252Z     "SplitZero.TauRetraction.Data.projection": [
2026-09-12T21:44:58.6832487Z       "Quot.sound",
2026-09-12T21:44:58.6832832Z       "propext"
2026-09-12T21:44:58.6832980Z     ],
2026-09-12T21:44:58.6833185Z     "SplitZero.TauRetraction.Data.projection_continuous": [
2026-09-12T21:44:58.6833448Z       "Classical.choice",
2026-09-12T21:44:58.6833628Z       "Quot.sound",
2026-09-12T21:44:58.6833781Z       "propext"
2026-09-12T21:44:58.6833933Z     ],
2026-09-12T21:44:58.6834141Z     "SplitZero.TauRetraction.Data.projection_idempotent": [
2026-09-12T21:44:58.6834392Z       "Classical.choice",
2026-09-12T21:44:58.6834564Z       "Quot.sound",
2026-09-12T21:44:58.6834721Z       "propext"
2026-09-12T21:44:58.6834869Z     ],
2026-09-12T21:44:58.6835062Z     "SplitZero.TauRetraction.Data.quotient_hausdorff": [
2026-09-12T21:44:58.6835312Z       "Classical.choice",
2026-09-12T21:44:58.6835481Z       "Quot.sound",
2026-09-12T21:44:58.6835643Z       "propext"
2026-09-12T21:44:58.6835793Z     ],
2026-09-12T21:44:58.6835989Z     "SplitZero.TauRetraction.Data.quotient_section": [
2026-09-12T21:44:58.6836229Z       "Classical.choice",
2026-09-12T21:44:58.6836414Z       "Quot.sound",
2026-09-12T21:44:58.6836569Z       "propext"
2026-09-12T21:44:58.6836724Z     ],
2026-09-12T21:44:58.6836908Z     "SplitZero.TauRetraction.Data.range_projection": [
2026-09-12T21:44:58.6837150Z       "Classical.choice",
2026-09-12T21:44:58.6837361Z       "Quot.sound",
2026-09-12T21:44:58.6837622Z       "propext"
2026-09-12T21:44:58.6846011Z     ],
2026-09-12T21:44:58.6846236Z     "SplitZero.TauRetraction.Data.sectionMap": [
2026-09-12T21:44:58.6846500Z       "Classical.choice",
2026-09-12T21:44:58.6846683Z       "Quot.sound",
2026-09-12T21:44:58.6846845Z       "propext"
2026-09-12T21:44:58.6846995Z     ],
2026-09-12T21:44:58.6847195Z     "SplitZero.TauRetraction.Data.section_change": [
2026-09-12T21:44:58.6847459Z       "Classical.choice",
2026-09-12T21:44:58.6847808Z       "Quot.sound",
2026-09-12T21:44:58.6847968Z       "propext"
2026-09-12T21:44:58.6848118Z     ],
2026-09-12T21:44:58.6848318Z     "SplitZero.TauRetraction.Data.section_continuous": [
2026-09-12T21:44:58.6848564Z       "Classical.choice",
2026-09-12T21:44:58.6848726Z       "Quot.sound",
2026-09-12T21:44:58.6848874Z       "propext"
2026-09-12T21:44:58.6849019Z     ],
2026-09-12T21:44:58.6849299Z     "SplitZero.TauRetraction.Data.splitEquiv": [
2026-09-12T21:44:58.6849543Z       "Classical.choice",
2026-09-12T21:44:58.6849712Z       "Quot.sound",
2026-09-12T21:44:58.6849862Z       "propext"
2026-09-12T21:44:58.6850004Z     ],
2026-09-12T21:44:58.6850199Z     "SplitZero.TauRetraction.Data.splitHomeomorph": [
2026-09-12T21:44:58.6850440Z       "Classical.choice",
2026-09-12T21:44:58.6850612Z       "Quot.sound",
2026-09-12T21:44:58.6850758Z       "propext"
2026-09-12T21:44:58.6850900Z     ],
2026-09-12T21:44:58.6851086Z     "SplitZero.TauRetraction.Data.theta_injective": [],
2026-09-12T21:44:58.6851370Z     "SplitZero.TauRetraction.fromReconstruction": [
2026-09-12T21:44:58.6851600Z       "Quot.sound",
2026-09-12T21:44:58.6851746Z       "propext"
2026-09-12T21:44:58.6851886Z     ],
2026-09-12T21:44:58.6852053Z     "SplitZero.TauRetraction.residualHom": [
2026-09-12T21:44:58.6852271Z       "Classical.choice",
2026-09-12T21:44:58.6852434Z       "Quot.sound",
2026-09-12T21:44:58.6852765Z       "propext"
2026-09-12T21:44:58.6852918Z     ],
2026-09-12T21:44:58.6853109Z     "SplitZero.TauRetraction.residual_idempotent": [
2026-09-12T21:44:58.6853346Z       "Classical.choice",
2026-09-12T21:44:58.6853514Z       "Quot.sound",
2026-09-12T21:44:58.6853669Z       "propext"
2026-09-12T21:44:58.6853813Z     ],
2026-09-12T21:44:58.6853986Z     "SplitZero.TauRetraction.supported_boundary": [
2026-09-12T21:44:58.6854216Z       "Classical.choice",
2026-09-12T21:44:58.6854380Z       "Quot.sound",
2026-09-12T21:44:58.6854527Z       "propext"
2026-09-12T21:44:58.6854667Z     ],
2026-09-12T21:44:58.6854844Z     "SplitZero.TauRetraction.supported_left_inverse": [
2026-09-12T21:44:58.6855079Z       "Quot.sound",
2026-09-12T21:44:58.6855227Z       "propext"
2026-09-12T21:44:58.6855369Z     ]
2026-09-12T21:44:58.6855503Z   },
2026-09-12T21:44:58.6855648Z   "modules": 7,
2026-09-12T21:44:58.6855800Z   "selected_targets": 87,
2026-09-12T21:44:58.6855974Z   "source_sha256": {
2026-09-12T21:44:58.6856313Z     "SplitZeroTauAdjunction.lean": "2abfb7466a1c309956e6df66ffab5bd78611932db794d0d27f7b47f25036eed6",
2026-09-12T21:44:58.6856833Z     "SplitZeroTauBase.lean": "88a3a944ad115e65142a679fbeee6fa810c7021fd55996d9d94de6ec79844691",
2026-09-12T21:44:58.6857326Z     "SplitZeroTauChart.lean": "6f5ac7f281e782ead0002603ecc07c984725187221623749e7bcaa794882bea1",
2026-09-12T21:44:58.6857806Z     "SplitZeroTauDual.lean": "343e6df95265ba2cb6f808696ed11952b57ecfcf2f9dfe08c5e709c5221f3865",
2026-09-12T21:44:58.6858317Z     "SplitZeroTauHomotopy.lean": "a5078da033f35df6a7757401b216b80687ecca7fc3ce56f5781ddb3dfff344f9",
2026-09-12T21:44:58.6858833Z     "SplitZeroTauRetraction.lean": "f13ea8a551ef2616169df5ae2aa2f7e2f2aedd00ac545ed2a59f722975baa1cf",
2026-09-12T21:44:58.6859338Z     "SplitZeroTauTopology.lean": "6557b4493aa33d815be533423b22b16dff4ee56cb694f1c6bc767c4a9112e674"
2026-09-12T21:44:58.6859676Z   }
2026-09-12T21:44:58.6859816Z }
2026-09-12T21:44:58.7181500Z {
2026-09-12T21:44:58.7181770Z   "modules": 7,
2026-09-12T21:44:58.7182023Z   "selected_targets": 73,
2026-09-12T21:44:58.7182375Z   "source_sha256": {
2026-09-12T21:44:58.7182960Z     "SplitZeroComplex.lean": "9af3246852b5e07d95014c6598b2acaef74a033fa38b4493ebdbaa082da9e780",
2026-09-12T21:44:58.7183472Z     "SplitZeroFiniteJets.lean": "182e689502ee9a140c42921f60a7c13e54e939d438e3516cdb9a64722acfbaa0",
2026-09-12T21:44:58.7183983Z     "SplitZeroHomology.lean": "9fba701a1eb9bab1d5055f90ed63840e4a9ce1b3280edb34383b35d015923281",
2026-09-12T21:44:58.7184489Z     "SplitZeroHomologyExample.lean": "503cb942e6913e3184816bb3e37c41bec4a3687eb03959f1acbc9c7490778063",
2026-09-12T21:44:58.7185010Z     "SplitZeroInternalQuotient.lean": "a021f0a99057a0b9c004e8f8e459780ce2e81f51040fc99518f2833a040ef43e",
2026-09-12T21:44:58.7185723Z     "SplitZeroReconstruction.lean": "a957bc38c2da459004c4886421e1b686a9f7606cf2debbdfcc0002de9832ea12",
2026-09-12T21:44:58.7186214Z     "SplitZeroRecovery.lean": "b23e64d58717200c70098a3b25292009aa6b9dc3fcb780e9e78129074611966f"
2026-09-12T21:44:58.7186549Z   }
2026-09-12T21:44:58.7186687Z }
2026-09-12T21:45:03.1458501Z {
2026-09-12T21:45:03.1458862Z   "axioms": {
2026-09-12T21:45:03.1459201Z     "SplitZero.FiniteJets.balanced_mellin_relation": [
2026-09-12T21:45:03.1459595Z       "Classical.choice",
2026-09-12T21:45:03.1459857Z       "Quot.sound",
2026-09-12T21:45:03.1460085Z       "propext"
2026-09-12T21:45:03.1460297Z     ],
2026-09-12T21:45:03.1460536Z     "SplitZero.FiniteJets.baseChange": [
2026-09-12T21:45:03.1460851Z       "Classical.choice",
2026-09-12T21:45:03.1461095Z       "Quot.sound",
2026-09-12T21:45:03.1461307Z       "propext"
2026-09-12T21:45:03.1461526Z     ],
2026-09-12T21:45:03.1461801Z     "SplitZero.FiniteJets.baseChange_inverse": [
2026-09-12T21:45:03.1462133Z       "Classical.choice",
2026-09-12T21:45:03.1462376Z       "Quot.sound",
2026-09-12T21:45:03.1462775Z       "propext"
2026-09-12T21:45:03.1462979Z     ],
2026-09-12T21:45:03.1463226Z     "SplitZero.FiniteJets.baseChange_tmul": [
2026-09-12T21:45:03.1463568Z       "Classical.choice",
2026-09-12T21:45:03.1463832Z       "Quot.sound",
2026-09-12T21:45:03.1464075Z       "propext"
2026-09-12T21:45:03.1464301Z     ],
2026-09-12T21:45:03.1464567Z     "SplitZero.FiniteJets.mapped_jet_ideal": [
2026-09-12T21:45:03.1464925Z       "Classical.choice",
2026-09-12T21:45:03.1465189Z       "Quot.sound",
2026-09-12T21:45:03.1465420Z       "propext"
2026-09-12T21:45:03.1465637Z     ],
2026-09-12T21:45:03.1465912Z     "SplitZero.FiniteJets.splitBaseChange": [
2026-09-12T21:45:03.1466275Z       "Classical.choice",
2026-09-12T21:45:03.1466531Z       "Quot.sound",
2026-09-12T21:45:03.1466763Z       "propext"
2026-09-12T21:45:03.1466987Z     ],
2026-09-12T21:45:03.1467243Z     "SplitZero.FiniteJets.splitBaseChange_e": [
2026-09-12T21:45:03.1467599Z       "Classical.choice",
2026-09-12T21:45:03.1467868Z       "Quot.sound",
2026-09-12T21:45:03.1468090Z       "propext"
2026-09-12T21:45:03.1468301Z     ],
2026-09-12T21:45:03.1468564Z     "SplitZero.FiniteJets.splitBaseChange_reflect": [
2026-09-12T21:45:03.1468893Z       "Classical.choice",
2026-09-12T21:45:03.1469147Z       "Quot.sound",
2026-09-12T21:45:03.1469381Z       "propext"
2026-09-12T21:45:03.1469607Z     ],
2026-09-12T21:45:03.1469871Z     "SplitZero.FiniteJets.splitBaseChange_tau": [
2026-09-12T21:45:03.1470235Z       "Classical.choice",
2026-09-12T21:45:03.1470502Z       "Quot.sound",
2026-09-12T21:45:03.1470736Z       "propext"
2026-09-12T21:45:03.1470970Z     ],
2026-09-12T21:45:03.1471249Z     "SplitZero.Homology.ChainMap.cyclesMap": [
2026-09-12T21:45:03.1471605Z       "Quot.sound",
2026-09-12T21:45:03.1471852Z       "propext"
2026-09-12T21:45:03.1472074Z     ],
2026-09-12T21:45:03.1472411Z     "SplitZero.Homology.ChainMap.homologyKernelEquiv": [
2026-09-12T21:45:03.1472957Z       "Classical.choice",
2026-09-12T21:45:03.1473225Z       "Quot.sound",
2026-09-12T21:45:03.1473460Z       "propext"
2026-09-12T21:45:03.1473680Z     ],
2026-09-12T21:45:03.1473967Z     "SplitZero.Homology.ChainMap.homology_intertwines": [
2026-09-12T21:45:03.1474370Z       "Classical.choice",
2026-09-12T21:45:03.1474669Z       "Quot.sound",
2026-09-12T21:45:03.1474910Z       "propext"
2026-09-12T21:45:03.1475131Z     ],
2026-09-12T21:45:03.1475396Z     "SplitZero.Homology.ChainMap.kernelAction": [
2026-09-12T21:45:03.1475760Z       "Classical.choice",
2026-09-12T21:45:03.1475997Z       "Quot.sound",
2026-09-12T21:45:03.1476199Z       "propext"
2026-09-12T21:45:03.1476393Z     ],
2026-09-12T21:45:03.1476715Z     "SplitZero.Homology.ChainMap.mapped_class_zero_iff": [
2026-09-12T21:45:03.1477119Z       "Classical.choice",
2026-09-12T21:45:03.1477425Z       "Quot.sound",
2026-09-12T21:45:03.1477659Z       "propext"
2026-09-12T21:45:03.1478078Z     ],
2026-09-12T21:45:03.1478357Z     "SplitZero.Homology.ChainMap.maps_boundaries": [
2026-09-12T21:45:03.1478704Z       "Classical.choice",
2026-09-12T21:45:03.1478945Z       "Quot.sound",
2026-09-12T21:45:03.1479174Z       "propext"
2026-09-12T21:45:03.1479383Z     ],
2026-09-12T21:45:03.1479649Z     "SplitZero.Homology.ChainMap.ofCochain": [
2026-09-12T21:45:03.1480132Z       "Classical.choice",
2026-09-12T21:45:03.1480389Z       "Quot.sound",
2026-09-12T21:45:03.1480612Z       "propext"
2026-09-12T21:45:03.1480829Z     ],
2026-09-12T21:45:03.1481083Z     "SplitZero.Homology.ChainMap.onHomology": [
2026-09-12T21:45:03.1481432Z       "Classical.choice",
2026-09-12T21:45:03.1481684Z       "Quot.sound",
2026-09-12T21:45:03.1481908Z       "propext"
2026-09-12T21:45:03.1482122Z     ],
2026-09-12T21:45:03.1482396Z     "SplitZero.Homology.ChainMap.onHomology_comp": [
2026-09-12T21:45:03.1482892Z       "Classical.choice",
2026-09-12T21:45:03.1483143Z       "Quot.sound",
2026-09-12T21:45:03.1483386Z       "propext"
2026-09-12T21:45:03.1483596Z     ],
2026-09-12T21:45:03.1483869Z     "SplitZero.Homology.ChainMap.onHomology_id": [
2026-09-12T21:45:03.1484237Z       "Classical.choice",
2026-09-12T21:45:03.1484488Z       "Quot.sound",
2026-09-12T21:45:03.1484708Z       "propext"
2026-09-12T21:45:03.1484916Z     ],
2026-09-12T21:45:03.1485187Z     "SplitZero.Homology.Window.boundaryToCycles": [
2026-09-12T21:45:03.1485561Z       "Quot.sound",
2026-09-12T21:45:03.1485791Z       "propext"
2026-09-12T21:45:03.1486006Z     ],
2026-09-12T21:45:03.1486302Z     "SplitZero.Homology.Window.class_zero_iff_boundary": [
2026-09-12T21:45:03.1486698Z       "Classical.choice",
2026-09-12T21:45:03.1486964Z       "Quot.sound",
2026-09-12T21:45:03.1487200Z       "propext"
2026-09-12T21:45:03.1487421Z     ],
2026-09-12T21:45:03.1487692Z     "SplitZero.Homology.Window.ofCochain": [
2026-09-12T21:45:03.1488050Z       "Classical.choice",
2026-09-12T21:45:03.1488317Z       "Quot.sound",
2026-09-12T21:45:03.1488552Z       "propext"
2026-09-12T21:45:03.1488755Z     ],
2026-09-12T21:45:03.1488993Z     "SplitZero.Homology.kernelDescent": [
2026-09-12T21:45:03.1489323Z       "Classical.choice",
2026-09-12T21:45:03.1489583Z       "Quot.sound",
2026-09-12T21:45:03.1489820Z       "propext"
2026-09-12T21:45:03.1490024Z     ],
2026-09-12T21:45:03.1490284Z     "SplitZero.Homology.kernelDescent_bijective": [
2026-09-12T21:45:03.1490655Z       "Classical.choice",
2026-09-12T21:45:03.1490912Z       "Quot.sound",
2026-09-12T21:45:03.1491128Z       "propext"
2026-09-12T21:45:03.1491340Z     ],
2026-09-12T21:45:03.1491603Z     "SplitZero.Homology.kernelRepresentative": [
2026-09-12T21:45:03.1491976Z       "Classical.choice",
2026-09-12T21:45:03.1492242Z       "Quot.sound",
2026-09-12T21:45:03.1492478Z       "propext"
2026-09-12T21:45:03.1492818Z     ],
2026-09-12T21:45:03.1493072Z     "SplitZero.Homology.quotientKernelEquiv": [
2026-09-12T21:45:03.1493434Z       "Classical.choice",
2026-09-12T21:45:03.1493694Z       "Quot.sound",
2026-09-12T21:45:03.1493920Z       "propext"
2026-09-12T21:45:03.1494134Z     ],
2026-09-12T21:45:03.1494399Z     "SplitZero.Homology.quotientKernelEquiv_mk": [
2026-09-12T21:45:03.1494771Z       "Classical.choice",
2026-09-12T21:45:03.1495025Z       "Quot.sound",
2026-09-12T21:45:03.1495247Z       "propext"
2026-09-12T21:45:03.1495458Z     ],
2026-09-12T21:45:03.1495740Z     "SplitZero.HomologyExample.chain_image_nonzero": [
2026-09-12T21:45:03.1496105Z       "Quot.sound",
2026-09-12T21:45:03.1496318Z       "propext"
2026-09-12T21:45:03.1496519Z     ],
2026-09-12T21:45:03.1496780Z     "SplitZero.HomologyExample.killed_map_zero": [
2026-09-12T21:45:03.1497137Z       "Classical.choice",
2026-09-12T21:45:03.1497390Z       "Quot.sound",
2026-09-12T21:45:03.1497609Z       "propext"
2026-09-12T21:45:03.1497808Z     ],
2026-09-12T21:45:03.1498111Z     "SplitZero.HomologyExample.nonzero_transition_kernel": [
2026-09-12T21:45:03.1498520Z       "Classical.choice",
2026-09-12T21:45:03.1498760Z       "Quot.sound",
2026-09-12T21:45:03.1499155Z       "propext"
2026-09-12T21:45:03.1499341Z     ],
2026-09-12T21:45:03.1499608Z     "SplitZero.HomologyExample.surviving_class_nonzero": [
2026-09-12T21:45:03.1499993Z       "Classical.choice",
2026-09-12T21:45:03.1500252Z       "Quot.sound",
2026-09-12T21:45:03.1500467Z       "propext"
2026-09-12T21:45:03.1500651Z     ],
2026-09-12T21:45:03.1501048Z     "SplitZero.HomologyExample.transition_maps_distinct": [
2026-09-12T21:45:03.1501447Z       "Classical.choice",
2026-09-12T21:45:03.1501695Z       "Quot.sound",
2026-09-12T21:45:03.1501889Z       "propext"
2026-09-12T21:45:03.1502085Z     ],
2026-09-12T21:45:03.1502339Z     "SplitZero.HomologyExample.unit_class_nonzero": [
2026-09-12T21:45:03.1502796Z       "Classical.choice",
2026-09-12T21:45:03.1503019Z       "Quot.sound",
2026-09-12T21:45:03.1503219Z       "propext"
2026-09-12T21:45:03.1503408Z     ],
2026-09-12T21:45:03.1503710Z     "SplitZero.InternalHomology.ComplexDiagram.boundaries": [
2026-09-12T21:45:03.1504090Z       "Classical.choice",
2026-09-12T21:45:03.1504320Z       "Quot.sound",
2026-09-12T21:45:03.1504519Z       "propext"
2026-09-12T21:45:03.1504702Z     ],
2026-09-12T21:45:03.1504981Z     "SplitZero.InternalHomology.ComplexDiagram.boundary": [
2026-09-12T21:45:03.1505339Z       "Quot.sound",
2026-09-12T21:45:03.1505536Z       "propext"
2026-09-12T21:45:03.1505722Z     ],
2026-09-12T21:45:03.1506045Z     "SplitZero.InternalHomology.ComplexDiagram.cycle_condition": [
2026-09-12T21:45:03.1506481Z       "Quot.sound",
2026-09-12T21:45:03.1506697Z       "propext"
2026-09-12T21:45:03.1506882Z     ],
2026-09-12T21:45:03.1507153Z     "SplitZero.InternalHomology.ComplexDiagram.cycles": [
2026-09-12T21:45:03.1507505Z       "Quot.sound",
2026-09-12T21:45:03.1507703Z       "propext"
2026-09-12T21:45:03.1507897Z     ],
2026-09-12T21:45:03.1508228Z     "SplitZero.InternalHomology.ComplexDiagram.differential_square": [
2026-09-12T21:45:03.1508658Z       "Quot.sound",
2026-09-12T21:45:03.1508871Z       "propext"
2026-09-12T21:45:03.1509071Z     ],
2026-09-12T21:45:03.1509432Z     "SplitZero.InternalHomology.ComplexDiagram.homology_coequalizer": [
2026-09-12T21:45:03.1509872Z       "Classical.choice",
2026-09-12T21:45:03.1510125Z       "Quot.sound",
2026-09-12T21:45:03.1510349Z       "propext"
2026-09-12T21:45:03.1510560Z     ],
2026-09-12T21:45:03.1510925Z     "SplitZero.InternalHomology.ComplexDiagram.homology_coequalizes": [
2026-09-12T21:45:03.1511402Z       "Classical.choice",
2026-09-12T21:45:03.1511670Z       "Quot.sound",
2026-09-12T21:45:03.1511898Z       "propext"
2026-09-12T21:45:03.1512109Z     ],
2026-09-12T21:45:03.1512474Z     "SplitZero.InternalHomology.ComplexDiagram.homology_universal": [
2026-09-12T21:45:03.1513059Z       "Classical.choice",
2026-09-12T21:45:03.1513299Z       "Quot.sound",
2026-09-12T21:45:03.1513506Z       "propext"
2026-09-12T21:45:03.1513717Z     ],
2026-09-12T21:45:03.1513923Z     "SplitZero.InternalHomology.ComplexDiagram.incoming": [
2026-09-12T21:45:03.1514173Z       "Quot.sound",
2026-09-12T21:45:03.1514329Z       "propext"
2026-09-12T21:45:03.1514471Z     ],
2026-09-12T21:45:03.1514672Z     "SplitZero.InternalHomology.ComplexDiagram.outgoing": [
2026-09-12T21:45:03.1514913Z       "Quot.sound",
2026-09-12T21:45:03.1515059Z       "propext"
2026-09-12T21:45:03.1515199Z     ],
2026-09-12T21:45:03.1515399Z     "SplitZero.InternalHomology.ComplexDiagram.project": [
2026-09-12T21:45:03.1515657Z       "Classical.choice",
2026-09-12T21:45:03.1515833Z       "Quot.sound",
2026-09-12T21:45:03.1515984Z       "propext"
2026-09-12T21:45:03.1516129Z     ],
2026-09-12T21:45:03.1516351Z     "SplitZero.InternalHomology.ComplexDiagram.project_eq_iff": [
2026-09-12T21:45:03.1516623Z       "Classical.choice",
2026-09-12T21:45:03.1516793Z       "Quot.sound",
2026-09-12T21:45:03.1516942Z       "propext"
2026-09-12T21:45:03.1517081Z     ],
2026-09-12T21:45:03.1517330Z     "SplitZero.InternalHomology.ComplexDiagram.retained_class_nonzero": [
2026-09-12T21:45:03.1517649Z       "Classical.choice",
2026-09-12T21:45:03.1518035Z       "Quot.sound",
2026-09-12T21:45:03.1518188Z       "propext"
2026-09-12T21:45:03.1518329Z     ],
2026-09-12T21:45:03.1518556Z     "SplitZero.InternalHomology.ComplexDiagram.supportedZero": [
2026-09-12T21:45:03.1518844Z       "Quot.sound",
2026-09-12T21:45:03.1519001Z       "propext"
2026-09-12T21:45:03.1519146Z     ],
2026-09-12T21:45:03.1519388Z     "SplitZero.InternalHomology.ComplexDiagram.supportedZero_ne_global": [
2026-09-12T21:45:03.1519777Z       "Quot.sound",
2026-09-12T21:45:03.1519928Z       "propext"
2026-09-12T21:45:03.1520070Z     ],
2026-09-12T21:45:03.1520307Z     "SplitZero.InternalHomology.ComplexDiagram.transition_is_induced": [
2026-09-12T21:45:03.1520605Z       "Classical.choice",
2026-09-12T21:45:03.1520777Z       "Quot.sound",
2026-09-12T21:45:03.1520923Z       "propext"
2026-09-12T21:45:03.1521063Z     ],
2026-09-12T21:45:03.1521297Z     "SplitZero.InternalHomology.ComplexDiagram.transition_kills_iff": [
2026-09-12T21:45:03.1521591Z       "Classical.choice",
2026-09-12T21:45:03.1521756Z       "Quot.sound",
2026-09-12T21:45:03.1521903Z       "propext"
2026-09-12T21:45:03.1522041Z     ],
2026-09-12T21:45:03.1522206Z     "SplitZero.Reconstruction.Hom.total": [
2026-09-12T21:45:03.1522416Z       "Quot.sound",
2026-09-12T21:45:03.1522712Z       "propext"
2026-09-12T21:45:03.1522897Z     ],
2026-09-12T21:45:03.1523075Z     "SplitZero.Reconstruction.Hom.total_comp": [
2026-09-12T21:45:03.1523300Z       "Quot.sound",
2026-09-12T21:45:03.1523453Z       "propext"
2026-09-12T21:45:03.1523602Z     ],
2026-09-12T21:45:03.1523777Z     "SplitZero.Reconstruction.Hom.total_id": [
2026-09-12T21:45:03.1523995Z       "Quot.sound",
2026-09-12T21:45:03.1524143Z       "propext"
2026-09-12T21:45:03.1524286Z     ],
2026-09-12T21:45:03.1524509Z     "SplitZero.Reconstruction.LinearDiagram.fibre_zero_ne_global": [
2026-09-12T21:45:03.1524784Z       "Quot.sound",
2026-09-12T21:45:03.1524933Z       "propext"
2026-09-12T21:45:03.1525072Z     ],
2026-09-12T21:45:03.1525275Z     "SplitZero.Reconstruction.LinearDiagram.observe_add": [
2026-09-12T21:45:03.1525532Z       "Quot.sound",
2026-09-12T21:45:03.1525682Z       "propext"
2026-09-12T21:45:03.1525825Z     ],
2026-09-12T21:45:03.1526058Z     "SplitZero.Reconstruction.LinearDiagram.supported_zero_action": [
2026-09-12T21:45:03.1526336Z       "Quot.sound",
2026-09-12T21:45:03.1526485Z       "propext"
2026-09-12T21:45:03.1526625Z     ],
2026-09-12T21:45:03.1526855Z     "SplitZero.Reconstruction.LinearDiagram.totalAddCommMonoid": [
2026-09-12T21:45:03.1527128Z       "Quot.sound",
2026-09-12T21:45:03.1527276Z       "propext"
2026-09-12T21:45:03.1527418Z     ],
2026-09-12T21:45:03.1527614Z     "SplitZero.Reconstruction.LinearDiagram.totalModule": [
2026-09-12T21:45:03.1527860Z       "Quot.sound",
2026-09-12T21:45:03.1528009Z       "propext"
2026-09-12T21:45:03.1528160Z     ],
2026-09-12T21:45:03.1528355Z     "SplitZero.Reconstruction.LinearDiagram.total_ext": [
2026-09-12T21:45:03.1528601Z       "Quot.sound",
2026-09-12T21:45:03.1528749Z       "propext"
2026-09-12T21:45:03.1528894Z     ],
2026-09-12T21:45:03.1529107Z     "SplitZero.Reconstruction.Relations.coequalizer_universal": [
2026-09-12T21:45:03.1529380Z       "Classical.choice",
2026-09-12T21:45:03.1529546Z       "Quot.sound",
2026-09-12T21:45:03.1529693Z       "propext"
2026-09-12T21:45:03.1529835Z     ],
2026-09-12T21:45:03.1530024Z     "SplitZero.Reconstruction.Relations.coequalizes": [
2026-09-12T21:45:03.1530270Z       "Classical.choice",
2026-09-12T21:45:03.1530434Z       "Quot.sound",
2026-09-12T21:45:03.1530582Z       "propext"
2026-09-12T21:45:03.1530721Z     ],
2026-09-12T21:45:03.1530953Z     "SplitZero.Reconstruction.Relations.constant_on_quotient_fibres": [
2026-09-12T21:45:03.1531237Z       "Classical.choice",
2026-09-12T21:45:03.1531399Z       "Quot.sound",
2026-09-12T21:45:03.1531551Z       "propext"
2026-09-12T21:45:03.1531690Z     ],
2026-09-12T21:45:03.1531870Z     "SplitZero.Reconstruction.Relations.descend": [
2026-09-12T21:45:03.1532106Z       "Classical.choice",
2026-09-12T21:45:03.1532269Z       "Quot.sound",
2026-09-12T21:45:03.1532669Z       "propext"
2026-09-12T21:45:03.1532824Z     ],
2026-09-12T21:45:03.1533025Z     "SplitZero.Reconstruction.Relations.quotientDiagram": [
2026-09-12T21:45:03.1533284Z       "Classical.choice",
2026-09-12T21:45:03.1533452Z       "Quot.sound",
2026-09-12T21:45:03.1533602Z       "propext"
2026-09-12T21:45:03.1533745Z     ],
2026-09-12T21:45:03.1534035Z     "SplitZero.Reconstruction.Relations.quotientMap": [
2026-09-12T21:45:03.1534277Z       "Classical.choice",
2026-09-12T21:45:03.1534440Z       "Quot.sound",
2026-09-12T21:45:03.1534589Z       "propext"
2026-09-12T21:45:03.1534737Z     ],
2026-09-12T21:45:03.1534952Z     "SplitZero.Reconstruction.Relations.quotient_same_label_iff": [
2026-09-12T21:45:03.1535220Z       "Classical.choice",
2026-09-12T21:45:03.1535382Z       "Quot.sound",
2026-09-12T21:45:03.1535530Z       "propext"
2026-09-12T21:45:03.1535676Z     ],
2026-09-12T21:45:03.1535880Z     "SplitZero.Reconstruction.Relations.quotient_surjective": [
2026-09-12T21:45:03.1536154Z       "Classical.choice",
2026-09-12T21:45:03.1536316Z       "Quot.sound",
2026-09-12T21:45:03.1536464Z       "propext"
2026-09-12T21:45:03.1536605Z     ],
2026-09-12T21:45:03.1536810Z     "SplitZero.Reconstruction.Relations.quotient_universal": [
2026-09-12T21:45:03.1537070Z       "Classical.choice",
2026-09-12T21:45:03.1537230Z       "Quot.sound",
2026-09-12T21:45:03.1537376Z       "propext"
2026-09-12T21:45:03.1537520Z     ],
2026-09-12T21:45:03.1537746Z     "SplitZero.Reconstruction.Relations.relation_maps_to_fibre_zero": [
2026-09-12T21:45:03.1538029Z       "Classical.choice",
2026-09-12T21:45:03.1538199Z       "Quot.sound",
2026-09-12T21:45:03.1538348Z       "propext"
2026-09-12T21:45:03.1538491Z     ],
2026-09-12T21:45:03.1538651Z     "SplitZero.Recovery.intrinsic": [
2026-09-12T21:45:03.1538848Z       "Quot.sound",
2026-09-12T21:45:03.1539000Z       "propext"
2026-09-12T21:45:03.1539144Z     ],
2026-09-12T21:45:03.1539306Z     "SplitZero.Recovery.recoverEquiv": [
2026-09-12T21:45:03.1539514Z       "Quot.sound",
2026-09-12T21:45:03.1539667Z       "propext"
2026-09-12T21:45:03.1539814Z     ],
2026-09-12T21:45:03.1539974Z     "SplitZero.Recovery.recover_apply": [
2026-09-12T21:45:03.1540178Z       "Quot.sound",
2026-09-12T21:45:03.1540328Z       "propext"
2026-09-12T21:45:03.1540469Z     ],
2026-09-12T21:45:03.1540631Z     "SplitZero.Recovery.recover_inverse": [
2026-09-12T21:45:03.1540840Z       "Quot.sound",
2026-09-12T21:45:03.1540995Z       "propext"
2026-09-12T21:45:03.1541140Z     ]
2026-09-12T21:45:03.1541279Z   },
2026-09-12T21:45:03.1541418Z   "modules": 7,
2026-09-12T21:45:03.1541574Z   "selected_targets": 73,
2026-09-12T21:45:03.1541752Z   "source_sha256": {
2026-09-12T21:45:03.1542066Z     "SplitZeroComplex.lean": "9af3246852b5e07d95014c6598b2acaef74a033fa38b4493ebdbaa082da9e780",
2026-09-12T21:45:03.1542722Z     "SplitZeroFiniteJets.lean": "182e689502ee9a140c42921f60a7c13e54e939d438e3516cdb9a64722acfbaa0",
2026-09-12T21:45:03.1543234Z     "SplitZeroHomology.lean": "9fba701a1eb9bab1d5055f90ed63840e4a9ce1b3280edb34383b35d015923281",
2026-09-12T21:45:03.1543745Z     "SplitZeroHomologyExample.lean": "503cb942e6913e3184816bb3e37c41bec4a3687eb03959f1acbc9c7490778063",
2026-09-12T21:45:03.1544271Z     "SplitZeroInternalQuotient.lean": "a021f0a99057a0b9c004e8f8e459780ce2e81f51040fc99518f2833a040ef43e",
2026-09-12T21:45:03.1544795Z     "SplitZeroReconstruction.lean": "a957bc38c2da459004c4886421e1b686a9f7606cf2debbdfcc0002de9832ea12",
2026-09-12T21:45:03.1545281Z     "SplitZeroRecovery.lean": "b23e64d58717200c70098a3b25292009aa6b9dc3fcb780e9e78129074611966f"
2026-09-12T21:45:03.1545600Z   }
2026-09-12T21:45:03.1545736Z }
2026-09-12T21:45:07.5220547Z PASS: 28 selected declarations; only standard axioms
2026-09-12T21:45:07.5345675Z Post job cleanup.
2026-09-12T21:45:07.7827173Z [command]/usr/bin/git version
2026-09-12T21:45:07.7875357Z git version 2.55.0
2026-09-12T21:45:07.7906406Z Temporarily overriding HOME='/home/runner/work/_temp/772d63c0-a007-43c0-b56f-bccb59bd9d66' before making global git config changes
2026-09-12T21:45:07.7907718Z Adding repository directory to the temporary git global config as a safe directory
2026-09-12T21:45:07.7911513Z [command]/usr/bin/git config --global --add safe.directory /home/runner/work/zeta-function-research-reader/zeta-function-research-reader
2026-09-12T21:45:07.7941412Z Removing SSH command configuration
2026-09-12T21:45:07.7947546Z [command]/usr/bin/git config --local --name-only --get-regexp core\.sshCommand
2026-09-12T21:45:07.7979055Z [command]/usr/bin/git submodule foreach --recursive sh -c "git config --local --name-only --get-regexp 'core\.sshCommand' && git config --local --unset-all 'core.sshCommand' || :"
2026-09-12T21:45:07.8198185Z Removing HTTP extra header
2026-09-12T21:45:07.8202814Z [command]/usr/bin/git config --local --name-only --get-regexp http\.https\:\/\/github\.com\/\.extraheader
2026-09-12T21:45:07.8243059Z [command]/usr/bin/git submodule foreach --recursive sh -c "git config --local --name-only --get-regexp 'http\.https\:\/\/github\.com\/\.extraheader' && git config --local --unset-all 'http.https://github.com/.extraheader' || :"
2026-09-12T21:45:07.8483418Z Removing includeIf entries pointing to credentials config files
2026-09-12T21:45:07.8490850Z [command]/usr/bin/git config --local --name-only --get-regexp ^includeIf\.gitdir:
2026-09-12T21:45:07.8522973Z [command]/usr/bin/git submodule foreach --recursive git config --local --show-origin --name-only --get-regexp remote.origin.url
2026-09-12T21:45:07.8971643Z Cleaning up orphan processes
